TransactionID,ShopID,BeneficiaryID,Timestamp,Item,Quantity,Price,Latitude,Longitude,District,is_fraud,time_diff,hour_of_day,Item_Kerosene,Item_Oil,Item_Rice,Item_Sugar,Item_Wheat,anomaly_pred,risk_score
c5d8fd3d-bced-438c-8e49-8b8506596440,SHOP_001,BEN_02485,2025-12-17 11:04:04.322714,Wheat,12,24.0,28.563667,77.196744,South Delhi,0,9999.0,11,False,False,False,False,True,1,0.1883659805477027
81d5bcf4-45dc-490c-ab54-b0315c413194,SHOP_001,BEN_01419,2025-12-17 13:53:50.322714,Wheat,12,24.0,28.563667,77.196744,South Delhi,0,10186.0,13,False,False,False,False,True,1,0.12390129573614828
c0003414-1073-4ee0-9579-d6faa02a43a3,SHOP_001,BEN_02500,2025-12-17 15:42:45.322714,Wheat,14,28.0,28.563667,77.196744,South Delhi,0,6535.0,15,False,False,False,False,True,1,0.09478105071075793
d8114839-70d1-439d-a39b-a9cc39a3e4b0,SHOP_001,BEN_00144,2025-12-17 15:57:39.322714,Oil,2,100.0,28.563667,77.196744,South Delhi,0,894.0,15,False,True,False,False,False,1,0.07191545953589318
4eb7357a-8374-478a-9613-d89bd5ded9eb,SHOP_001,BEN_01199,2025-12-17 19:52:32.322714,Kerosene,3,75.0,28.563667,77.196744,South Delhi,0,14093.0,19,True,False,False,False,False,1,0.27979032901035705
12b6024d-bdcb-4e9b-ae9e-849969847bf2,SHOP_001,BEN_00644,2025-12-18 18:46:24.322714,Rice,14,42.0,28.563667,77.196744,South Delhi,0,82432.0,18,False,False,True,False,False,-1,0.6028229963765013
4bdba844-8843-4f8e-935f-d77c032cd1ae,SHOP_001,BEN_00198,2025-12-19 09:14:32.322714,Kerosene,3,75.0,28.563667,77.196744,South Delhi,0,52088.0,9,True,False,False,False,False,1,0.3949769740098906
14281ab4-29d0-4101-9dbd-dbff5c112745,SHOP_001,BEN_01661,2025-12-19 10:17:54.322714,Sugar,2,40.0,28.563667,77.196744,South Delhi,0,3802.0,10,False,False,False,True,False,1,0.2124457385286489
4a4ad79c-e2c2-4e6c-ae1a-cc72578022c7,SHOP_001,BEN_01405,2025-12-19 14:16:13.322714,Oil,1,50.0,28.563667,77.196744,South Delhi,0,14299.0,14,False,True,False,False,False,1,0.15136045585499258
29b2d7a0-3e1c-463c-b508-8042b5c78e42,SHOP_001,BEN_02064,2025-12-19 16:08:43.322714,Sugar,3,60.0,28.563667,77.196744,South Delhi,0,6750.0,16,False,False,False,True,False,1,0.11492888280947455
abc4c5fd-bb68-42ca-b9b6-2e70b164edb9,SHOP_001,BEN_01363,2025-12-19 16:48:37.322714,Wheat,6,12.0,28.563667,77.196744,South Delhi,0,2394.0,16,False,False,False,False,True,1,0.24930170508241634
99868028-ffc9-4712-9dee-4827644d04a4,SHOP_001,BEN_02383,2025-12-19 18:16:41.322714,Oil,2,100.0,28.563667,77.196744,South Delhi,0,5284.0,18,False,True,False,False,False,1,0.14474882389000043
35d99856-fef2-4849-b8a9-0afffe7ec69e,SHOP_001,BEN_02812,2025-12-20 17:44:24.322714,Kerosene,3,75.0,28.563667,77.196744,South Delhi,0,84463.0,17,True,False,False,False,False,-1,0.6189617555150011
770001db-2760-4cff-978d-caeae008ca2d,SHOP_001,BEN_00832,2025-12-21 16:06:06.322714,Oil,2,100.0,28.563667,77.196744,South Delhi,0,80502.0,16,False,True,False,False,False,1,0.5282696442129565
7c52c589-ca74-4f87-b7b6-0df0d8789e54,SHOP_001,BEN_01936,2025-12-22 08:28:46.322714,Kerosene,3,75.0,28.563667,77.196744,South Delhi,0,58960.0,8,True,False,False,False,False,1,0.46268632330053244
92353374-4c64-42b6-a902-6b68dde11b04,SHOP_001,BEN_01846,2025-12-22 08:34:43.322714,Sugar,2,40.0,28.563667,77.196744,South Delhi,0,357.0,8,False,False,False,True,False,1,0.4176854034364669
b6e691cd-7ee8-49b2-a077-c31ec39de6dc,SHOP_001,BEN_02058,2025-12-22 08:53:13.322714,Kerosene,3,75.0,28.563667,77.196744,South Delhi,0,1110.0,8,True,False,False,False,False,1,0.42503330568643544
ec505ded-8bfb-4a38-b91a-e38449ab0243,SHOP_001,BEN_02904,2025-12-22 09:45:35.322714,Kerosene,1,25.0,28.563667,77.196744,South Delhi,0,3142.0,9,True,False,False,False,False,1,0.3526040810141718
a091768f-0530-44df-b78a-97f731acd23c,SHOP_001,BEN_00131,2025-12-22 10:51:39.322714,Sugar,2,40.0,28.563667,77.196744,South Delhi,0,3964.0,10,False,False,False,True,False,1,0.21457888999501296
2252850f-eb4b-4f1c-8182-fc20b9904db8,SHOP_001,BEN_01437,2025-12-22 12:23:41.322714,Kerosene,3,75.0,28.563667,77.196744,South Delhi,0,5522.0,12,True,False,False,False,False,1,0.18150944425387566
2a44a197-f784-4fff-9d5c-90c23964d5be,SHOP_001,BEN_00217,2025-12-22 12:58:40.322714,Oil,1,50.0,28.563667,77.196744,South Delhi,0,2099.0,12,False,True,False,False,False,1,0.156074373583941
ad7d345e-e7bf-4c58-bef7-70a92ec2034d,SHOP_001,BEN_02865,2025-12-22 17:04:51.322714,Sugar,2,40.0,28.563667,77.196744,South Delhi,0,14771.0,17,False,False,False,True,False,1,0.18248682050720255
614175ed-9171-4c00-8a7c-fa63adce5558,SHOP_001,BEN_01880,2025-12-22 19:17:05.322714,Sugar,2,40.0,28.563667,77.196744,South Delhi,0,7934.0,19,False,False,False,True,False,1,0.2668767983057848
ec88da7e-3545-4e0b-89fd-9d176186817d,SHOP_001,BEN_01444,2025-12-23 09:42:08.322714,Kerosene,2,50.0,28.563667,77.196744,South Delhi,0,51903.0,9,True,False,False,False,False,1,0.35417899115150914
ab761654-27f4-4161-bdd4-b9321b9a013c,SHOP_001,BEN_01922,2025-12-23 13:15:17.322714,Wheat,9,18.0,28.563667,77.196744,South Delhi,0,12789.0,13,False,False,False,False,True,1,0.16649525276792665
a7945063-343a-46bc-94e7-e6719dad19fa,SHOP_001,BEN_00848,2025-12-23 16:20:55.322714,Kerosene,2,50.0,28.563667,77.196744,South Delhi,0,11138.0,16,True,False,False,False,False,1,0.10934163541713937
62ac474d-17bf-4c6a-b28b-e0577253acba,SHOP_001,BEN_00488,2025-12-23 17:21:21.322714,Kerosene,3,75.0,28.563667,77.196744,South Delhi,0,3626.0,17,True,False,False,False,False,1,0.19698889358439076
d2ccc20e-ab65-4348-a890-5e3ee9e240e3,SHOP_001,BEN_01072,2025-12-24 12:15:37.322714,Kerosene,3,75.0,28.563667,77.196744,South Delhi,0,68056.0,12,True,False,False,False,False,1,0.44887870948672204
da383397-48a6-492a-88f7-598f76d3c69f,SHOP_001,BEN_02521,2025-12-24 14:06:23.322714,Sugar,1,20.0,28.563667,77.196744,South Delhi,0,6646.0,14,False,False,False,True,False,1,0.08288902737499398
22d0ad38-fb23-4bea-adf0-504a78463074,SHOP_001,BEN_02857,2025-12-24 16:10:43.322714,Kerosene,3,75.0,28.563667,77.196744,South Delhi,0,7460.0,16,True,False,False,False,False,1,0.13540389514783652
2ffd4d79-d7ec-4ee1-b9b4-ac269c5de9ef,SHOP_001,BEN_02271,2025-12-24 17:46:38.322714,Kerosene,2,50.0,28.563667,77.196744,South Delhi,0,5755.0,17,True,False,False,False,False,1,0.13897345341191242
93df8f65-2bb8-4d2c-a969-cf09e9844649,SHOP_001,BEN_02159,2025-12-25 14:04:26.322714,Oil,2,100.0,28.563667,77.196744,South Delhi,0,73068.0,14,False,True,False,False,False,1,0.47422413914979045
94db8d2a-ecd5-4261-99d2-483a3ec4fdb3,SHOP_001,BEN_00528,2025-12-25 19:28:48.322714,Wheat,20,40.0,28.563667,77.196744,South Delhi,0,19462.0,19,False,False,False,False,True,1,0.5177258112914895
f72940d4-387f-4bf5-9a1e-8857520aad14,SHOP_001,BEN_00137,2025-12-26 10:30:04.322714,Sugar,3,60.0,28.563667,77.196744,South Delhi,0,54076.0,10,False,False,False,True,False,1,0.27255587009959414
510ee6f9-d42c-4c73-a15f-bb1aa34b1cbb,SHOP_001,BEN_01143,2025-12-26 13:05:13.322714,Sugar,3,60.0,28.563667,77.196744,South Delhi,0,9309.0,13,False,False,False,True,False,1,0.14611371391611788
34b42981-eefe-4e9c-a03a-9c160aeb8ea8,SHOP_001,BEN_02143,2025-12-26 15:30:33.322714,Rice,17,51.0,28.563667,77.196744,South Delhi,0,8720.0,15,False,False,True,False,False,1,0.20216845053423843
5168bdd9-16c4-4076-aca1-c87654ecb2f0,SHOP_001,BEN_02062,2025-12-26 19:06:38.322714,Kerosene,2,50.0,28.563667,77.196744,South Delhi,0,12965.0,19,True,False,False,False,False,1,0.21773023454290674
ce66ad22-618b-490a-80ca-06dfae8000ba,SHOP_001,BEN_01236,2025-12-26 19:37:54.322714,Wheat,9,18.0,28.563667,77.196744,South Delhi,0,1876.0,19,False,False,False,False,True,1,0.3446247873594272
b92e6c51-5471-4c4f-ab2f-4f483772b4cb,SHOP_001,BEN_02232,2025-12-27 08:32:33.322714,Rice,13,39.0,28.563667,77.196744,South Delhi,0,46479.0,8,False,False,True,False,False,1,0.464876412957132
211c4d39-93a1-424a-8394-980dbfeb567d,SHOP_001,BEN_01325,2025-12-27 08:32:45.322714,Sugar,3,60.0,28.563667,77.196744,South Delhi,0,12.0,8,False,False,False,True,False,1,0.4703250682393142
bf4f3c53-906f-4e7f-8499-e104033e3482,SHOP_001,BEN_01820,2025-12-27 13:24:16.322714,Sugar,3,60.0,28.563667,77.196744,South Delhi,0,17491.0,13,False,False,False,True,False,1,0.20383381365515452
1205dc60-7454-4c95-82a9-8fb36017d74b,SHOP_001,BEN_01473,2025-12-27 16:58:55.322714,Wheat,10,20.0,28.563667,77.196744,South Delhi,0,12879.0,16,False,False,False,False,True,1,0.17680792020639402
77c81656-c739-4e09-ab23-4483d39e21c1,SHOP_001,BEN_02822,2025-12-27 19:18:45.322714,Oil,1,50.0,28.563667,77.196744,South Delhi,0,8390.0,19,False,True,False,False,False,1,0.2831051397542928
dfc30448-cfe5-4b76-a8fd-4d077a60d001,SHOP_001,BEN_01093,2025-12-28 08:44:40.322714,Kerosene,3,75.0,28.563667,77.196744,South Delhi,0,48355.0,8,True,False,False,False,False,1,0.4508345645989743
9ca73221-3d0a-424c-993b-9194cae84839,SHOP_001,BEN_02336,2025-12-28 10:40:28.322714,Wheat,20,40.0,28.563667,77.196744,South Delhi,0,6948.0,10,False,False,False,False,True,1,0.4469656382642341
c37666d9-eff2-4689-91f7-57c8a8aaf457,SHOP_001,BEN_00193,2025-12-28 10:48:38.322714,Oil,2,100.0,28.563667,77.196744,South Delhi,0,490.0,10,False,True,False,False,False,1,0.21683938676250702
485605d3-2cd7-4de1-b3a9-942af660f265,SHOP_001,BEN_02059,2025-12-28 17:06:27.322714,Kerosene,2,50.0,28.563667,77.196744,South Delhi,0,22669.0,17,True,False,False,False,False,1,0.2293091883673708
dfac0d42-b189-43eb-b2ad-10a164dde937,SHOP_001,BEN_02870,2025-12-28 19:19:48.322714,Oil,2,100.0,28.563667,77.196744,South Delhi,0,8001.0,19,False,True,False,False,False,1,0.26887082122475997
6992f746-a4df-467d-8800-a93d09b92940,SHOP_001,BEN_02748,2025-12-29 08:57:43.322714,Kerosene,3,75.0,28.563667,77.196744,South Delhi,0,49075.0,8,True,False,False,False,False,1,0.44377194974420986
8bb16778-3e22-4596-8755-53f20eafdfb9,SHOP_001,BEN_02038,2025-12-29 12:07:52.322714,Sugar,2,40.0,28.563667,77.196744,South Delhi,0,11409.0,12,False,False,False,True,False,1,0.12067914730691903
b6af4d00-fb91-405f-8273-e2fe7a06e6b9,SHOP_001,BEN_01147,2025-12-29 13:37:39.322714,Rice,11,33.0,28.563667,77.196744,South Delhi,0,5387.0,13,False,False,True,False,False,1,0.11808437635452668
cd8fb538-f62a-430e-b724-a6f7f6b97582,SHOP_001,BEN_00301,2025-12-29 14:10:33.322714,Kerosene,1,25.0,28.563667,77.196744,South Delhi,0,1974.0,14,True,False,False,False,False,1,0.17040263172749137
b047fdf9-ee40-4d6f-be5c-f873e1741799,SHOP_001,BEN_00332,2025-12-29 18:13:24.322714,Kerosene,2,50.0,28.563667,77.196744,South Delhi,0,14571.0,18,True,False,False,False,False,1,0.17421923687845153
c337fb36-c273-4d99-a397-75431661c31a,SHOP_001,BEN_01768,2025-12-29 19:37:10.322714,Rice,16,48.0,28.563667,77.196744,South Delhi,0,5026.0,19,False,False,True,False,False,1,0.3507905504896417
94b2f235-d80e-4576-af12-93c1643caee8,SHOP_001,BEN_01080,2025-12-30 08:46:14.322714,Kerosene,2,50.0,28.563667,77.196744,South Delhi,0,47344.0,8,True,False,False,False,False,1,0.4137080272191903
d6540ec2-7061-4e93-b986-23905a46bd39,SHOP_001,BEN_02864,2025-12-30 08:53:41.322714,Kerosene,3,75.0,28.563667,77.196744,South Delhi,0,447.0,8,True,False,False,False,False,1,0.4560344581115008
3a1b3581-600e-4961-9816-aca07a6070a8,SHOP_001,BEN_01967,2025-12-30 12:14:44.322714,Rice,12,36.0,28.563667,77.196744,South Delhi,0,12063.0,12,False,False,True,False,False,1,0.15854266329424838
a7db65cc-87a7-4f29-9ac3-4b4ffbb0fe43,SHOP_001,BEN_02059,2025-12-30 12:25:32.322714,Kerosene,1,25.0,28.563667,77.196744,South Delhi,0,648.0,12,True,False,False,False,False,1,0.24344222103145324
1326824e-76b5-4dfe-94e6-435504436da3,SHOP_001,BEN_02981,2025-12-30 17:18:07.322714,Kerosene,1,25.0,28.563667,77.196744,South Delhi,0,17555.0,17,True,False,False,False,False,1,0.25842607627919334
e0588677-b207-4be3-a571-34d35be40d91,SHOP_001,BEN_01673,2025-12-31 16:29:56.322714,Wheat,10,20.0,28.563667,77.196744,South Delhi,0,83509.0,16,False,False,False,False,True,-1,0.6392061178587713
05e08fbd-d95f-4fd4-8066-d5ad02f9a212,SHOP_001,BEN_00386,2025-12-31 17:19:14.322714,Rice,20,60.0,28.563667,77.196744,South Delhi,0,2958.0,17,False,False,True,False,False,1,0.43606070799146746
049402cf-486a-4e41-a018-bfb3f78bfdda,SHOP_001,BEN_01339,2025-12-31 18:41:03.322714,Rice,9,27.0,28.563667,77.196744,South Delhi,0,4909.0,18,False,False,True,False,False,1,0.23683114166486352
de3430b0-74cc-4e80-bfb6-ab57a511e623,SHOP_001,BEN_02366,2026-01-01 08:32:17.322714,Rice,13,39.0,28.563667,77.196744,South Delhi,0,49874.0,8,False,False,True,False,False,1,0.44268215090551843
7fc5a52b-5d43-43a2-8f82-23451399ef55,SHOP_001,BEN_00936,2026-01-01 09:16:13.322714,Wheat,19,38.0,28.563667,77.196744,South Delhi,0,2636.0,9,False,False,False,False,True,1,0.5207966052272124
0739c139-ca43-40fb-8047-99676b77d1f8,SHOP_001,BEN_01796,2026-01-01 12:19:07.322714,Kerosene,1,25.0,28.563667,77.196744,South Delhi,0,10974.0,12,True,False,False,False,False,1,0.20269370816993126
947f3657-6620-456a-8b8d-f436fc29aad9,SHOP_001,BEN_00558,2026-01-01 18:22:21.322714,Sugar,1,20.0,28.563667,77.196744,South Delhi,0,21794.0,18,False,False,False,True,False,1,0.3290965136564212
479de7d4-e5d4-4331-9ee0-4d33bfda0016,SHOP_001,BEN_02279,2026-01-01 19:53:56.322714,Rice,16,48.0,28.563667,77.196744,South Delhi,0,5495.0,19,False,False,True,False,False,1,0.3444449870550492
2e684e26-4664-47c0-b43e-747265e7d68f,SHOP_001,BEN_01970,2026-01-02 13:38:59.322714,Kerosene,3,75.0,28.563667,77.196744,South Delhi,0,63903.0,13,True,False,False,False,False,1,0.4232936752921662
d86b3d49-cd27-4d54-b924-2d2e70faf0b7,SHOP_001,BEN_01090,2026-01-02 15:55:41.322714,Sugar,2,40.0,28.563667,77.196744,South Delhi,0,8202.0,15,False,False,False,True,False,1,0.04379791152504364
e2d1f6d2-6540-4055-b77a-55867cececa2,SHOP_001,BEN_01154,2026-01-02 17:57:40.322714,Kerosene,3,75.0,28.563667,77.196744,South Delhi,0,7319.0,17,True,False,False,False,False,1,0.18659409877344768
779a83ae-e2cd-444f-a524-5c5137c4fec5,SHOP_001,BEN_00930,2026-01-03 11:45:20.322714,Oil,2,100.0,28.563667,77.196744,South Delhi,0,64060.0,11,False,True,False,False,False,1,0.34722773024151904
fa3cda68-5205-4f1a-9645-30e7adf2711f,SHOP_001,BEN_01438,2026-01-03 19:34:09.322714,Sugar,1,20.0,28.563667,77.196744,South Delhi,0,28129.0,19,False,False,False,True,False,1,0.4971419842817113
dfc72b63-9e4a-42c2-b2ba-eb421e0010f3,SHOP_001,BEN_02531,2026-01-04 15:02:12.322714,Sugar,2,40.0,28.563667,77.196744,South Delhi,0,70083.0,15,False,False,False,True,False,1,0.3408170801481889
96906e6c-14a4-4f03-b8bf-86ce9e661821,SHOP_001,BEN_02708,2026-01-04 19:28:30.322714,Oil,2,100.0,28.563667,77.196744,South Delhi,0,15978.0,19,False,True,False,False,False,1,0.29244934290231944
aac3a8e4-7919-4cd2-81f4-091abca09fc4,SHOP_001,BEN_00494,2026-01-05 08:30:51.322714,Sugar,2,40.0,28.563667,77.196744,South Delhi,0,46941.0,8,False,False,False,True,False,1,0.3555768898227967
c8b7cfbf-5a39-49ad-bfe2-0a3defa8066f,SHOP_001,BEN_00931,2026-01-05 13:05:22.322714,Sugar,1,20.0,28.563667,77.196744,South Delhi,0,16471.0,13,False,False,False,True,False,1,0.17618982876267858
17f9ff6d-cde0-41e9-9a08-bac8639d4ddf,SHOP_001,BEN_00900,2026-01-05 14:46:02.322714,Oil,1,50.0,28.563667,77.196744,South Delhi,0,6040.0,14,False,True,False,False,False,1,0.11720019919907809
c5ada6d7-09c6-4b5c-9ccb-ed814c142ea1,SHOP_001,BEN_02439,2026-01-05 19:29:19.322714,Oil,1,50.0,28.563667,77.196744,South Delhi,0,16997.0,19,False,True,False,False,False,1,0.33394992424838515
993779e7-bed6-4ebf-8714-3241bdf6460c,SHOP_001,BEN_02794,2026-01-06 13:23:27.322714,Kerosene,3,75.0,28.563667,77.196744,South Delhi,0,64448.0,13,True,False,False,False,False,1,0.42046052001084155
e624e3b5-8dee-4638-97ac-98928d0df351,SHOP_001,BEN_01439,2026-01-06 14:15:53.322714,Kerosene,1,25.0,28.563667,77.196744,South Delhi,0,3146.0,14,True,False,False,False,False,1,0.13251881602344162
c6bfa1da-6860-4849-905e-9df0ec915a27,SHOP_001,BEN_01774,2026-01-06 14:19:53.322714,Rice,20,60.0,28.563667,77.196744,South Delhi,0,240.0,14,False,False,True,False,False,1,0.4240850817934123
8422637e-b21b-418d-83e0-9c6d5428751d,SHOP_001,BEN_01308,2026-01-07 09:38:42.322714,Sugar,3,60.0,28.563667,77.196744,South Delhi,0,69529.0,9,False,False,False,True,False,1,0.3914793636622651
3ee4d7f9-8a08-479b-9889-cc2b6bd88c26,SHOP_001,BEN_02817,2026-01-07 11:56:45.322714,Wheat,8,16.0,28.563667,77.196744,South Delhi,0,8283.0,11,False,False,False,False,True,1,0.21205426605262778
54ba8b66-1d83-4723-90da-a33ab7055a82,SHOP_001,BEN_02923,2026-01-07 13:02:31.322714,Kerosene,3,75.0,28.563667,77.196744,South Delhi,0,3946.0,13,True,False,False,False,False,1,0.19453365924086435
7756428d-4145-482d-a383-275a8e1e576d,SHOP_001,BEN_01337,2026-01-07 13:21:59.322714,Oil,1,50.0,28.563667,77.196744,South Delhi,0,1168.0,13,False,True,False,False,False,1,0.16439763407798075
a64277e7-82dd-403b-a199-5c226f46066f,SHOP_001,BEN_00765,2026-01-08 08:57:38.322714,Wheat,18,36.0,28.563667,77.196744,South Delhi,0,70539.0,8,False,False,False,False,True,-1,0.6377093400455363
2174315c-e400-4d4e-83af-3b641a78359a,SHOP_001,BEN_01977,2026-01-08 16:09:28.322714,Kerosene,2,50.0,28.563667,77.196744,South Delhi,0,25910.0,16,True,False,False,False,False,1,0.22746997820775844
ec3a3953-09d6-46e4-bf6a-78995c2724c6,SHOP_001,BEN_00827,2026-01-09 13:38:54.322714,Wheat,20,40.0,28.563667,77.196744,South Delhi,0,77366.0,13,False,False,False,False,True,-1,0.649809829901451
d38dc89c-d2b8-403f-ab0b-a95722679edc,SHOP_001,BEN_01682,2026-01-09 19:32:29.322714,Kerosene,3,75.0,28.563667,77.196744,South Delhi,0,21215.0,19,True,False,False,False,False,1,0.34269693289045855
33a298a8-09ee-4901-b7e6-6de220042555,SHOP_001,BEN_00347,2026-01-10 11:57:03.322714,Rice,19,57.0,28.563667,77.196744,South Delhi,0,59074.0,11,False,False,True,False,False,1,0.42722882969210507
7600aced-8f53-4dbb-9797-e830ce9aa362,SHOP_001,BEN_01222,2026-01-11 08:04:34.322714,Oil,2,100.0,28.563667,77.196744,South Delhi,0,72451.0,8,False,True,False,False,False,1,0.492569721827521
80b1643f-f190-4894-98fa-6c1daa98fef8,SHOP_001,BEN_02009,2026-01-11 11:09:45.322714,Oil,2,100.0,28.563667,77.196744,South Delhi,0,11111.0,11,False,True,False,False,False,1,0.177337935117649
3a7d1944-08e3-475b-a5c1-d29206b1ad7d,SHOP_001,BEN_01153,2026-01-11 19:11:13.322714,Kerosene,3,75.0,28.563667,77.196744,South Delhi,0,28888.0,19,True,False,False,False,False,1,0.42533202861754515
a33aaebe-d515-4122-b55c-9ac1efaef784,SHOP_001,BEN_02343,2026-01-12 08:01:49.322714,Wheat,7,14.0,28.563667,77.196744,South Delhi,0,46236.0,8,False,False,False,False,True,1,0.5697508222895139
92fcd79b-9b29-44ff-97e7-6f632c366f15,SHOP_001,BEN_00229,2026-01-12 13:08:07.322714,Wheat,15,30.0,28.563667,77.196744,South Delhi,0,18378.0,13,False,False,False,False,True,1,0.1690782702371696
6db348d3-f72c-492b-b754-b31f1ac7d4d7,SHOP_001,BEN_00158,2026-01-12 14:16:18.322714,Wheat,5,10.0,28.563667,77.196744,South Delhi,0,4091.0,14,False,False,False,False,True,1,0.23032936272298388
5b4ba41e-44ab-4afe-8dc7-f0a601dd8dc0,SHOP_001,BEN_00637,2026-01-12 18:40:36.322714,Oil,2,100.0,28.563667,77.196744,South Delhi,0,15858.0,18,False,True,False,False,False,1,0.19414625123403323
1fbddd37-39c1-4fe8-b625-359bc3de96c3,SHOP_001,BEN_00878,2026-01-12 19:29:28.322714,Rice,12,36.0,28.563667,77.196744,South Delhi,0,2932.0,19,False,False,True,False,False,1,0.35217411299435303
7a3b9370-074b-4937-b3f2-aea859694aba,SHOP_001,BEN_00188,2026-01-13 10:09:32.322714,Wheat,11,22.0,28.563667,77.196744,South Delhi,0,52804.0,10,False,False,False,False,True,1,0.39063364585733146
98acc5c8-c1ed-4de4-9ce2-03c8f3fe8fde,SHOP_001,BEN_02406,2026-01-14 11:19:08.322714,Oil,1,50.0,28.563667,77.196744,South Delhi,0,90576.0,11,False,True,False,False,False,1,0.5609138478653456
5ce26677-a37c-473b-bbc3-a01a44f824b7,SHOP_001,BEN_01515,2026-01-14 13:01:21.322714,Sugar,3,60.0,28.563667,77.196744,South Delhi,0,6133.0,13,False,False,False,True,False,1,0.14370848673864245
cad25d9a-28ad-418e-b14c-1deb211c2f60,SHOP_001,BEN_02993,2026-01-14 17:21:46.322714,Wheat,13,26.0,28.563667,77.196744,South Delhi,0,15625.0,17,False,False,False,False,True,1,0.22304038623476102
360a6ec1-180c-4803-81f4-1d69f7709fcc,SHOP_001,BEN_00780,2026-01-14 19:37:46.322714,Sugar,1,20.0,28.563667,77.196744,South Delhi,0,8160.0,19,False,False,False,True,False,1,0.3159519469793544
9b978fca-5b74-42b8-b530-849b1495accd,SHOP_001,BEN_01728,2026-01-15 09:13:19.322714,Kerosene,2,50.0,28.563667,77.196744,South Delhi,0,48933.0,9,True,False,False,False,False,1,0.3780633141678364
845ba8ca-0301-4409-9a34-e9ad8c1d7732,SHOP_001,BEN_00151,2026-01-15 14:07:26.322714,Kerosene,3,75.0,28.563667,77.196744,South Delhi,0,17647.0,14,True,False,False,False,False,1,0.20190549442689087
f73a9b22-1cf0-48ec-a530-43a2670bf558,SHOP_001,BEN_02280,2026-01-15 15:18:46.322714,Kerosene,3,75.0,28.563667,77.196744,South Delhi,0,4280.0,15,True,False,False,False,False,1,0.1423856654732134
4f792633-41e7-4d7b-9eb1-d6e876a710e6,SHOP_002,BEN_00351,2025-12-17 12:01:37.322714,Rice,10,30.0,28.648957,77.10634,West Delhi,0,9999.0,12,False,False,True,False,False,1,0.1664204724970213
6c8fca84-5e9d-4dd6-8602-b65a381288c3,SHOP_002,BEN_02897,2025-12-17 12:47:54.322714,Oil,2,100.0,28.648957,77.10634,West Delhi,0,2777.0,12,False,True,False,False,False,1,0.11807396795737923
3b90d392-1b9c-49c5-a506-65b4c52511a5,SHOP_002,BEN_00757,2025-12-17 16:49:02.322714,Sugar,2,40.0,28.648957,77.10634,West Delhi,0,14468.0,16,False,False,False,True,False,1,0.1121301734248969
5e4a6840-2973-48ab-9b55-95fb8c711f6a,SHOP_002,BEN_00919,2025-12-17 19:34:18.322714,Rice,8,24.0,28.648957,77.10634,West Delhi,0,9916.0,19,False,False,True,False,False,1,0.3569302350642175
0f1e1831-44f6-4eb4-b390-88276708de51,SHOP_002,BEN_00698,2025-12-18 09:46:37.322714,Oil,2,100.0,28.648957,77.10634,West Delhi,0,51139.0,9,False,True,False,False,False,1,0.2722740537417399
d229a602-52f9-4974-bca3-bc9ee6e03e47,SHOP_002,BEN_00630,2025-12-18 12:02:18.322714,Sugar,3,60.0,28.648957,77.10634,West Delhi,0,8141.0,12,False,False,False,True,False,1,0.16904810716162122
5a6a02bc-3b3e-4a40-bc55-11e2161492b7,SHOP_002,BEN_00383,2025-12-18 16:42:01.322714,Oil,1,50.0,28.648957,77.10634,West Delhi,0,16783.0,16,False,True,False,False,False,1,0.15123754033862996
3e5f15ae-5377-4432-9e08-7c75d8768ed4,SHOP_002,BEN_01142,2025-12-18 19:40:10.322714,Rice,18,54.0,28.648957,77.10634,West Delhi,0,10689.0,19,False,False,True,False,False,1,0.41526151094329183
509410d6-be67-4c65-b794-b962179f6dd9,SHOP_002,BEN_00391,2025-12-19 15:05:33.322714,Oil,2,100.0,28.648957,77.10634,West Delhi,0,69923.0,15,False,True,False,False,False,1,0.457420577299988
13f483a4-6876-420e-aa7f-48c1c93c6503,SHOP_002,BEN_01860,2025-12-19 16:37:19.322714,Sugar,2,40.0,28.648957,77.10634,West Delhi,0,5506.0,16,False,False,False,True,False,1,0.08073865961362947
8f7b42f5-6535-4bc0-b9df-ca49144f5f20,SHOP_002,BEN_01327,2025-12-19 17:54:46.322714,Rice,6,18.0,28.648957,77.10634,West Delhi,0,4647.0,17,False,False,True,False,False,1,0.2356008402898631
1a95ffb8-5e56-4f06-8c7d-de891b3bc0d8,SHOP_002,BEN_00940,2025-12-20 08:54:28.322714,Rice,6,18.0,28.648957,77.10634,West Delhi,0,53982.0,8,False,False,True,False,False,1,0.442424364247363
13632f79-9bb7-48b3-aaad-5f3b9e080000,SHOP_002,BEN_00730,2025-12-20 13:18:16.322714,Oil,2,100.0,28.648957,77.10634,West Delhi,0,15828.0,13,False,True,False,False,False,1,0.13529873570679163
21a7efc7-12c3-4307-b5f1-20689cfe52ba,SHOP_002,BEN_02056,2025-12-20 15:56:28.322714,Wheat,12,24.0,28.648957,77.10634,West Delhi,0,9492.0,15,False,False,False,False,True,1,0.11045491426182186
1ae6d0e3-8888-40cf-894f-0f3859d59e6c,SHOP_002,BEN_01669,2025-12-21 16:02:49.322714,Sugar,3,60.0,28.648957,77.10634,West Delhi,0,86781.0,16,False,False,False,True,False,1,0.5265517919981213
08b345d8-119d-4412-803b-aa79e014edc3,SHOP_002,BEN_01394,2025-12-22 08:13:06.322714,Kerosene,1,25.0,28.648957,77.10634,West Delhi,0,58217.0,8,True,False,False,False,False,1,0.47319855367190816
9fb58504-9aaa-4f03-856c-8cc2c979e1b8,SHOP_002,BEN_01988,2025-12-22 09:06:09.322714,Sugar,2,40.0,28.648957,77.10634,West Delhi,0,3183.0,9,False,False,False,True,False,1,0.326867016860678
1d661bcb-ae65-4c99-8003-2e3bcc30d298,SHOP_002,BEN_00603,2025-12-22 10:46:20.322714,Rice,10,30.0,28.648957,77.10634,West Delhi,0,6011.0,10,False,False,True,False,False,1,0.2105340482412753
832cc686-6963-49f8-bc5c-20c9bf082ca1,SHOP_002,BEN_01607,2025-12-22 11:04:26.322714,Kerosene,2,50.0,28.648957,77.10634,West Delhi,0,1086.0,11,True,False,False,False,False,1,0.23869357503058675
eae4516c-85fe-4181-9f54-ea672e57ef4d,SHOP_002,BEN_00125,2025-12-22 11:30:49.322714,Wheat,5,10.0,28.648957,77.10634,West Delhi,0,1583.0,11,False,False,False,False,True,1,0.34991855014583506
dd3449b1-79f7-440b-8bc1-30a96581d681,SHOP_002,BEN_00369,2025-12-22 13:57:42.322714,Oil,1,50.0,28.648957,77.10634,West Delhi,0,8813.0,13,False,True,False,False,False,1,0.13300474649341443
514c83b9-afe5-4d75-a9d1-60db1f8b3d52,SHOP_002,BEN_01320,2025-12-22 17:26:55.322714,Wheat,11,22.0,28.648957,77.10634,West Delhi,0,12553.0,17,False,False,False,False,True,1,0.21456617270153022
1a81ad0c-0561-4804-a24f-b3ed881e259a,SHOP_002,BEN_00181,2025-12-23 12:06:54.322714,Kerosene,3,75.0,28.648957,77.10634,West Delhi,0,67199.0,12,True,False,False,False,False,1,0.43280354668678894
d5f8d98c-7025-49c8-a8f7-d6a288a3c20d,SHOP_002,BEN_01329,2025-12-23 16:26:56.322714,Oil,2,100.0,28.648957,77.10634,West Delhi,0,15602.0,16,False,True,False,False,False,1,0.08167177173729911
7ba9c213-7bed-43bb-9f1a-aacfae160666,SHOP_002,BEN_00156,2025-12-24 14:05:10.322714,Sugar,1,20.0,28.648957,77.10634,West Delhi,0,77894.0,14,False,False,False,True,False,1,0.4457472001756154
5d65edfc-d731-462e-b23f-df2eed34521b,SHOP_002,BEN_01608,2025-12-24 18:17:22.322714,Rice,18,54.0,28.648957,77.10634,West Delhi,0,15132.0,18,False,False,True,False,False,1,0.33741790239579483
59603747-95ca-4f17-b63e-ceb43fcd39e3,SHOP_002,BEN_00257,2025-12-24 19:38:13.322714,Wheat,5,10.0,28.648957,77.10634,West Delhi,0,4851.0,19,False,False,False,False,True,1,0.38071069084355935
2a0efa5d-477a-4ede-a11d-d27a18daf93f,SHOP_002,BEN_02883,2025-12-25 16:34:58.322714,Wheat,19,38.0,28.648957,77.10634,West Delhi,0,75405.0,16,False,False,False,False,True,-1,0.6273849880550418
627e9651-a937-474f-8568-a54454a90cf1,SHOP_002,BEN_02226,2025-12-26 08:52:28.322714,Kerosene,3,75.0,28.648957,77.10634,West Delhi,0,58650.0,8,True,False,False,False,False,1,0.4556954400149431
c0eddbb9-ea28-4fd3-9853-12a9c6339682,SHOP_002,BEN_01948,2025-12-26 15:47:19.322714,Sugar,3,60.0,28.648957,77.10634,West Delhi,0,24891.0,15,False,False,False,True,False,1,0.2416506895934929
17838756-fade-42a2-a52a-467011f29778,SHOP_002,BEN_00324,2025-12-26 17:49:57.322714,Oil,2,100.0,28.648957,77.10634,West Delhi,0,7358.0,17,False,True,False,False,False,1,0.08381956140924363
592c7c7f-a250-4689-b097-2edcd4c69555,SHOP_002,BEN_02106,2025-12-28 14:34:13.322714,Sugar,2,40.0,28.648957,77.10634,West Delhi,0,161056.0,14,False,False,False,True,False,-1,0.789657804422109
20af2214-bfb6-47be-bd27-7dd890d4d8cb,SHOP_002,BEN_02852,2025-12-28 15:55:13.322714,Rice,13,39.0,28.648957,77.10634,West Delhi,0,4860.0,15,False,False,True,False,False,1,0.17272851861869842
f378e41b-8ff8-4d25-8b20-eecf811c7c08,SHOP_002,BEN_00820,2025-12-28 18:20:51.322714,Oil,2,100.0,28.648957,77.10634,West Delhi,0,8738.0,18,False,True,False,False,False,1,0.15935212272297078
ce35dc84-9f75-4478-83e8-4e25438f6aab,SHOP_002,BEN_01203,2025-12-28 18:50:50.322714,Oil,1,50.0,28.648957,77.10634,West Delhi,0,1799.0,18,False,True,False,False,False,1,0.2311829512533911
fb6576b4-269a-4311-becb-e4f7d87a37a5,SHOP_002,BEN_02398,2025-12-29 11:20:57.322714,Oil,2,100.0,28.648957,77.10634,West Delhi,0,59407.0,11,False,True,False,False,False,1,0.321775797183942
541d6bca-3b74-417c-8dd0-2c8e2403d68c,SHOP_002,BEN_01463,2025-12-29 14:36:58.322714,Wheat,5,10.0,28.648957,77.10634,West Delhi,0,11761.0,14,False,False,False,False,True,1,0.26504330735572473
7ceeb3f9-3100-424f-bd1c-2b06cd67972d,SHOP_002,BEN_01632,2025-12-29 15:17:56.322714,Sugar,2,40.0,28.648957,77.10634,West Delhi,0,2458.0,15,False,False,False,True,False,1,0.06212575050757729
3c3a5ae5-1920-4845-ad9d-608e5ecd2dc9,SHOP_002,BEN_01722,2025-12-29 15:18:39.322714,Wheat,9,18.0,28.648957,77.10634,West Delhi,0,43.0,15,False,False,False,False,True,1,0.22467932523248302
fc5a45f4-1ca0-4eed-a746-bfbab1c67650,SHOP_002,BEN_02001,2025-12-29 16:12:07.322714,Rice,14,42.0,28.648957,77.10634,West Delhi,0,3208.0,16,False,False,True,False,False,1,0.17818696892447955
af1d18e5-2428-47da-b6fd-8f38a391d61c,SHOP_002,BEN_01606,2025-12-29 16:57:34.322714,Rice,15,45.0,28.648957,77.10634,West Delhi,0,2727.0,16,False,False,True,False,False,1,0.17851240007083552
cfb28ded-2401-4166-9c1a-c6d476434012,SHOP_002,BEN_00144,2025-12-29 17:05:08.322714,Wheat,12,24.0,28.648957,77.10634,West Delhi,0,454.0,17,False,False,False,False,True,1,0.2833469989567975
0dd53b3c-12e5-446e-8efa-54b85247188d,SHOP_002,BEN_02533,2025-12-30 09:52:15.322714,Sugar,2,40.0,28.648957,77.10634,West Delhi,0,60427.0,9,False,False,False,True,False,1,0.3005555716380659
fe096e0c-dee0-47c7-b9af-906503afbf5b,SHOP_002,BEN_00622,2025-12-30 13:08:12.322714,Sugar,1,20.0,28.648957,77.10634,West Delhi,0,11757.0,13,False,False,False,True,False,1,0.14525817599892116
b9d2aeaa-b765-438a-9809-cfae5d3df179,SHOP_002,BEN_00327,2025-12-30 15:00:51.322714,Sugar,1,20.0,28.648957,77.10634,West Delhi,0,6759.0,15,False,False,False,True,False,1,0.11012780126918881
3d395184-6483-46fe-bcfd-bcaab718de3d,SHOP_002,BEN_00344,2025-12-31 13:13:36.322714,Wheat,11,22.0,28.648957,77.10634,West Delhi,0,79965.0,13,False,False,False,False,True,1,0.5413749598595363
6fe00b07-95a0-4754-8a00-f899211f428f,SHOP_002,BEN_01499,2025-12-31 14:05:37.322714,Sugar,3,60.0,28.648957,77.10634,West Delhi,0,3121.0,14,False,False,False,True,False,1,0.11876569094134987
a2232187-a057-4c28-99cb-34446e033f1c,SHOP_002,BEN_02081,2025-12-31 15:49:58.322714,Kerosene,1,25.0,28.648957,77.10634,West Delhi,0,6261.0,15,True,False,False,False,False,1,0.13549168192791128
ac724c53-fb41-43d9-9cd3-abf0ae42d122,SHOP_002,BEN_00946,2026-01-02 11:48:43.322714,Sugar,2,40.0,28.648957,77.10634,West Delhi,0,158325.0,11,False,False,False,True,False,-1,0.7567971446127765
05177fc5-10f6-4d2e-9653-f4c607a0518c,SHOP_002,BEN_00363,2026-01-02 14:11:31.322714,Sugar,3,60.0,28.648957,77.10634,West Delhi,0,8568.0,14,False,False,False,True,False,1,0.11059075904151405
27c1b1db-8521-4d95-9cf8-6e3e06408a6a,SHOP_002,BEN_02664,2026-01-03 08:18:23.322714,Kerosene,1,25.0,28.648957,77.10634,West Delhi,0,65212.0,8,True,False,False,False,False,1,0.5252857749934733
447f1282-e7f1-4a09-9f48-0462027b4b20,SHOP_002,BEN_02368,2026-01-03 11:38:28.322714,Kerosene,1,25.0,28.648957,77.10634,West Delhi,0,12005.0,11,True,False,False,False,False,1,0.2711744076148573
0cc6694f-6b8a-46db-b1ba-c4362da68c20,SHOP_002,BEN_02684,2026-01-03 17:55:59.322714,Oil,2,100.0,28.648957,77.10634,West Delhi,0,22651.0,17,False,True,False,False,False,1,0.20898766875403585
736c65fa-8cbe-4971-bd12-e4174fe67297,SHOP_002,BEN_00116,2026-01-04 11:16:59.322714,Kerosene,2,50.0,28.648957,77.10634,West Delhi,0,62460.0,11,True,False,False,False,False,1,0.3803256320438029
bd72cf41-9dc8-443a-9975-781a5b4271e2,SHOP_002,BEN_00989,2026-01-04 16:24:27.322714,Oil,1,50.0,28.648957,77.10634,West Delhi,0,18448.0,16,False,True,False,False,False,1,0.15741543899136445
c6df0208-4d61-410e-82c6-81b88746db4c,SHOP_002,BEN_02996,2026-01-04 17:24:32.322714,Sugar,1,20.0,28.648957,77.10634,West Delhi,0,3605.0,17,False,False,False,True,False,1,0.18354322174623228
b75084be-06c2-42ca-ae20-e914cad5a1de,SHOP_002,BEN_02549,2026-01-04 19:16:05.322714,Wheat,17,34.0,28.648957,77.10634,West Delhi,0,6693.0,19,False,False,False,False,True,1,0.39820956887073067
51e1e366-d493-4f60-911d-f7e4cca4152d,SHOP_002,BEN_00079,2026-01-06 09:00:00.322714,Sugar,3,60.0,28.648957,77.10634,West Delhi,0,135835.0,9,False,False,False,True,False,-1,0.7611283234315146
862642b1-ee58-4595-89cb-b30ba395f42f,SHOP_002,BEN_02764,2026-01-06 10:02:08.322714,Rice,20,60.0,28.648957,77.10634,West Delhi,0,3728.0,10,False,False,True,False,False,1,0.4625402568583272
d57ed61b-14c8-4ae7-bf27-5fbec1bd778d,SHOP_002,BEN_01859,2026-01-06 18:04:15.322714,Rice,14,42.0,28.648957,77.10634,West Delhi,0,28927.0,18,False,False,True,False,False,1,0.37963155641330415
bada25b1-f53e-4891-a0ef-8ced09b59b9b,SHOP_002,BEN_01900,2026-01-06 18:24:24.322714,Rice,6,18.0,28.648957,77.10634,West Delhi,0,1209.0,18,False,False,True,False,False,1,0.29588736714075625
0b4724cd-a083-4e8c-bdb8-68eb22176351,SHOP_002,BEN_00399,2026-01-07 03:52:37.322714,Sugar,3,60.0,28.648957,77.10634,West Delhi,1,34093.0,3,False,False,False,True,False,-1,0.6768932278737677
2d1faaa9-2794-4e72-93c1-21d668095b71,SHOP_002,BEN_01107,2026-01-07 08:32:56.322714,Rice,16,48.0,28.648957,77.10634,West Delhi,0,16819.0,8,False,False,True,False,False,1,0.4674366675569839
5998cf9a-9a8e-4c19-ba4c-760f8004bf5e,SHOP_002,BEN_02272,2026-01-07 10:12:35.322714,Sugar,2,40.0,28.648957,77.10634,West Delhi,0,5979.0,10,False,False,False,True,False,1,0.2411367771111958
52046c9c-69d3-4e26-b460-7947e100ba1d,SHOP_002,BEN_02135,2026-01-07 14:34:32.322714,Kerosene,1,25.0,28.648957,77.10634,West Delhi,0,15717.0,14,True,False,False,False,False,1,0.18735448511016445
84b2ecf5-e049-4859-b5bf-973f0d1a73f7,SHOP_002,BEN_02185,2026-01-07 17:13:24.322714,Wheat,15,30.0,28.648957,77.10634,West Delhi,0,9532.0,17,False,False,False,False,True,1,0.18025249172608354
01e0908a-4d32-459f-a9bc-71f532ee3660,SHOP_002,BEN_00678,2026-01-08 13:49:25.322714,Rice,15,45.0,28.648957,77.10634,West Delhi,0,74161.0,13,False,False,True,False,False,1,0.4851303229716183
78f56979-787a-4678-9dd2-a1e500656921,SHOP_002,BEN_01666,2026-01-09 17:48:46.322714,Oil,2,100.0,28.648957,77.10634,West Delhi,0,100761.0,17,False,True,False,False,False,-1,0.7518246712962645
71bc1d04-1733-430a-9394-7a320a4794d6,SHOP_002,BEN_02010,2026-01-09 17:51:18.322714,Sugar,1,20.0,28.648957,77.10634,West Delhi,0,152.0,17,False,False,False,True,False,1,0.2582320860178147
823f6575-4e16-4efa-84f2-fa9c1d5aaa7e,SHOP_002,BEN_01307,2026-01-10 16:05:20.322714,Oil,2,100.0,28.648957,77.10634,West Delhi,0,80042.0,16,False,True,False,False,False,1,0.5193062755864365
829457e6-6b7f-4fdb-8b47-0282885285b8,SHOP_002,BEN_01915,2026-01-10 18:12:10.322714,Rice,9,27.0,28.648957,77.10634,West Delhi,0,7610.0,18,False,False,True,False,False,1,0.25733587678126063
9b21309a-0adc-4946-8330-e669746d7a7a,SHOP_002,BEN_01087,2026-01-10 18:52:50.322714,Wheat,14,28.0,28.648957,77.10634,West Delhi,0,2440.0,18,False,False,False,False,True,1,0.23781345580532492
9f93be1c-fec8-4a09-81e0-699a8ca1f60e,SHOP_002,BEN_01636,2026-01-10 19:01:22.322714,Sugar,3,60.0,28.648957,77.10634,West Delhi,0,512.0,19,False,False,False,True,False,1,0.3869169923658208
fd4e3e48-d1a9-4b1e-b10d-7d649de5328b,SHOP_002,BEN_01121,2026-01-11 08:21:32.322714,Sugar,3,60.0,28.648957,77.10634,West Delhi,0,48010.0,8,False,False,False,True,False,1,0.3919445773065713
2133a079-d632-4258-bd06-d12d51fcac8f,SHOP_002,BEN_02285,2026-01-11 10:01:13.322714,Rice,12,36.0,28.648957,77.10634,West Delhi,0,5981.0,10,False,False,True,False,False,1,0.22795634486188193
4c80ea84-7da4-4909-9aac-d21edcd58985,SHOP_002,BEN_00249,2026-01-11 16:23:13.322714,Sugar,1,20.0,28.648957,77.10634,West Delhi,0,22920.0,16,False,False,False,True,False,1,0.2632807824527475
f677a0b5-a00f-48f7-9776-01a42712e6c9,SHOP_002,BEN_02952,2026-01-11 19:03:29.322714,Rice,7,21.0,28.648957,77.10634,West Delhi,0,9616.0,19,False,False,True,False,False,1,0.35348897702589344
d8f48b0d-72b5-400c-b76a-d83027a25eae,SHOP_002,BEN_00668,2026-01-12 11:16:38.322714,Wheat,13,26.0,28.648957,77.10634,West Delhi,0,58389.0,11,False,False,False,False,True,1,0.4014168879116156
913191c8-48a1-43cf-97e0-7bdae6c3b77f,SHOP_002,BEN_02778,2026-01-12 14:05:50.322714,Oil,2,100.0,28.648957,77.10634,West Delhi,0,10152.0,14,False,True,False,False,False,1,0.07709386994154044
a2990085-e174-4a9b-881e-6ed83496602c,SHOP_002,BEN_02933,2026-01-13 10:33:29.322714,Kerosene,1,25.0,28.648957,77.10634,West Delhi,0,73659.0,10,True,False,False,False,False,1,0.5292519350506663
fe810648-c3c8-46a8-b23e-183e52072a82,SHOP_002,BEN_02045,2026-01-13 13:18:08.322714,Oil,2,100.0,28.648957,77.10634,West Delhi,0,9879.0,13,False,True,False,False,False,1,0.09449008908289791
9743aa4c-4dbf-416d-b729-d2f6f32ba5cd,SHOP_002,BEN_01971,2026-01-13 15:22:31.322714,Oil,1,50.0,28.648957,77.10634,West Delhi,0,7463.0,15,False,True,False,False,False,1,0.06552085359050508
c82ac6df-f23b-495c-b569-b169dd6de973,SHOP_002,BEN_01548,2026-01-13 17:49:34.322714,Rice,16,48.0,28.648957,77.10634,West Delhi,0,8823.0,17,False,False,True,False,False,1,0.20915837469662768
346d99d4-009d-4102-ac03-498a94b9789e,SHOP_002,BEN_02986,2026-01-13 17:53:41.322714,Oil,1,50.0,28.648957,77.10634,West Delhi,0,247.0,17,False,True,False,False,False,1,0.22224637990858148
4e3070ab-c268-4684-8d4a-de3d7f87150f,SHOP_002,BEN_02359,2026-01-14 08:20:53.322714,Sugar,3,60.0,28.648957,77.10634,West Delhi,0,52032.0,8,False,False,False,True,False,1,0.38659973406081405
c9323798-260e-4a52-84ae-8a65cbfb5bb0,SHOP_002,BEN_00822,2026-01-14 14:10:57.322714,Oil,1,50.0,28.648957,77.10634,West Delhi,0,21004.0,14,False,True,False,False,False,1,0.2072597468356389
4efcf137-99c0-4837-aaca-1c9ea2f58df6,SHOP_002,BEN_00684,2026-01-15 14:41:55.322714,Wheat,7,14.0,28.648957,77.10634,West Delhi,0,88258.0,14,False,False,False,False,True,-1,0.633546916309774
e702a256-b43c-4099-bd5e-f9d34422907f,SHOP_003,BEN_00872,2025-12-16 19:35:55.322714,Wheat,14,28.0,28.506364,77.204896,South Delhi,0,9999.0,19,False,False,False,False,True,1,0.2959920831621419
495f22f7-bd18-414a-a582-a287ab78aafb,SHOP_003,BEN_01366,2025-12-18 08:28:15.322714,Sugar,2,40.0,28.506364,77.204896,South Delhi,0,132740.0,8,False,False,False,True,False,-1,0.7387809129816245
93a2c9e4-fb54-42c0-93d3-3e41ac98a891,SHOP_003,BEN_00995,2025-12-18 13:25:38.322714,Kerosene,3,75.0,28.506364,77.204896,South Delhi,0,17843.0,13,True,False,False,False,False,1,0.2198389747413496
69d61197-651d-424e-a3c6-3e1fee7a7755,SHOP_003,BEN_02192,2025-12-18 16:03:11.322714,Kerosene,3,75.0,28.506364,77.204896,South Delhi,0,9453.0,16,True,False,False,False,False,1,0.14996085890255312
0039b166-ffe6-459d-a264-02247d6df97d,SHOP_003,BEN_01842,2025-12-19 08:24:31.322714,Sugar,1,20.0,28.506364,77.204896,South Delhi,0,58880.0,8,False,False,False,True,False,1,0.40035705441183456
6953fe0d-0435-4c3a-ae15-bcdcca397eb6,SHOP_003,BEN_00836,2025-12-19 09:01:24.322714,Kerosene,1,25.0,28.506364,77.204896,South Delhi,0,2213.0,9,True,False,False,False,False,1,0.3856380323952942
9c1e55d1-bab9-42aa-b6e0-7ed1294d94c4,SHOP_003,BEN_00547,2025-12-19 16:45:26.322714,Sugar,3,60.0,28.506364,77.204896,South Delhi,0,27842.0,16,False,False,False,True,False,1,0.3128374384919705
b60182b6-9231-44cb-aff4-b667b07a06b1,SHOP_003,BEN_02783,2025-12-19 18:22:22.322714,Wheat,16,32.0,28.506364,77.204896,South Delhi,0,5816.0,18,False,False,False,False,True,1,0.2541254651881119
cfc58a6b-3f2a-4a16-82ef-f50529c0c7e3,SHOP_003,BEN_02172,2025-12-20 08:08:50.322714,Rice,10,30.0,28.506364,77.204896,South Delhi,0,49588.0,8,False,False,True,False,False,1,0.4122728700499147
30b64e1c-afae-4b34-ba34-caad81f8f99f,SHOP_003,BEN_00440,2025-12-20 19:10:41.322714,Rice,19,57.0,28.506364,77.204896,South Delhi,0,39711.0,19,False,False,True,False,False,-1,0.6148380250418725
8aea9180-3f28-4781-b666-8c63f4487909,SHOP_003,BEN_01380,2025-12-20 19:30:19.322714,Sugar,1,20.0,28.506364,77.204896,South Delhi,0,1178.0,19,False,False,False,True,False,1,0.3589033896223398
625e5b8d-2af4-45e9-ac82-91be34b7caf8,SHOP_003,BEN_01783,2025-12-21 18:13:15.322714,Sugar,1,20.0,28.506364,77.204896,South Delhi,0,81776.0,18,False,False,False,True,False,1,0.5735977285469961
7331f548-3035-4580-adea-caa5f6096b1d,SHOP_003,BEN_00100,2025-12-22 11:09:13.322714,Wheat,19,38.0,28.506364,77.204896,South Delhi,0,60958.0,11,False,False,False,False,True,1,0.5072209156065589
f0ed5ff8-64e6-4e34-bfbf-a25c47effaa2,SHOP_003,BEN_01322,2025-12-22 11:15:28.322714,Rice,13,39.0,28.506364,77.204896,South Delhi,0,375.0,11,False,False,True,False,False,1,0.23977467608008046
7c4fa7e6-184d-4778-8632-7ff4c8fa827b,SHOP_003,BEN_00450,2025-12-22 12:59:32.322714,Rice,11,33.0,28.506364,77.204896,South Delhi,0,6244.0,12,False,False,True,False,False,1,0.13084372362312585
e8f8aa1a-1dd0-48c1-8562-658d1754f1a7,SHOP_003,BEN_00879,2025-12-22 13:55:34.322714,Wheat,8,16.0,28.506364,77.204896,South Delhi,0,3362.0,13,False,False,False,False,True,1,0.1760692848950115
375ac940-2d7d-4be1-b5ac-31f4eca85194,SHOP_003,BEN_01126,2025-12-23 08:10:50.322714,Kerosene,2,50.0,28.506364,77.204896,South Delhi,0,65716.0,8,True,False,False,False,False,1,0.46486199782115945
1e2cd310-5934-4713-8b83-c024dd94a163,SHOP_003,BEN_00907,2025-12-23 10:03:06.322714,Wheat,5,10.0,28.506364,77.204896,South Delhi,0,6736.0,10,False,False,False,False,True,1,0.34631918700846576
fed127bb-0d71-4f24-8643-20ffef8bf9c6,SHOP_003,BEN_02832,2025-12-23 11:51:01.322714,Kerosene,3,75.0,28.506364,77.204896,South Delhi,0,6475.0,11,True,False,False,False,False,1,0.2287687154800851
a29c6d4c-8ecf-40e7-8c9a-03aca1620291,SHOP_003,BEN_02982,2025-12-23 13:04:15.322714,Oil,1,50.0,28.506364,77.204896,South Delhi,0,4394.0,13,False,True,False,False,False,1,0.1317370209408868
dae69717-5b8a-4df7-9c00-35a3641a1d4f,SHOP_003,BEN_01562,2025-12-23 14:31:13.322714,Kerosene,3,75.0,28.506364,77.204896,South Delhi,0,5218.0,14,True,False,False,False,False,1,0.1563774764564007
f82ae860-b9d5-4467-a6fc-0c92ee626968,SHOP_003,BEN_02435,2025-12-23 15:37:10.322714,Wheat,20,40.0,28.506364,77.204896,South Delhi,0,3957.0,15,False,False,False,False,True,1,0.3143590236398339
737cc2bb-40cd-45c7-90aa-ac68274d7a99,SHOP_003,BEN_00555,2025-12-23 18:12:12.322714,Kerosene,3,75.0,28.506364,77.204896,South Delhi,0,9302.0,18,True,False,False,False,False,1,0.22539952528839685
3f5b6f2b-109a-436c-acd9-f8ab6b7424cd,SHOP_003,BEN_00512,2025-12-24 11:40:05.322714,Rice,5,15.0,28.506364,77.204896,South Delhi,0,62873.0,11,False,False,True,False,False,1,0.40777070406983107
bc80471a-3153-40dd-a494-7f325cdfa8cd,SHOP_003,BEN_00169,2025-12-24 11:49:25.322714,Oil,2,100.0,28.506364,77.204896,South Delhi,0,560.0,11,False,True,False,False,False,1,0.1999401096856509
d4b8ed82-5f6e-4e39-8125-48b5105f8c4b,SHOP_003,BEN_01845,2025-12-24 14:24:32.322714,Oil,2,100.0,28.506364,77.204896,South Delhi,0,9307.0,14,False,True,False,False,False,1,0.0649645608102889
e05e206e-7e69-4bf8-b19a-d907831340e8,SHOP_003,BEN_01678,2025-12-24 18:30:05.322714,Sugar,2,40.0,28.506364,77.204896,South Delhi,0,14733.0,18,False,False,False,True,False,1,0.2174434266815778
9a3b448c-a3d3-48d8-bfaf-bf4e7753b726,SHOP_003,BEN_01266,2025-12-24 19:58:00.322714,Wheat,13,26.0,28.506364,77.204896,South Delhi,0,5275.0,19,False,False,False,False,True,1,0.3043220448157685
4621d920-67da-457f-827c-eedc24f91f7a,SHOP_003,BEN_01652,2025-12-25 08:02:02.322714,Oil,2,100.0,28.506364,77.204896,South Delhi,0,43442.0,8,False,True,False,False,False,1,0.3936716503951476
d575ee11-54e1-4b04-9e48-4bdb3b7f30ac,SHOP_003,BEN_01306,2025-12-25 10:34:18.322714,Wheat,13,26.0,28.506364,77.204896,South Delhi,0,9136.0,10,False,False,False,False,True,1,0.2406225222798266
c1faeaff-1149-4c6c-bdd2-843963445485,SHOP_003,BEN_01837,2025-12-25 10:46:35.322714,Sugar,1,20.0,28.506364,77.204896,South Delhi,0,737.0,10,False,False,False,True,False,1,0.32084940542348495
bb8249d9-38bc-4fd0-b83e-874595b58b8b,SHOP_003,BEN_00651,2025-12-25 16:37:07.322714,Wheat,19,38.0,28.506364,77.204896,South Delhi,0,21032.0,16,False,False,False,False,True,1,0.3841248120592936
665ac1db-fe8e-44e4-b0ff-04afa758306a,SHOP_003,BEN_00074,2025-12-26 10:18:42.322714,Kerosene,3,75.0,28.506364,77.204896,South Delhi,0,63695.0,10,True,False,False,False,False,1,0.39949806122239684
3f416e45-a2b8-4fe6-a5a1-24a5cc475953,SHOP_003,BEN_01699,2025-12-26 11:33:31.322714,Wheat,14,28.0,28.506364,77.204896,South Delhi,0,4489.0,11,False,False,False,False,True,1,0.19271805237967504
26e6a9b1-6902-4f28-a7d1-00330dcb89a0,SHOP_003,BEN_02602,2025-12-27 13:07:19.322714,Wheat,10,20.0,28.506364,77.204896,South Delhi,0,92028.0,13,False,False,False,False,True,-1,0.6239227905833206
4869ac3d-22ff-4529-ba9e-e54775bc1436,SHOP_003,BEN_00866,2025-12-27 15:06:00.322714,Wheat,16,32.0,28.506364,77.204896,South Delhi,0,7121.0,15,False,False,False,False,True,1,0.13663792953132903
9a6eca97-fe4c-47f3-8405-46115cb93c72,SHOP_003,BEN_00359,2025-12-28 12:15:38.322714,Wheat,15,30.0,28.506364,77.204896,South Delhi,0,76178.0,12,False,False,False,False,True,1,0.5347206675734587
8b7f754d-12c6-4dbf-91e5-c1c7f507d46b,SHOP_003,BEN_00857,2025-12-28 12:17:04.322714,Oil,2,100.0,28.506364,77.204896,South Delhi,0,86.0,12,False,True,False,False,False,1,0.16880307763815477
e065037e-e3eb-4c80-b93f-450e4d6467c9,SHOP_003,BEN_01252,2025-12-28 12:25:01.322714,Rice,10,30.0,28.506364,77.204896,South Delhi,0,477.0,12,False,False,True,False,False,1,0.17639354795258272
27e33ae7-db99-4263-845b-398494868b7a,SHOP_003,BEN_01058,2025-12-28 12:56:30.322714,Rice,16,48.0,28.506364,77.204896,South Delhi,0,1889.0,12,False,False,True,False,False,1,0.21527469918472553
d2b13b99-5614-4d4b-a920-01f838ac05af,SHOP_003,BEN_00121,2025-12-28 16:47:31.322714,Wheat,16,32.0,28.506364,77.204896,South Delhi,0,13861.0,16,False,False,False,False,True,1,0.1776037834666629
d8a516fe-90c1-4456-93b6-996e518e1e84,SHOP_003,BEN_01088,2025-12-29 08:49:40.322714,Kerosene,3,75.0,28.506364,77.204896,South Delhi,0,57729.0,8,True,False,False,False,False,1,0.45340035352629937
b62418c0-8206-477f-b3de-aabbab4d3e82,SHOP_003,BEN_01542,2025-12-29 09:10:29.322714,Rice,5,15.0,28.506364,77.204896,South Delhi,0,1249.0,9,False,False,True,False,False,1,0.37082782928657315
8708fda3-d65d-4582-9f9a-4091e73db972,SHOP_003,BEN_00764,2025-12-30 19:18:45.322714,Rice,13,39.0,28.506364,77.204896,South Delhi,0,122896.0,19,False,False,True,False,False,-1,0.9127865206055374
96282f90-f8f4-4524-9e1c-02e1f6000838,SHOP_003,BEN_00627,2025-12-31 11:30:16.322714,Sugar,1,20.0,28.506364,77.204896,South Delhi,0,58291.0,11,False,False,False,True,False,1,0.29582220885230315
4a01b174-a3a3-4ffb-b047-6cb31d3d1bc0,SHOP_003,BEN_00979,2025-12-31 17:24:20.322714,Oil,1,50.0,28.506364,77.204896,South Delhi,0,21244.0,17,False,True,False,False,False,1,0.24865415184835488
1e4869aa-b701-4d6c-9b05-c3460c2c7a27,SHOP_003,BEN_01703,2025-12-31 18:35:10.322714,Kerosene,2,50.0,28.506364,77.204896,South Delhi,0,4250.0,18,True,False,False,False,False,1,0.16102607729336477
e4d80497-a090-4b16-ba16-1ae883fef20d,SHOP_003,BEN_00575,2025-12-31 18:57:20.322714,Sugar,1,20.0,28.506364,77.204896,South Delhi,0,1330.0,18,False,False,False,True,False,1,0.28926011803620433
528c127c-b9ab-46fe-b5aa-761aeeadc488,SHOP_003,BEN_01752,2025-12-31 19:57:26.322714,Oil,2,100.0,28.506364,77.204896,South Delhi,0,3606.0,19,False,True,False,False,False,1,0.25220522328827616
88a713fc-8be4-46a9-8b00-221425987ec6,SHOP_003,BEN_00185,2026-01-01 16:05:10.322714,Oil,2,100.0,28.506364,77.204896,South Delhi,0,72464.0,16,False,True,False,False,False,1,0.49797238389487963
0f1ca415-a2ff-4679-9925-fbdc266a2aec,SHOP_003,BEN_02504,2026-01-01 16:30:40.322714,Sugar,1,20.0,28.506364,77.204896,South Delhi,0,1530.0,16,False,False,False,True,False,1,0.19170034734807084
a2d2b16f-943a-4e2d-99ba-f40032ae6541,SHOP_003,BEN_01584,2026-01-02 08:14:59.322714,Oil,1,50.0,28.506364,77.204896,South Delhi,0,56659.0,8,False,True,False,False,False,1,0.39210796054282115
c77273da-354c-4061-915c-7555e83f5214,SHOP_003,BEN_02369,2026-01-02 11:35:00.322714,Kerosene,1,25.0,28.506364,77.204896,South Delhi,0,12001.0,11,True,False,False,False,False,1,0.2711744076148573
d1bc0b6e-6064-4df1-ad8a-25b6771cdd1d,SHOP_003,BEN_00078,2026-01-02 19:36:54.322714,Sugar,2,40.0,28.506364,77.204896,South Delhi,0,28914.0,19,False,False,False,True,False,1,0.44092883382716186
b67e187c-0894-42f9-a4ec-4e055b8e1597,SHOP_003,BEN_01022,2026-01-02 19:46:41.322714,Sugar,1,20.0,28.506364,77.204896,South Delhi,0,587.0,19,False,False,False,True,False,1,0.3686568488788523
34d68554-2292-4b3a-a6d3-0e4baeaf41c5,SHOP_003,BEN_02867,2026-01-03 10:42:58.322714,Kerosene,2,50.0,28.506364,77.204896,South Delhi,0,53777.0,10,True,False,False,False,False,1,0.31087160335647746
71f590d9-9b14-4f9e-bb21-b028e9cc1083,SHOP_003,BEN_00416,2026-01-03 12:52:51.322714,Oil,1,50.0,28.506364,77.204896,South Delhi,0,7793.0,12,False,True,False,False,False,1,0.1645247643443647
e78666e3-3dd1-4627-96d1-6042585f34e6,SHOP_003,BEN_01873,2026-01-03 15:03:05.322714,Rice,11,33.0,28.506364,77.204896,South Delhi,0,7814.0,15,False,False,True,False,False,1,0.14795384620543534
566c5812-6247-4596-8437-9e9948a536e5,SHOP_003,BEN_01810,2026-01-03 17:30:40.322714,Kerosene,1,25.0,28.506364,77.204896,South Delhi,0,8855.0,17,True,False,False,False,False,1,0.21475508089063838
935bff99-9c2f-47aa-a7c4-a01e5dfa3d15,SHOP_003,BEN_02762,2026-01-04 11:02:52.322714,Rice,19,57.0,28.506364,77.204896,South Delhi,0,63132.0,11,False,False,True,False,False,1,0.45717145612556637
2c61e318-9360-42fa-9265-5fd90592d08d,SHOP_003,BEN_01490,2026-01-04 14:45:17.322714,Wheat,17,34.0,28.506364,77.204896,South Delhi,0,13345.0,14,False,False,False,False,True,1,0.22405374866203992
1997dada-61e7-476b-bda9-1f025ce91705,SHOP_003,BEN_01200,2026-01-04 16:58:17.322714,Oil,1,50.0,28.506364,77.204896,South Delhi,0,7980.0,16,False,True,False,False,False,1,0.08513692861144301
b2165dfc-6364-440b-bab0-b67f0cd9fdf1,SHOP_003,BEN_00438,2026-01-04 19:40:22.322714,Kerosene,1,25.0,28.506364,77.204896,South Delhi,0,9725.0,19,True,False,False,False,False,1,0.2689547615456155
f9ed4e64-f3d5-4ae1-8efa-27c378ad74f3,SHOP_003,BEN_00236,2026-01-04 19:55:38.322714,Rice,12,36.0,28.506364,77.204896,South Delhi,0,916.0,19,False,False,True,False,False,1,0.36601120119138764
bd33484a-bd00-4417-b4d5-aca0e36de9c7,SHOP_003,BEN_00033,2026-01-05 10:25:05.322714,Oil,2,100.0,28.506364,77.204896,South Delhi,0,52167.0,10,False,True,False,False,False,1,0.2600691403988161
08e19396-2661-41c7-9aeb-94b13c3def74,SHOP_003,BEN_02807,2026-01-05 17:33:40.322714,Sugar,3,60.0,28.506364,77.204896,South Delhi,0,25715.0,17,False,False,False,True,False,1,0.2878085188909693
24079486-c0c9-4eb5-a6f7-143f9d624f56,SHOP_003,BEN_02761,2026-01-06 08:15:31.322714,Rice,5,15.0,28.506364,77.204896,South Delhi,0,52911.0,8,False,False,True,False,False,1,0.4630750678314029
fb61c09d-dde6-4fce-a812-7a7f7fc5b646,SHOP_003,BEN_02936,2026-01-06 08:56:34.322714,Oil,1,50.0,28.506364,77.204896,South Delhi,0,2463.0,8,False,True,False,False,False,1,0.3727243387603528
7f1019d8-aab6-418f-a170-6ec3d3cd53fe,SHOP_003,BEN_01050,2026-01-06 18:24:21.322714,Sugar,3,60.0,28.506364,77.204896,South Delhi,0,34067.0,18,False,False,False,True,False,1,0.47476958216171683
4d4ae563-d98d-4648-8be8-14534ccf038e,SHOP_003,BEN_01115,2026-01-07 09:22:30.322714,Kerosene,2,50.0,28.506364,77.204896,South Delhi,0,53889.0,9,True,False,False,False,False,1,0.359198568933467
197f29f9-81a5-4482-b497-512e87fe9d6d,SHOP_003,BEN_00349,2026-01-07 10:22:39.322714,Oil,2,100.0,28.506364,77.204896,South Delhi,0,3609.0,10,False,True,False,False,False,1,0.17555726116195508
be844590-5215-4da4-8642-1084a115040a,SHOP_003,BEN_00782,2026-01-07 11:13:47.322714,Wheat,13,26.0,28.506364,77.204896,South Delhi,0,3068.0,11,False,False,False,False,True,1,0.2179702022265752
25a4595c-9614-4a0d-b83e-bfe0993f51f9,SHOP_003,BEN_01199,2026-01-07 11:16:03.322714,Kerosene,2,50.0,28.506364,77.204896,South Delhi,0,136.0,11,True,False,False,False,False,1,0.2725698586642981
65af98b5-ec66-4abd-93cb-a99bf5aaa510,SHOP_003,BEN_02186,2026-01-08 08:39:47.322714,Wheat,16,32.0,28.506364,77.204896,South Delhi,0,77024.0,8,False,False,False,False,True,-1,0.6439080586013244
9bd6ad7b-5f41-44bb-a14d-bd929cf34aaf,SHOP_003,BEN_00580,2026-01-08 17:42:35.322714,Kerosene,3,75.0,28.506364,77.204896,South Delhi,0,32568.0,17,True,False,False,False,False,1,0.37057747411219955
3a49c9d6-45f7-4abc-be57-754fc5f29258,SHOP_003,BEN_00324,2026-01-09 19:04:40.322714,Wheat,16,32.0,28.506364,77.204896,South Delhi,0,91325.0,19,False,False,False,False,True,-1,0.7894202181205912
e6004684-b123-4fa7-82ac-42b55459ed16,SHOP_003,BEN_01286,2026-01-10 08:48:57.322714,Kerosene,2,50.0,28.506364,77.204896,South Delhi,0,49457.0,8,True,False,False,False,False,1,0.403673686437718
f8dfadb0-38b1-46c0-abc7-173a7df14fc7,SHOP_003,BEN_00072,2026-01-10 16:37:35.322714,Sugar,3,60.0,28.506364,77.204896,South Delhi,0,28118.0,16,False,False,False,True,False,1,0.3128374384919705
65d84951-47b9-4e1e-992c-b1c208c2966c,SHOP_003,BEN_02756,2026-01-11 08:49:45.322714,Sugar,1,20.0,28.506364,77.204896,South Delhi,0,58330.0,8,False,False,False,True,False,1,0.40035705441183456
71e89caf-6eab-4991-8313-34a09e479996,SHOP_003,BEN_02502,2026-01-11 08:51:29.322714,Oil,2,100.0,28.506364,77.204896,South Delhi,0,104.0,8,False,True,False,False,False,1,0.3873928128941678
536eb6e0-5fad-45a7-904c-966cf7b2aaa4,SHOP_003,BEN_01493,2026-01-11 15:38:31.322714,Wheat,9,18.0,28.506364,77.204896,South Delhi,0,24422.0,15,False,False,False,False,True,1,0.31683631283842084
34213794-6cfe-4d4c-9677-e00d1f329aa1,SHOP_003,BEN_00401,2026-01-11 16:25:18.322714,Wheat,9,18.0,28.506364,77.204896,South Delhi,0,2807.0,16,False,False,False,False,True,1,0.1846949498552271
8d42460c-4586-47c6-b002-8ed1402acf77,SHOP_003,BEN_00070,2026-01-11 16:25:39.322714,Kerosene,3,75.0,28.506364,77.204896,South Delhi,0,21.0,16,True,False,False,False,False,1,0.20682094639553544
6842d340-b7ef-4721-a235-2e27ab189ef2,SHOP_003,BEN_01131,2026-01-11 19:30:19.322714,Kerosene,2,50.0,28.506364,77.204896,South Delhi,0,11080.0,19,True,False,False,False,False,1,0.21687767166601662
13042fca-7619-456c-9900-51b67862ab38,SHOP_003,BEN_01318,2026-01-12 09:24:02.322714,Kerosene,2,50.0,28.506364,77.204896,South Delhi,0,50023.0,9,True,False,False,False,False,1,0.37255639992260703
44b331f0-1ebb-4063-b936-07c947baeec9,SHOP_003,BEN_02601,2026-01-12 13:34:18.322714,Sugar,2,40.0,28.506364,77.204896,South Delhi,0,15016.0,13,False,False,False,True,False,1,0.1193660845896245
3dadcec7-a276-47a3-a593-e741db43cfa2,SHOP_003,BEN_00431,2026-01-12 17:39:29.322714,Oil,2,100.0,28.506364,77.204896,South Delhi,0,14711.0,17,False,True,False,False,False,1,0.12866463854983146
556b34a8-5d43-488c-a001-9766aa4a8f3b,SHOP_003,BEN_01818,2026-01-13 12:27:53.322714,Sugar,3,60.0,28.506364,77.204896,South Delhi,0,67704.0,12,False,False,False,True,False,1,0.3484987611305251
d05a6870-8692-4bc1-bd33-a34db89a4d0a,SHOP_003,BEN_01931,2026-01-13 13:45:31.322714,Rice,5,15.0,28.506364,77.204896,South Delhi,0,4658.0,13,False,False,True,False,False,1,0.21179424931345336
be970b27-8529-4453-acd6-63dc6d2a743d,SHOP_003,BEN_02726,2026-01-13 15:02:55.322714,Sugar,2,40.0,28.506364,77.204896,South Delhi,0,4644.0,15,False,False,False,True,False,1,0.04873351968686934
31fa00e6-ce8d-4ae2-bdbd-ee4e839f8bee,SHOP_003,BEN_01517,2026-01-13 19:24:28.322714,Wheat,12,24.0,28.506364,77.204896,South Delhi,0,15693.0,19,False,False,False,False,True,1,0.3277814578054252
7ec69645-6f4d-4420-9fef-262f72c5ea00,SHOP_003,BEN_02369,2026-01-14 08:25:08.322714,Rice,7,21.0,28.506364,77.204896,South Delhi,0,46840.0,8,False,False,True,False,False,1,0.43974040587419716
34729d74-db53-42ff-82d5-c4af0c6184c7,SHOP_003,BEN_02967,2026-01-14 11:26:29.322714,Kerosene,3,75.0,28.506364,77.204896,South Delhi,0,10881.0,11,True,False,False,False,False,1,0.24567174444457207
e8276ac1-3526-40a0-b90b-5a8931200b7b,SHOP_003,BEN_01404,2026-01-14 11:46:16.322714,Kerosene,1,25.0,28.506364,77.204896,South Delhi,0,1187.0,11,True,False,False,False,False,1,0.283684551786158
ed8b5508-9bfc-4e6f-b442-712c3e91b256,SHOP_003,BEN_01363,2026-01-14 19:44:43.322714,Oil,1,50.0,28.506364,77.204896,South Delhi,0,28707.0,19,False,True,False,False,False,1,0.4704112230255497
8c2de42e-5466-489b-8182-ff20eb829cff,SHOP_003,BEN_00070,2026-01-15 09:33:11.322714,Sugar,1,20.0,28.506364,77.204896,South Delhi,0,49708.0,9,False,False,False,True,False,1,0.32924949669071746
4e276a23-fc7c-472f-8ee7-6a999632b231,SHOP_004,BEN_00555,2025-12-16 16:26:01.322714,Sugar,1,20.0,28.709316,77.129745,Rohini,0,9999.0,16,False,False,False,True,False,1,0.15264133464673596
ed6614d3-7d9b-4eb7-abf0-aafe1260d8db,SHOP_004,BEN_00972,2025-12-16 17:18:29.322714,Sugar,1,20.0,28.709316,77.129745,Rohini,0,3148.0,17,False,False,False,True,False,1,0.1944811396068059
b73abaf2-981e-4864-871a-0d3245f881fa,SHOP_004,BEN_02389,2025-12-16 18:00:18.322714,Kerosene,3,75.0,28.709316,77.129745,Rohini,0,2509.0,18,True,False,False,False,False,1,0.20611540325154742
a8936b59-5aaf-4d17-b7c3-8d23608eab2a,SHOP_004,BEN_01174,2025-12-17 08:04:38.322714,Oil,2,100.0,28.709316,77.129745,Rohini,0,50660.0,8,False,True,False,False,False,1,0.361946133624128
dbaf190b-821a-47e0-9f58-89855c88777f,SHOP_004,BEN_00376,2025-12-17 10:36:20.322714,Sugar,1,20.0,28.709316,77.129745,Rohini,0,9102.0,10,False,False,False,True,False,1,0.2856003399538395
e6dd21ee-d203-4487-b62c-b51e93e1769b,SHOP_004,BEN_02602,2025-12-17 12:38:40.322714,Wheat,17,34.0,28.709316,77.129745,Rohini,0,7340.0,12,False,False,False,False,True,1,0.2035867273717999
d9442ca3-8fdf-4ce7-a59c-0fe8b1823dae,SHOP_004,BEN_00535,2025-12-17 12:42:48.322714,Wheat,12,24.0,28.709316,77.129745,Rohini,0,248.0,12,False,False,False,False,True,1,0.2678762569476829
b1684126-35a2-4fe5-9c09-019fdccdfc78,SHOP_004,BEN_01287,2025-12-18 12:38:11.322714,Oil,1,50.0,28.709316,77.129745,Rohini,0,86123.0,12,False,True,False,False,False,1,0.5538007156079003
1ddc62c3-456f-4d1a-96ad-5d6107f8fd5d,SHOP_004,BEN_01187,2025-12-18 17:24:36.322714,Kerosene,3,75.0,28.709316,77.129745,Rohini,0,17185.0,17,True,False,False,False,False,1,0.22264128819494633
efaa1eb6-659b-43b2-a7f1-dffb9e4fb5b0,SHOP_004,BEN_01197,2025-12-18 18:04:14.322714,Oil,1,50.0,28.709316,77.129745,Rohini,0,2378.0,18,False,True,False,False,False,1,0.22852166089907078
e9c8f88c-4ac2-43b1-8638-7786b76ac721,SHOP_004,BEN_00610,2025-12-19 09:36:50.322714,Rice,13,39.0,28.709316,77.129745,Rohini,0,55956.0,9,False,False,True,False,False,1,0.37058685822402326
23827df5-9782-4bb3-8217-58bbcb8bb731,SHOP_004,BEN_00328,2025-12-19 10:38:04.322714,Kerosene,2,50.0,28.709316,77.129745,Rohini,0,3674.0,10,True,False,False,False,False,1,0.22248050156033722
c97b3d38-c416-4165-9e91-45360b5c183c,SHOP_004,BEN_02915,2025-12-19 14:49:16.322714,Wheat,5,10.0,28.709316,77.129745,Rohini,0,15072.0,14,False,False,False,False,True,1,0.2850909188748892
60ec25da-e2e5-4dae-aa44-51a8ba64a868,SHOP_004,BEN_02460,2025-12-19 18:49:12.322714,Sugar,3,60.0,28.709316,77.129745,Rohini,0,14396.0,18,False,False,False,True,False,1,0.24892619726568266
8d4a2b24-e4e9-45e5-ba85-f0eb8856911c,SHOP_004,BEN_02593,2025-12-20 19:07:52.322714,Sugar,3,60.0,28.709316,77.129745,Rohini,0,87520.0,19,False,False,False,True,False,-1,0.6430040457600731
ec0a6147-a012-45bd-9dbc-3c8faabe0a5c,SHOP_004,BEN_02389,2025-12-21 11:18:44.322714,Rice,9,27.0,28.709316,77.129745,Rohini,0,58252.0,11,False,False,True,False,False,1,0.3006439452840707
814aaf13-b734-4a1f-915d-0967d504c841,SHOP_004,BEN_02273,2025-12-21 12:49:36.322714,Kerosene,3,75.0,28.709316,77.129745,Rohini,0,5452.0,12,True,False,False,False,False,1,0.18150944425387566
d378b991-5079-4663-a66c-1fe2a93c597e,SHOP_004,BEN_00984,2025-12-21 14:20:30.322714,Kerosene,2,50.0,28.709316,77.129745,Rohini,0,5454.0,14,True,False,False,False,False,1,0.10766292948323791
1657d577-6504-4223-b44b-e9b9e116d980,SHOP_004,BEN_01677,2025-12-21 14:33:56.322714,Sugar,2,40.0,28.709316,77.129745,Rohini,0,806.0,14,False,False,False,True,False,1,0.10311851097601188
aacb0aba-72ba-4de0-ae1e-98289c2b24e3,SHOP_004,BEN_02075,2025-12-21 16:31:01.322714,Oil,2,100.0,28.709316,77.129745,Rohini,0,7025.0,16,False,True,False,False,False,1,0.013166986281738846
b24bd916-1877-4a53-89f2-b71d386c600f,SHOP_004,BEN_01193,2025-12-22 08:39:59.322714,Rice,16,48.0,28.709316,77.129745,Rohini,0,58138.0,8,False,False,True,False,False,1,0.4767059573152287
f8e0dd86-3f18-4501-a669-6d5292af74e7,SHOP_004,BEN_00976,2025-12-22 10:47:21.322714,Kerosene,1,25.0,28.709316,77.129745,Rohini,0,7642.0,10,True,False,False,False,False,1,0.29490188379323534
7b608aa7-2fb7-4db6-b3be-99f9acfe8ad4,SHOP_004,BEN_00050,2025-12-22 11:17:46.322714,Sugar,3,60.0,28.709316,77.129745,Rohini,0,1825.0,11,False,False,False,True,False,1,0.23991653344385522
f603dfbc-e873-480e-a5a6-df425b0331fc,SHOP_004,BEN_01279,2025-12-22 14:03:40.322714,Wheat,12,24.0,28.709316,77.129745,Rohini,0,9954.0,14,False,False,False,False,True,1,0.1127573180919827
5ac7854b-c2d5-498e-8cbe-ad1e6aad15ec,SHOP_004,BEN_00679,2025-12-22 15:36:08.322714,Sugar,2,40.0,28.709316,77.129745,Rohini,0,5548.0,15,False,False,False,True,False,1,0.059795357092429224
56b6f2d7-05d2-4579-a662-20e3275562ad,SHOP_004,BEN_02512,2025-12-22 17:53:13.322714,Oil,2,100.0,28.709316,77.129745,Rohini,0,8225.0,17,False,True,False,False,False,1,0.08638005447866076
658f2b3f-7306-49f0-ab19-52b139efcb35,SHOP_004,BEN_01566,2025-12-22 18:29:49.322714,Wheat,17,34.0,28.709316,77.129745,Rohini,0,2196.0,18,False,False,False,False,True,1,0.33612579755312144
9a8d59a8-d68c-4d11-af0a-f7c46bba1c78,SHOP_004,BEN_01198,2025-12-22 19:00:28.322714,Sugar,3,60.0,28.709316,77.129745,Rohini,0,1839.0,19,False,False,False,True,False,1,0.37255432912448305
3feee37c-cec7-46fe-95f7-73e203afff6f,SHOP_004,BEN_01196,2025-12-23 08:36:24.322714,Wheat,12,24.0,28.709316,77.129745,Rohini,0,48956.0,8,False,False,False,False,True,1,0.5238459441815568
dc4a7b35-6109-414f-b98f-1a342365eced,SHOP_004,BEN_00651,2025-12-23 08:39:53.322714,Oil,2,100.0,28.709316,77.129745,Rohini,0,209.0,8,False,True,False,False,False,1,0.3873928128941678
cc3004f8-7f04-447b-996b-0ad24e894f69,SHOP_004,BEN_01611,2025-12-23 09:58:36.322714,Sugar,1,20.0,28.709316,77.129745,Rohini,0,4723.0,9,False,False,False,True,False,1,0.34201692533660344
e177b917-77c8-43d3-9945-b12c5c6638e5,SHOP_004,BEN_01417,2025-12-23 10:29:59.322714,Wheat,13,26.0,28.709316,77.129745,Rohini,0,1883.0,10,False,False,False,False,True,1,0.28451159988731883
d567ee8d-72af-4fd7-9f4c-94a038cd39f7,SHOP_004,BEN_00619,2025-12-23 16:30:45.322714,Rice,5,15.0,28.709316,77.129745,Rohini,0,21646.0,16,False,False,True,False,False,1,0.30457961745969203
c39ed761-c240-4840-838c-179aea00c060,SHOP_004,BEN_01321,2025-12-24 10:31:45.322714,Rice,16,48.0,28.709316,77.129745,Rohini,0,64860.0,10,False,False,True,False,False,1,0.44069234798014884
6103c7dd-74fc-404a-a27b-f9f3905ff92e,SHOP_004,BEN_00560,2025-12-24 13:42:24.322714,Kerosene,1,25.0,28.709316,77.129745,Rohini,0,11439.0,13,True,False,False,False,False,1,0.1617932931643672
07bb9813-43d3-4657-98cf-be1db5918c19,SHOP_004,BEN_02623,2025-12-24 18:06:19.322714,Sugar,3,60.0,28.709316,77.129745,Rohini,0,15835.0,18,False,False,False,True,False,1,0.2777946689348803
bd36432d-9705-4f16-974a-b909903f2259,SHOP_004,BEN_00795,2025-12-25 10:08:41.322714,Sugar,3,60.0,28.709316,77.129745,Rohini,0,57742.0,10,False,False,False,True,False,1,0.2831657785808349
5e56e645-a515-4fb6-9cd1-86bf034b47ad,SHOP_004,BEN_02563,2025-12-25 17:31:14.322714,Oil,2,100.0,28.709316,77.129745,Rohini,0,26553.0,17,False,True,False,False,False,1,0.24464748106933748
6c31cc50-1c53-413f-9c27-8f3acf9919ba,SHOP_004,BEN_02620,2025-12-25 19:43:11.322714,Kerosene,1,25.0,28.709316,77.129745,Rohini,0,7917.0,19,True,False,False,False,False,1,0.26910811859692463
483d5940-6efb-483d-80b5-a10e58f4a528,SHOP_004,BEN_00964,2025-12-26 11:12:18.322714,Rice,19,57.0,28.709316,77.129745,Rohini,0,55747.0,11,False,False,True,False,False,1,0.4225775843793935
f5a8f726-16d0-4ab7-9517-206c7bcaac44,SHOP_004,BEN_00804,2025-12-26 11:46:08.322714,Rice,16,48.0,28.709316,77.129745,Rohini,0,2030.0,11,False,False,True,False,False,1,0.26586308856315344
ec8769f3-b10a-4d22-8e22-60778c26f18c,SHOP_004,BEN_00060,2025-12-26 14:11:07.322714,Sugar,1,20.0,28.709316,77.129745,Rohini,0,8699.0,14,False,False,False,True,False,1,0.08531512211299896
5e2a8c31-0a85-46d8-83cf-cb524c769bc7,SHOP_004,BEN_01259,2025-12-26 19:34:48.322714,Kerosene,1,25.0,28.709316,77.129745,Rohini,0,19421.0,19,True,False,False,False,False,1,0.31709537656897563
107dc0ea-754f-4c76-b08a-1401a8fc6be1,SHOP_004,BEN_02881,2025-12-27 10:22:16.322714,Oil,1,50.0,28.709316,77.129745,Rohini,0,53248.0,10,False,True,False,False,False,1,0.3144906711516858
f843fe3c-e7ce-4367-869a-aebb4487536c,SHOP_004,BEN_01928,2025-12-27 12:58:03.322714,Wheat,11,22.0,28.709316,77.129745,Rohini,0,9347.0,12,False,False,False,False,True,1,0.1510500815529705
e51cadf3-4fb5-4170-aef5-de1c496d9adc,SHOP_004,BEN_02985,2025-12-27 13:45:37.322714,Rice,8,24.0,28.709316,77.129745,Rohini,0,2854.0,13,False,False,True,False,False,1,0.17602901177288172
c011dc04-a76a-4322-aae8-d6ba07aef2f8,SHOP_004,BEN_02481,2025-12-27 15:10:15.322714,Kerosene,2,50.0,28.709316,77.129745,Rohini,0,5078.0,15,True,False,False,False,False,1,0.09270593628697343
6da01dfb-56e0-49fa-8904-361ccacd38de,SHOP_004,BEN_02102,2025-12-27 15:37:35.322714,Kerosene,2,50.0,28.709316,77.129745,Rohini,0,1640.0,15,True,False,False,False,False,1,0.11544519693431465
e9489237-7d3f-47bc-aebb-4e3290e9aa35,SHOP_004,BEN_01744,2025-12-27 16:50:47.322714,Oil,2,100.0,28.709316,77.129745,Rohini,0,4392.0,16,False,True,False,False,False,1,0.02388183252421483
166b171f-07c9-4ca7-8b72-f06f9f3a15bd,SHOP_004,BEN_01961,2025-12-28 09:29:38.322714,Wheat,20,40.0,28.709316,77.129745,Rohini,0,59931.0,9,False,False,False,False,True,-1,0.5947068243438277
789470cc-91e3-4e42-bb29-60cbb04ed14c,SHOP_004,BEN_02027,2025-12-28 11:09:42.322714,Kerosene,3,75.0,28.709316,77.129745,Rohini,0,6004.0,11,True,False,False,False,False,1,0.23110692104031827
4e86a156-3006-4ca5-b992-e55f189aa434,SHOP_004,BEN_00944,2025-12-28 17:46:12.322714,Kerosene,1,25.0,28.709316,77.129745,Rohini,0,23790.0,17,True,False,False,False,False,1,0.3133618981630483
534fb3ab-8e4e-4cb8-b76d-d528abbd04e7,SHOP_004,BEN_01253,2025-12-29 11:41:12.322714,Kerosene,2,50.0,28.709316,77.129745,Rohini,0,64500.0,11,True,False,False,False,False,1,0.3749569294338664
dcce6445-7c67-48b1-af09-c8c115cc3d3f,SHOP_004,BEN_01147,2025-12-29 16:10:07.322714,Wheat,18,36.0,28.709316,77.129745,Rohini,0,16135.0,16,False,False,False,False,True,1,0.2743018580501737
e83ef53a-cd57-4f04-b704-e85ceaa5f8c5,SHOP_004,BEN_00531,2025-12-30 12:01:20.322714,Sugar,3,60.0,28.709316,77.129745,Rohini,0,71473.0,12,False,False,False,True,False,1,0.3746784637303028
d01b1d1f-fb1b-43ee-a717-637db15d2047,SHOP_004,BEN_00943,2025-12-30 13:32:38.322714,Sugar,1,20.0,28.709316,77.129745,Rohini,0,5478.0,13,False,False,False,True,False,1,0.12125331470113632
eb8ca181-e62d-41e5-a4d4-b909d16f717d,SHOP_004,BEN_01750,2025-12-30 14:04:24.322714,Rice,12,36.0,28.709316,77.129745,Rohini,0,1906.0,14,False,False,True,False,False,1,0.15571641274782294
d8e3b007-747c-4531-b767-6b2654f096c7,SHOP_004,BEN_02914,2025-12-31 08:51:49.322714,Sugar,3,60.0,28.709316,77.129745,Rohini,0,67645.0,8,False,False,False,True,False,1,0.44903107942770626
89f45998-1a91-4de3-b90e-782d3b448a32,SHOP_004,BEN_00480,2025-12-31 10:54:45.322714,Wheat,17,34.0,28.709316,77.129745,Rohini,0,7376.0,10,False,False,False,False,True,1,0.3215258877780628
c3b20c0e-b9b0-4266-9c99-1cf18f8f6200,SHOP_004,BEN_02297,2026-01-01 08:22:45.322714,Kerosene,3,75.0,28.709316,77.129745,Rohini,0,77280.0,8,True,False,False,False,False,1,0.5798710240781753
ff3ed124-16d2-4e51-9b95-aee47c1562f4,SHOP_004,BEN_02018,2026-01-02 14:47:27.322714,Oil,2,100.0,28.709316,77.129745,Rohini,0,109482.0,14,False,True,False,False,False,-1,0.7273977805353021
3a8b0a65-8226-4538-ab2b-b90774fc4c3b,SHOP_004,BEN_01677,2026-01-02 15:39:40.322714,Oil,2,100.0,28.709316,77.129745,Rohini,0,3133.0,15,False,True,False,False,False,1,0.026494355715018347
effdecdb-987b-4dc2-b758-3599870c71b1,SHOP_004,BEN_01617,2026-01-03 12:11:51.322714,Rice,12,36.0,28.709316,77.129745,Rohini,0,73931.0,12,False,False,True,False,False,1,0.4366364224281083
2d440399-f799-41db-8666-22bd663f0f35,SHOP_004,BEN_01891,2026-01-03 14:14:04.322714,Oil,1,50.0,28.709316,77.129745,Rohini,0,7333.0,14,False,True,False,False,False,1,0.0925663524331326
cb57d378-d7e6-44b0-8952-e44ae73b3810,SHOP_004,BEN_02087,2026-01-03 16:26:31.322714,Kerosene,1,25.0,28.709316,77.129745,Rohini,0,7947.0,16,True,False,False,False,False,1,0.15056632714600748
da3def26-6318-4188-9f59-a29048e8ea57,SHOP_004,BEN_00791,2026-01-03 18:12:51.322714,Oil,2,100.0,28.709316,77.129745,Rohini,0,6380.0,18,False,True,False,False,False,1,0.15375085037137587
08383bc3-a95e-4302-8b43-2a9b84dff6e0,SHOP_004,BEN_00856,2026-01-05 09:55:36.322714,Oil,2,100.0,28.709316,77.129745,Rohini,0,142965.0,9,False,True,False,False,False,-1,0.7651745392560678
052cea9c-5bf9-44cd-b7ab-3ea51ff9a753,SHOP_004,BEN_00483,2026-01-05 12:40:41.322714,Sugar,2,40.0,28.709316,77.129745,Rohini,0,9905.0,12,False,False,False,True,False,1,0.10602275267513639
0cdde453-1288-4a4c-9049-714516a22216,SHOP_004,BEN_02877,2026-01-05 12:55:35.322714,Kerosene,1,25.0,28.709316,77.129745,Rohini,0,894.0,12,True,False,False,False,False,1,0.24043012122288382
a8948d16-297b-4110-9476-19ac10a3721d,SHOP_004,BEN_00491,2026-01-05 13:13:18.322714,Oil,1,50.0,28.709316,77.129745,Rohini,0,1063.0,13,False,True,False,False,False,1,0.16439763407798075
2c9184f1-7d0f-45e2-a543-25bcce859958,SHOP_004,BEN_02134,2026-01-05 18:16:27.322714,Kerosene,2,50.0,28.709316,77.129745,Rohini,0,18189.0,18,True,False,False,False,False,1,0.19336999870842497
8fd9ea96-1177-4e84-85a4-8faa902d6f05,SHOP_004,BEN_01037,2026-01-06 13:59:11.322714,Kerosene,3,75.0,28.709316,77.129745,Rohini,0,70964.0,13,True,False,False,False,False,1,0.46360859932131926
83ba7d77-0207-460d-bb7a-10f7f6e14f9e,SHOP_004,BEN_00361,2026-01-06 17:10:55.322714,Sugar,2,40.0,28.709316,77.129745,Rohini,0,11504.0,17,False,False,False,True,False,1,0.14269489337965435
068b3257-868d-401b-85be-7576accfd5b8,SHOP_004,BEN_01845,2026-01-07 10:55:33.322714,Sugar,3,60.0,28.709316,77.129745,Rohini,0,63878.0,10,False,False,False,True,False,1,0.30016317556083844
1941c631-4d3a-41a6-8269-79c75088bb3e,SHOP_004,BEN_02876,2026-01-07 11:49:05.322714,Oil,1,50.0,28.709316,77.129745,Rohini,0,3212.0,11,False,True,False,False,False,1,0.17022864686835232
a699404f-977f-4772-8151-75da4c45739e,SHOP_004,BEN_00742,2026-01-07 15:41:15.322714,Rice,20,60.0,28.709316,77.129745,Rohini,0,13930.0,15,False,False,True,False,False,1,0.39653474837567976
fbd40150-3a5c-4a57-9525-00812b78084d,SHOP_004,BEN_00854,2026-01-07 16:32:20.322714,Wheat,14,28.0,28.709316,77.129745,Rohini,0,3065.0,16,False,False,False,False,True,1,0.14568230296613738
4882e0ab-28f3-44bf-bb1f-fad6e2716fe7,SHOP_004,BEN_01675,2026-01-07 18:34:35.322714,Kerosene,2,50.0,28.709316,77.129745,Rohini,0,7335.0,18,True,False,False,False,False,1,0.1711086622816254
07a07b68-7ed3-4110-a619-0e18014f08b7,SHOP_004,BEN_00020,2026-01-08 10:24:18.322714,Sugar,3,60.0,28.709316,77.129745,Rohini,0,56983.0,10,False,False,False,True,False,1,0.28887526206533287
8531cc60-c606-4af9-bac5-1da3be19b3b2,SHOP_004,BEN_02934,2026-01-08 12:40:10.322714,Oil,1,50.0,28.709316,77.129745,Rohini,0,8152.0,12,False,True,False,False,False,1,0.16276849610538685
80bbcdb3-8daf-4e0b-b82f-de99a654fcf7,SHOP_004,BEN_02582,2026-01-08 14:30:55.322714,Sugar,1,20.0,28.709316,77.129745,Rohini,0,6645.0,14,False,False,False,True,False,1,0.08288902737499398
30af5009-c686-45f1-be0c-de667e923f54,SHOP_004,BEN_02937,2026-01-08 18:01:50.322714,Kerosene,2,50.0,28.709316,77.129745,Rohini,0,12655.0,18,True,False,False,False,False,1,0.1703471392461941
f60600d3-8d9c-4d8b-adac-c289cd4cd958,SHOP_004,BEN_01879,2026-01-09 08:47:21.322714,Sugar,3,60.0,28.709316,77.129745,Rohini,0,53131.0,8,False,False,False,True,False,1,0.38979507065408237
f75e2fb5-07db-44de-bb41-51c5a0d726d1,SHOP_004,BEN_02760,2026-01-09 09:38:44.322714,Rice,5,15.0,28.709316,77.129745,Rohini,0,3083.0,9,False,False,True,False,False,1,0.3616209757533534
2a2606c0-495a-4c72-b5bf-11c8e8f0b5c0,SHOP_004,BEN_00014,2026-01-09 11:56:17.322714,Wheat,9,18.0,28.709316,77.129745,Rohini,0,8253.0,11,False,False,False,False,True,1,0.20081052232613733
61373d65-9013-492a-9fe2-ec4512349e89,SHOP_004,BEN_00487,2026-01-09 14:44:27.322714,Wheat,17,34.0,28.709316,77.129745,Rohini,0,10090.0,14,False,False,False,False,True,1,0.20185569693121236
331efd11-b6de-4a61-8f61-7b749cf08a3e,SHOP_004,BEN_00719,2026-01-09 17:36:20.322714,Kerosene,1,25.0,28.709316,77.129745,Rohini,0,10313.0,17,True,False,False,False,False,1,0.22498262553469378
a63439cd-59ef-44c6-af0d-0c94000cd462,SHOP_004,BEN_02176,2026-01-09 18:34:58.322714,Kerosene,1,25.0,28.709316,77.129745,Rohini,0,3518.0,18,True,False,False,False,False,1,0.19681725950527973
a1d02b87-eca9-4287-84e9-9d74dda11fed,SHOP_004,BEN_00149,2026-01-10 08:41:14.322714,Wheat,8,16.0,28.709316,77.129745,Rohini,0,50776.0,8,False,False,False,False,True,1,0.5810331100937063
2a802c0a-41ba-4d77-b498-0bfc463b5982,SHOP_004,BEN_00696,2026-01-10 08:58:18.322714,Wheat,9,18.0,28.709316,77.129745,Rohini,0,1024.0,8,False,False,False,False,True,1,0.5122741385249031
acdc8cc9-e82b-4f99-ab91-e18e8b576bf4,SHOP_004,BEN_01637,2026-01-10 09:32:08.322714,Kerosene,3,75.0,28.709316,77.129745,Rohini,0,2030.0,9,True,False,False,False,False,1,0.36995072961550013
7a8b7ca4-01e2-40af-8646-77dc18a9cdd0,SHOP_004,BEN_02099,2026-01-10 09:36:21.322714,Rice,20,60.0,28.709316,77.129745,Rohini,0,253.0,9,False,False,True,False,False,1,0.5647176116577559
910e6903-a125-4125-acdf-a1f4632ab939,SHOP_004,BEN_01312,2026-01-10 11:02:28.322714,Wheat,11,22.0,28.709316,77.129745,Rohini,0,5167.0,11,False,False,False,False,True,1,0.17661203955353627
6143ff2f-02de-46e7-8388-f2af4a05e3ad,SHOP_004,BEN_01988,2026-01-10 12:13:01.322714,Rice,15,45.0,28.709316,77.129745,Rohini,0,4233.0,12,False,False,True,False,False,1,0.1774919108572856
a9168934-3231-4388-9107-bdf62f6da6b0,SHOP_004,BEN_00637,2026-01-10 14:08:11.322714,Wheat,20,40.0,28.709316,77.129745,Rohini,0,6910.0,14,False,False,False,False,True,1,0.31964915777191455
9a6b8c78-0fc0-4efb-a2d6-9f9bd896c248,SHOP_004,BEN_01196,2026-01-10 15:24:03.322714,Oil,2,100.0,28.709316,77.129745,Rohini,0,4552.0,15,False,True,False,False,False,1,0.009801819472535112
6b886a85-85eb-4b4c-8013-333dc4aa47e0,SHOP_004,BEN_02078,2026-01-10 15:45:22.322714,Oil,2,100.0,28.709316,77.129745,Rohini,0,1279.0,15,False,True,False,False,False,1,0.07191545953589318
f6dac0b0-3bbe-4e5f-8668-e7f3bac554d4,SHOP_004,BEN_01311,2026-01-10 16:07:43.322714,Kerosene,1,25.0,28.709316,77.129745,Rohini,0,1341.0,16,True,False,False,False,False,1,0.19664759688234967
e0ff6dec-8129-409b-96c9-202e5d1fc7e8,SHOP_004,BEN_02654,2026-01-11 17:41:36.322714,Oil,1,50.0,28.709316,77.129745,Rohini,0,92033.0,17,False,True,False,False,False,-1,0.7174187982530048
15ea2cb3-9b9c-4e8b-9619-19759d46d576,SHOP_004,BEN_00548,2026-01-12 10:19:41.322714,Kerosene,1,25.0,28.709316,77.129745,Rohini,0,59885.0,10,True,False,False,False,False,1,0.4163366672579563
7f13dbe5-56b3-42ed-9102-0d517380c0c1,SHOP_004,BEN_02316,2026-01-12 10:50:09.322714,Oil,2,100.0,28.709316,77.129745,Rohini,0,1828.0,10,False,True,False,False,False,1,0.19424716866869218
0dd8a6cd-166d-4613-91f0-96440450277a,SHOP_004,BEN_01894,2026-01-12 11:25:35.322714,Oil,1,50.0,28.709316,77.129745,Rohini,0,2126.0,11,False,True,False,False,False,1,0.1957457350560366
845c126b-35e7-4db5-86c4-39569ca56236,SHOP_004,BEN_01014,2026-01-12 19:43:44.322714,Kerosene,3,75.0,28.709316,77.129745,Rohini,0,29889.0,19,True,False,False,False,False,1,0.44383244456094995
3b3b5196-018b-4c99-bbc1-5aa9cb074408,SHOP_004,BEN_01004,2026-01-12 19:57:31.322714,Sugar,2,40.0,28.709316,77.129745,Rohini,0,827.0,19,False,False,False,True,False,1,0.3241247047873109
232c6916-c1cf-4e97-9559-e0e7c6415578,SHOP_004,BEN_01695,2026-01-13 10:09:15.322714,Rice,10,30.0,28.709316,77.129745,Rohini,0,51104.0,10,False,False,True,False,False,1,0.29999377389456433
5dac3461-dfb5-4fab-9f53-4fef3269f669,SHOP_004,BEN_02528,2026-01-13 16:58:04.322714,Rice,16,48.0,28.709316,77.129745,Rohini,0,24529.0,16,False,False,True,False,False,1,0.300383288996731
47e0eebc-d0a9-4c84-990b-dd4654164ca2,SHOP_004,BEN_01674,2026-01-14 12:24:22.322714,Kerosene,1,25.0,28.709316,77.129745,Rohini,0,69978.0,12,True,False,False,False,False,1,0.5073483609166679
7968ddcc-cfe8-464c-a9bb-3c301646c1b4,SHOP_004,BEN_01007,2026-01-14 17:02:04.322714,Oil,2,100.0,28.709316,77.129745,Rohini,0,16662.0,17,False,True,False,False,False,1,0.14414381319567865
a1ffc6fc-cde0-4496-84d9-b610b0bba042,SHOP_004,BEN_02979,2026-01-14 19:27:31.322714,Wheat,14,28.0,28.709316,77.129745,Rohini,0,8727.0,19,False,False,False,False,True,1,0.28528652313316993
2d455860-fba8-4f34-9c17-46f0c9dd0835,SHOP_004,BEN_02993,2026-01-15 08:02:23.322714,Oil,2,100.0,28.709316,77.129745,Rohini,0,45292.0,8,False,True,False,False,False,1,0.3777361861345023
ae7facf2-c982-45ef-aa17-a297e8354efc,SHOP_004,BEN_00510,2026-01-15 15:22:03.322714,Wheat,18,36.0,28.709316,77.129745,Rohini,0,26380.0,15,False,False,False,False,True,1,0.38789827548537215
beb9bf11-744a-4490-ae0f-b98802667313,SHOP_005,BEN_00809,2025-12-16 16:24:09.322714,Oil,1,50.0,28.599771,77.274279,East Delhi,0,9999.0,16,False,True,False,False,False,1,0.10429002475481869
1dc8c2bc-9a24-477c-af50-b86c4774f9e3,SHOP_005,BEN_01539,2025-12-16 17:37:04.322714,Sugar,3,60.0,28.599771,77.274279,East Delhi,0,4375.0,17,False,False,False,True,False,1,0.1576396989571856
8d5b3b8d-cf8c-48d7-8e54-fc6799530e81,SHOP_005,BEN_00087,2025-12-16 18:45:08.322714,Sugar,3,60.0,28.599771,77.274279,East Delhi,0,4084.0,18,False,False,False,True,False,1,0.24358424010205476
6986ab5f-6e1c-4c4d-9a4f-b0419030ad39,SHOP_005,BEN_00433,2025-12-16 19:04:33.322714,Oil,2,100.0,28.599771,77.274279,East Delhi,0,1165.0,19,False,True,False,False,False,1,0.3076599155001035
d178a7c6-32ea-48ea-a031-5adc9dd1eeba,SHOP_005,BEN_01761,2025-12-17 12:05:16.322714,Rice,6,18.0,28.599771,77.274279,East Delhi,0,61243.0,12,False,False,True,False,False,1,0.3865450841049719
afa86d09-227b-4644-85f9-a1785f1a7f01,SHOP_005,BEN_02484,2025-12-17 13:12:20.322714,Oil,2,100.0,28.599771,77.274279,East Delhi,0,4024.0,13,False,True,False,False,False,1,0.08067471166027984
a84e56c3-323c-4681-8659-c33e0b604b1b,SHOP_005,BEN_00176,2025-12-17 14:06:01.322714,Oil,2,100.0,28.599771,77.274279,East Delhi,0,3221.0,14,False,True,False,False,False,1,0.05322278819828863
3619b48e-cac7-496b-92eb-b1162fa3722a,SHOP_005,BEN_01715,2025-12-18 09:57:31.322714,Sugar,2,40.0,28.599771,77.274279,East Delhi,0,71490.0,9,False,False,False,True,False,1,0.37368098955333406
d9026632-76d4-45c4-9a8a-8b0521d81ebd,SHOP_005,BEN_02330,2025-12-18 17:14:57.322714,Rice,14,42.0,28.599771,77.274279,East Delhi,0,26246.0,17,False,False,True,False,False,1,0.31705177104726034
0e4aaf1d-1252-4f9f-8d4c-d682d131b8c5,SHOP_005,BEN_00487,2025-12-18 18:37:54.322714,Rice,17,51.0,28.599771,77.274279,East Delhi,0,4977.0,18,False,False,True,False,False,1,0.2900094449473111
099812ae-60b9-4da7-8793-837eb1b749c5,SHOP_005,BEN_01268,2025-12-19 08:59:05.322714,Sugar,2,40.0,28.599771,77.274279,East Delhi,0,51671.0,8,False,False,False,True,False,1,0.342531111667697
b70908af-01c4-4ab6-aec1-880dc7d5f1c4,SHOP_005,BEN_01252,2025-12-19 15:43:26.322714,Kerosene,3,75.0,28.599771,77.274279,East Delhi,0,24261.0,15,True,False,False,False,False,1,0.22929639734873847
cb6e74d2-27eb-4a7d-b9e2-7192267b541a,SHOP_005,BEN_02561,2025-12-22 08:57:59.322714,Rice,7,21.0,28.599771,77.274279,East Delhi,0,234873.0,8,False,False,True,False,False,-1,0.9404221461305615
6c19b78d-26ce-48dd-b8cc-5f37bfce058b,SHOP_005,BEN_01027,2025-12-22 10:30:53.322714,Wheat,10,20.0,28.599771,77.274279,East Delhi,0,5574.0,10,False,False,False,False,True,1,0.26210226600228426
57f3d646-074e-4f51-a356-4be1c54a3c0f,SHOP_005,BEN_02765,2025-12-22 16:52:00.322714,Wheat,6,12.0,28.599771,77.274279,East Delhi,0,22867.0,16,False,False,False,False,True,1,0.38199297539871746
c2b14e8c-f7f0-44ba-bfc6-b1182465c6fb,SHOP_005,BEN_01286,2025-12-23 09:56:39.322714,Sugar,1,20.0,28.599771,77.274279,East Delhi,0,61479.0,9,False,False,False,True,False,1,0.3393558707282771
763fe961-d62b-4396-9e47-7f4f23af3186,SHOP_005,BEN_02927,2025-12-23 10:04:43.322714,Rice,8,24.0,28.599771,77.274279,East Delhi,0,484.0,10,False,False,True,False,False,1,0.2726213565747594
1862da99-8976-4654-8beb-09b682b04497,SHOP_005,BEN_01350,2025-12-23 15:47:25.322714,Sugar,1,20.0,28.599771,77.274279,East Delhi,0,20562.0,15,False,False,False,True,False,1,0.223878375112896
fb4d3550-ea03-40a3-9117-73dba19b9693,SHOP_005,BEN_00617,2025-12-24 09:53:26.322714,Kerosene,2,50.0,28.599771,77.274279,East Delhi,0,65161.0,9,True,False,False,False,False,1,0.40614713587988543
b0c8a4f7-a9f9-4103-99c3-a431a9fab4ae,SHOP_005,BEN_01277,2025-12-25 02:07:13.322714,Wheat,7,14.0,28.599771,77.274279,East Delhi,1,58427.0,2,False,False,False,False,True,-1,0.7636094187739558
10978052-50d7-48c8-807c-fb527e48cb4d,SHOP_005,BEN_00385,2025-12-25 10:41:19.322714,Sugar,3,60.0,28.599771,77.274279,East Delhi,0,30846.0,10,False,False,False,True,False,1,0.32406785970048313
aa1498bd-8fa6-4e69-9768-d5617be6af9f,SHOP_005,BEN_01016,2025-12-25 12:48:35.322714,Sugar,2,40.0,28.599771,77.274279,East Delhi,0,7636.0,12,False,False,False,True,False,1,0.10480207774289413
31d52d97-beda-4591-88f7-72e25f36fca5,SHOP_005,BEN_01588,2025-12-25 14:20:17.322714,Wheat,15,30.0,28.599771,77.274279,East Delhi,0,5502.0,14,False,False,False,False,True,1,0.11550775524510987
2b32dfc4-3e63-4a82-b469-94286756dec8,SHOP_005,BEN_00072,2025-12-26 08:09:33.322714,Rice,18,54.0,28.599771,77.274279,East Delhi,0,64156.0,8,False,False,True,False,False,1,0.5505072385084819
cd16c1af-4c34-47a8-9616-3be89c790f9e,SHOP_005,BEN_02690,2025-12-26 14:33:21.322714,Sugar,3,60.0,28.599771,77.274279,East Delhi,0,23028.0,14,False,False,False,True,False,1,0.2266898947122427
a6c54f4f-1115-4931-ad5c-a13de94ac072,SHOP_005,BEN_02757,2025-12-26 17:15:43.322714,Wheat,14,28.0,28.599771,77.274279,East Delhi,0,9742.0,17,False,False,False,False,True,1,0.17248243743733804
e63ce722-fe39-444e-bf78-a7c7fc604b24,SHOP_005,BEN_01979,2025-12-27 11:15:04.322714,Kerosene,1,25.0,28.599771,77.274279,East Delhi,0,64761.0,11,True,False,False,False,False,1,0.4721105788190346
54d090e9-5ff1-4d83-8588-dca072cd6701,SHOP_005,BEN_01986,2025-12-28 09:52:28.322714,Wheat,10,20.0,28.599771,77.274279,East Delhi,0,81444.0,9,False,False,False,False,True,1,0.5762327442942077
f3b7b674-724d-42a2-9f3f-2fb5d311d455,SHOP_005,BEN_02881,2025-12-28 12:15:02.322714,Kerosene,1,25.0,28.599771,77.274279,East Delhi,0,8554.0,12,True,False,False,False,False,1,0.18755805107881784
b16872b5-1213-44eb-bb6e-82a9415b2b2e,SHOP_005,BEN_00400,2025-12-28 15:41:32.322714,Kerosene,2,50.0,28.599771,77.274279,East Delhi,0,12390.0,15,True,False,False,False,False,1,0.1132454751931612
2e72b739-3b42-4c0e-b002-11c9d7839f36,SHOP_005,BEN_00893,2025-12-29 10:47:48.322714,Oil,1,50.0,28.599771,77.274279,East Delhi,0,68776.0,10,False,True,False,False,False,1,0.41494240996238685
0b85c4ef-c684-447d-a255-b420adc46714,SHOP_005,BEN_01377,2025-12-29 11:31:23.322714,Wheat,10,20.0,28.599771,77.274279,East Delhi,0,2615.0,11,False,False,False,False,True,1,0.23388013471596203
e6316d17-e2b4-4dc4-833b-e3866c6925fd,SHOP_005,BEN_00918,2025-12-29 12:56:40.322714,Wheat,10,20.0,28.599771,77.274279,East Delhi,0,5117.0,12,False,False,False,False,True,1,0.16951840284168312
1a8240e4-8c48-40f3-a3f5-e5ddc0a80f5d,SHOP_005,BEN_02337,2025-12-29 13:56:14.322714,Oil,1,50.0,28.599771,77.274279,East Delhi,0,3574.0,13,False,True,False,False,False,1,0.13197919687554233
d0650b17-ddbe-4867-8109-d3040ea9618f,SHOP_005,BEN_01598,2025-12-30 09:21:13.322714,Wheat,18,36.0,28.599771,77.274279,East Delhi,0,69899.0,9,False,False,False,False,True,1,0.5649522275062996
1be70648-d627-4dfa-99fe-4fb1d5d2db73,SHOP_005,BEN_01523,2025-12-31 13:06:21.322714,Sugar,1,20.0,28.599771,77.274279,East Delhi,0,99908.0,13,False,False,False,True,False,-1,0.6030629592574366
67c390bd-8a5a-41a8-a20d-14f508d7915b,SHOP_005,BEN_00399,2025-12-31 13:58:12.322714,Sugar,1,20.0,28.599771,77.274279,East Delhi,0,3111.0,13,False,False,False,True,False,1,0.1290064893520539
c612bd2f-27e6-40e8-a5d0-3170bd98fb43,SHOP_005,BEN_01663,2025-12-31 17:17:14.322714,Oil,1,50.0,28.599771,77.274279,East Delhi,0,11942.0,17,False,True,False,False,False,1,0.18645388149281555
a10ee110-71e6-4b5f-a6a6-d9520d7d7867,SHOP_005,BEN_02409,2026-01-01 11:20:00.322714,Sugar,3,60.0,28.599771,77.274279,East Delhi,0,64966.0,11,False,False,False,True,False,1,0.30980905944606707
5cda6ae2-2896-41cb-bc88-e433346ffd04,SHOP_005,BEN_02960,2026-01-01 11:28:58.322714,Oil,2,100.0,28.599771,77.274279,East Delhi,0,538.0,11,False,True,False,False,False,1,0.1999401096856509
ccedc14c-4ae3-4ac1-8081-0f047e40351a,SHOP_005,BEN_00855,2026-01-01 12:54:26.322714,Sugar,1,20.0,28.599771,77.274279,East Delhi,0,5128.0,12,False,False,False,True,False,1,0.13037201831595457
ed2aa20a-ec5d-4c74-9a7b-92d3017f54f4,SHOP_005,BEN_01869,2026-01-01 15:56:58.322714,Kerosene,2,50.0,28.599771,77.274279,East Delhi,0,10952.0,15,True,False,False,False,False,1,0.10630448569469952
e40f3960-f20a-4c81-a9ca-f0ffca90f191,SHOP_005,BEN_02407,2026-01-01 18:12:37.322714,Sugar,2,40.0,28.599771,77.274279,East Delhi,0,8139.0,18,False,False,False,True,False,1,0.17636487571120069
1ff3101c-f381-41b4-bae5-74df38760324,SHOP_005,BEN_02727,2026-01-02 08:24:35.322714,Sugar,2,40.0,28.599771,77.274279,East Delhi,0,51118.0,8,False,False,False,True,False,1,0.34592294079836017
48c6c048-e1fa-4ec6-85f2-c163b6d8618f,SHOP_005,BEN_01239,2026-01-02 15:31:04.322714,Sugar,1,20.0,28.599771,77.274279,East Delhi,0,25589.0,15,False,False,False,True,False,1,0.26568144417832507
bdaf2d44-127f-4f6b-9307-68f27ef76cba,SHOP_005,BEN_02936,2026-01-02 16:39:23.322714,Sugar,2,40.0,28.599771,77.274279,East Delhi,0,4099.0,16,False,False,False,True,False,1,0.07108316474967935
bc960be0-b66f-44f4-8125-dae63ec7817e,SHOP_005,BEN_02301,2026-01-03 15:31:04.322714,Rice,15,45.0,28.599771,77.274279,East Delhi,0,82301.0,15,False,False,True,False,False,1,0.5687408429730383
baff3e07-013a-4364-b626-dab8865c2442,SHOP_005,BEN_01947,2026-01-03 16:32:07.322714,Wheat,14,28.0,28.599771,77.274279,East Delhi,0,3663.0,16,False,False,False,False,True,1,0.12509396968586245
5cf292c3-74ca-4a52-8b83-eaf73f5082b2,SHOP_005,BEN_00894,2026-01-04 10:29:48.322714,Kerosene,2,50.0,28.599771,77.274279,East Delhi,0,64661.0,10,True,False,False,False,False,1,0.36068569071895457
0daccb9d-a8a2-42a3-a7e5-0eb2b65ae9db,SHOP_005,BEN_01838,2026-01-04 10:55:01.322714,Sugar,1,20.0,28.599771,77.274279,East Delhi,0,1513.0,10,False,False,False,True,False,1,0.2924712497808394
2b9f3f98-0d7c-4db9-aea5-c4bb6ad71be8,SHOP_005,BEN_02849,2026-01-04 12:29:18.322714,Rice,14,42.0,28.599771,77.274279,East Delhi,0,5657.0,12,False,False,True,False,False,1,0.16629778597461947
ca92fd9b-48a3-4aae-a4aa-e2fe9c8a13a8,SHOP_005,BEN_00951,2026-01-04 13:25:00.322714,Kerosene,2,50.0,28.599771,77.274279,East Delhi,0,3342.0,13,True,False,False,False,False,1,0.14692798826465092
c27061ee-98ae-4093-a846-841532bcf498,SHOP_005,BEN_00668,2026-01-04 18:41:35.322714,Sugar,1,20.0,28.599771,77.274279,East Delhi,0,18995.0,18,False,False,False,True,False,1,0.30278349637799423
dcc32279-f6b0-4ac4-ab46-a1488db1dae7,SHOP_005,BEN_00807,2026-01-05 09:26:46.322714,Rice,5,15.0,28.599771,77.274279,East Delhi,0,53111.0,9,False,False,True,False,False,1,0.3727564908599722
f48da6d3-44b9-42f9-a714-db2d18adc2a1,SHOP_005,BEN_00355,2026-01-05 11:26:42.322714,Rice,8,24.0,28.599771,77.274279,East Delhi,0,7196.0,11,False,False,True,False,False,1,0.21983122765827806
842068b4-27b8-45f2-b527-4f53771ab90b,SHOP_005,BEN_02544,2026-01-05 11:49:12.322714,Wheat,16,32.0,28.599771,77.274279,East Delhi,0,1350.0,11,False,False,False,False,True,1,0.2687932702586386
1f366f98-cff6-4671-a161-4bbc089e4673,SHOP_005,BEN_00150,2026-01-05 14:55:51.322714,Sugar,1,20.0,28.599771,77.274279,East Delhi,0,11199.0,14,False,False,False,True,False,1,0.11626005058144323
ff648e4e-fc5d-4ba7-a193-0203038376ea,SHOP_005,BEN_02892,2026-01-05 16:12:37.322714,Sugar,3,60.0,28.599771,77.274279,East Delhi,0,4606.0,16,False,False,False,True,False,1,0.12495475125947769
90490ffd-57ce-4ae0-a58a-c09f7ebd6848,SHOP_005,BEN_02539,2026-01-06 09:10:24.322714,Oil,2,100.0,28.599771,77.274279,East Delhi,0,61067.0,9,False,True,False,False,False,1,0.3101828882227723
d9fed898-87d8-4f05-8325-78be3a6bd436,SHOP_005,BEN_02230,2026-01-06 12:52:14.322714,Wheat,20,40.0,28.599771,77.274279,East Delhi,0,13310.0,12,False,False,False,False,True,1,0.36013295403511936
2c6ec499-e633-4080-ab8f-63408eec48e7,SHOP_005,BEN_01991,2026-01-06 13:33:31.322714,Sugar,1,20.0,28.599771,77.274279,East Delhi,0,2477.0,13,False,False,False,True,False,1,0.14286707920885527
5dea0c1d-ae50-47bf-a684-554f40750c33,SHOP_005,BEN_02799,2026-01-06 14:50:25.322714,Rice,5,15.0,28.599771,77.274279,East Delhi,0,4614.0,14,False,False,True,False,False,1,0.20942060215240438
a9eebcfe-ac7c-43c8-8f96-d1f5cf7e28ec,SHOP_005,BEN_00541,2026-01-07 08:16:42.322714,Sugar,2,40.0,28.599771,77.274279,East Delhi,0,62777.0,8,False,False,False,True,False,1,0.39674484799344
e6cf2e22-878a-4c16-8abe-905ebc3343bf,SHOP_005,BEN_01950,2026-01-07 09:53:17.322714,Oil,2,100.0,28.599771,77.274279,East Delhi,0,5795.0,9,False,True,False,False,False,1,0.25973185080764233
fe502717-087f-4dc5-89f1-a9fc97ead8d3,SHOP_005,BEN_01994,2026-01-07 14:41:06.322714,Oil,2,100.0,28.599771,77.274279,East Delhi,0,17269.0,14,False,True,False,False,False,1,0.13213647203744722
383dcd46-8c0f-4c0c-beb3-c45754258015,SHOP_005,BEN_00205,2026-01-07 17:20:46.322714,Sugar,2,40.0,28.599771,77.274279,East Delhi,0,9580.0,17,False,False,False,True,False,1,0.12852460979290498
5fd75634-b7de-4fe1-aab6-5051f31c8ed7,SHOP_005,BEN_01751,2026-01-08 10:03:48.322714,Oil,1,50.0,28.599771,77.274279,East Delhi,0,60182.0,10,False,True,False,False,False,1,0.3314914163377471
72ccbde1-30e0-43a1-ab7d-16e121031934,SHOP_005,BEN_00725,2026-01-08 12:02:45.322714,Sugar,1,20.0,28.599771,77.274279,East Delhi,0,7137.0,12,False,False,False,True,False,1,0.14096335998522636
b74324cd-d58a-4c17-84ef-6e1646cf621a,SHOP_005,BEN_02419,2026-01-08 14:36:01.322714,Kerosene,1,25.0,28.599771,77.274279,East Delhi,0,9196.0,14,True,False,False,False,False,1,0.14197081031492143
f8ab37d8-5cde-4c64-949c-9aee55ae7204,SHOP_005,BEN_01195,2026-01-08 17:20:41.322714,Kerosene,1,25.0,28.599771,77.274279,East Delhi,0,9880.0,17,True,False,False,False,False,1,0.20877130097898255
88a6d243-282b-43bf-ab0c-2afc8edeb5e2,SHOP_005,BEN_00269,2026-01-09 09:30:50.322714,Rice,9,27.0,28.599771,77.274279,East Delhi,0,58209.0,9,False,False,True,False,False,1,0.33574415182521444
dbc322fe-576b-4863-94c6-2aa0f50e28ed,SHOP_005,BEN_02457,2026-01-09 10:25:36.322714,Sugar,1,20.0,28.599771,77.274279,East Delhi,0,3286.0,10,False,False,False,True,False,1,0.2709909626415193
a8e5e75e-7983-4351-b576-4703544cbf48,SHOP_005,BEN_01334,2026-01-09 15:03:20.322714,Oil,1,50.0,28.599771,77.274279,East Delhi,0,16664.0,15,False,True,False,False,False,1,0.14094309033340185
5c4a474c-ee8d-4763-b7b2-79c82b4bc915,SHOP_005,BEN_00191,2026-01-09 17:43:55.322714,Oil,2,100.0,28.599771,77.274279,East Delhi,0,9635.0,17,False,True,False,False,False,1,0.10074386528713714
409d54de-ece3-4a40-baea-82247c12dffb,SHOP_005,BEN_02198,2026-01-10 11:52:53.322714,Oil,1,50.0,28.599771,77.274279,East Delhi,0,65338.0,11,False,True,False,False,False,1,0.3977472343624021
b41fb33d-1616-4cf9-af9a-7b7d9bef715d,SHOP_005,BEN_00959,2026-01-10 12:13:53.322714,Rice,18,54.0,28.599771,77.274279,East Delhi,0,1260.0,12,False,False,True,False,False,1,0.262563232827233
6c2c0e61-9fa6-4721-852a-7e9afb0ee77d,SHOP_005,BEN_00938,2026-01-10 13:31:36.322714,Sugar,1,20.0,28.599771,77.274279,East Delhi,0,4663.0,13,False,False,False,True,False,1,0.11758494765553168
14cce6a0-baad-44fa-8362-7a5914aa331a,SHOP_005,BEN_01782,2026-01-10 15:58:05.322714,Wheat,19,38.0,28.599771,77.274279,East Delhi,0,8789.0,15,False,False,False,False,True,1,0.2534810113623811
16bb2bfa-5914-40e1-8207-fed8d72b4d01,SHOP_005,BEN_02346,2026-01-11 10:24:25.322714,Kerosene,3,75.0,28.599771,77.274279,East Delhi,0,66380.0,10,True,False,False,False,False,1,0.4142641026667961
dd64d3bc-a80b-4bcc-9033-b9e4c9f32c8e,SHOP_005,BEN_01460,2026-01-11 15:02:36.322714,Oil,2,100.0,28.599771,77.274279,East Delhi,0,16691.0,15,False,True,False,False,False,1,0.08197777027632391
79850207-08b6-437c-a105-750ece3d61a8,SHOP_005,BEN_00266,2026-01-11 15:56:23.322714,Rice,7,21.0,28.599771,77.274279,East Delhi,0,3227.0,15,False,False,True,False,False,1,0.21142851991759848
1dfbdbca-62aa-41fd-a8d1-984410bfe597,SHOP_005,BEN_01650,2026-01-11 17:07:04.322714,Rice,9,27.0,28.599771,77.274279,East Delhi,0,4241.0,17,False,False,True,False,False,1,0.2248650918709627
3b01404d-c71f-4102-9f97-00de63113f1d,SHOP_005,BEN_00862,2026-01-12 08:01:16.322714,Kerosene,2,50.0,28.599771,77.274279,East Delhi,0,53652.0,8,True,False,False,False,False,1,0.38870067980985473
fe1119b4-b4e9-467f-acc4-6067c3f8e13c,SHOP_005,BEN_00284,2026-01-12 12:56:26.322714,Oil,1,50.0,28.599771,77.274279,East Delhi,0,17710.0,12,False,True,False,False,False,1,0.22207879240421147
58def6cc-4404-4842-94cd-7e5b6e633a44,SHOP_005,BEN_00102,2026-01-12 19:15:00.322714,Wheat,20,40.0,28.599771,77.274279,East Delhi,0,22714.0,19,False,False,False,False,True,1,0.5631180967933991
ac89abea-334c-4f13-9817-0a6d4f74bea2,SHOP_005,BEN_00609,2026-01-13 09:29:46.322714,Rice,20,60.0,28.599771,77.274279,East Delhi,0,51286.0,9,False,False,True,False,False,1,0.5650464667738085
43e8bfbf-6893-4f5c-9a8b-25c63899ff27,SHOP_005,BEN_00368,2026-01-13 09:59:22.322714,Rice,17,51.0,28.599771,77.274279,East Delhi,0,1776.0,9,False,False,True,False,False,1,0.3652226923334861
6867fe9a-909e-4fc8-870d-b42ffb78d9a2,SHOP_005,BEN_02300,2026-01-13 11:48:43.322714,Kerosene,1,25.0,28.599771,77.274279,East Delhi,0,6561.0,11,True,False,False,False,False,1,0.22921309265150386
27e6be30-6145-42f1-9857-88bf9e439a68,SHOP_005,BEN_00172,2026-01-13 12:42:56.322714,Oil,1,50.0,28.599771,77.274279,East Delhi,0,3253.0,12,False,True,False,False,False,1,0.13884983940017365
25deacad-8e59-4e3c-a646-bc04981a8b6e,SHOP_005,BEN_01933,2026-01-13 13:48:17.322714,Oil,2,100.0,28.599771,77.274279,East Delhi,0,3921.0,13,False,True,False,False,False,1,0.08067471166027984
e2cceaba-f40f-4e79-84a8-e42cc03cd5ae,SHOP_005,BEN_02677,2026-01-13 15:44:44.322714,Oil,2,100.0,28.599771,77.274279,East Delhi,0,6987.0,15,False,True,False,False,False,1,0.0
c66d98e5-6760-48f7-9e05-a84c63ca0338,SHOP_005,BEN_00264,2026-01-13 16:54:36.322714,Sugar,1,20.0,28.599771,77.274279,East Delhi,0,4192.0,16,False,False,False,True,False,1,0.14397677867419972
c02183c1-5bb9-4d33-97c6-caf0f3c4ac70,SHOP_005,BEN_02272,2026-01-13 16:56:41.322714,Kerosene,3,75.0,28.599771,77.274279,East Delhi,0,125.0,16,True,False,False,False,False,1,0.20682094639553544
0024b504-1734-4347-aa44-4c1f4067ac72,SHOP_005,BEN_02466,2026-01-14 13:00:20.322714,Kerosene,2,50.0,28.599771,77.274279,East Delhi,0,72219.0,13,True,False,False,False,False,1,0.44145591137476037
6b99985a-cfc9-46b0-be84-08c4647065d6,SHOP_005,BEN_00558,2026-01-14 17:46:48.322714,Kerosene,2,50.0,28.599771,77.274279,East Delhi,0,17188.0,17,True,False,False,False,False,1,0.17261090003068597
407ef2fe-5767-4508-9dd6-9072c0c36905,SHOP_005,BEN_01657,2026-01-15 08:35:23.322714,Kerosene,3,75.0,28.599771,77.274279,East Delhi,0,53315.0,8,True,False,False,False,False,1,0.43390343378252394
123b2af6-7e30-4b11-81be-43ec94676ae7,SHOP_005,BEN_01052,2026-01-15 09:28:29.322714,Oil,1,50.0,28.599771,77.274279,East Delhi,0,3186.0,9,False,True,False,False,False,1,0.2682244686051053
670f0038-de0c-4f6e-bbf3-10edfc81a5df,SHOP_005,BEN_02423,2026-01-15 12:00:44.322714,Kerosene,1,25.0,28.599771,77.274279,East Delhi,0,9135.0,12,True,False,False,False,False,1,0.19441876555650112
631625a0-675a-47d2-9c12-f5e3ba0b4591,SHOP_005,BEN_00997,2026-01-15 13:03:00.322714,Oil,1,50.0,28.599771,77.274279,East Delhi,0,3736.0,13,False,True,False,False,False,1,0.1248143782733474
d87027f8-9c1b-4df1-8cf9-e0959b4617e1,SHOP_005,BEN_01749,2026-01-15 13:18:18.322714,Rice,10,30.0,28.599771,77.274279,East Delhi,0,918.0,13,False,False,True,False,False,1,0.18419588466790737
92d41351-d430-449f-8235-572ff8ddd79e,SHOP_005,BEN_01056,2026-01-15 13:21:11.322714,Sugar,2,40.0,28.599771,77.274279,East Delhi,0,173.0,13,False,False,False,True,False,1,0.14042058698704968
d7ede698-3fdd-4449-99de-5aba4b6304b2,SHOP_006,BEN_00952,2025-12-16 19:28:27.322714,Wheat,5,10.0,28.6356,77.229758,Central Delhi,0,9999.0,19,False,False,False,False,True,1,0.3833838273317452
653acd95-144f-4055-b724-27729552debe,SHOP_006,BEN_00153,2025-12-17 12:17:34.322714,Sugar,2,40.0,28.6356,77.229758,Central Delhi,0,60547.0,12,False,False,False,True,False,1,0.2300852688876952
61008bb8-8c0f-4006-9126-91b978e66d93,SHOP_006,BEN_00680,2025-12-18 10:54:15.322714,Rice,5,15.0,28.6356,77.229758,Central Delhi,0,81401.0,10,False,False,True,False,False,1,0.5152917835209669
454b200b-48fd-4a01-9a75-b79bb7114e54,SHOP_006,BEN_02101,2025-12-18 14:58:52.322714,Oil,1,50.0,28.6356,77.229758,Central Delhi,0,14677.0,14,False,True,False,False,False,1,0.15638683648873636
9795669d-39c0-449a-89d3-3486bdbf1215,SHOP_006,BEN_02150,2025-12-18 15:10:09.322714,Oil,1,50.0,28.6356,77.229758,Central Delhi,0,677.0,15,False,True,False,False,False,1,0.11743194839232496
070c342d-021b-45b6-aac6-7762b4343031,SHOP_006,BEN_01215,2025-12-18 19:17:16.322714,Sugar,3,60.0,28.6356,77.229758,Central Delhi,0,14827.0,19,False,False,False,True,False,1,0.3453926043355985
190996cb-a03a-44f2-a38b-8c54078c07df,SHOP_006,BEN_00584,2025-12-19 09:27:32.322714,Sugar,3,60.0,28.6356,77.229758,Central Delhi,0,51016.0,9,False,False,False,True,False,1,0.3363673446382547
fc2e20e6-995a-4ce8-a9d2-fc87de1876d9,SHOP_006,BEN_00245,2025-12-19 16:11:43.322714,Wheat,19,38.0,28.6356,77.229758,Central Delhi,0,24251.0,16,False,False,False,False,True,1,0.4071901106679391
3456c55c-c1c2-479e-bbe9-4ac6f3b010e4,SHOP_006,BEN_00688,2025-12-19 17:15:29.322714,Sugar,2,40.0,28.6356,77.229758,Central Delhi,0,3826.0,17,False,False,False,True,False,1,0.12325458293235325
c86f5298-ff7d-49c8-b664-df58750beed1,SHOP_006,BEN_02649,2025-12-21 08:41:13.322714,Oil,2,100.0,28.6356,77.229758,Central Delhi,0,141944.0,8,False,True,False,False,False,-1,0.756322569374382
b9280c7b-e01c-47fc-be02-35ca07ad71da,SHOP_006,BEN_00228,2025-12-21 12:38:45.322714,Oil,2,100.0,28.6356,77.229758,Central Delhi,0,14252.0,12,False,True,False,False,False,1,0.1654097999457657
1844cea0-8bf2-42e8-ad9c-667614377a09,SHOP_006,BEN_00979,2025-12-22 08:17:57.322714,Oil,2,100.0,28.6356,77.229758,Central Delhi,0,70752.0,8,False,True,False,False,False,1,0.4786628889761573
10adcca5-6d84-4948-a94f-17c108e76413,SHOP_006,BEN_01098,2025-12-22 10:30:36.322714,Oil,1,50.0,28.6356,77.229758,Central Delhi,0,7959.0,10,False,True,False,False,False,1,0.21644323900049317
3c5030a3-9bc3-4c0f-867d-501dfa3c7875,SHOP_006,BEN_00308,2025-12-22 11:10:59.322714,Sugar,2,40.0,28.6356,77.229758,Central Delhi,0,2423.0,11,False,False,False,True,False,1,0.1777155947507339
bbe0b9e9-3680-4f3d-a35a-65b2b1e1692c,SHOP_006,BEN_02526,2025-12-22 14:38:49.322714,Oil,1,50.0,28.6356,77.229758,Central Delhi,0,12470.0,14,False,True,False,False,False,1,0.14619722713218375
5b8d4e75-bb77-4059-b790-6ace976a549c,SHOP_006,BEN_02365,2025-12-23 09:03:56.322714,Wheat,20,40.0,28.6356,77.229758,Central Delhi,0,66307.0,9,False,False,False,False,True,-1,0.6219769051932167
b9342fa2-c167-430b-b31c-de28df8810fa,SHOP_006,BEN_00174,2025-12-23 10:18:27.322714,Wheat,16,32.0,28.6356,77.229758,Central Delhi,0,4471.0,10,False,False,False,False,True,1,0.27119429578967025
f8a0fb07-a09e-4576-ab55-7de3811c7efd,SHOP_006,BEN_02828,2025-12-23 16:53:17.322714,Oil,1,50.0,28.6356,77.229758,Central Delhi,0,23690.0,16,False,True,False,False,False,1,0.23487640478934274
ca935078-afff-451b-8055-ec09eb6bc37f,SHOP_006,BEN_00743,2025-12-24 14:13:40.322714,Rice,8,24.0,28.6356,77.229758,Central Delhi,0,76823.0,14,False,False,True,False,False,1,0.475063157281735
30d5f904-b1be-48ed-9c57-5022f5a8cf51,SHOP_006,BEN_02738,2025-12-24 15:14:47.322714,Kerosene,1,25.0,28.6356,77.229758,Central Delhi,0,3667.0,15,True,False,False,False,False,1,0.12896272862965097
daf4dcd2-e76b-4fc0-ba11-660eeea52324,SHOP_006,BEN_00616,2025-12-25 13:53:12.322714,Sugar,1,20.0,28.6356,77.229758,Central Delhi,0,81505.0,13,False,False,False,True,False,1,0.4511177253134243
7a21eba1-ebf2-41e0-b6ee-19066744dde3,SHOP_006,BEN_00488,2025-12-25 15:00:16.322714,Rice,8,24.0,28.6356,77.229758,Central Delhi,0,4024.0,15,False,False,True,False,False,1,0.20474863928639342
562be495-79be-4d49-8bb5-298a51613f14,SHOP_006,BEN_02933,2025-12-25 15:44:36.322714,Wheat,14,28.0,28.6356,77.229758,Central Delhi,0,2660.0,15,False,False,False,False,True,1,0.1394434370954286
55812a40-ac87-4877-852c-501d6f231a14,SHOP_006,BEN_01599,2025-12-26 10:33:25.322714,Rice,16,48.0,28.6356,77.229758,Central Delhi,0,67729.0,10,False,False,True,False,False,1,0.45267286455156536
17dc8427-d7c8-4269-aa11-e92d8c81b4d8,SHOP_006,BEN_00992,2025-12-26 14:27:19.322714,Oil,1,50.0,28.6356,77.229758,Central Delhi,0,14034.0,14,False,True,False,False,False,1,0.1419824419898711
a5202c8d-9d4f-4f60-b4a9-3d9b9a9fb673,SHOP_006,BEN_01129,2025-12-27 09:41:35.322714,Oil,2,100.0,28.6356,77.229758,Central Delhi,0,69256.0,9,False,True,False,False,False,1,0.40294659703732844
51057dd9-9b17-4f45-9af9-1ecc33ef3ba4,SHOP_006,BEN_02497,2025-12-27 12:57:14.322714,Rice,15,45.0,28.6356,77.229758,Central Delhi,0,11739.0,12,False,False,True,False,False,1,0.20173519827424996
02ba7001-9cb4-4cbe-b935-7cd34c4e449b,SHOP_006,BEN_01123,2025-12-27 13:31:16.322714,Wheat,7,14.0,28.6356,77.229758,Central Delhi,0,2042.0,13,False,False,False,False,True,1,0.20592847240848727
8ca70d70-7abc-4186-9af6-1b768b82318a,SHOP_006,BEN_02640,2025-12-27 15:07:04.322714,Rice,5,15.0,28.6356,77.229758,Central Delhi,0,5748.0,15,False,False,True,False,False,1,0.24330833361595527
9ca8954d-ef91-40fa-880c-e3754f9872d5,SHOP_006,BEN_02137,2025-12-28 09:10:00.322714,Kerosene,1,25.0,28.6356,77.229758,Central Delhi,0,64976.0,9,True,False,False,False,False,1,0.472873729961655
a8e776a6-ef5b-4a03-96dc-204cb149208e,SHOP_006,BEN_00516,2025-12-28 12:53:29.322714,Rice,5,15.0,28.6356,77.229758,Central Delhi,0,13409.0,12,False,False,True,False,False,1,0.25088004622316323
5966f8ef-559d-4bdd-a919-a1618f21d4e0,SHOP_006,BEN_00576,2025-12-28 13:25:28.322714,Sugar,1,20.0,28.6356,77.229758,Central Delhi,0,1919.0,13,False,False,False,True,False,1,0.15720383918979897
497fb829-706c-42ac-81ca-e813321bc6d5,SHOP_006,BEN_00156,2025-12-28 18:13:03.322714,Sugar,3,60.0,28.6356,77.229758,Central Delhi,0,17255.0,18,False,False,False,True,False,1,0.2908843442460613
d18583bb-fde4-41d7-9876-bed972f02cb5,SHOP_006,BEN_01074,2025-12-29 15:27:42.322714,Oil,1,50.0,28.6356,77.229758,Central Delhi,0,76479.0,15,False,True,False,False,False,1,0.5441665113162608
1eb10d7d-c962-4a48-9972-f846f1197c45,SHOP_006,BEN_02677,2025-12-29 16:22:21.322714,Oil,1,50.0,28.6356,77.229758,Central Delhi,0,3279.0,16,False,True,False,False,False,1,0.09494607168061042
2b9a2508-b663-466e-9991-82f63caad5c6,SHOP_006,BEN_01550,2025-12-29 18:34:26.322714,Wheat,16,32.0,28.6356,77.229758,Central Delhi,0,7925.0,18,False,False,False,False,True,1,0.24927670443491018
a3162dc6-b98b-43ef-b69c-b9172808175f,SHOP_006,BEN_02104,2025-12-30 09:18:31.322714,Rice,17,51.0,28.6356,77.229758,Central Delhi,0,53045.0,9,False,False,True,False,False,1,0.426495438984857
9c810c5d-c00f-42a9-9b17-0b0311a84b4e,SHOP_006,BEN_01017,2025-12-30 12:55:39.322714,Oil,1,50.0,28.6356,77.229758,Central Delhi,0,13028.0,12,False,True,False,False,False,1,0.1942521535034445
c8356221-3dab-471a-a715-2ce946821ad5,SHOP_006,BEN_02791,2025-12-30 14:58:23.322714,Kerosene,3,75.0,28.6356,77.229758,Central Delhi,0,7364.0,14,True,False,False,False,False,1,0.1554890005193731
fd1743f4-f83b-4f5f-93b7-75fcb4181143,SHOP_006,BEN_00639,2025-12-30 15:47:03.322714,Wheat,10,20.0,28.6356,77.229758,Central Delhi,0,2920.0,15,False,False,False,False,True,1,0.13991365906426068
383f5a66-7127-47b3-a5de-5795ee376f2c,SHOP_006,BEN_02548,2025-12-30 16:46:38.322714,Oil,2,100.0,28.6356,77.229758,Central Delhi,0,3575.0,16,False,True,False,False,False,1,0.03779547931298377
887bab25-f24b-4c86-819a-946c1133fa35,SHOP_006,BEN_01399,2025-12-30 19:01:50.322714,Kerosene,3,75.0,28.6356,77.229758,Central Delhi,0,8112.0,19,True,False,False,False,False,1,0.2792299994191452
d963cfa4-17a3-48f8-ac34-f027c832bad2,SHOP_006,BEN_02482,2025-12-30 19:19:35.322714,Rice,12,36.0,28.6356,77.229758,Central Delhi,0,1065.0,19,False,False,True,False,False,1,0.36601120119138764
5c594f25-53f0-4a06-a945-8eae53bc74f2,SHOP_006,BEN_01176,2025-12-31 08:45:58.322714,Sugar,3,60.0,28.6356,77.229758,Central Delhi,0,48383.0,8,False,False,False,True,False,1,0.3996071119619654
e31ba33c-252e-4ad2-ad65-bc5bce6aca0c,SHOP_006,BEN_00127,2025-12-31 09:20:26.322714,Wheat,19,38.0,28.6356,77.229758,Central Delhi,0,2068.0,9,False,False,False,False,True,1,0.5189818398342396
86fcaf43-5e05-4aa0-ab0c-5508c2ee44f8,SHOP_006,BEN_00423,2025-12-31 11:29:31.322714,Kerosene,2,50.0,28.6356,77.229758,Central Delhi,0,7745.0,11,True,False,False,False,False,1,0.2131996374438085
77fd17f0-3e56-4670-8b0a-d41c31c645f2,SHOP_006,BEN_01739,2025-12-31 11:54:29.322714,Sugar,3,60.0,28.6356,77.229758,Central Delhi,0,1498.0,11,False,False,False,True,False,1,0.24671791169211027
bb9e2c0c-2add-4482-a28f-56746cd8a85a,SHOP_006,BEN_02403,2025-12-31 14:41:58.322714,Rice,20,60.0,28.6356,77.229758,Central Delhi,0,10049.0,14,False,False,True,False,False,1,0.37018892942843795
da05d605-be4b-48dc-9654-f21c8c6ac493,SHOP_006,BEN_02171,2025-12-31 17:08:58.322714,Wheat,11,22.0,28.6356,77.229758,Central Delhi,0,8820.0,17,False,False,False,False,True,1,0.1856440328887023
eb51c586-320a-42cb-94de-37531fefe4fa,SHOP_006,BEN_02556,2026-01-01 09:31:32.322714,Rice,11,33.0,28.6356,77.229758,Central Delhi,0,58954.0,9,False,False,True,False,False,1,0.3373313843210419
3068a6f4-78db-4338-9fc1-20df0c8d24d9,SHOP_006,BEN_01852,2026-01-01 11:08:13.322714,Sugar,1,20.0,28.6356,77.229758,Central Delhi,0,5801.0,11,False,False,False,True,False,1,0.185008867193304
0b80b162-54f5-40c2-9ae9-37ae6411eb06,SHOP_006,BEN_00096,2026-01-01 16:08:07.322714,Wheat,17,34.0,28.6356,77.229758,Central Delhi,0,17994.0,16,False,False,False,False,True,1,0.2723937476180045
6b79ce43-4eaf-48c0-bff7-dcd0f33fef8b,SHOP_006,BEN_02600,2026-01-02 16:04:27.322714,Oil,1,50.0,28.6356,77.229758,Central Delhi,0,86180.0,16,False,True,False,False,False,-1,0.6287383315956744
fff32384-6bdc-47ef-8d43-42f583228ffb,SHOP_006,BEN_00613,2026-01-03 12:22:10.322714,Rice,12,36.0,28.6356,77.229758,Central Delhi,0,73063.0,12,False,False,True,False,False,1,0.4416557223850217
b55c4fbf-aedb-42a5-b4fb-078cd72dc02e,SHOP_006,BEN_00932,2026-01-03 13:41:38.322714,Wheat,14,28.0,28.6356,77.229758,Central Delhi,0,4768.0,13,False,False,False,False,True,1,0.1078179567431562
1529188b-2b6f-4e0d-acea-f7efd7620af5,SHOP_006,BEN_01782,2026-01-03 17:37:18.322714,Sugar,3,60.0,28.6356,77.229758,Central Delhi,0,14140.0,17,False,False,False,True,False,1,0.1811179228533123
f518d7f0-1d62-4b57-87b7-25045cffc5e8,SHOP_006,BEN_01956,2026-01-04 09:02:18.322714,Kerosene,1,25.0,28.6356,77.229758,Central Delhi,0,55500.0,9,True,False,False,False,False,1,0.40860806787856363
74f8b15f-c51e-43da-81ca-b15bf6835002,SHOP_006,BEN_02987,2026-01-04 11:20:32.322714,Kerosene,2,50.0,28.6356,77.229758,Central Delhi,0,8294.0,11,True,False,False,False,False,1,0.20965442433999648
3e13646e-56bd-430e-8469-b806f07cf6e8,SHOP_006,BEN_00027,2026-01-04 14:04:58.322714,Sugar,1,20.0,28.6356,77.229758,Central Delhi,0,9866.0,14,False,False,False,True,False,1,0.09968639359497317
f620f8a7-e901-43d3-8b33-496c3f7da81d,SHOP_006,BEN_02231,2026-01-04 14:20:43.322714,Kerosene,3,75.0,28.6356,77.229758,Central Delhi,0,945.0,14,True,False,False,False,False,1,0.22639757163461394
3cd83ef0-0740-477c-a2d0-29712d92066e,SHOP_006,BEN_00182,2026-01-04 19:28:16.322714,Wheat,19,38.0,28.6356,77.229758,Central Delhi,0,18453.0,19,False,False,False,False,True,1,0.4839558261058773
6833e863-8cc3-4200-bbe6-49861be9c58f,SHOP_006,BEN_00696,2026-01-05 12:02:13.322714,Sugar,3,60.0,28.6356,77.229758,Central Delhi,0,59637.0,12,False,False,False,True,False,1,0.3151986441486041
ef4661b4-f374-4df8-a697-3f9afe97dac4,SHOP_006,BEN_02588,2026-01-05 17:05:35.322714,Oil,2,100.0,28.6356,77.229758,Central Delhi,0,18202.0,17,False,True,False,False,False,1,0.1462805506629023
e8f9b2f0-8d53-4fab-9fd5-5b634ed5ef27,SHOP_006,BEN_02545,2026-01-05 17:19:34.322714,Sugar,2,40.0,28.6356,77.229758,Central Delhi,0,839.0,17,False,False,False,True,False,1,0.19514589884541383
a0b632e6-2ca7-4ad5-94c1-7533706525e6,SHOP_006,BEN_00538,2026-01-05 19:07:14.322714,Kerosene,2,50.0,28.6356,77.229758,Central Delhi,0,6460.0,19,True,False,False,False,False,1,0.23315184524375926
5bd093f7-c04b-4337-94a9-d410da832938,SHOP_006,BEN_02409,2026-01-06 11:30:43.322714,Sugar,3,60.0,28.6356,77.229758,Central Delhi,0,59009.0,11,False,False,False,True,False,1,0.28639647944397023
ec8e1e7d-ba21-4e14-a21c-fe1bc37baf1c,SHOP_006,BEN_00364,2026-01-06 13:03:49.322714,Oil,1,50.0,28.6356,77.229758,Central Delhi,0,5586.0,13,False,True,False,False,False,1,0.14104197993030132
4f6ab0de-c08f-4b96-ba01-fb90fc791968,SHOP_006,BEN_01832,2026-01-06 16:09:54.322714,Oil,1,50.0,28.6356,77.229758,Central Delhi,0,11165.0,16,False,True,False,False,False,1,0.1107687708843903
47a2e0d2-edc1-4dca-b623-8ac08ee75279,SHOP_006,BEN_02736,2026-01-06 16:10:54.322714,Rice,5,15.0,28.6356,77.229758,Central Delhi,0,60.0,16,False,False,True,False,False,1,0.28723775438738697
60015a5a-0be6-4bef-8263-643adfaaf5ca,SHOP_006,BEN_01432,2026-01-06 16:52:19.322714,Kerosene,1,25.0,28.6356,77.229758,Central Delhi,0,2485.0,16,True,False,False,False,False,1,0.16401684506076308
58a07f64-a4ec-4852-94e6-71968840e34a,SHOP_006,BEN_01465,2026-01-07 09:18:20.322714,Rice,20,60.0,28.6356,77.229758,Central Delhi,0,59161.0,9,False,False,True,False,False,1,0.5624358468580797
7dfb53c8-80b4-4bf8-94e1-ddaf984a67cf,SHOP_006,BEN_01271,2026-01-07 10:43:25.322714,Oil,1,50.0,28.6356,77.229758,Central Delhi,0,5105.0,10,False,True,False,False,False,1,0.18667885835600873
67c3dffc-3ceb-43ef-b8df-5d1f2ef207d9,SHOP_006,BEN_02116,2026-01-07 12:11:16.322714,Rice,9,27.0,28.6356,77.229758,Central Delhi,0,5271.0,12,False,False,True,False,False,1,0.13424066264675227
aadc8af7-f675-459a-8401-7a04f049fa2a,SHOP_006,BEN_01589,2026-01-07 15:46:29.322714,Sugar,3,60.0,28.6356,77.229758,Central Delhi,0,12913.0,15,False,False,False,True,False,1,0.13473925450416907
ef8c484c-dde0-4c63-89b8-d5889c02b08e,SHOP_006,BEN_00301,2026-01-07 17:22:14.322714,Rice,14,42.0,28.6356,77.229758,Central Delhi,0,5745.0,17,False,False,True,False,False,1,0.18430854473487734
9cca53c0-a775-446c-97ce-568f6d6a2ca9,SHOP_006,BEN_00242,2026-01-07 17:51:55.322714,Oil,2,100.0,28.6356,77.229758,Central Delhi,0,1781.0,17,False,True,False,False,False,1,0.14812445708867578
c68a64d7-9ca2-4523-972e-1d63d245d92b,SHOP_006,BEN_00993,2026-01-07 18:00:59.322714,Kerosene,2,50.0,28.6356,77.229758,Central Delhi,0,544.0,18,True,False,False,False,False,1,0.22366379874449016
649c8c1c-2854-409e-bf01-2ead33e51cc7,SHOP_006,BEN_02627,2026-01-08 10:05:06.322714,Oil,1,50.0,28.6356,77.229758,Central Delhi,0,57847.0,10,False,True,False,False,False,1,0.32089509330940735
95cfae01-e910-48d9-8770-4e8f268a1edd,SHOP_006,BEN_00308,2026-01-08 15:17:37.322714,Rice,16,48.0,28.6356,77.229758,Central Delhi,0,18751.0,15,False,False,True,False,False,1,0.2117647667167501
b8bc4a17-7e43-472b-ba1b-22fdb09924bb,SHOP_006,BEN_02293,2026-01-09 15:39:48.322714,Wheat,16,32.0,28.6356,77.229758,Central Delhi,0,87731.0,15,False,False,False,False,True,-1,0.6406619105876646
b09bd461-cd2a-467b-932a-be3c94e1d7d7,SHOP_006,BEN_01489,2026-01-09 17:02:34.322714,Rice,12,36.0,28.6356,77.229758,Central Delhi,0,4966.0,17,False,False,True,False,False,1,0.17894827345982328
999f8b89-da2d-4a16-8dc5-0b5627b4f5c5,SHOP_006,BEN_02623,2026-01-09 17:49:58.322714,Wheat,19,38.0,28.6356,77.229758,Central Delhi,0,2844.0,17,False,False,False,False,True,1,0.35499511997788424
863a3c52-606c-4f0b-9a20-f7ea5c9c025e,SHOP_006,BEN_01738,2026-01-10 14:39:11.322714,Sugar,1,20.0,28.6356,77.229758,Central Delhi,0,74953.0,14,False,False,False,True,False,1,0.44273739701226755
a019e8b0-d6b0-4d1a-909b-df5b2445f773,SHOP_006,BEN_02718,2026-01-10 18:22:29.322714,Kerosene,1,25.0,28.6356,77.229758,Central Delhi,0,13398.0,18,True,False,False,False,False,1,0.2274546721863221
6b2123db-aede-4df7-8adf-def901d5dd86,SHOP_006,BEN_02554,2026-01-12 09:11:18.322714,Oil,2,100.0,28.6356,77.229758,Central Delhi,0,139729.0,9,False,True,False,False,False,-1,0.7428246107742036
e8550152-6ace-4a23-9b95-88143bd152e6,SHOP_006,BEN_02191,2026-01-12 10:47:23.322714,Oil,1,50.0,28.6356,77.229758,Central Delhi,0,5765.0,10,False,True,False,False,False,1,0.1961587438953571
add84aa5-8a9a-4a89-9e54-5f6272fffd92,SHOP_006,BEN_00248,2026-01-12 13:57:39.322714,Sugar,2,40.0,28.6356,77.229758,Central Delhi,0,11416.0,13,False,False,False,True,False,1,0.10684557633573566
7fd8035d-36d8-4f8e-b984-e8e5aeb6eb0e,SHOP_006,BEN_02705,2026-01-12 17:06:24.322714,Wheat,9,18.0,28.6356,77.229758,Central Delhi,0,11325.0,17,False,False,False,False,True,1,0.21817127894505484
ec216227-4f7f-4a3b-ae42-50bcad1c2fd2,SHOP_006,BEN_01110,2026-01-12 17:22:33.322714,Wheat,14,28.0,28.6356,77.229758,Central Delhi,0,969.0,17,False,False,False,False,True,1,0.24521613961582545
23b3b15e-828f-488e-8971-b10937e0a84e,SHOP_006,BEN_01248,2026-01-13 02:39:55.322714,Wheat,19,38.0,28.6356,77.229758,Central Delhi,1,33442.0,2,False,False,False,False,True,-1,0.8553218629477496
5d9d2106-0167-49b7-a19c-14b40b78fadf,SHOP_006,BEN_01393,2026-01-13 12:05:57.322714,Wheat,8,16.0,28.6356,77.229758,Central Delhi,0,33962.0,12,False,False,False,False,True,1,0.45037481777614974
1ce9352b-99e5-44b1-b6e8-825ba891ac4d,SHOP_006,BEN_02242,2026-01-14 11:24:12.322714,Kerosene,1,25.0,28.6356,77.229758,Central Delhi,0,83895.0,11,True,False,False,False,False,-1,0.603470318691171
3ddb13b4-91f9-460c-8a00-67d3f2fd514c,SHOP_006,BEN_02255,2026-01-14 12:54:38.322714,Wheat,9,18.0,28.6356,77.229758,Central Delhi,0,5426.0,12,False,False,False,False,True,1,0.17970001310394762
7e78ba3d-b378-4cec-9b8b-18875d1197d1,SHOP_006,BEN_02265,2026-01-14 13:07:22.322714,Kerosene,1,25.0,28.6356,77.229758,Central Delhi,0,764.0,13,True,False,False,False,False,1,0.23193862761008105
ca1dcd61-ef15-47b9-8886-80140b243cce,SHOP_006,BEN_01952,2026-01-14 15:42:07.322714,Kerosene,2,50.0,28.6356,77.229758,Central Delhi,0,9285.0,15,True,False,False,False,False,1,0.09677017427090417
757c7126-7786-4216-a08b-eeb796956ad2,SHOP_006,BEN_02700,2026-01-14 16:03:54.322714,Oil,2,100.0,28.6356,77.229758,Central Delhi,0,1307.0,16,False,True,False,False,False,1,0.08953723640391259
90496689-1898-4ccb-a46a-56008c6ffec6,SHOP_006,BEN_00955,2026-01-14 18:18:22.322714,Oil,2,100.0,28.6356,77.229758,Central Delhi,0,8068.0,18,False,True,False,False,False,1,0.161377019717601
6020a16b-0ed9-4b05-b1b0-6fe89865145d,SHOP_006,BEN_02220,2026-01-14 18:30:57.322714,Wheat,13,26.0,28.6356,77.229758,Central Delhi,0,755.0,18,False,False,False,False,True,1,0.2857517598406432
a546976c-f334-433d-b97f-3bdd1b9b3545,SHOP_006,BEN_01297,2026-01-14 18:40:49.322714,Wheat,7,14.0,28.6356,77.229758,Central Delhi,0,592.0,18,False,False,False,False,True,1,0.33519695821396195
5c3358af-3eec-44e3-9723-a755f470ceeb,SHOP_006,BEN_02091,2026-01-14 18:58:23.322714,Kerosene,3,75.0,28.6356,77.229758,Central Delhi,0,1054.0,18,True,False,False,False,False,1,0.24521613821938726
2dea0e31-c7c2-4d59-990e-cae74ddec3a2,SHOP_007,BEN_02569,2025-12-16 17:26:20.322714,Rice,18,54.0,28.520513,77.217525,South Delhi,0,9999.0,17,False,False,True,False,False,1,0.2545678354515106
0248b4a2-4a2d-4776-94f3-3431253edddd,SHOP_007,BEN_00151,2025-12-17 14:29:29.322714,Oil,1,50.0,28.520513,77.217525,South Delhi,0,75789.0,14,False,True,False,False,False,1,0.5374828673274171
b3e64678-4b3c-448b-b758-4b4b943b046f,SHOP_007,BEN_01426,2025-12-18 09:34:10.322714,Kerosene,2,50.0,28.520513,77.217525,South Delhi,0,68681.0,9,True,False,False,False,False,1,0.4396171622242119
5f71e47e-3707-4797-8c9f-e568be4d918b,SHOP_007,BEN_02195,2025-12-18 12:45:24.322714,Oil,2,100.0,28.520513,77.217525,South Delhi,0,11474.0,12,False,True,False,False,False,1,0.1365869673569058
aaea7100-f7ed-45cd-96bb-695bf8d9cbd0,SHOP_007,BEN_00095,2025-12-18 16:31:19.322714,Oil,1,50.0,28.520513,77.217525,South Delhi,0,13555.0,16,False,True,False,False,False,1,0.13542835527561486
85b006f6-6746-47c3-bc73-b964dd2255ce,SHOP_007,BEN_01279,2025-12-18 17:50:38.322714,Kerosene,1,25.0,28.520513,77.217525,South Delhi,0,4759.0,17,True,False,False,False,False,1,0.18885557518928336
8f351dc2-838f-4cf6-8fdc-dd72be758862,SHOP_007,BEN_00227,2025-12-18 18:21:42.322714,Sugar,3,60.0,28.520513,77.217525,South Delhi,0,1864.0,18,False,False,False,True,False,1,0.28532606507803915
4c35987e-55f7-4a51-a015-9e35fa566017,SHOP_007,BEN_00942,2025-12-19 09:40:20.322714,Oil,1,50.0,28.520513,77.217525,South Delhi,0,55118.0,9,False,True,False,False,False,1,0.294006662530903
3171f91f-6061-430c-b863-35610bf8ec6b,SHOP_007,BEN_00107,2025-12-19 09:46:42.322714,Wheat,19,38.0,28.520513,77.217525,South Delhi,0,382.0,9,False,False,False,False,True,1,0.564613454143182
ba5abf6e-d228-4a36-9f8e-39f40b33f418,SHOP_007,BEN_01588,2025-12-19 14:24:33.322714,Wheat,6,12.0,28.520513,77.217525,South Delhi,0,16671.0,14,False,False,False,False,True,1,0.26194832790205347
ad8197d0-fd58-4c5d-ac66-a2abdf43a7f2,SHOP_007,BEN_01864,2025-12-19 15:04:19.322714,Wheat,19,38.0,28.520513,77.217525,South Delhi,0,2386.0,15,False,False,False,False,True,1,0.30162982024703
cde5de8b-0fd3-4170-baa5-8860f93559bb,SHOP_007,BEN_02048,2025-12-19 18:37:40.322714,Oil,2,100.0,28.520513,77.217525,South Delhi,0,12801.0,18,False,True,False,False,False,1,0.17262588272073942
6f33830c-9226-40aa-82b6-526a6af5410a,SHOP_007,BEN_00095,2025-12-19 18:53:01.322714,Wheat,13,26.0,28.520513,77.217525,South Delhi,0,921.0,18,False,False,False,False,True,1,0.2789422344528069
9edb5cbc-e655-4bd6-a815-4a5b63f2629b,SHOP_007,BEN_00971,2025-12-19 19:49:09.322714,Kerosene,3,75.0,28.520513,77.217525,South Delhi,0,3368.0,19,True,False,False,False,False,1,0.2790806207453769
e575c0e5-2216-4b29-99e4-ef729e5025b0,SHOP_007,BEN_00067,2025-12-20 12:51:44.322714,Kerosene,2,50.0,28.520513,77.217525,South Delhi,0,61355.0,12,True,False,False,False,False,1,0.36424960058795675
e65cb47b-9a19-4e30-a502-4553268cfed7,SHOP_007,BEN_02051,2025-12-20 15:36:32.322714,Oil,2,100.0,28.520513,77.217525,South Delhi,0,9888.0,15,False,True,False,False,False,1,0.03215755812738419
6f24d8f2-cced-4bd9-aef0-3484c9b38dc6,SHOP_007,BEN_00285,2025-12-21 08:51:18.322714,Wheat,6,12.0,28.520513,77.217525,South Delhi,0,62086.0,8,False,False,False,False,True,1,0.5816941331323219
ee649daf-4995-4357-9144-82b96f633e22,SHOP_007,BEN_00815,2025-12-21 15:45:45.322714,Kerosene,1,25.0,28.520513,77.217525,South Delhi,0,24867.0,15,True,False,False,False,False,1,0.26924736609100025
7d891eb4-96fe-4b3b-8321-252f469d8663,SHOP_007,BEN_00417,2025-12-21 18:19:28.322714,Oil,1,50.0,28.520513,77.217525,South Delhi,0,9223.0,18,False,True,False,False,False,1,0.21836832046685828
050e8c73-27fa-46e2-b06a-bf414fd95369,SHOP_007,BEN_02781,2025-12-22 15:24:52.322714,Sugar,1,20.0,28.520513,77.217525,South Delhi,0,75924.0,15,False,False,False,True,False,1,0.4633290758021094
1d228433-f07b-4d15-ba04-b609cf7195cc,SHOP_007,BEN_00442,2025-12-23 12:03:49.322714,Kerosene,2,50.0,28.520513,77.217525,South Delhi,0,74337.0,12,True,False,False,False,False,1,0.43190714341193925
d9fa3a01-5366-44ba-8b53-d46505ef5deb,SHOP_007,BEN_01325,2025-12-23 12:13:47.322714,Sugar,3,60.0,28.520513,77.217525,South Delhi,0,598.0,12,False,False,False,True,False,1,0.19999234962076673
6d378f03-b2f9-4492-b5de-4cf4a6c2d9fa,SHOP_007,BEN_02698,2025-12-23 19:49:34.322714,Rice,11,33.0,28.520513,77.217525,South Delhi,0,27347.0,19,False,False,True,False,False,1,0.4416534317744232
4aa24aba-3908-4696-a879-73bc0c821ccd,SHOP_007,BEN_02607,2025-12-24 08:09:13.322714,Sugar,1,20.0,28.520513,77.217525,South Delhi,0,44379.0,8,False,False,False,True,False,1,0.43426131717662714
68424baf-f7ff-4cce-b884-d58b2500f5fb,SHOP_007,BEN_02236,2025-12-24 15:15:09.322714,Rice,9,27.0,28.520513,77.217525,South Delhi,0,25556.0,15,False,False,True,False,False,1,0.3189685732723367
199ccd19-0ad3-4dcd-85f4-c552d3e1ff7e,SHOP_007,BEN_01183,2025-12-24 15:36:50.322714,Sugar,1,20.0,28.520513,77.217525,South Delhi,0,1301.0,15,False,False,False,True,False,1,0.17934849631555505
f5b1cedc-9203-49ae-88a3-b8af872bc527,SHOP_007,BEN_02980,2025-12-24 19:43:40.322714,Wheat,8,16.0,28.520513,77.217525,South Delhi,0,14810.0,19,False,False,False,False,True,1,0.3645152019370763
138b3ef6-61d6-4a39-8f66-6b8d05e44c4b,SHOP_007,BEN_00366,2025-12-25 08:58:05.322714,Kerosene,1,25.0,28.520513,77.217525,South Delhi,0,47665.0,8,True,False,False,False,False,1,0.4899103318996924
afd3efa7-1672-4e06-a70e-f9240b6f7814,SHOP_007,BEN_02543,2025-12-25 09:50:31.322714,Sugar,1,20.0,28.520513,77.217525,South Delhi,0,3146.0,9,False,False,False,True,False,1,0.3606669217669993
48e5f163-bcda-48e9-bf2a-687331158cba,SHOP_007,BEN_02014,2025-12-25 11:50:48.322714,Oil,1,50.0,28.520513,77.217525,South Delhi,0,7217.0,11,False,True,False,False,False,1,0.1901573923053872
216fd700-fe10-4d7e-8b40-373e92a08705,SHOP_007,BEN_01838,2025-12-25 13:09:08.322714,Sugar,1,20.0,28.520513,77.217525,South Delhi,0,4700.0,13,False,False,False,True,False,1,0.11292549540268537
2a2cad8d-a171-4ff1-b149-7fbca4c98947,SHOP_007,BEN_00307,2025-12-25 13:39:30.322714,Rice,10,30.0,28.520513,77.217525,South Delhi,0,1822.0,13,False,False,True,False,False,1,0.16618835877318
77756a82-399c-4b6e-a06f-3dea9e4e91fe,SHOP_007,BEN_02249,2025-12-25 14:32:12.322714,Oil,1,50.0,28.520513,77.217525,South Delhi,0,3162.0,14,False,True,False,False,False,1,0.11352085475111512
61982c19-dd3f-4e73-9812-64a43952fc92,SHOP_007,BEN_00753,2025-12-25 18:57:02.322714,Oil,1,50.0,28.520513,77.217525,South Delhi,0,15890.0,18,False,True,False,False,False,1,0.24250106094875767
fbbb58a1-a1e6-494a-a041-6585a8b7960a,SHOP_007,BEN_00273,2025-12-26 08:25:04.322714,Rice,9,27.0,28.520513,77.217525,South Delhi,0,48482.0,8,False,False,True,False,False,1,0.4170560492653692
c1add106-e927-4ade-be7f-2d488f81cb55,SHOP_007,BEN_01240,2025-12-26 08:51:33.322714,Rice,12,36.0,28.520513,77.217525,South Delhi,0,1589.0,8,False,False,True,False,False,1,0.4186969710525232
26e9d76c-3fbd-444f-b5c9-8f4fd586488e,SHOP_007,BEN_01756,2025-12-26 10:18:13.322714,Wheat,15,30.0,28.520513,77.217525,South Delhi,0,5200.0,10,False,False,False,False,True,1,0.23409131984945403
9abe3f44-dab0-4efb-9b45-1fd17f5b6757,SHOP_007,BEN_02397,2025-12-26 13:19:15.322714,Oil,1,50.0,28.520513,77.217525,South Delhi,0,10862.0,13,False,True,False,False,False,1,0.15364140180587738
3e2fbe1b-5fb8-4811-bbf8-fd505bac838b,SHOP_007,BEN_00763,2025-12-26 14:41:41.322714,Rice,17,51.0,28.520513,77.217525,South Delhi,0,4946.0,14,False,False,True,False,False,1,0.17372116191281073
a3619026-bc18-4b61-8af4-ebd913e05ad3,SHOP_007,BEN_01111,2025-12-26 18:14:39.322714,Oil,1,50.0,28.520513,77.217525,South Delhi,0,12778.0,18,False,True,False,False,False,1,0.23290272702824688
0e40da39-5ea8-4de2-8096-90fc59f9ee49,SHOP_007,BEN_00972,2025-12-26 18:25:02.322714,Sugar,2,40.0,28.520513,77.217525,South Delhi,0,623.0,18,False,False,False,True,False,1,0.24887182713751405
ebb3f759-e36d-4719-bdcb-6dee6ee0748e,SHOP_007,BEN_01923,2025-12-27 11:41:32.322714,Wheat,16,32.0,28.520513,77.217525,South Delhi,0,62190.0,11,False,False,False,False,True,1,0.44407861619666744
f3a7af99-8fd4-4f81-a91c-228ab9db8456,SHOP_007,BEN_01381,2025-12-27 15:10:52.322714,Sugar,2,40.0,28.520513,77.217525,South Delhi,0,12560.0,15,False,False,False,True,False,1,0.07453924489390251
d3312912-34d4-4103-ae9e-3dec15ea2148,SHOP_007,BEN_02562,2025-12-27 16:41:06.322714,Kerosene,1,25.0,28.520513,77.217525,South Delhi,0,5414.0,16,True,False,False,False,False,1,0.14349432714278898
0ac1f76c-e4df-45cb-83df-c18fc128946d,SHOP_007,BEN_00843,2025-12-27 19:37:51.322714,Sugar,2,40.0,28.520513,77.217525,South Delhi,0,10605.0,19,False,False,False,True,False,1,0.27154225743687826
43093e89-1bf3-442f-ad7a-cc42cd11adf8,SHOP_007,BEN_02792,2025-12-27 19:50:29.322714,Kerosene,1,25.0,28.520513,77.217525,South Delhi,0,758.0,19,True,False,False,False,False,1,0.3665100952232646
1132445b-4ce0-45d8-a8a8-e1e0806a5b74,SHOP_007,BEN_00196,2025-12-28 08:12:54.322714,Kerosene,2,50.0,28.520513,77.217525,South Delhi,0,44545.0,8,True,False,False,False,False,1,0.40649583780570553
73780e01-2c54-428d-8407-64f8c25e737d,SHOP_007,BEN_02585,2025-12-28 09:54:19.322714,Oil,1,50.0,28.520513,77.217525,South Delhi,0,6085.0,9,False,True,False,False,False,1,0.2759231174614863
9833b585-63a6-4d59-90f5-662e604827e6,SHOP_007,BEN_01604,2025-12-29 08:16:30.322714,Oil,1,50.0,28.520513,77.217525,South Delhi,0,80531.0,8,False,True,False,False,False,1,0.5552345313088463
04de7c27-0f79-42d3-9d07-43340639c4e5,SHOP_007,BEN_02450,2025-12-29 11:23:15.322714,Oil,2,100.0,28.520513,77.217525,South Delhi,0,11205.0,11,False,True,False,False,False,1,0.177337935117649
58c3ed78-cd58-4114-85c2-fae38071dd91,SHOP_007,BEN_02054,2025-12-29 12:11:02.322714,Sugar,3,60.0,28.520513,77.217525,South Delhi,0,2867.0,12,False,False,False,True,False,1,0.1619295296186528
669ad18a-b9ef-4ddb-b637-831aa3f5e0c7,SHOP_007,BEN_01223,2025-12-29 15:44:41.322714,Wheat,15,30.0,28.520513,77.217525,South Delhi,0,12819.0,15,False,False,False,False,True,1,0.12649686094621954
2685c819-3920-436d-84d6-debd8be083da,SHOP_007,BEN_00038,2025-12-30 10:57:25.322714,Sugar,3,60.0,28.520513,77.217525,South Delhi,0,69164.0,10,False,False,False,True,False,1,0.34243388116514917
da392487-21d8-42da-926c-4a07201f13ae,SHOP_007,BEN_01142,2025-12-30 13:30:31.322714,Oil,1,50.0,28.520513,77.217525,South Delhi,0,9186.0,13,False,True,False,False,False,1,0.1352294012237395
2ece8e92-743c-4b28-b107-dd2346ea3f59,SHOP_007,BEN_02546,2025-12-31 17:39:50.322714,Sugar,3,60.0,28.520513,77.217525,South Delhi,0,101359.0,17,False,False,False,True,False,-1,0.6732210178613557
395830dd-640f-4300-a1bd-0f87db4282e6,SHOP_007,BEN_02761,2025-12-31 19:37:25.322714,Rice,11,33.0,28.520513,77.217525,South Delhi,0,7055.0,19,False,False,True,False,False,1,0.3195504724473118
a6c92026-f14e-4c6b-9b3e-6acbd84a2998,SHOP_007,BEN_01243,2026-01-01 11:29:30.322714,Wheat,5,10.0,28.520513,77.217525,South Delhi,0,57125.0,11,False,False,False,False,True,1,0.503176408010052
556ff6db-f0b9-4cab-b93f-d742560215d5,SHOP_007,BEN_02197,2026-01-01 15:54:28.322714,Kerosene,3,75.0,28.520513,77.217525,South Delhi,0,15898.0,15,True,False,False,False,False,1,0.15857181680457838
033feb32-bb78-4cc2-9041-363916eb7eb6,SHOP_007,BEN_00267,2026-01-01 19:29:24.322714,Rice,16,48.0,28.520513,77.217525,South Delhi,0,12896.0,19,False,False,True,False,False,1,0.3497590395374137
b4397613-c4ff-4117-aa91-e2b6b49178cc,SHOP_007,BEN_02889,2026-01-02 10:25:03.322714,Kerosene,1,25.0,28.520513,77.217525,South Delhi,0,53739.0,10,True,False,False,False,False,1,0.3946573387204878
59148cd4-0f41-4d3e-8306-7e431a5a7ad5,SHOP_007,BEN_01082,2026-01-02 10:54:43.322714,Oil,1,50.0,28.520513,77.217525,South Delhi,0,1780.0,10,False,True,False,False,False,1,0.20636640478113943
1ba4e5f9-7097-41b9-b067-dd8fcbe13082,SHOP_007,BEN_00378,2026-01-02 16:17:42.322714,Wheat,15,30.0,28.520513,77.217525,South Delhi,0,19379.0,16,False,False,False,False,True,1,0.21779622512633884
8249795c-b7b5-48b7-a11e-4547db6f08de,SHOP_007,BEN_01178,2026-01-02 17:30:26.322714,Kerosene,2,50.0,28.520513,77.217525,South Delhi,0,4364.0,17,True,False,False,False,False,1,0.14285703985816606
56d56dc2-ef77-42cb-96a2-7b65ad931a11,SHOP_007,BEN_00384,2026-01-03 13:18:13.322714,Wheat,18,36.0,28.520513,77.217525,South Delhi,0,71267.0,13,False,False,False,False,True,1,0.5422934071702002
916b7c5d-f93b-4431-9fde-85c7f51caba4,SHOP_007,BEN_00140,2026-01-03 15:27:13.322714,Wheat,15,30.0,28.520513,77.217525,South Delhi,0,7740.0,15,False,False,False,False,True,1,0.11199496682542892
15660f72-ab12-41b3-9840-af756f425814,SHOP_007,BEN_01949,2026-01-03 17:29:27.322714,Oil,2,100.0,28.520513,77.217525,South Delhi,0,7334.0,17,False,True,False,False,False,1,0.08381956140924363
746c3fa5-eba0-456a-8883-8819a4036481,SHOP_007,BEN_00583,2026-01-03 19:13:17.322714,Oil,1,50.0,28.520513,77.217525,South Delhi,0,6230.0,19,False,True,False,False,False,1,0.2812026831353212
1019e36b-a804-4f9d-9105-e0c5d280c3b9,SHOP_007,BEN_00724,2026-01-04 08:16:05.322714,Kerosene,2,50.0,28.520513,77.217525,South Delhi,0,46968.0,8,True,False,False,False,False,1,0.4119656919872071
bc82980e-fec0-4c1e-9f67-da393de4daac,SHOP_007,BEN_00110,2026-01-04 14:18:13.322714,Sugar,3,60.0,28.520513,77.217525,South Delhi,0,21728.0,14,False,False,False,True,False,1,0.22992486457377975
7a24181c-4ad3-45c3-9221-611edd5f7a82,SHOP_007,BEN_00247,2026-01-04 15:07:29.322714,Oil,1,50.0,28.520513,77.217525,South Delhi,0,2956.0,15,False,True,False,False,False,1,0.07802882501177943
70384b0d-c402-4144-be96-a68579600acd,SHOP_007,BEN_00949,2026-01-04 15:19:03.322714,Wheat,8,16.0,28.520513,77.217525,South Delhi,0,694.0,15,False,False,False,False,True,1,0.2423838010380524
f3736675-2f6f-4b49-a73a-7b6961fdb11e,SHOP_007,BEN_01263,2026-01-04 17:35:58.322714,Kerosene,3,75.0,28.520513,77.217525,South Delhi,0,8215.0,17,True,False,False,False,False,1,0.18898514068269712
434bd4e0-b3b8-4545-b969-81461ee3685e,SHOP_007,BEN_01401,2026-01-04 17:53:10.322714,Oil,2,100.0,28.520513,77.217525,South Delhi,0,1032.0,17,False,True,False,False,False,1,0.16687732460134758
d1cc7b47-710e-4dab-b9db-51887c814c4a,SHOP_007,BEN_02229,2026-01-05 09:04:47.322714,Oil,2,100.0,28.520513,77.217525,South Delhi,0,54697.0,9,False,True,False,False,False,1,0.2745942976494645
eafc747e-5040-48e8-a5f2-b2bb3d23e507,SHOP_007,BEN_02860,2026-01-05 19:20:58.322714,Wheat,7,14.0,28.520513,77.217525,South Delhi,0,36971.0,19,False,False,False,False,True,1,0.5804005257300427
bbc3c068-f533-4fac-82cb-9dc7cde478e5,SHOP_007,BEN_00765,2026-01-06 08:41:40.322714,Rice,7,21.0,28.520513,77.217525,South Delhi,0,48042.0,8,False,False,True,False,False,1,0.4314724420774203
3450ab70-5a91-4869-97fb-317a43e1b55e,SHOP_007,BEN_01811,2026-01-06 13:14:28.322714,Rice,17,51.0,28.520513,77.217525,South Delhi,0,16368.0,13,False,False,True,False,False,1,0.21371859802142973
58ada024-8b43-4e9d-9410-5a26db49068a,SHOP_007,BEN_00791,2026-01-06 16:27:37.322714,Sugar,3,60.0,28.520513,77.217525,South Delhi,0,11589.0,16,False,False,False,True,False,1,0.13342915861903898
6d64a15a-3024-4366-aa57-41097cabe91a,SHOP_007,BEN_01972,2026-01-06 17:40:39.322714,Rice,14,42.0,28.520513,77.217525,South Delhi,0,4382.0,17,False,False,True,False,False,1,0.1936099905361094
98b13497-2204-41d6-bbbd-0ae6511b825c,SHOP_007,BEN_00338,2026-01-06 19:11:03.322714,Kerosene,3,75.0,28.520513,77.217525,South Delhi,0,5424.0,19,True,False,False,False,False,1,0.28044820323201114
e7f98f83-49ec-471b-9e1a-3049bf9f93e1,SHOP_007,BEN_01758,2026-01-07 10:53:39.322714,Oil,1,50.0,28.520513,77.217525,South Delhi,0,56556.0,10,False,True,False,False,False,1,0.30548114744775895
b2f7cf67-dd55-4780-8bbc-8c39d0de7771,SHOP_007,BEN_01813,2026-01-07 11:14:14.322714,Sugar,1,20.0,28.520513,77.217525,South Delhi,0,1235.0,11,False,False,False,True,False,1,0.2388993135219376
1add8acb-7eb5-4521-a9f8-7de554fba266,SHOP_007,BEN_00697,2026-01-08 10:30:50.322714,Sugar,2,40.0,28.520513,77.217525,South Delhi,0,83796.0,10,False,False,False,True,False,1,0.37504826886536813
dd4d2624-0d17-455f-87be-af0f985086e9,SHOP_007,BEN_01851,2026-01-08 16:30:07.322714,Sugar,3,60.0,28.520513,77.217525,South Delhi,0,21557.0,16,False,False,False,True,False,1,0.24641236446809045
daf2d893-8f18-4b45-a802-872d656dfe5b,SHOP_007,BEN_00452,2026-01-09 12:34:29.322714,Kerosene,2,50.0,28.520513,77.217525,South Delhi,0,72262.0,12,True,False,False,False,False,1,0.4336629753223779
2d01f86d-4b6c-44ef-bcbd-84b560f77aa9,SHOP_007,BEN_01116,2026-01-10 09:52:31.322714,Kerosene,3,75.0,28.520513,77.217525,South Delhi,0,76682.0,9,True,False,False,False,False,1,0.5163966797961068
5f78c7cc-fd58-4e80-aa8f-67f66535bdf7,SHOP_007,BEN_01581,2026-01-10 10:11:03.322714,Kerosene,1,25.0,28.520513,77.217525,South Delhi,0,1112.0,10,True,False,False,False,False,1,0.32659858556796795
49ecd457-ade0-4dcc-8400-62f08cd06251,SHOP_007,BEN_00657,2026-01-10 12:53:40.322714,Oil,2,100.0,28.520513,77.217525,South Delhi,0,9757.0,12,False,True,False,False,False,1,0.13607836734780027
8f42c916-1181-478e-a5bc-d51ffbbc844c,SHOP_007,BEN_01610,2026-01-10 17:29:34.322714,Wheat,11,22.0,28.520513,77.217525,South Delhi,0,16554.0,17,False,False,False,False,True,1,0.23659633316578343
66783eeb-a439-4690-9700-7db546aa31a2,SHOP_007,BEN_02965,2026-01-11 08:25:56.322714,Oil,2,100.0,28.520513,77.217525,South Delhi,0,53782.0,8,False,True,False,False,False,1,0.3482059621347161
3d389d3f-fc25-4896-97aa-253fb0f4600c,SHOP_007,BEN_01220,2026-01-11 08:39:34.322714,Sugar,2,40.0,28.520513,77.217525,South Delhi,0,818.0,8,False,False,False,True,False,1,0.4176854034364669
2a476a01-097d-4eb7-a0cd-8c53fd279b21,SHOP_007,BEN_01504,2026-01-11 09:24:46.322714,Wheat,8,16.0,28.520513,77.217525,South Delhi,0,2712.0,9,False,False,False,False,True,1,0.4205580942896561
fc6f6d75-f60c-46d5-97d5-fead726b6b16,SHOP_007,BEN_01075,2026-01-11 09:26:46.322714,Sugar,1,20.0,28.520513,77.217525,South Delhi,0,120.0,9,False,False,False,True,False,1,0.40789687814777603
e524ab94-b1fe-4e0b-8a8f-f116c2a69c0c,SHOP_007,BEN_01119,2026-01-11 13:42:15.322714,Wheat,5,10.0,28.520513,77.217525,South Delhi,0,15329.0,13,False,False,False,False,True,1,0.29797866282651636
f16ba85c-64b1-4ce7-80ee-41798da7c96f,SHOP_007,BEN_01246,2026-01-11 18:44:01.322714,Sugar,2,40.0,28.520513,77.217525,South Delhi,0,18106.0,18,False,False,False,True,False,1,0.24975578944530719
7ccb507b-b57c-4b53-ae30-28262c8d792f,SHOP_007,BEN_00761,2026-01-13 08:52:16.322714,Wheat,17,34.0,28.520513,77.217525,South Delhi,0,137295.0,8,False,False,False,False,True,-1,0.8813363323902955
8b0d551c-477d-4b57-ad43-4271e36d62c4,SHOP_007,BEN_02200,2026-01-13 09:06:45.322714,Wheat,13,26.0,28.520513,77.217525,South Delhi,0,869.0,9,False,False,False,False,True,1,0.4404522427852402
2ee50637-97f5-4cfb-90ff-fff51cdb327c,SHOP_007,BEN_01671,2026-01-13 10:32:30.322714,Rice,12,36.0,28.520513,77.217525,South Delhi,0,5145.0,10,False,False,True,False,False,1,0.22698977202662268
c3e9fbe8-6ff6-4331-9be4-3952ebdb2349,SHOP_007,BEN_00363,2026-01-13 12:30:27.322714,Kerosene,2,50.0,28.520513,77.217525,South Delhi,0,7077.0,12,True,False,False,False,False,1,0.1605012078322688
71aead42-f8b9-4a87-aa26-030eef44167a,SHOP_007,BEN_02830,2026-01-13 12:57:34.322714,Sugar,1,20.0,28.520513,77.217525,South Delhi,0,1627.0,12,False,False,False,True,False,1,0.16782446356866687
07b8444e-38ca-4fa6-bed5-e997db800a78,SHOP_007,BEN_02552,2026-01-13 14:01:52.322714,Kerosene,1,25.0,28.520513,77.217525,South Delhi,0,3858.0,14,True,False,False,False,False,1,0.12996543564348334
bbddd3a2-f197-4466-837c-b147429d0f6b,SHOP_007,BEN_00038,2026-01-13 19:11:56.322714,Sugar,1,20.0,28.520513,77.217525,South Delhi,0,18604.0,19,False,False,False,True,False,1,0.3768181151590888
d1508ec0-be72-45c0-872e-39624730445b,SHOP_007,BEN_01540,2026-01-13 19:30:24.322714,Wheat,20,40.0,28.520513,77.217525,South Delhi,0,1108.0,19,False,False,False,False,True,1,0.5371871629137127
6ba7168d-bf5c-4c54-8a72-4b9ef5f56214,SHOP_007,BEN_00460,2026-01-14 08:15:54.322714,Oil,1,50.0,28.520513,77.217525,South Delhi,0,45930.0,8,False,True,False,False,False,1,0.40659575183946983
a2ffb3a0-7b1b-4f20-9aea-3b8589e75a8e,SHOP_007,BEN_00220,2026-01-14 17:05:18.322714,Kerosene,1,25.0,28.520513,77.217525,South Delhi,0,31764.0,17,True,False,False,False,False,1,0.4157200392778877
ad126000-e1f9-4dcd-96b1-f83ae9698349,SHOP_007,BEN_01574,2026-01-14 18:44:47.322714,Rice,8,24.0,28.520513,77.217525,South Delhi,0,5969.0,18,False,False,True,False,False,1,0.268772151932042
c4a9619a-c998-4caf-8ce2-09b9bb9a2d90,SHOP_007,BEN_01062,2026-01-14 19:31:50.322714,Kerosene,1,25.0,28.520513,77.217525,South Delhi,0,2823.0,19,True,False,False,False,False,1,0.2773159112355679
11243b59-7af7-498e-b9ea-fb1f56e4b81c,SHOP_007,BEN_01022,2026-01-15 08:17:16.322714,Oil,1,50.0,28.520513,77.217525,South Delhi,0,45926.0,8,False,True,False,False,False,1,0.40659575183946983
3a901bb5-6ede-4615-a639-082f211ea3ff,SHOP_008,BEN_02257,2025-12-17 09:39:44.322714,Wheat,15,30.0,28.666336,77.103257,West Delhi,0,9999.0,9,False,False,False,False,True,1,0.3573842985677236
7c2d87e5-8d60-442c-999b-468423dab1d6,SHOP_008,BEN_00179,2025-12-17 12:01:11.322714,Wheat,11,22.0,28.666336,77.103257,West Delhi,0,8487.0,12,False,False,False,False,True,1,0.14728060204060095
565bddda-a245-424e-8f0c-556cdca53de8,SHOP_008,BEN_02629,2025-12-17 17:10:10.322714,Wheat,16,32.0,28.666336,77.103257,West Delhi,0,18539.0,17,False,False,False,False,True,1,0.27262649453819265
a371db36-8ad5-4231-bac0-623d6a8a1f2b,SHOP_008,BEN_01053,2025-12-18 09:13:52.322714,Sugar,2,40.0,28.666336,77.103257,West Delhi,0,57822.0,9,False,False,False,True,False,1,0.2962961974981816
41f34680-1c22-4609-b035-e107418f8ceb,SHOP_008,BEN_02454,2025-12-18 14:59:42.322714,Kerosene,2,50.0,28.666336,77.103257,West Delhi,0,20750.0,14,True,False,False,False,False,1,0.19597893067752548
d2ebef19-c8d7-4ab4-bc2d-13ccb03a46c2,SHOP_008,BEN_01140,2025-12-18 16:38:01.322714,Wheat,5,10.0,28.666336,77.103257,West Delhi,0,5899.0,16,False,False,False,False,True,1,0.24036260113925545
fedc101a-673c-456d-a130-ff385a195688,SHOP_008,BEN_00597,2025-12-19 09:52:38.322714,Kerosene,3,75.0,28.666336,77.103257,West Delhi,0,62077.0,9,True,False,False,False,False,1,0.44314593741221453
a764278d-c085-4768-a64a-c249dbf11973,SHOP_008,BEN_01892,2025-12-19 10:42:50.322714,Wheat,15,30.0,28.666336,77.103257,West Delhi,0,3012.0,10,False,False,False,False,True,1,0.26090166450239305
475be21b-6f01-4fb4-84b1-4a8b8ca48c03,SHOP_008,BEN_01551,2025-12-19 11:41:12.322714,Sugar,2,40.0,28.666336,77.103257,West Delhi,0,3502.0,11,False,False,False,True,False,1,0.15572804853009353
04a75b61-0b32-4218-91d9-05c55f8627df,SHOP_008,BEN_00915,2025-12-19 15:06:08.322714,Kerosene,2,50.0,28.666336,77.103257,West Delhi,0,12296.0,15,True,False,False,False,False,1,0.1132454751931612
9e077db5-2311-490e-acf4-1b6436414b26,SHOP_008,BEN_02275,2025-12-19 18:27:28.322714,Oil,1,50.0,28.666336,77.103257,West Delhi,0,12080.0,18,False,True,False,False,False,1,0.2230653737444363
dd30dee7-74ff-4ddb-a479-151df26dad9e,SHOP_008,BEN_02011,2025-12-20 08:53:12.322714,Rice,7,21.0,28.666336,77.103257,West Delhi,0,51944.0,8,False,False,True,False,False,1,0.42511999619309737
78f439a2-d0c0-4303-aa71-77021ade5f7a,SHOP_008,BEN_00287,2025-12-20 10:18:44.322714,Rice,18,54.0,28.666336,77.103257,West Delhi,0,5132.0,10,False,False,True,False,False,1,0.3315821585010836
66f589c9-0edb-4fee-82ff-86877e625e0b,SHOP_008,BEN_00135,2025-12-20 13:06:55.322714,Kerosene,2,50.0,28.666336,77.103257,West Delhi,0,10091.0,13,True,False,False,False,False,1,0.15381455376983721
6193d3f7-1a1c-498d-bfb5-c7701905eec4,SHOP_008,BEN_00525,2025-12-20 14:37:51.322714,Sugar,3,60.0,28.666336,77.103257,West Delhi,0,5456.0,14,False,False,False,True,False,1,0.12890563986283338
cb47c3de-5889-402e-b5fd-d6482adf42d6,SHOP_008,BEN_01473,2025-12-21 08:23:28.322714,Rice,15,45.0,28.666336,77.103257,West Delhi,0,63937.0,8,False,False,True,False,False,1,0.5338982837166124
b14b7bdf-0c66-49c7-a432-b550cc627699,SHOP_008,BEN_01972,2025-12-21 13:25:46.322714,Oil,1,50.0,28.666336,77.103257,West Delhi,0,18138.0,13,False,True,False,False,False,1,0.19361399411708802
0931a95b-8a6e-46dd-9797-9188985d0130,SHOP_008,BEN_00782,2025-12-21 13:29:28.322714,Rice,16,48.0,28.666336,77.103257,West Delhi,0,222.0,13,False,False,True,False,False,1,0.20501558735468484
d0489919-f84c-4d96-a453-eea6ad6379d5,SHOP_008,BEN_01515,2025-12-21 16:29:23.322714,Oil,1,50.0,28.666336,77.103257,West Delhi,0,10795.0,16,False,True,False,False,False,1,0.11216818692863323
fcc0ac60-bdfd-4a69-a623-1fb0aa95d3a6,SHOP_008,BEN_01708,2025-12-22 08:04:25.322714,Rice,6,18.0,28.666336,77.103257,West Delhi,0,56102.0,8,False,False,True,False,False,1,0.44595145769069616
52bcd56b-85cb-49b9-a571-e055f9aefcd5,SHOP_008,BEN_02782,2025-12-22 12:01:36.322714,Kerosene,1,25.0,28.666336,77.103257,West Delhi,0,14231.0,12,True,False,False,False,False,1,0.24117378634457365
9ff3adf0-a0ca-4a5a-8208-e5a5a5e55a24,SHOP_008,BEN_00322,2025-12-22 18:09:26.322714,Wheat,9,18.0,28.666336,77.103257,West Delhi,0,22070.0,18,False,False,False,False,True,1,0.37439137091170094
0cefda6e-e79d-40f1-a047-7d1fc16c530c,SHOP_008,BEN_00999,2025-12-23 10:03:06.322714,Wheat,19,38.0,28.666336,77.103257,West Delhi,0,57220.0,10,False,False,False,False,True,1,0.5199245462794253
57f19248-7d46-4b31-8f17-abc57fdc6146,SHOP_008,BEN_02144,2025-12-23 12:17:30.322714,Rice,11,33.0,28.666336,77.103257,West Delhi,0,8064.0,12,False,False,True,False,False,1,0.1412320227713803
32aa3dd5-87fa-4e10-b4ab-7b8f2d68f959,SHOP_008,BEN_02571,2025-12-23 12:26:07.322714,Wheat,15,30.0,28.666336,77.103257,West Delhi,0,517.0,12,False,False,False,False,True,1,0.22895338262462772
3c3c691e-3650-4277-9b0d-3fbd695203c1,SHOP_008,BEN_00809,2025-12-23 15:24:04.322714,Sugar,1,20.0,28.666336,77.103257,West Delhi,0,10677.0,15,False,False,False,True,False,1,0.15023317481405485
733262a0-ad79-4e8a-8b66-629d389a23c6,SHOP_008,BEN_00350,2025-12-23 16:25:57.322714,Oil,2,100.0,28.666336,77.103257,West Delhi,0,3713.0,16,False,True,False,False,False,1,0.032409222312136166
cd8e365a-6364-4d42-8f82-977a0d30f440,SHOP_008,BEN_01833,2025-12-24 10:48:14.322714,Sugar,1,20.0,28.666336,77.103257,West Delhi,0,66137.0,10,False,False,False,True,False,1,0.3352084414651541
b0de207a-39bd-45e5-a741-539648973c5b,SHOP_008,BEN_00111,2025-12-24 13:06:39.322714,Rice,11,33.0,28.666336,77.103257,West Delhi,0,8305.0,13,False,False,True,False,False,1,0.1392361595527946
778b9892-473b-4530-9e96-6ad3190aad5a,SHOP_008,BEN_01283,2025-12-26 18:51:21.322714,Rice,14,42.0,28.666336,77.103257,West Delhi,0,193482.0,18,False,False,True,False,False,-1,0.9844825865100635
2b0622ea-8121-46fb-9416-00c40f39d721,SHOP_008,BEN_00012,2025-12-26 19:37:50.322714,Sugar,2,40.0,28.666336,77.103257,West Delhi,0,2789.0,19,False,False,False,True,False,1,0.272201574405802
5054d085-562f-4541-bc32-1939904729f1,SHOP_008,BEN_01019,2025-12-26 19:43:32.322714,Oil,1,50.0,28.666336,77.103257,West Delhi,0,342.0,19,False,True,False,False,False,1,0.32407493667600606
b34636a3-3478-41d6-afdf-89fad9f42060,SHOP_008,BEN_01534,2025-12-27 09:02:24.322714,Oil,1,50.0,28.666336,77.103257,West Delhi,0,47932.0,9,False,True,False,False,False,1,0.2953886373454188
b9eb34a1-baa3-4c92-a38a-1bc32763c8fd,SHOP_008,BEN_01687,2025-12-27 10:25:23.322714,Oil,2,100.0,28.666336,77.103257,West Delhi,0,4979.0,10,False,True,False,False,False,1,0.1753183582345934
ebbc08dc-18c9-4d61-870f-42d9cd397dfc,SHOP_008,BEN_00515,2025-12-27 10:55:19.322714,Sugar,3,60.0,28.666336,77.103257,West Delhi,0,1796.0,10,False,False,False,True,False,1,0.2779315870019114
ed9d84fc-df2a-4a4d-8c43-7a5fb22df411,SHOP_008,BEN_02662,2025-12-27 19:22:01.322714,Wheat,10,20.0,28.666336,77.103257,West Delhi,0,30402.0,19,False,False,False,False,True,1,0.4998987423400062
21ef3b00-1a13-4c20-9964-0e28a5e6fcba,SHOP_008,BEN_00033,2025-12-28 09:53:38.322714,Wheat,16,32.0,28.666336,77.103257,West Delhi,0,52297.0,9,False,False,False,False,True,1,0.5054811374965189
8a7ce8a1-32af-4331-88c9-13c87f801897,SHOP_008,BEN_02576,2025-12-28 10:32:19.322714,Kerosene,1,25.0,28.666336,77.103257,West Delhi,0,2321.0,10,True,False,False,False,False,1,0.3067172719336703
b543299b-649c-4220-a07f-f73955e714aa,SHOP_008,BEN_02866,2025-12-28 16:18:28.322714,Rice,9,27.0,28.666336,77.103257,West Delhi,0,20769.0,16,False,False,True,False,False,1,0.25212408098515915
a1b17a58-8479-4417-8b19-b8e0345873c4,SHOP_008,BEN_01176,2025-12-28 16:19:57.322714,Oil,2,100.0,28.666336,77.103257,West Delhi,0,89.0,16,False,True,False,False,False,1,0.11325519327695116
cd2680fe-284c-4130-aa79-6559b5635b13,SHOP_008,BEN_00300,2025-12-28 17:58:59.322714,Wheat,16,32.0,28.666336,77.103257,West Delhi,0,5942.0,17,False,False,False,False,True,1,0.21504494332363217
ff112297-3a93-476c-9efd-16539eed04e6,SHOP_008,BEN_01076,2025-12-29 12:00:24.322714,Rice,9,27.0,28.666336,77.103257,West Delhi,0,64885.0,12,False,False,True,False,False,1,0.38860567584413785
f6407209-2bfe-4261-b1c6-c52bb451392e,SHOP_008,BEN_00988,2025-12-29 13:55:56.322714,Rice,20,60.0,28.666336,77.103257,West Delhi,0,6932.0,13,False,False,True,False,False,1,0.3651912227653959
b3e826de-c584-4a31-911e-e3ae5940b71d,SHOP_008,BEN_01519,2025-12-29 16:09:08.322714,Wheat,6,12.0,28.666336,77.103257,West Delhi,0,7992.0,16,False,False,False,False,True,1,0.20847476579385427
0edaacc9-3fc9-4ba4-b1bd-7c348bd48072,SHOP_008,BEN_02094,2025-12-29 16:54:38.322714,Sugar,3,60.0,28.666336,77.103257,West Delhi,0,2730.0,16,False,False,False,True,False,1,0.13849767339708652
dbe2bcf5-f140-473c-b6dc-764629d16802,SHOP_008,BEN_01966,2025-12-29 19:37:31.322714,Rice,9,27.0,28.666336,77.103257,West Delhi,0,9773.0,19,False,False,True,False,False,1,0.3468371040078648
abb706d1-6039-47a8-9469-d5ba2dbcb55c,SHOP_008,BEN_02940,2025-12-30 11:39:22.322714,Rice,13,39.0,28.666336,77.103257,West Delhi,0,57711.0,11,False,False,True,False,False,1,0.35042482944430675
1f8c4764-873f-4928-9b80-e9bbf7915b87,SHOP_008,BEN_00974,2025-12-30 12:45:32.322714,Kerosene,1,25.0,28.666336,77.103257,West Delhi,0,3970.0,12,True,False,False,False,False,1,0.1765923077612866
7d007ecd-bc7f-4a47-aa38-748d103a4fea,SHOP_008,BEN_02584,2025-12-31 11:26:26.322714,Oil,2,100.0,28.666336,77.103257,West Delhi,0,81654.0,11,False,True,False,False,False,1,0.4713690604274769
0594c68c-7603-4688-8689-176eecfb5a2b,SHOP_008,BEN_01910,2025-12-31 11:30:50.322714,Wheat,15,30.0,28.666336,77.103257,West Delhi,0,264.0,11,False,False,False,False,True,1,0.26388830724321866
f607f5c5-0e5b-49e7-83f2-05999a74e6cd,SHOP_008,BEN_00501,2026-01-01 10:23:57.322714,Rice,8,24.0,28.666336,77.103257,West Delhi,0,82387.0,10,False,False,True,False,False,1,0.5015311453551481
63cf1b5a-3187-4945-a650-90dd1d1267c6,SHOP_008,BEN_01909,2026-01-01 13:57:32.322714,Rice,9,27.0,28.666336,77.103257,West Delhi,0,12815.0,13,False,False,True,False,False,1,0.185500389199866
5f66b821-58a7-407c-b968-884ef523f121,SHOP_008,BEN_02340,2026-01-01 18:16:04.322714,Rice,5,15.0,28.666336,77.103257,West Delhi,0,15512.0,18,False,False,True,False,False,1,0.323733648981912
901ef921-6f29-4471-92de-409e8559eba8,SHOP_008,BEN_00268,2026-01-02 03:01:31.322714,Wheat,14,28.0,28.666336,77.103257,West Delhi,1,31527.0,3,False,False,False,False,True,-1,0.7157053845562142
0c16eef3-9bfb-418c-83b5-7c3159a733e3,SHOP_008,BEN_01457,2026-01-02 09:25:32.322714,Wheat,7,14.0,28.666336,77.103257,West Delhi,0,23041.0,9,False,False,False,False,True,1,0.49704124360360946
371e6eba-866c-480d-b51c-01f4defdd0a7,SHOP_008,BEN_02806,2026-01-03 12:06:29.322714,Rice,13,39.0,28.666336,77.103257,West Delhi,0,96057.0,12,False,False,True,False,False,-1,0.6074383048180427
5ecbc16c-4066-4625-ac05-caf7c59dc0a5,SHOP_008,BEN_00954,2026-01-03 14:31:17.322714,Kerosene,3,75.0,28.666336,77.103257,West Delhi,0,8688.0,14,True,False,False,False,False,1,0.15633460612687244
49d7bd11-c481-46b5-b2c8-fab3fe097013,SHOP_008,BEN_01376,2026-01-03 15:23:23.322714,Wheat,20,40.0,28.666336,77.103257,West Delhi,0,3126.0,15,False,False,False,False,True,1,0.3430867848976108
071c9199-d083-4de3-b934-962a93c8f7f2,SHOP_008,BEN_00481,2026-01-03 18:24:25.322714,Rice,11,33.0,28.666336,77.103257,West Delhi,0,10862.0,18,False,False,True,False,False,1,0.23034885433405528
13a07d69-77d4-4ab0-b986-aace7363fc05,SHOP_008,BEN_01452,2026-01-04 11:36:59.322714,Wheat,6,12.0,28.666336,77.103257,West Delhi,0,61954.0,11,False,False,False,False,True,1,0.47370872563777916
c0e6e7df-c600-46ce-8c07-02868ab1cee6,SHOP_008,BEN_00166,2026-01-04 11:38:42.322714,Oil,1,50.0,28.666336,77.103257,West Delhi,0,103.0,11,False,True,False,False,False,1,0.2120247608109201
e83357cd-a14e-4929-8d62-b09216b99857,SHOP_008,BEN_02313,2026-01-04 14:56:58.322714,Kerosene,3,75.0,28.666336,77.103257,West Delhi,0,11896.0,14,True,False,False,False,False,1,0.1709275649833285
c581fbb5-025f-4583-9ee7-e7b5eb96e342,SHOP_008,BEN_01422,2026-01-04 15:46:00.322714,Rice,6,18.0,28.666336,77.103257,West Delhi,0,2942.0,15,False,False,True,False,False,1,0.20093426525150798
5308e8a4-7e7d-429f-b285-4d38e5eb46e3,SHOP_008,BEN_01642,2026-01-05 10:24:00.322714,Sugar,1,20.0,28.666336,77.103257,West Delhi,0,67080.0,10,False,False,False,True,False,1,0.3485115754637224
d9469e30-7282-4c94-b3a6-ca345f58bac7,SHOP_008,BEN_01889,2026-01-05 14:37:35.322714,Sugar,3,60.0,28.666336,77.103257,West Delhi,0,15215.0,14,False,False,False,True,False,1,0.15181417387496443
35a3be94-7458-44d2-a7e5-da7a22ca8318,SHOP_008,BEN_01652,2026-01-05 15:57:26.322714,Wheat,18,36.0,28.666336,77.103257,West Delhi,0,4791.0,15,False,False,False,False,True,1,0.20233252385740597
f99e5ce9-db37-45c3-ba8d-4d2290e5ed2a,SHOP_008,BEN_00014,2026-01-05 16:50:57.322714,Oil,1,50.0,28.666336,77.103257,West Delhi,0,3211.0,16,False,True,False,False,False,1,0.09494607168061042
b89b97e1-8d93-4a5c-842b-e58914243210,SHOP_008,BEN_00100,2026-01-06 14:00:15.322714,Sugar,2,40.0,28.666336,77.103257,West Delhi,0,76158.0,14,False,False,False,True,False,1,0.3289096347784014
c30745c5-67d9-4465-8ee4-0eb3457f4aeb,SHOP_008,BEN_00821,2026-01-06 14:10:38.322714,Kerosene,1,25.0,28.666336,77.103257,West Delhi,0,623.0,14,True,False,False,False,False,1,0.21725958429523595
3c3041f3-3eee-45a5-81f0-464871d78339,SHOP_008,BEN_00194,2026-01-06 14:22:37.322714,Kerosene,1,25.0,28.666336,77.103257,West Delhi,0,719.0,14,True,False,False,False,False,1,0.21725958429523595
f8f2cb6e-f5c7-40f0-9caf-d5f07deaf048,SHOP_008,BEN_02193,2026-01-06 16:28:13.322714,Sugar,1,20.0,28.666336,77.103257,West Delhi,0,7536.0,16,False,False,False,True,False,1,0.13722990371549104
00881353-e894-4a45-b52c-fa3136bbd3c9,SHOP_008,BEN_00938,2026-01-07 10:08:18.322714,Rice,7,21.0,28.666336,77.103257,West Delhi,0,63605.0,10,False,False,True,False,False,1,0.39151798567900886
4bb0dc40-a7c7-461e-9cd3-a159d64392c1,SHOP_008,BEN_00904,2026-01-07 13:04:46.322714,Sugar,2,40.0,28.666336,77.103257,West Delhi,0,10588.0,13,False,False,False,True,False,1,0.10348407077741706
c7835e8f-3b19-4607-bfb1-bfdf21f9e347,SHOP_008,BEN_01091,2026-01-07 18:07:29.322714,Kerosene,1,25.0,28.666336,77.103257,West Delhi,0,18163.0,18,True,False,False,False,False,1,0.27193672295079707
a2b9cb4a-d2a8-4fa0-b602-b0e96f22e8c0,SHOP_008,BEN_00084,2026-01-07 19:55:17.322714,Kerosene,2,50.0,28.666336,77.103257,West Delhi,0,6468.0,19,True,False,False,False,False,1,0.23315184524375926
409a7241-a63d-4809-a208-2fda358f1fae,SHOP_008,BEN_02223,2026-01-08 13:16:49.322714,Wheat,7,14.0,28.666336,77.103257,West Delhi,0,62492.0,13,False,False,False,False,True,1,0.47275881704364303
c367467a-6589-4431-82ea-835a533a8b03,SHOP_008,BEN_00376,2026-01-08 15:09:34.322714,Kerosene,2,50.0,28.666336,77.103257,West Delhi,0,6765.0,15,True,False,False,False,False,1,0.08961497747803432
71ed374a-ba8a-422c-ad89-06b1c90d602e,SHOP_008,BEN_01528,2026-01-09 09:54:17.322714,Wheat,20,40.0,28.666336,77.103257,West Delhi,0,67483.0,9,False,False,False,False,True,-1,0.6163311271421295
a58f0c9a-da64-4873-a502-1f24316c2974,SHOP_008,BEN_00271,2026-01-09 15:07:53.322714,Wheat,20,40.0,28.666336,77.103257,West Delhi,0,18816.0,15,False,False,False,False,True,1,0.3725786143528766
2a550e21-107d-4519-b8ea-91c96770b679,SHOP_008,BEN_02042,2026-01-10 15:04:03.322714,Kerosene,3,75.0,28.666336,77.103257,West Delhi,0,86170.0,15,True,False,False,False,False,1,0.5583774158777843
78e25b08-fcaa-485a-9147-1b29072ac4f9,SHOP_008,BEN_02112,2026-01-10 15:05:20.322714,Sugar,1,20.0,28.666336,77.103257,West Delhi,0,77.0,15,False,False,False,True,False,1,0.20023451175116624
9bebf0cc-6bb1-4e11-8880-02463a782d19,SHOP_008,BEN_00888,2026-01-11 14:35:16.322714,Sugar,2,40.0,28.666336,77.103257,West Delhi,0,84596.0,14,False,False,False,True,False,1,0.3881668751783719
c3403bc8-a808-4923-896a-f8fca9e34e90,SHOP_008,BEN_01440,2026-01-11 18:22:15.322714,Sugar,3,60.0,28.666336,77.103257,West Delhi,0,13619.0,18,False,False,False,True,False,1,0.25005166317476474
920f2bd2-736a-4187-9d5a-444a21d74f6f,SHOP_008,BEN_00635,2026-01-12 08:24:43.322714,Wheat,11,22.0,28.666336,77.103257,West Delhi,0,50548.0,8,False,False,False,False,True,1,0.5161279295580102
594a1a5f-979b-43b9-8f3a-a8436406f692,SHOP_008,BEN_01373,2026-01-12 09:44:38.322714,Kerosene,1,25.0,28.666336,77.103257,West Delhi,0,4795.0,9,True,False,False,False,False,1,0.34977051669862164
640faf0d-94ee-4f72-92e9-6c905a640ebe,SHOP_008,BEN_00096,2026-01-12 11:27:15.322714,Oil,2,100.0,28.666336,77.103257,West Delhi,0,6157.0,11,False,True,False,False,False,1,0.15833794464058087
613aff99-36b6-4982-9623-c0c99917efff,SHOP_008,BEN_01574,2026-01-12 14:19:37.322714,Wheat,17,34.0,28.666336,77.103257,West Delhi,0,10342.0,14,False,False,False,False,True,1,0.1950974256505772
17ff7dc2-10c5-4575-bbd5-1a78a3b183b6,SHOP_008,BEN_01786,2026-01-12 15:47:41.322714,Sugar,2,40.0,28.666336,77.103257,West Delhi,0,5284.0,15,False,False,False,True,False,1,0.059795357092429224
c429de6f-5d30-45c9-a5f8-3f0db560d3c2,SHOP_008,BEN_02288,2026-01-13 11:06:25.322714,Rice,17,51.0,28.666336,77.103257,West Delhi,0,69524.0,11,False,False,True,False,False,1,0.45116286145236045
3592aac7-e36b-43c9-b86f-75cf34a1c310,SHOP_008,BEN_01274,2026-01-13 15:01:58.322714,Wheat,6,12.0,28.666336,77.103257,West Delhi,0,14133.0,15,False,False,False,False,True,1,0.22351515050640552
4b5ef35f-9ac0-4b41-ab91-51464d13195d,SHOP_008,BEN_00627,2026-01-13 16:20:53.322714,Kerosene,2,50.0,28.666336,77.103257,West Delhi,0,4735.0,16,True,False,False,False,False,1,0.10135436044455559
57b0fb5a-232f-421c-b8c9-a415b8788d44,SHOP_008,BEN_02355,2026-01-14 10:04:30.322714,Wheat,11,22.0,28.666336,77.103257,West Delhi,0,63817.0,10,False,False,False,False,True,1,0.3914576762462544
6c352be0-4475-4a85-aedd-74f668624fe1,SHOP_008,BEN_02433,2026-01-14 11:48:27.322714,Sugar,3,60.0,28.666336,77.103257,West Delhi,0,6237.0,11,False,False,False,True,False,1,0.22855295282901972
14d3351c-a628-4330-a84a-f88dfd3a8929,SHOP_008,BEN_00333,2026-01-14 11:58:29.322714,Sugar,1,20.0,28.666336,77.103257,West Delhi,0,602.0,11,False,False,False,True,False,1,0.25203815032261895
68103d35-9706-4bb1-a4a0-873aab0c45d2,SHOP_008,BEN_00202,2026-01-14 12:22:13.322714,Wheat,20,40.0,28.666336,77.103257,West Delhi,0,1424.0,12,False,False,False,False,True,1,0.4199457704566757
94713f4e-b1b7-48ad-8792-2d33170ec5c8,SHOP_008,BEN_02104,2026-01-14 17:51:30.322714,Kerosene,3,75.0,28.666336,77.103257,West Delhi,0,19757.0,17,True,False,False,False,False,1,0.2440783254647257
336639d6-3ba5-49e8-952b-f5b2da181223,SHOP_008,BEN_01794,2026-01-14 18:25:28.322714,Kerosene,1,25.0,28.666336,77.103257,West Delhi,0,2038.0,18,True,False,False,False,False,1,0.25104427136656976
6b2158e0-eee8-4acf-bfca-79cee3bc1862,SHOP_008,BEN_01332,2026-01-15 11:27:37.322714,Sugar,2,40.0,28.666336,77.103257,West Delhi,0,61329.0,11,False,False,False,True,False,1,0.23279545316383754
fca46f22-cb6c-4b5c-a8fe-ab7a696dff56,SHOP_009,BEN_01148,2025-12-17 10:24:18.322714,Rice,8,24.0,28.633713,77.107844,West Delhi,0,9999.0,10,False,False,True,False,False,1,0.25531367232789426
4f7122e0-3713-4202-b602-250fcefc7eaf,SHOP_009,BEN_00013,2025-12-17 13:57:39.322714,Kerosene,1,25.0,28.633713,77.107844,West Delhi,0,12801.0,13,True,False,False,False,False,1,0.17685450612122017
42ecb19d-a0f7-46d5-acd0-1e74e9369aa3,SHOP_009,BEN_02519,2025-12-17 13:58:10.322714,Sugar,3,60.0,28.633713,77.107844,West Delhi,0,31.0,13,False,False,False,True,False,1,0.18561831414679214
0ec2b2d1-d764-4fe9-9bb1-f03cf21a0a04,SHOP_009,BEN_01484,2025-12-17 15:01:37.322714,Wheat,7,14.0,28.633713,77.107844,West Delhi,0,3807.0,15,False,False,False,False,True,1,0.13313976965034374
b37c8e31-c88f-479d-8f0a-0cbb80ca7e5f,SHOP_009,BEN_00408,2025-12-18 14:04:59.322714,Oil,2,100.0,28.633713,77.107844,West Delhi,0,83002.0,14,False,True,False,False,False,1,0.5364755381539693
aa0f3708-874b-450f-a214-c5de13e37a6e,SHOP_009,BEN_00735,2025-12-18 16:41:47.322714,Wheat,19,38.0,28.633713,77.107844,West Delhi,0,9408.0,16,False,False,False,False,True,1,0.2890330418788859
d56bb46f-1bb8-451c-b876-63b3a08ed610,SHOP_009,BEN_00894,2025-12-19 11:18:00.322714,Kerosene,3,75.0,28.633713,77.107844,West Delhi,0,66973.0,11,True,False,False,False,False,1,0.44399210968923764
43461da6-9d62-4257-921b-0420f2c5753f,SHOP_009,BEN_00973,2025-12-19 17:19:08.322714,Wheat,9,18.0,28.633713,77.107844,West Delhi,0,21668.0,17,False,False,False,False,True,1,0.34982078143323625
753bfade-fdd9-4cd1-aa64-86a522479546,SHOP_009,BEN_02837,2025-12-20 13:32:07.322714,Kerosene,2,50.0,28.633713,77.107844,West Delhi,0,72779.0,13,True,False,False,False,False,1,0.44145591137476037
b1440e1b-2148-4690-b301-4f51b5f92b33,SHOP_009,BEN_02444,2025-12-20 14:14:31.322714,Kerosene,3,75.0,28.633713,77.107844,West Delhi,0,2544.0,14,True,False,False,False,False,1,0.16711127126813502
8453f4d0-3bd9-4468-9220-9f23f5f54927,SHOP_009,BEN_01828,2025-12-20 14:52:22.322714,Wheat,16,32.0,28.633713,77.107844,West Delhi,0,2271.0,14,False,False,False,False,True,1,0.1702958832618472
029d6c21-b40e-4de4-b93b-c6a98add92d3,SHOP_009,BEN_02772,2025-12-20 19:32:21.322714,Wheat,16,32.0,28.633713,77.107844,West Delhi,0,16799.0,19,False,False,False,False,True,1,0.3597400504483046
702d0c9b-6a09-4298-ab6f-6c89aa7baf0e,SHOP_009,BEN_01092,2025-12-21 10:41:02.322714,Sugar,1,20.0,28.633713,77.107844,West Delhi,0,54521.0,10,False,False,False,True,False,1,0.301552682338512
2e756b64-872c-4912-849f-223b4eabb9d0,SHOP_009,BEN_02975,2025-12-22 09:42:21.322714,Kerosene,3,75.0,28.633713,77.107844,West Delhi,0,82879.0,9,True,False,False,False,False,1,0.545521388331756
f0e8d43d-d921-47aa-931c-63c4e5ce7ae4,SHOP_009,BEN_00962,2025-12-22 10:03:52.322714,Kerosene,3,75.0,28.633713,77.107844,West Delhi,0,1291.0,10,True,False,False,False,False,1,0.2792185723725413
bd184a39-41da-4a40-9987-11df391e2203,SHOP_009,BEN_01185,2025-12-22 13:21:34.322714,Wheat,5,10.0,28.633713,77.107844,West Delhi,0,11862.0,13,False,False,False,False,True,1,0.2694405843621045
19d55d12-c782-4ea8-878c-6ffbe2c7b2a6,SHOP_009,BEN_00876,2025-12-22 16:16:30.322714,Oil,2,100.0,28.633713,77.107844,West Delhi,0,10496.0,16,False,True,False,False,False,1,0.05664030040657242
03fe04bf-164a-4e57-ad10-eb7b3466e4fc,SHOP_009,BEN_02464,2025-12-22 16:35:44.322714,Wheat,14,28.0,28.633713,77.107844,West Delhi,0,1154.0,16,False,False,False,False,True,1,0.20665109376021396
cc1a743a-d0c6-4d51-b53a-c556f881279d,SHOP_009,BEN_00085,2025-12-23 17:16:45.322714,Rice,5,15.0,28.633713,77.107844,West Delhi,0,88861.0,17,False,False,True,False,False,-1,0.669023598828793
99806f48-bec7-4664-ae15-c2ef916080ba,SHOP_009,BEN_00670,2025-12-24 10:38:07.322714,Rice,7,21.0,28.633713,77.107844,West Delhi,0,62482.0,10,False,False,True,False,False,1,0.3829939082424062
0675d4fc-adc7-4ffd-aeeb-2a2e5cf02a94,SHOP_009,BEN_01658,2025-12-24 13:35:28.322714,Wheat,19,38.0,28.633713,77.107844,West Delhi,0,10641.0,13,False,False,False,False,True,1,0.27201267845244176
09e764fa-38c0-4c4f-b57e-341c4ae22297,SHOP_009,BEN_02800,2025-12-24 14:03:19.322714,Rice,15,45.0,28.633713,77.107844,West Delhi,0,1671.0,14,False,False,True,False,False,1,0.16176755098544277
6ff093a9-77f4-49d0-9d9d-950fb22fbddc,SHOP_009,BEN_00025,2025-12-24 14:24:04.322714,Kerosene,2,50.0,28.633713,77.107844,West Delhi,0,1245.0,14,True,False,False,False,False,1,0.14139871780147345
8e56b148-c3ee-4b96-a41d-c2212e321bec,SHOP_009,BEN_02241,2025-12-24 15:30:55.322714,Rice,19,57.0,28.633713,77.107844,West Delhi,0,4011.0,15,False,False,True,False,False,1,0.2864433020516356
01282094-b0e4-4faa-a393-7852e7ed05e0,SHOP_009,BEN_01254,2025-12-24 15:41:20.322714,Kerosene,3,75.0,28.633713,77.107844,West Delhi,0,625.0,15,True,False,False,False,False,1,0.2079720257459563
76042565-461a-4541-b997-e4a0964bc57f,SHOP_009,BEN_00055,2025-12-25 09:13:25.322714,Sugar,2,40.0,28.633713,77.107844,West Delhi,0,63125.0,9,False,False,False,True,False,1,0.32971126001527956
d0ea350f-811c-4be3-905a-2ef12bf921fb,SHOP_009,BEN_02856,2025-12-25 10:52:11.322714,Wheat,18,36.0,28.633713,77.107844,West Delhi,0,5926.0,10,False,False,False,False,True,1,0.35178977042420845
0776b918-09c2-4dde-95bb-71039c73e634,SHOP_009,BEN_00270,2025-12-25 16:34:53.322714,Rice,20,60.0,28.633713,77.107844,West Delhi,0,20562.0,16,False,False,True,False,False,1,0.4351072161299664
76c78522-c26f-4e2c-b593-75ef33d4b77d,SHOP_009,BEN_00927,2025-12-26 16:59:54.322714,Rice,6,18.0,28.633713,77.107844,West Delhi,0,87901.0,16,False,False,True,False,False,-1,0.6062515648453238
353664b8-bd11-4463-9bf0-1ebe4a5a372e,SHOP_009,BEN_02885,2025-12-26 17:11:10.322714,Oil,1,50.0,28.633713,77.107844,West Delhi,0,676.0,17,False,True,False,False,False,1,0.2146081547132545
51d4919b-e477-437b-b816-90b0c99c26ba,SHOP_009,BEN_01320,2025-12-26 17:42:22.322714,Kerosene,1,25.0,28.633713,77.107844,West Delhi,0,1872.0,17,True,False,False,False,False,1,0.22994129627323878
c3b52177-f84f-4102-b563-e2231c351a88,SHOP_009,BEN_01611,2025-12-27 08:40:03.322714,Kerosene,2,50.0,28.633713,77.107844,West Delhi,0,53861.0,8,True,False,False,False,False,1,0.38697525848440095
b4bc98a9-b38b-4626-9acc-a49400e9d21f,SHOP_009,BEN_02091,2025-12-28 10:26:46.322714,Wheat,20,40.0,28.633713,77.107844,West Delhi,0,92803.0,10,False,False,False,False,True,-1,0.7316347480847547
a65da04d-fd86-4158-b9d3-498da930aeb6,SHOP_009,BEN_01380,2025-12-28 11:38:00.322714,Kerosene,3,75.0,28.633713,77.107844,West Delhi,0,4274.0,11,True,False,False,False,False,1,0.2414484298634707
ec5c69cb-029f-4554-96e4-585fd87faa9b,SHOP_009,BEN_02327,2025-12-29 15:28:14.322714,Kerosene,3,75.0,28.633713,77.107844,West Delhi,0,100214.0,15,True,False,False,False,False,-1,0.6766024529739194
1c577334-8888-4170-a80f-cdb9193fd310,SHOP_009,BEN_00990,2025-12-29 18:57:27.322714,Wheat,13,26.0,28.633713,77.107844,West Delhi,0,12553.0,18,False,False,False,False,True,1,0.22407397301510085
de0b3222-e984-426f-96ac-fc8fd982f66d,SHOP_009,BEN_00212,2025-12-30 10:08:45.322714,Oil,1,50.0,28.633713,77.107844,West Delhi,0,54678.0,10,False,True,False,False,False,1,0.3074979539954114
a849897e-d435-4ead-b465-2caf8cc85491,SHOP_009,BEN_02126,2025-12-30 12:03:57.322714,Sugar,3,60.0,28.633713,77.107844,West Delhi,0,6912.0,12,False,False,False,True,False,1,0.18027375907633425
535b4d10-0452-45fb-aafb-bb880380e076,SHOP_009,BEN_00427,2025-12-30 12:46:20.322714,Rice,11,33.0,28.633713,77.107844,West Delhi,0,2543.0,12,False,False,True,False,False,1,0.14784575182528936
da8d2141-52e7-4ffe-b6f7-c4345e3b203d,SHOP_009,BEN_01834,2025-12-30 14:24:23.322714,Oil,2,100.0,28.633713,77.107844,West Delhi,0,5883.0,14,False,True,False,False,False,1,0.03731062423819742
4452d1f8-280c-4496-9ba3-eb705a6b0f2b,SHOP_009,BEN_01421,2025-12-30 15:40:23.322714,Kerosene,2,50.0,28.633713,77.107844,West Delhi,0,4560.0,15,True,False,False,False,False,1,0.09200338835388033
61d5994a-0d2e-4529-9ffc-03005dcea16f,SHOP_009,BEN_00306,2025-12-31 11:00:25.322714,Wheat,20,40.0,28.633713,77.107844,West Delhi,0,69602.0,11,False,False,False,False,True,1,0.5579126377423275
7d890b6d-6733-4bf1-a1c8-6c2a6f28bbde,SHOP_009,BEN_01238,2025-12-31 18:44:37.322714,Rice,5,15.0,28.633713,77.107844,West Delhi,0,27852.0,18,False,False,True,False,False,1,0.40479196602846057
5c149bed-3941-4fad-8a13-40f74a153567,SHOP_009,BEN_02253,2026-01-01 11:38:50.322714,Wheat,10,20.0,28.633713,77.107844,West Delhi,0,60853.0,11,False,False,False,False,True,1,0.43473868604695565
5e290a58-ff09-4af6-b4a2-c3681682f718,SHOP_009,BEN_00741,2026-01-01 16:35:13.322714,Sugar,3,60.0,28.633713,77.107844,West Delhi,0,17783.0,16,False,False,False,True,False,1,0.20359057986908974
35fa779b-3e7d-433c-b1e7-2301efb0db7c,SHOP_009,BEN_02656,2026-01-01 18:03:01.322714,Oil,1,50.0,28.633713,77.107844,West Delhi,0,5268.0,18,False,True,False,False,False,1,0.21133420194908342
0ef25943-c26d-4221-b963-3e83be86ad86,SHOP_009,BEN_02910,2026-01-01 18:46:47.322714,Oil,1,50.0,28.633713,77.107844,West Delhi,0,2626.0,18,False,True,False,False,False,1,0.21947209611079377
5a4abc71-5eaf-4493-ad57-f7e481379202,SHOP_009,BEN_01844,2026-01-02 10:30:50.322714,Oil,1,50.0,28.633713,77.107844,West Delhi,0,56643.0,10,False,True,False,False,False,1,0.30548114744775895
73208a4e-96bf-468e-88a4-ac428bda2f2b,SHOP_009,BEN_02496,2026-01-02 13:01:00.322714,Rice,20,60.0,28.633713,77.107844,West Delhi,0,9010.0,13,False,False,True,False,False,1,0.3582085321158087
e96f258f-cf07-4971-a1da-d4ffc9631771,SHOP_009,BEN_00649,2026-01-02 15:49:28.322714,Oil,1,50.0,28.633713,77.107844,West Delhi,0,10108.0,15,False,True,False,False,False,1,0.10259500918528397
e361018a-ec5c-42b2-898d-df6c736d23c4,SHOP_009,BEN_02918,2026-01-02 18:30:10.322714,Sugar,3,60.0,28.633713,77.107844,West Delhi,0,9642.0,18,False,False,False,True,False,1,0.23488550845085082
4a3c78dd-3434-474f-9b70-7a27f0262c62,SHOP_009,BEN_01379,2026-01-03 08:28:37.322714,Sugar,1,20.0,28.633713,77.107844,West Delhi,0,50307.0,8,False,False,False,True,False,1,0.3936093769630765
6072941a-71ed-4020-bd31-7af6f02030dd,SHOP_009,BEN_01330,2026-01-03 16:05:49.322714,Rice,13,39.0,28.633713,77.107844,West Delhi,0,27432.0,16,False,False,True,False,False,1,0.32514859581951283
683228a1-91a2-4ac8-b5e5-1866e2ccdaa8,SHOP_009,BEN_01862,2026-01-04 09:20:51.322714,Sugar,3,60.0,28.633713,77.107844,West Delhi,0,62102.0,9,False,False,False,True,False,1,0.3391591574485394
d2d8ef07-5457-4953-b044-0c6f1d0d8a76,SHOP_009,BEN_00466,2026-01-04 10:31:56.322714,Sugar,3,60.0,28.633713,77.107844,West Delhi,0,4265.0,10,False,False,False,True,False,1,0.2514576754985977
27201b63-5353-4f28-9730-9afc0de79f27,SHOP_009,BEN_02697,2026-01-04 12:20:31.322714,Rice,9,27.0,28.633713,77.107844,West Delhi,0,6515.0,12,False,False,True,False,False,1,0.14874270759936326
a0ef97ae-1b69-4e9d-9498-b76138f665dd,SHOP_009,BEN_01271,2026-01-05 02:24:38.322714,Sugar,3,60.0,28.633713,77.107844,West Delhi,1,50647.0,2,False,False,False,True,False,-1,0.6377568351902496
baf9f203-c6f9-497a-a6ef-19bf0a17736d,SHOP_009,BEN_01944,2026-01-05 10:24:54.322714,Oil,2,100.0,28.633713,77.107844,West Delhi,0,28816.0,10,False,True,False,False,False,1,0.2759229597542035
678b0b7a-c449-4688-8c0e-9e7b0f9fddab,SHOP_009,BEN_01634,2026-01-05 17:32:02.322714,Kerosene,3,75.0,28.633713,77.107844,West Delhi,0,25628.0,17,True,False,False,False,False,1,0.2853924489900803
2db05c76-2502-4573-98bb-a1d9471d4f19,SHOP_009,BEN_02876,2026-01-06 09:22:08.322714,Wheat,8,16.0,28.633713,77.107844,West Delhi,0,57006.0,9,False,False,False,False,True,1,0.5150397120274234
ab0d3454-6803-420e-88b7-e7abc056a362,SHOP_009,BEN_02636,2026-01-06 10:17:27.322714,Oil,2,100.0,28.633713,77.107844,West Delhi,0,3319.0,10,False,True,False,False,False,1,0.17839018148093866
d24eb02a-df35-496e-a442-f2b56d232e27,SHOP_009,BEN_02049,2026-01-06 11:14:43.322714,Sugar,3,60.0,28.633713,77.107844,West Delhi,0,3436.0,11,False,False,False,True,False,1,0.2170829001133212
ea31c910-56bc-45bf-ae85-09dc0811c7f4,SHOP_009,BEN_01201,2026-01-06 11:35:30.322714,Kerosene,3,75.0,28.633713,77.107844,West Delhi,0,1247.0,11,True,False,False,False,False,1,0.26669452098529633
c0e26832-1b13-47cd-811c-995a2cfb4687,SHOP_009,BEN_02766,2026-01-06 11:50:26.322714,Oil,1,50.0,28.633713,77.107844,West Delhi,0,896.0,11,False,True,False,False,False,1,0.19995163270882488
69914a15-861e-4a3e-9704-ab5190823c23,SHOP_009,BEN_01109,2026-01-06 13:00:08.322714,Oil,2,100.0,28.633713,77.107844,West Delhi,0,4182.0,13,False,True,False,False,False,1,0.089125857362095
e3d77a9d-dfda-4d85-8f84-51859a1d3284,SHOP_009,BEN_00980,2026-01-06 19:04:57.322714,Sugar,3,60.0,28.633713,77.107844,West Delhi,0,21889.0,19,False,False,False,True,False,1,0.412896775605454
4fc519d4-d9d5-4862-ab04-7cfbac901a0b,SHOP_009,BEN_00806,2026-01-07 09:22:29.322714,Sugar,3,60.0,28.633713,77.107844,West Delhi,0,51452.0,9,False,False,False,True,False,1,0.3261449029964715
275ac99c-8d19-4481-be76-4717e2fd833e,SHOP_009,BEN_02592,2026-01-07 09:31:00.322714,Kerosene,3,75.0,28.633713,77.107844,West Delhi,0,511.0,9,True,False,False,False,False,1,0.39841229630421815
51f8fcb4-ac04-4f55-bd9e-6b45be85a1ff,SHOP_009,BEN_01477,2026-01-07 13:32:44.322714,Sugar,1,20.0,28.633713,77.107844,West Delhi,0,14504.0,13,False,False,False,True,False,1,0.17044617786427724
7751e467-b077-4377-82e2-6801817df826,SHOP_009,BEN_02330,2026-01-07 17:52:52.322714,Sugar,2,40.0,28.633713,77.107844,West Delhi,0,15608.0,17,False,False,False,True,False,1,0.19433731964963408
8e7befe0-b070-4f86-acaf-94e4577a0a41,SHOP_009,BEN_02191,2026-01-08 09:51:41.322714,Rice,12,36.0,28.633713,77.107844,West Delhi,0,57529.0,9,False,False,True,False,False,1,0.36276822090024496
2ebe00de-0699-4219-b79b-04d35442f847,SHOP_009,BEN_00153,2026-01-08 16:49:43.322714,Rice,9,27.0,28.633713,77.107844,West Delhi,0,25082.0,16,False,False,True,False,False,1,0.31052138175292
b13a4ecd-6316-4bc9-a91b-1d0fb48d9871,SHOP_009,BEN_01408,2026-01-08 19:38:49.322714,Oil,1,50.0,28.633713,77.107844,West Delhi,0,10146.0,19,False,True,False,False,False,1,0.29670740893200653
d807c3f7-21da-4878-ac39-18a9b536d2b1,SHOP_009,BEN_02498,2026-01-09 11:15:52.322714,Wheat,14,28.0,28.633713,77.107844,West Delhi,0,56223.0,11,False,False,False,False,True,1,0.4067895451277954
04c5b477-a6d2-44bc-bf10-8bb9d03a22b4,SHOP_009,BEN_00120,2026-01-09 11:50:31.322714,Rice,6,18.0,28.633713,77.107844,West Delhi,0,2079.0,11,False,False,True,False,False,1,0.23290650891958298
d1b19081-dc74-4bd8-b2a8-3207df3d2358,SHOP_009,BEN_00922,2026-01-09 14:14:06.322714,Kerosene,2,50.0,28.633713,77.107844,West Delhi,0,8615.0,14,True,False,False,False,False,1,0.10125366983767803
5a97b411-dca6-4dbb-b9fe-d98c790bdace,SHOP_009,BEN_00889,2026-01-09 18:10:37.322714,Wheat,20,40.0,28.633713,77.107844,West Delhi,0,14191.0,18,False,False,False,False,True,1,0.43039579935868055
68b6d193-c857-4b3a-bb35-a848212d3ad6,SHOP_009,BEN_00194,2026-01-10 11:15:02.322714,Rice,18,54.0,28.633713,77.107844,West Delhi,0,61465.0,11,False,False,True,False,False,1,0.42674283670690494
92089aac-d63d-4a03-8802-d93633019d0f,SHOP_009,BEN_02635,2026-01-10 13:09:26.322714,Kerosene,2,50.0,28.633713,77.107844,West Delhi,0,6864.0,13,True,False,False,False,False,1,0.14254257249759755
8ab9a296-62f9-4128-b10d-9005ae2ad271,SHOP_009,BEN_00869,2026-01-10 15:42:42.322714,Wheat,9,18.0,28.633713,77.107844,West Delhi,0,9196.0,15,False,False,False,False,True,1,0.11966295806103733
528bc71d-f9fa-4873-afce-9464994c4951,SHOP_009,BEN_00899,2026-01-11 09:16:02.322714,Rice,7,21.0,28.633713,77.107844,West Delhi,0,63200.0,9,False,False,True,False,False,1,0.40344464705008254
b3295d68-de3d-424a-a3a5-cf32d6ab98c4,SHOP_009,BEN_02515,2026-01-11 17:47:08.322714,Sugar,3,60.0,28.633713,77.107844,West Delhi,0,30666.0,17,False,False,False,True,False,1,0.38582518491267814
7e1e6674-1fe3-4c45-b9e5-104f212ec32c,SHOP_009,BEN_00609,2026-01-12 12:38:58.322714,Rice,10,30.0,28.633713,77.107844,West Delhi,0,67910.0,12,False,False,True,False,False,1,0.37854346801038885
1021372f-cf76-4036-b680-0cfcbb4a8d83,SHOP_009,BEN_02136,2026-01-12 17:47:19.322714,Oil,2,100.0,28.633713,77.107844,West Delhi,0,18501.0,17,False,True,False,False,False,1,0.15129589553738576
28742796-dbff-4ea1-a471-82b363ba58b4,SHOP_009,BEN_01228,2026-01-12 18:01:17.322714,Rice,18,54.0,28.633713,77.107844,West Delhi,0,838.0,18,False,False,True,False,False,1,0.3710356162787519
8d2cbfc6-da10-4643-ab67-2f7de31029d8,SHOP_009,BEN_02807,2026-01-13 08:23:26.322714,Sugar,30,600.0,28.633713,77.107844,West Delhi,1,51729.0,8,False,False,False,True,False,-1,0.6771392837352413
c131657c-b248-4b7f-bb91-2262921a5da8,SHOP_009,BEN_00276,2026-01-13 10:51:48.322714,Rice,8,24.0,28.633713,77.107844,West Delhi,0,8902.0,10,False,False,True,False,False,1,0.26320638889391207
3b432dbb-f133-4b4d-b6ac-b33e17af2284,SHOP_009,BEN_02370,2026-01-13 12:13:07.322714,Sugar,3,60.0,28.633713,77.107844,West Delhi,0,4879.0,12,False,False,False,True,False,1,0.15437409137313834
a9cac895-88db-40e0-a6ad-f7fab9e172dd,SHOP_009,BEN_00909,2026-01-13 12:35:04.322714,Rice,13,39.0,28.633713,77.107844,West Delhi,0,1317.0,12,False,False,True,False,False,1,0.18651122953717647
3f6ddad4-2054-4ffc-a97e-b13915b81213,SHOP_009,BEN_01309,2026-01-13 16:50:23.322714,Kerosene,1,25.0,28.633713,77.107844,West Delhi,0,15319.0,16,True,False,False,False,False,1,0.1949417314897509
cf88efd5-c0c1-4d64-8b71-4c22026fe049,SHOP_009,BEN_00618,2026-01-13 17:08:58.322714,Rice,15,45.0,28.633713,77.107844,West Delhi,0,1115.0,17,False,False,True,False,False,1,0.2239715824505895
ba6b7916-047b-4c99-a1f0-8d0a44dbc673,SHOP_009,BEN_01263,2026-01-15 09:06:40.322714,Kerosene,1,25.0,28.633713,77.107844,West Delhi,0,143862.0,9,True,False,False,False,False,-1,0.7940054164004194
56cdcbe2-e41c-4120-a97b-c0231e0e66e3,SHOP_009,BEN_02702,2026-01-15 09:16:35.322714,Rice,8,24.0,28.633713,77.107844,West Delhi,0,595.0,9,False,False,True,False,False,1,0.3344227048791131
0c780162-6775-44bc-865c-abeda2abf8df,SHOP_009,BEN_00935,2026-01-15 09:33:26.322714,Wheat,20,40.0,28.633713,77.107844,West Delhi,0,1011.0,9,False,False,False,False,True,-1,0.605036912575602
13fff815-bb90-43d8-be70-6dc3a7ba40dd,SHOP_009,BEN_00496,2026-01-15 10:03:37.322714,Wheat,10,20.0,28.633713,77.107844,West Delhi,0,1811.0,10,False,False,False,False,True,1,0.2999897772673514
429679ec-2538-4223-8cd0-4bc23a0892df,SHOP_009,BEN_00157,2026-01-15 10:27:25.322714,Rice,7,21.0,28.633713,77.107844,West Delhi,0,1428.0,10,False,False,True,False,False,1,0.2637485971417376
26269462-d900-4e0b-aa16-5c20c379a0b6,SHOP_010,BEN_02744,2025-12-16 16:53:06.322714,Sugar,1,20.0,28.581134,77.064005,Dwarka,0,9999.0,16,False,False,False,True,False,1,0.15264133464673596
12119366-45a3-42fd-a4ca-4c51a5ae1fc6,SHOP_010,BEN_01448,2025-12-17 10:09:51.322714,Wheat,11,22.0,28.581134,77.064005,Dwarka,0,62205.0,10,False,False,False,False,True,1,0.38882660181545753
c1464c2c-4c90-4b5f-bf2a-3884443d9ce0,SHOP_010,BEN_01765,2025-12-17 18:26:50.322714,Sugar,3,60.0,28.581134,77.064005,Dwarka,0,29819.0,18,False,False,False,True,False,1,0.4334818011565301
52176184-8871-45c8-8a32-994b21eda1f6,SHOP_010,BEN_01901,2025-12-18 09:17:04.322714,Wheat,10,20.0,28.581134,77.064005,Dwarka,0,53414.0,9,False,False,False,False,True,1,0.46452689814496717
f39bbd06-1c39-4c3c-b467-a8cf62e265a5,SHOP_010,BEN_01883,2025-12-18 12:09:22.322714,Oil,1,50.0,28.581134,77.064005,Dwarka,0,10338.0,12,False,True,False,False,False,1,0.17616566721258348
4ca37ef6-b1cb-4c00-9d95-391d4d43d4ee,SHOP_010,BEN_02590,2025-12-18 17:41:03.322714,Sugar,1,20.0,28.581134,77.064005,Dwarka,0,19901.0,17,False,False,False,True,False,1,0.2706161404363516
2f60abc4-8028-4923-b828-541babf3be7f,SHOP_010,BEN_01216,2025-12-19 08:25:44.322714,Oil,2,100.0,28.581134,77.064005,Dwarka,0,53081.0,8,False,True,False,False,False,1,0.3482059621347161
ff1d3b7d-a24f-4e70-8972-0590e3aae012,SHOP_010,BEN_01868,2025-12-19 11:07:44.322714,Kerosene,1,25.0,28.581134,77.064005,Dwarka,0,9720.0,11,True,False,False,False,False,1,0.24914107186793594
0bc825f9-ee5d-487f-9e91-f373e3d35454,SHOP_010,BEN_00359,2025-12-19 11:53:25.322714,Kerosene,2,50.0,28.581134,77.064005,Dwarka,0,2741.0,11,True,False,False,False,False,1,0.20293712841572292
dd0bad75-ebc0-4127-b2cd-59cedfe55307,SHOP_010,BEN_01937,2025-12-19 14:45:30.322714,Rice,5,15.0,28.581134,77.064005,Dwarka,0,10325.0,14,False,False,True,False,False,1,0.2281601513334931
a457dd40-9db4-4b7b-82b5-2412f45cfe2c,SHOP_010,BEN_02691,2025-12-19 16:44:59.322714,Oil,2,100.0,28.581134,77.064005,Dwarka,0,7169.0,16,False,True,False,False,False,1,0.011695559979706838
ce4d2285-65a2-4b75-92f0-a9ceb6fa9977,SHOP_010,BEN_00658,2025-12-20 12:15:39.322714,Wheat,12,24.0,28.581134,77.064005,Dwarka,0,70240.0,12,False,False,False,False,True,1,0.4688726779170825
e2d493d0-3dec-41e5-9bf3-3a81a1b071a0,SHOP_010,BEN_00030,2025-12-21 10:10:07.322714,Rice,7,21.0,28.581134,77.064005,Dwarka,0,78868.0,10,False,False,True,False,False,1,0.4831579855299062
35badc33-f214-4069-8187-27c44f4e9a47,SHOP_010,BEN_02188,2025-12-21 17:25:48.322714,Sugar,2,40.0,28.581134,77.064005,Dwarka,0,26141.0,17,False,False,False,True,False,1,0.2832128065797183
7ad4f238-f2cb-492f-b259-f306a0374ee3,SHOP_010,BEN_02192,2025-12-21 18:14:21.322714,Rice,6,18.0,28.581134,77.064005,Dwarka,0,2913.0,18,False,False,True,False,False,1,0.27277392259062383
bb521d2a-8f9c-4db5-bcea-dcbd0409400e,SHOP_010,BEN_01926,2025-12-22 15:10:03.322714,Sugar,2,40.0,28.581134,77.064005,Dwarka,0,75342.0,15,False,False,False,True,False,1,0.3532905744358549
e80c2205-e8ac-4283-9637-60c05d4dfef8,SHOP_010,BEN_01633,2025-12-22 18:57:43.322714,Sugar,2,40.0,28.581134,77.064005,Dwarka,0,13660.0,18,False,False,False,True,False,1,0.199712622690637
20027829-3c45-4f5c-a3b4-bf8dff4b73ca,SHOP_010,BEN_01940,2025-12-23 12:25:38.322714,Wheat,8,16.0,28.581134,77.064005,Dwarka,0,62875.0,12,False,False,False,False,True,1,0.4723017224295464
98fa04f5-5a46-43d2-9af3-f8963bb8c1be,SHOP_010,BEN_02097,2025-12-23 13:51:17.322714,Rice,6,18.0,28.581134,77.064005,Dwarka,0,5139.0,13,False,False,True,False,False,1,0.16397922083005134
91ba6aae-8b4a-4258-8ffd-a4f949637517,SHOP_010,BEN_01618,2025-12-24 13:44:52.322714,Rice,9,27.0,28.581134,77.064005,Dwarka,0,86015.0,13,False,False,True,False,False,1,0.5338152716448914
51ce999f-7b48-4448-8f15-46deb7b88c59,SHOP_010,BEN_00814,2025-12-24 19:30:18.322714,Wheat,8,16.0,28.581134,77.064005,Dwarka,0,20726.0,19,False,False,False,False,True,1,0.4289178770927294
b7e322d6-303d-456e-8013-a4c76fbe2491,SHOP_010,BEN_02628,2025-12-24 19:59:08.322714,Rice,8,24.0,28.581134,77.064005,Dwarka,0,1730.0,19,False,False,True,False,False,1,0.38680650786693693
3d4456d2-afe6-4b5c-8bbc-415446cf517c,SHOP_010,BEN_00407,2025-12-25 12:04:26.322714,Sugar,2,40.0,28.581134,77.064005,Dwarka,0,57918.0,12,False,False,False,True,False,1,0.226475869255086
bde744f3-7cbb-4942-948d-06e6c1798b93,SHOP_010,BEN_02728,2025-12-25 16:14:27.322714,Kerosene,2,50.0,28.581134,77.064005,Dwarka,0,15001.0,16,True,False,False,False,False,1,0.126257855648286
7cfed29a-cbbe-46df-9adf-80ffed75732c,SHOP_010,BEN_01173,2025-12-25 17:20:13.322714,Oil,2,100.0,28.581134,77.064005,Dwarka,0,3946.0,17,False,True,False,False,False,1,0.09588351456255945
0a3aedee-37b8-422d-9140-6dbf42c8a522,SHOP_010,BEN_01705,2025-12-25 19:59:19.322714,Sugar,3,60.0,28.581134,77.064005,Dwarka,0,9546.0,19,False,False,False,True,False,1,0.32405202564926056
3512fad9-9e54-45a0-a08c-4bc05adfd088,SHOP_010,BEN_02661,2025-12-27 16:38:16.322714,Wheat,7,14.0,28.581134,77.064005,Dwarka,0,160737.0,16,False,False,False,False,True,-1,0.9551773836580503
12a81906-f186-4cc5-849e-7d4d898d431e,SHOP_010,BEN_00406,2025-12-28 08:19:30.322714,Wheat,8,16.0,28.581134,77.064005,Dwarka,0,56474.0,8,False,False,False,False,True,-1,0.582536385500814
182a51f9-005a-4e99-a9f8-118e504a762f,SHOP_010,BEN_00580,2025-12-28 09:02:15.322714,Rice,20,60.0,28.581134,77.064005,Dwarka,0,2565.0,9,False,False,True,False,False,1,0.5462207191932335
203463b7-0b16-401d-9a61-12a0ddd60223,SHOP_010,BEN_00015,2025-12-28 12:59:47.322714,Kerosene,1,25.0,28.581134,77.064005,Dwarka,0,14252.0,12,True,False,False,False,False,1,0.24117378634457365
a9b227f0-8dcc-407f-8cd0-f077dba12e0d,SHOP_010,BEN_02100,2025-12-28 19:48:44.322714,Kerosene,2,50.0,28.581134,77.064005,Dwarka,0,24537.0,19,True,False,False,False,False,1,0.29395792964316647
11361def-354d-48a8-a450-1a80abed7c6d,SHOP_010,BEN_00839,2025-12-29 09:05:42.322714,Rice,6,18.0,28.581134,77.064005,Dwarka,0,47818.0,9,False,False,True,False,False,1,0.36137208359191464
47523bf0-ad3e-452a-88f9-7ab5895414e5,SHOP_010,BEN_00470,2025-12-29 10:25:24.322714,Sugar,3,60.0,28.581134,77.064005,Dwarka,0,4782.0,10,False,False,False,True,False,1,0.25328688637027175
b054d9da-ae3b-410e-b7f8-c0190cb369e1,SHOP_010,BEN_00593,2025-12-29 19:08:58.322714,Wheat,19,38.0,28.581134,77.064005,Dwarka,0,31414.0,19,False,False,False,False,True,-1,0.6153367339070889
8f6effea-c684-4679-bed3-743f14c0bca1,SHOP_010,BEN_00906,2025-12-30 14:04:13.322714,Kerosene,2,50.0,28.581134,77.064005,Dwarka,0,68115.0,14,True,False,False,False,False,1,0.4196414263082996
13bd2628-c375-4555-996a-102eeec1e7a3,SHOP_010,BEN_02125,2025-12-30 14:40:23.322714,Wheat,8,16.0,28.581134,77.064005,Dwarka,0,2170.0,14,False,False,False,False,True,1,0.2007305552115602
05d8541a-e725-419b-a95a-517fecf0861e,SHOP_010,BEN_00656,2025-12-30 16:40:35.322714,Oil,1,50.0,28.581134,77.064005,Dwarka,0,7212.0,16,False,True,False,False,False,1,0.07699280296598499
57f779eb-a15e-4743-b50d-009a06981978,SHOP_010,BEN_00834,2025-12-31 13:00:40.322714,Rice,14,42.0,28.581134,77.064005,Dwarka,0,73205.0,13,False,False,True,False,False,1,0.48583297267810627
11b48332-99f9-4b7f-9577-10505151f3d0,SHOP_010,BEN_00671,2025-12-31 18:40:09.322714,Oil,1,50.0,28.581134,77.064005,Dwarka,0,20369.0,18,False,True,False,False,False,1,0.28520726133788454
453abfdf-496f-4d40-9c98-c1f8c46934d1,SHOP_010,BEN_00458,2026-01-01 12:10:35.322714,Kerosene,3,75.0,28.581134,77.064005,Dwarka,0,63026.0,12,True,False,False,False,False,1,0.4168740481282901
82a749fc-64aa-435a-abc4-af18d259569a,SHOP_010,BEN_01478,2026-01-02 09:51:24.322714,Rice,7,21.0,28.581134,77.064005,Dwarka,0,78049.0,9,False,False,True,False,False,1,0.4908484523834833
713b7fff-6d33-425c-8624-026f55ff6952,SHOP_010,BEN_01727,2026-01-02 11:30:21.322714,Kerosene,2,50.0,28.581134,77.064005,Dwarka,0,5937.0,11,True,False,False,False,False,1,0.2024284939406057
a8500484-e681-4c90-8873-a3f471a7c8c7,SHOP_010,BEN_00360,2026-01-02 12:20:38.322714,Sugar,3,60.0,28.581134,77.064005,Dwarka,0,3017.0,12,False,False,False,True,False,1,0.15891567184820687
8e614172-a8ed-4418-80b1-441f186f2dde,SHOP_010,BEN_01686,2026-01-02 14:28:52.322714,Oil,1,50.0,28.581134,77.064005,Dwarka,0,7694.0,14,False,True,False,False,False,1,0.09530289388028407
d8fb64f8-9e5c-4b2c-94f4-68ccb80f79b0,SHOP_010,BEN_00901,2026-01-03 11:13:05.322714,Sugar,1,20.0,28.581134,77.064005,Dwarka,0,74653.0,11,False,False,False,True,False,1,0.3908832932142772
2d0d0b65-cd84-4bb9-bf09-0f242029a1d6,SHOP_010,BEN_02530,2026-01-03 14:41:49.322714,Wheat,12,24.0,28.581134,77.064005,Dwarka,0,12524.0,14,False,False,False,False,True,1,0.13656146595005086
7bd0450c-1a1b-40f4-8323-a67c211a6413,SHOP_010,BEN_02518,2026-01-03 18:50:02.322714,Kerosene,1,25.0,28.581134,77.064005,Dwarka,0,14893.0,18,True,False,False,False,False,1,0.2398807247940255
428b5a31-2762-4a20-89e1-839050dcb0fd,SHOP_010,BEN_01654,2026-01-04 11:02:50.322714,Oil,2,100.0,28.581134,77.064005,Dwarka,0,58368.0,11,False,True,False,False,False,1,0.3182158400090853
c7a646da-f8b7-4297-a503-b33f7ee9280d,SHOP_010,BEN_00571,2026-01-04 14:06:31.322714,Wheat,14,28.0,28.581134,77.064005,Dwarka,0,11021.0,14,False,False,False,False,True,1,0.11892407408384298
4775e766-0bcd-4866-a667-47a2c932ca36,SHOP_010,BEN_00298,2026-01-04 15:58:56.322714,Oil,2,100.0,28.581134,77.064005,Dwarka,0,6745.0,15,False,True,False,False,False,1,0.0017671554695343206
f02d0f93-25d4-425f-91ba-23c93db38746,SHOP_010,BEN_00497,2026-01-04 18:53:14.322714,Sugar,3,60.0,28.581134,77.064005,Dwarka,0,10458.0,18,False,False,False,True,False,1,0.24023925358461296
8e9c4f87-beb8-4d52-8ed4-13175ed3ebd5,SHOP_010,BEN_02749,2026-01-04 19:42:52.322714,Kerosene,1,25.0,28.581134,77.064005,Dwarka,0,2978.0,19,True,False,False,False,False,1,0.27765826613863315
b409e208-d1d2-4bc5-9148-9c0a380a7a07,SHOP_010,BEN_00716,2026-01-05 09:40:07.322714,Kerosene,3,75.0,28.581134,77.064005,Dwarka,0,50235.0,9,True,False,False,False,False,1,0.41016890090736885
d4a0fd7e-f80e-404a-8ce3-d624076b7d77,SHOP_010,BEN_00750,2026-01-05 17:55:40.322714,Oil,1,50.0,28.581134,77.064005,Dwarka,0,29733.0,17,False,True,False,False,False,1,0.3674549311390501
d807fb2c-3720-4588-85bb-8fc951edff1b,SHOP_010,BEN_01324,2026-01-06 08:37:49.322714,Rice,7,21.0,28.581134,77.064005,Dwarka,0,52929.0,8,False,False,True,False,False,1,0.42548309224773273
89a53a7e-594b-4938-923b-e7bf4a0ce333,SHOP_010,BEN_01939,2026-01-06 12:36:57.322714,Rice,6,18.0,28.581134,77.064005,Dwarka,0,14348.0,12,False,False,True,False,False,1,0.20106686353422182
26b422fb-1705-4a20-8cf5-ee8a0bd9746d,SHOP_010,BEN_01435,2026-01-06 12:52:47.322714,Rice,19,57.0,28.581134,77.064005,Dwarka,0,950.0,12,False,False,True,False,False,1,0.31070091828159724
63475395-82df-4dda-8805-f33c17045fb0,SHOP_010,BEN_00830,2026-01-06 17:30:16.322714,Sugar,2,40.0,28.581134,77.064005,Dwarka,0,16649.0,17,False,False,False,True,False,1,0.20139747090495647
aa249ac1-d1f9-4dd0-a0cf-6ffa618305ce,SHOP_010,BEN_02072,2026-01-06 17:59:57.322714,Wheat,9,18.0,28.581134,77.064005,Dwarka,0,1781.0,17,False,False,False,False,True,1,0.22881104207769903
5ff35642-11f1-42d1-97d5-2c905868a308,SHOP_010,BEN_02537,2026-01-06 19:54:14.322714,Wheat,7,14.0,28.581134,77.064005,Dwarka,0,6857.0,19,False,False,False,False,True,1,0.34150865837769157
41d2616c-cd26-4d2d-9c1b-3a64a869b5df,SHOP_010,BEN_02535,2026-01-07 08:54:31.322714,Oil,2,100.0,28.581134,77.064005,Dwarka,0,46817.0,8,False,True,False,False,False,1,0.380698542299739
ccdf8b38-eb8c-4d9c-b989-c62fb6e01db4,SHOP_010,BEN_00319,2026-01-07 10:05:39.322714,Wheat,14,28.0,28.581134,77.064005,Dwarka,0,4268.0,10,False,False,False,False,True,1,0.24366311547338676
d041b545-3ada-43dc-bc2d-8a3f5231632b,SHOP_010,BEN_00716,2026-01-07 18:02:43.322714,Sugar,3,60.0,28.581134,77.064005,Dwarka,0,28624.0,18,False,False,False,True,False,1,0.40978747576229824
3b616b72-0155-42ff-9e1b-7120b31583bf,SHOP_010,BEN_00504,2026-01-08 08:59:11.322714,Wheat,7,14.0,28.581134,77.064005,Dwarka,0,53788.0,8,False,False,False,False,True,1,0.5529450809554266
b3b813f5-9491-4bdb-a680-30a820c4e4a5,SHOP_010,BEN_02607,2026-01-08 11:07:28.322714,Oil,2,100.0,28.581134,77.064005,Dwarka,0,7697.0,11,False,True,False,False,False,1,0.15632772730273248
6b87dcd1-1a24-403c-bb8c-28caff59ef1b,SHOP_010,BEN_00897,2026-01-09 09:52:42.322714,Sugar,1,20.0,28.581134,77.064005,Dwarka,0,81914.0,9,False,False,False,True,False,1,0.4642928597818361
cd7f003a-e6d0-4573-b048-cbc0fc23e15f,SHOP_010,BEN_00175,2026-01-09 14:25:58.322714,Oil,2,100.0,28.581134,77.064005,Dwarka,0,16396.0,14,False,True,False,False,False,1,0.1252270678344043
d78d0340-67f9-4d07-ba96-446c95d71ecc,SHOP_010,BEN_01183,2026-01-09 15:12:29.322714,Rice,14,42.0,28.581134,77.064005,Dwarka,0,2791.0,15,False,False,True,False,False,1,0.1908588974668276
1ff2754b-5941-4f15-8c54-4b037a0013cd,SHOP_010,BEN_00282,2026-01-09 15:40:48.322714,Oil,2,100.0,28.581134,77.064005,Dwarka,0,1699.0,15,False,True,False,False,False,1,0.054149594373770205
f34f9467-0d74-43e8-acf8-8e8f79743079,SHOP_010,BEN_02681,2026-01-09 19:06:01.322714,Sugar,2,40.0,28.581134,77.064005,Dwarka,0,12313.0,19,False,False,False,True,False,1,0.28570832795269746
1160c8b9-89e9-4a87-b5fa-b4643117f3e2,SHOP_010,BEN_01231,2026-01-11 16:41:20.322714,Oil,2,100.0,28.581134,77.064005,Dwarka,0,164119.0,16,False,True,False,False,False,-1,0.8861551581202607
c0108216-77ab-4a1a-8e2c-277038c88083,SHOP_010,BEN_02478,2026-01-11 18:03:47.322714,Rice,9,27.0,28.581134,77.064005,Dwarka,0,4947.0,18,False,False,True,False,False,1,0.23683114166486352
9d254b3e-4369-4c62-b584-632e1bbfcf06,SHOP_010,BEN_01484,2026-01-11 18:06:53.322714,Sugar,3,60.0,28.581134,77.064005,Dwarka,0,186.0,18,False,False,False,True,False,1,0.30621166592933496
f81c3f1d-543b-4b94-b52d-d975afa262ec,SHOP_010,BEN_02392,2026-01-12 08:40:31.322714,Sugar,1,20.0,28.581134,77.064005,Dwarka,0,52418.0,8,False,False,False,True,False,1,0.3880473617929854
8f7f0f95-54b5-47d5-9822-3fbc1b35af3a,SHOP_010,BEN_00029,2026-01-12 10:30:23.322714,Oil,1,50.0,28.581134,77.064005,Dwarka,0,6592.0,10,False,True,False,False,False,1,0.20946220843889157
6bf1f8a0-a604-462c-9674-75a7ed75e5b7,SHOP_010,BEN_01870,2026-01-12 12:43:13.322714,Wheat,17,34.0,28.581134,77.064005,Dwarka,0,7970.0,12,False,False,False,False,True,1,0.20336672390985705
a3f569e1-05ff-4013-935e-306f7c1da1fe,SHOP_010,BEN_00640,2026-01-12 16:43:59.322714,Wheat,17,34.0,28.581134,77.064005,Dwarka,0,14446.0,16,False,False,False,False,True,1,0.23862190496852376
075d5708-c76c-4e57-97f8-ef9ebf17b6e7,SHOP_010,BEN_02762,2026-01-12 18:55:57.322714,Sugar,1,20.0,28.581134,77.064005,Dwarka,0,7918.0,18,False,False,False,True,False,1,0.2236351767415865
a8d17695-1a71-4b37-b691-6adc16be19c8,SHOP_010,BEN_01716,2026-01-12 19:19:48.322714,Oil,1,50.0,28.581134,77.064005,Dwarka,0,1431.0,19,False,True,False,False,False,1,0.3192175109665001
7d7db584-d2a5-40ea-9423-2771ca6e528a,SHOP_010,BEN_00254,2026-01-13 08:17:28.322714,Rice,11,33.0,28.581134,77.064005,Dwarka,0,46660.0,8,False,False,True,False,False,1,0.4286343692567576
7aec4c86-dad3-461b-8086-9b3ba6ee07a3,SHOP_010,BEN_00128,2026-01-13 09:51:35.322714,Wheat,14,28.0,28.581134,77.064005,Dwarka,0,5647.0,9,False,False,False,False,True,1,0.3761289653568236
37c27f3c-3db1-4bac-85f4-03c5d140826e,SHOP_010,BEN_00792,2026-01-13 13:40:56.322714,Sugar,2,40.0,28.581134,77.064005,Dwarka,0,13761.0,13,False,False,False,True,False,1,0.11596090649919022
c0242aaa-70b7-4386-a88b-0f00142b4e80,SHOP_010,BEN_02368,2026-01-13 17:46:57.322714,Oil,1,50.0,28.581134,77.064005,Dwarka,0,14761.0,17,False,True,False,False,False,1,0.19728181229150982
9bd10267-b542-42d9-bd15-d2c206e59145,SHOP_010,BEN_01790,2026-01-13 19:36:23.322714,Rice,20,60.0,28.581134,77.064005,Dwarka,0,6566.0,19,False,False,True,False,False,1,0.5414358676598086
9d93025e-1f2e-4842-9d20-d50784004898,SHOP_010,BEN_01123,2026-01-14 10:22:24.322714,Oil,2,100.0,28.581134,77.064005,Dwarka,0,53161.0,10,False,True,False,False,False,1,0.270898219821532
5f63cbeb-338c-4c24-a475-25376cdc4767,SHOP_010,BEN_01826,2026-01-14 15:00:16.322714,Rice,18,54.0,28.581134,77.064005,Dwarka,0,16672.0,15,False,False,True,False,False,1,0.2634195115355807
343ae186-0cde-4c18-b8da-f87183bb3c36,SHOP_010,BEN_01000,2026-01-15 12:52:02.322714,Wheat,7,14.0,28.581134,77.064005,Dwarka,0,78706.0,12,False,False,False,False,True,1,0.5769185330428472
325ecf6d-4faf-4cda-84b8-ffe75212f033,SHOP_011,BEN_01631,2025-12-17 08:57:47.322714,Rice,11,33.0,28.732554,77.205993,North Delhi,0,9999.0,8,False,False,True,False,False,1,0.4135845243923849
722c7f5d-a9a5-4c40-908f-355489f56d1f,SHOP_011,BEN_02692,2025-12-17 16:05:48.322714,Sugar,1,20.0,28.732554,77.205993,North Delhi,0,25681.0,16,False,False,False,True,False,1,0.2824686188814134
4c454652-5cd9-4095-acbb-87083640719b,SHOP_011,BEN_01041,2025-12-17 18:04:04.322714,Rice,12,36.0,28.732554,77.205993,North Delhi,0,7096.0,18,False,False,True,False,False,1,0.2383891161875656
fd8f2d68-52a5-4562-a8fb-4e8832820adb,SHOP_011,BEN_02269,2025-12-17 19:31:16.322714,Wheat,20,40.0,28.732554,77.205993,North Delhi,0,5232.0,19,False,False,False,False,True,1,0.4886229360049009
0cdd61f9-b760-4972-baeb-90278e8407df,SHOP_011,BEN_00223,2025-12-18 08:38:32.322714,Wheat,19,38.0,28.732554,77.205993,North Delhi,0,47236.0,8,False,False,False,False,True,-1,0.6513720230511204
263889bb-9aa7-4ca9-80fc-98ea09e37943,SHOP_011,BEN_00964,2025-12-18 15:27:59.322714,Rice,14,42.0,28.732554,77.205993,North Delhi,0,24567.0,15,False,False,True,False,False,1,0.31122180941813815
b48c8e24-c7f3-4e3e-a520-d7492281a253,SHOP_011,BEN_02924,2025-12-19 14:57:22.322714,Sugar,2,40.0,28.732554,77.205993,North Delhi,0,84563.0,14,False,False,False,True,False,1,0.3881668751783719
4147f23a-48df-47a4-bb6b-011eb4dd7312,SHOP_011,BEN_02331,2025-12-19 16:24:24.322714,Rice,19,57.0,28.732554,77.205993,North Delhi,0,5222.0,16,False,False,True,False,False,1,0.282850282060124
eb41328b-1991-47f0-a0af-ca3ec0a9c70f,SHOP_011,BEN_01135,2025-12-19 18:02:53.322714,Rice,5,15.0,28.732554,77.205993,North Delhi,0,5909.0,18,False,False,True,False,False,1,0.30384023695502804
f58e98b0-e1c5-4c1f-9225-a3e4e181ce20,SHOP_011,BEN_00204,2025-12-19 18:11:24.322714,Kerosene,3,75.0,28.732554,77.205993,North Delhi,0,511.0,18,True,False,False,False,False,1,0.26240856180659095
ebe81db2-b156-490b-9b16-13c37c562721,SHOP_011,BEN_02573,2025-12-19 18:45:59.322714,Oil,1,50.0,28.732554,77.205993,North Delhi,0,2075.0,18,False,True,False,False,False,1,0.2295640682222198
63ae4fea-eecb-4a99-974c-02cf0a7ba5d1,SHOP_011,BEN_00499,2025-12-20 14:15:28.322714,Sugar,1,20.0,28.732554,77.205993,North Delhi,0,70169.0,14,False,False,False,True,False,1,0.42332773325786777
4d1430aa-b220-4b3c-affc-89421b594dad,SHOP_011,BEN_02523,2025-12-20 15:56:44.322714,Rice,15,45.0,28.732554,77.205993,North Delhi,0,6076.0,15,False,False,True,False,False,1,0.15297001466014903
b7893eb2-4e35-433e-9e8b-384a96ba226c,SHOP_011,BEN_01923,2025-12-20 16:40:10.322714,Oil,1,50.0,28.732554,77.205993,North Delhi,0,2606.0,16,False,True,False,False,False,1,0.10123971383195374
75b5a392-6d70-47e9-89f8-fb95ae0ff6eb,SHOP_011,BEN_02943,2025-12-20 16:44:49.322714,Kerosene,1,25.0,28.732554,77.205993,North Delhi,0,279.0,16,True,False,False,False,False,1,0.23395892811321184
f040ccf0-a3d8-418d-a82b-a47e9e4a6fe8,SHOP_011,BEN_00438,2025-12-21 14:42:48.322714,Wheat,19,38.0,28.732554,77.205993,North Delhi,0,79079.0,14,False,False,False,False,True,-1,0.6388726835763963
1ec14bd3-9ee0-4ba0-bf0a-49f014ac69bc,SHOP_011,BEN_01657,2025-12-21 15:56:35.322714,Oil,2,100.0,28.732554,77.205993,North Delhi,0,4427.0,15,False,True,False,False,False,1,0.009801819472535112
eb89b291-0cff-4b49-a74e-6a9b5608602b,SHOP_011,BEN_02992,2025-12-22 11:14:40.322714,Rice,8,24.0,28.732554,77.205993,North Delhi,0,69485.0,11,False,False,True,False,False,1,0.4074274649880124
02c4201e-7d02-467e-93c7-2d039f2a4ef1,SHOP_011,BEN_01059,2025-12-22 15:02:42.322714,Wheat,18,36.0,28.732554,77.205993,North Delhi,0,13682.0,15,False,False,False,False,True,1,0.2261678837836678
5bc73b3e-b2f5-49f2-9ed9-afef986d6489,SHOP_011,BEN_00309,2025-12-22 16:22:52.322714,Oil,1,50.0,28.732554,77.205993,North Delhi,0,4810.0,16,False,True,False,False,False,1,0.0916944005065673
8660826f-6b51-4c80-b9e3-ed2d11ebaf70,SHOP_011,BEN_02569,2025-12-22 17:15:54.322714,Oil,1,50.0,28.732554,77.205993,North Delhi,0,3182.0,17,False,True,False,False,False,1,0.17084287008657156
873c279e-e2d0-4dc2-bcdb-a97599c3c417,SHOP_011,BEN_01116,2025-12-23 08:43:02.322714,Kerosene,1,25.0,28.732554,77.205993,North Delhi,0,55628.0,8,True,False,False,False,False,1,0.46572143378293634
f6664a76-f805-49ac-901c-85b34a05ce65,SHOP_011,BEN_00075,2025-12-23 08:50:17.322714,Wheat,16,32.0,28.732554,77.205993,North Delhi,0,435.0,8,False,False,False,False,True,1,0.5403746912868653
c89070c0-97f7-4722-9aa5-a76fff7b5ae0,SHOP_011,BEN_02232,2025-12-23 09:59:28.322714,Sugar,1,20.0,28.732554,77.205993,North Delhi,0,4151.0,9,False,False,False,True,False,1,0.3450515505041706
3bdee1ff-ff8c-4acd-a00c-ee68227962a3,SHOP_011,BEN_02181,2025-12-23 12:27:03.322714,Kerosene,1,25.0,28.732554,77.205993,North Delhi,0,8855.0,12,True,False,False,False,False,1,0.19282474825740187
57536294-c61d-42af-a1ec-ef6970d9c0dc,SHOP_011,BEN_00393,2025-12-23 13:53:52.322714,Rice,18,54.0,28.732554,77.205993,North Delhi,0,5209.0,13,False,False,True,False,False,1,0.20942675843714825
22d99fe0-84cd-4d71-b1dd-7ef073488d3a,SHOP_011,BEN_00686,2025-12-23 14:43:42.322714,Oil,1,50.0,28.732554,77.205993,North Delhi,0,2990.0,14,False,True,False,False,False,1,0.11352085475111512
9be3361b-3e6f-49d9-854a-ca51a88dea83,SHOP_011,BEN_02763,2025-12-23 15:05:55.322714,Rice,19,57.0,28.732554,77.205993,North Delhi,0,1333.0,15,False,False,True,False,False,1,0.3281207505166424
224861b3-a58b-4d3f-b58c-6d9d7b3bafa5,SHOP_011,BEN_01103,2025-12-24 09:34:20.322714,Oil,1,50.0,28.732554,77.205993,North Delhi,0,66505.0,9,False,True,False,False,False,1,0.3976067097250401
24b012f8-2539-486e-96eb-4a4f0ac18fbb,SHOP_011,BEN_00660,2025-12-24 17:44:26.322714,Kerosene,1,25.0,28.732554,77.205993,North Delhi,0,29406.0,17,True,False,False,False,False,1,0.4071316118263164
2711d07f-5a7f-46e8-b626-924634c6714e,SHOP_011,BEN_00310,2025-12-25 10:18:48.322714,Kerosene,1,25.0,28.732554,77.205993,North Delhi,0,59662.0,10,True,False,False,False,False,1,0.4163366672579563
820dfaf1-9649-425b-815f-1a11c7b64a11,SHOP_011,BEN_02334,2025-12-25 10:30:02.322714,Oil,1,50.0,28.732554,77.205993,North Delhi,0,674.0,10,False,True,False,False,False,1,0.21507901170393323
02b40ac2-9ed5-423e-a083-c64684db7698,SHOP_011,BEN_01997,2025-12-25 18:17:09.322714,Wheat,18,36.0,28.732554,77.205993,North Delhi,0,28027.0,18,False,False,False,False,True,1,0.5054587129991923
6b934d32-2c8e-49e0-8a32-c32df563e1e9,SHOP_011,BEN_00993,2025-12-25 18:23:49.322714,Wheat,5,10.0,28.732554,77.205993,North Delhi,0,400.0,18,False,False,False,False,True,1,0.40107184606539537
b60cf945-8559-4702-bb2b-30ab3608ef9b,SHOP_011,BEN_00565,2025-12-25 18:55:06.322714,Kerosene,2,50.0,28.732554,77.205993,North Delhi,0,1877.0,18,True,False,False,False,False,1,0.1728942160300211
0c9214dc-c5c3-4b0e-b346-fa79d0f13d73,SHOP_011,BEN_02051,2025-12-25 19:44:16.322714,Kerosene,3,75.0,28.732554,77.205993,North Delhi,0,2950.0,19,True,False,False,False,False,1,0.28107585175552363
9a59f7fd-c364-400f-8250-f317d373e01a,SHOP_011,BEN_00069,2025-12-26 08:19:05.322714,Sugar,1,20.0,28.732554,77.205993,North Delhi,0,45289.0,8,False,False,False,True,False,1,0.4213156484926271
5cfe596d-d0d1-4e9d-a359-8bc779f743bf,SHOP_011,BEN_01960,2025-12-26 13:14:14.322714,Rice,20,60.0,28.732554,77.205993,North Delhi,0,17709.0,13,False,False,True,False,False,1,0.3953315448451624
10a312e7-edd8-4408-a8ff-cf0d4df1e89a,SHOP_011,BEN_01047,2025-12-26 13:40:12.322714,Wheat,5,10.0,28.732554,77.205993,North Delhi,0,1558.0,13,False,False,False,False,True,1,0.3237051163050217
82865804-a0f5-40f7-bdf3-2150ed68c1d9,SHOP_011,BEN_02130,2025-12-26 15:26:31.322714,Kerosene,1,25.0,28.732554,77.205993,North Delhi,0,6379.0,15,True,False,False,False,False,1,0.12962050774105432
4a5a4d40-9335-446a-8c8b-bbdf1770eb4c,SHOP_011,BEN_02659,2025-12-27 08:53:30.322714,Wheat,17,34.0,28.732554,77.205993,North Delhi,0,62819.0,8,False,False,False,False,True,1,0.582030241300887
44bd244f-017e-4329-bfcb-9eda3b8af0fa,SHOP_011,BEN_02879,2025-12-27 11:30:18.322714,Wheat,16,32.0,28.732554,77.205993,North Delhi,0,9408.0,11,False,False,False,False,True,1,0.19807611672149578
980a456b-3715-4f37-aca1-8b1d7c63bca4,SHOP_011,BEN_02257,2025-12-27 18:27:59.322714,Wheat,11,22.0,28.732554,77.205993,North Delhi,0,25061.0,18,False,False,False,False,True,1,0.36904003696094234
39e45311-dfc3-4b06-b2dd-fea123a21e3f,SHOP_011,BEN_00787,2025-12-28 13:24:58.322714,Kerosene,3,75.0,28.732554,77.205993,North Delhi,0,68219.0,13,True,False,False,False,False,1,0.4516371966128566
f5f35aa0-0740-424d-b3d2-ae992ddeddd7,SHOP_011,BEN_00348,2025-12-28 13:44:30.322714,Wheat,14,28.0,28.732554,77.205993,North Delhi,0,1172.0,13,False,False,False,False,True,1,0.1864872071139262
b535dfdf-9acc-4a0c-a7bf-53c16c704eb4,SHOP_011,BEN_02073,2025-12-29 12:15:51.322714,Sugar,2,40.0,28.732554,77.205993,North Delhi,0,81081.0,12,False,False,False,True,False,1,0.3370754789567078
457a472a-c6e9-4234-bf06-045bc9c2181a,SHOP_011,BEN_00065,2025-12-29 14:39:53.322714,Kerosene,2,50.0,28.732554,77.205993,North Delhi,0,8642.0,14,True,False,False,False,False,1,0.10275787804055037
62a72e95-b006-4f6c-bcca-320cab8bf07d,SHOP_011,BEN_00209,2025-12-30 11:52:22.322714,Kerosene,3,75.0,28.732554,77.205993,North Delhi,0,76349.0,11,True,False,False,False,False,1,0.49495688999390225
3f578f70-f357-4c01-8cff-b5376244b7a0,SHOP_011,BEN_02424,2025-12-30 12:09:12.322714,Kerosene,3,75.0,28.732554,77.205993,North Delhi,0,1010.0,12,True,False,False,False,False,1,0.23742689394094668
c1d45885-b050-4f0d-a6ce-3604fd2cc10f,SHOP_011,BEN_00163,2025-12-30 13:04:53.322714,Sugar,3,60.0,28.732554,77.205993,North Delhi,0,3341.0,13,False,False,False,True,False,1,0.13413311972056202
39eb0673-2c55-4649-97a2-3f1a9375719c,SHOP_011,BEN_02196,2025-12-30 15:21:17.322714,Rice,8,24.0,28.732554,77.205993,North Delhi,0,8184.0,15,False,False,True,False,False,1,0.20925640168540416
a4c1c6e6-4309-4bbb-9864-3d778ed559a1,SHOP_011,BEN_02857,2025-12-30 15:47:30.322714,Rice,14,42.0,28.732554,77.205993,North Delhi,0,1573.0,15,False,False,True,False,False,1,0.2029632168049883
773dfb93-0a35-43ad-b886-70178f4df1a8,SHOP_011,BEN_02302,2025-12-31 09:45:50.322714,Oil,1,50.0,28.732554,77.205993,North Delhi,0,64700.0,9,False,True,False,False,False,1,0.3789563243373475
3fc77d5b-a2dd-46a8-ac6c-8b6be7cc8a14,SHOP_011,BEN_00459,2025-12-31 10:54:51.322714,Rice,8,24.0,28.732554,77.205993,North Delhi,0,4141.0,10,False,False,True,False,False,1,0.2179729151063644
85946897-28b9-4bac-b8cc-88a8ae542554,SHOP_011,BEN_01987,2025-12-31 11:10:36.322714,Sugar,1,20.0,28.732554,77.205993,North Delhi,0,945.0,11,False,False,False,True,False,1,0.24215081601806915
7af7e9ea-d4d3-491b-b191-35ba16112570,SHOP_011,BEN_00559,2025-12-31 13:00:11.322714,Rice,11,33.0,28.732554,77.205993,North Delhi,0,6575.0,13,False,False,True,False,False,1,0.1322263803960173
94e8be67-fcbb-4258-8cd8-04c2b6079f96,SHOP_011,BEN_00219,2025-12-31 14:49:58.322714,Wheat,18,36.0,28.732554,77.205993,North Delhi,0,6587.0,14,False,False,False,False,True,1,0.21737554866683417
6468f606-9474-4c99-b19b-af882246bc4a,SHOP_011,BEN_00082,2025-12-31 16:12:37.322714,Kerosene,1,25.0,28.732554,77.205993,North Delhi,0,4959.0,16,True,False,False,False,False,1,0.14443890791127706
f7879cce-9d7d-41ef-8de2-47fedd221c5d,SHOP_011,BEN_00861,2025-12-31 16:59:11.322714,Kerosene,3,75.0,28.732554,77.205993,North Delhi,0,2794.0,16,True,False,False,False,False,1,0.15147537294454705
5be246b4-b7ca-4879-b056-97126428512d,SHOP_011,BEN_00191,2025-12-31 17:12:55.322714,Wheat,20,40.0,28.732554,77.205993,North Delhi,0,824.0,17,False,False,False,False,True,1,0.4306837184447344
d132fa19-cea3-457a-bff5-b86e8d5338c9,SHOP_011,BEN_00796,2026-01-01 11:28:39.322714,Rice,16,48.0,28.732554,77.205993,North Delhi,0,65744.0,11,False,False,True,False,False,1,0.42386010574650335
6ee16318-a7c1-4411-a161-a41d311956f3,SHOP_011,BEN_00671,2026-01-01 11:42:36.322714,Oil,2,100.0,28.732554,77.205993,North Delhi,0,837.0,11,False,True,False,False,False,1,0.18728143829154087
ef5e5c64-4db4-43b0-9ca2-ff3701064c92,SHOP_011,BEN_00147,2026-01-01 11:54:27.322714,Oil,1,50.0,28.732554,77.205993,North Delhi,0,711.0,11,False,True,False,False,False,1,0.19995163270882488
d121a0e9-4653-46e4-bcfa-b8e53049b9dc,SHOP_011,BEN_01202,2026-01-02 13:48:54.322714,Kerosene,3,75.0,28.732554,77.205993,North Delhi,0,93267.0,13,True,False,False,False,False,1,0.5596078310469716
6585eaf4-09e0-4822-a55a-4dcb5486b3bb,SHOP_011,BEN_01503,2026-01-02 14:16:43.322714,Rice,11,33.0,28.732554,77.205993,North Delhi,0,1669.0,14,False,False,True,False,False,1,0.1410816355193218
7d4273b5-bce0-4b15-9e8d-f9a85aed9ea3,SHOP_011,BEN_02609,2026-01-02 15:21:08.322714,Oil,1,50.0,28.732554,77.205993,North Delhi,0,3865.0,15,False,True,False,False,False,1,0.07529900899002429
33222da6-7717-4e0d-8dc0-25e6af9eff8d,SHOP_011,BEN_00030,2026-01-03 17:42:07.322714,Kerosene,2,50.0,28.732554,77.205993,North Delhi,0,94859.0,17,True,False,False,False,False,-1,0.6561414312413562
f60065a3-c9a4-42dd-ae25-86760b520502,SHOP_011,BEN_00478,2026-01-04 10:23:37.322714,Wheat,7,14.0,28.732554,77.205993,North Delhi,0,60090.0,10,False,False,False,False,True,1,0.4242862107557106
6aa48686-1525-40c5-9d98-f9d705a60e2a,SHOP_011,BEN_02182,2026-01-04 11:47:46.322714,Rice,9,27.0,28.732554,77.205993,North Delhi,0,5049.0,11,False,False,True,False,False,1,0.17959456012924357
89f2a2e5-dcb7-4db0-81a5-359f7fbdc00a,SHOP_011,BEN_00715,2026-01-04 17:06:16.322714,Wheat,19,38.0,28.732554,77.205993,North Delhi,0,19110.0,17,False,False,False,False,True,1,0.39469601075748695
b672a32c-8f23-4aef-967a-5f7869ee661a,SHOP_011,BEN_00649,2026-01-04 18:03:19.322714,Kerosene,1,25.0,28.732554,77.205993,North Delhi,0,3423.0,18,True,False,False,False,False,1,0.1993955387980031
61781c47-a55f-485e-896f-552d434ea0ea,SHOP_011,BEN_01437,2026-01-04 18:10:50.322714,Oil,2,100.0,28.732554,77.205993,North Delhi,0,451.0,18,False,True,False,False,False,1,0.22417325195672066
df8c7c24-e0ff-4517-9876-00a33644f6bf,SHOP_011,BEN_02494,2026-01-04 19:05:12.322714,Rice,15,45.0,28.732554,77.205993,North Delhi,0,3262.0,19,False,False,True,False,False,1,0.34329788289892915
dace9a89-0665-4cc3-af04-1cd039601bc5,SHOP_011,BEN_02391,2026-01-05 08:16:45.322714,Kerosene,3,75.0,28.732554,77.205993,North Delhi,0,47493.0,8,True,False,False,False,False,1,0.44855368610974383
774d6767-f475-4ff4-a3c4-f23708115f84,SHOP_011,BEN_00811,2026-01-05 14:13:26.322714,Sugar,3,60.0,28.732554,77.205993,North Delhi,0,21401.0,14,False,False,False,True,False,1,0.21858347393178484
0ad651e8-988f-4de3-a9e6-ce3eb12817d7,SHOP_011,BEN_02657,2026-01-05 16:01:06.322714,Wheat,18,36.0,28.732554,77.205993,North Delhi,0,6460.0,16,False,False,False,False,True,1,0.23075379288194586
798257b2-f80e-41e3-94b6-05b0698312c6,SHOP_011,BEN_00887,2026-01-06 15:26:21.322714,Kerosene,1,25.0,28.732554,77.205993,North Delhi,0,84315.0,15,True,False,False,False,False,-1,0.6326393173832916
6ec9236a-abed-4d0a-a9db-8b4013d5a1b9,SHOP_011,BEN_01049,2026-01-07 08:25:36.322714,Kerosene,3,75.0,28.732554,77.205993,North Delhi,0,61155.0,8,True,False,False,False,False,1,0.4736834002549381
6a23b690-13e4-4784-9d40-43861c1d8135,SHOP_011,BEN_02439,2026-01-07 08:58:04.322714,Wheat,12,24.0,28.732554,77.205993,North Delhi,0,1948.0,8,False,False,False,False,True,1,0.4744276122849278
481bdafa-9cc2-4bfc-9215-965f49a60d02,SHOP_011,BEN_01005,2026-01-07 10:45:03.322714,Kerosene,3,75.0,28.732554,77.205993,North Delhi,0,6419.0,10,True,False,False,False,False,1,0.25143681520834577
e7e19088-6ec4-48a7-999f-139bf6a22ef3,SHOP_011,BEN_00200,2026-01-07 11:53:33.322714,Kerosene,1,25.0,28.732554,77.205993,North Delhi,0,4110.0,11,True,False,False,False,False,1,0.22714703208221287
0f27cfa3-e1cd-48e0-8811-f46482b3dcf4,SHOP_011,BEN_01872,2026-01-07 12:15:17.322714,Wheat,12,24.0,28.732554,77.205993,North Delhi,0,1304.0,12,False,False,False,False,True,1,0.2444776707886207
874ea3fd-f2ef-48b3-a06a-382a59762079,SHOP_011,BEN_02508,2026-01-07 12:53:39.322714,Kerosene,1,25.0,28.732554,77.205993,North Delhi,0,2302.0,12,True,False,False,False,False,1,0.1993642840326344
a9f507a7-fba9-4411-a8fb-28131d2cdd76,SHOP_011,BEN_02662,2026-01-07 17:27:43.322714,Kerosene,2,50.0,28.732554,77.205993,North Delhi,0,16444.0,17,True,False,False,False,False,1,0.17261090003068597
34530378-7123-4379-9b5d-6dcbb4fff7cb,SHOP_011,BEN_00912,2026-01-08 15:26:10.322714,Kerosene,3,75.0,28.732554,77.205993,North Delhi,0,79107.0,15,True,False,False,False,False,1,0.5016826852980517
98dfb4c5-90fa-485d-ad8a-6cfe01bc10e6,SHOP_011,BEN_02466,2026-01-08 16:30:23.322714,Wheat,12,24.0,28.732554,77.205993,North Delhi,0,3853.0,16,False,False,False,False,True,1,0.1422100073607201
507a05cf-ad70-4407-af62-f12349fb5f2c,SHOP_011,BEN_02169,2026-01-09 09:48:51.322714,Wheat,16,32.0,28.732554,77.205993,North Delhi,0,62308.0,9,False,False,False,False,True,1,0.5037630141287711
9174dd37-21dc-4a4b-bb50-3486fc1d0601,SHOP_011,BEN_02158,2026-01-09 12:47:34.322714,Oil,1,50.0,28.732554,77.205993,North Delhi,0,10723.0,12,False,True,False,False,False,1,0.17909477050655476
37f00fe9-1e0b-45c0-917c-7bf122986967,SHOP_011,BEN_02723,2026-01-09 14:38:45.322714,Wheat,5,10.0,28.732554,77.205993,North Delhi,0,6671.0,14,False,False,False,False,True,1,0.23721085462427838
042bac77-1d5c-4d35-9eed-4ddc3a6f5a8f,SHOP_011,BEN_01310,2026-01-09 19:38:43.322714,Wheat,9,18.0,28.732554,77.205993,North Delhi,0,17998.0,19,False,False,False,False,True,1,0.3537394480451097
bc1f41be-0aab-496c-a159-484d6bd4f5aa,SHOP_011,BEN_01941,2026-01-10 08:32:37.322714,Rice,6,18.0,28.732554,77.205993,North Delhi,0,46434.0,8,False,False,True,False,False,1,0.4514642154367222
e82b9980-aa90-418c-870d-d2f0d5f2a12a,SHOP_011,BEN_01298,2026-01-10 17:46:33.322714,Rice,6,18.0,28.732554,77.205993,North Delhi,0,33236.0,17,False,False,True,False,False,1,0.42082863358091727
3c34f8e6-7e80-4668-9cf6-aca7311ae5d4,SHOP_011,BEN_02118,2026-01-10 18:55:38.322714,Oil,1,50.0,28.732554,77.205993,North Delhi,0,4145.0,18,False,True,False,False,False,1,0.208151957520246
23bfdf21-1b43-4a13-9dfa-3661633f64e1,SHOP_011,BEN_01469,2026-01-11 13:59:12.322714,Oil,2,100.0,28.732554,77.205993,North Delhi,0,68614.0,13,False,True,False,False,False,1,0.44185880733444305
481ca907-c8cc-4d3c-bb89-615a214726aa,SHOP_011,BEN_00851,2026-01-11 14:55:52.322714,Wheat,13,26.0,28.732554,77.205993,North Delhi,0,3400.0,14,False,False,False,False,True,1,0.11791611562416926
638e526f-e332-4958-a639-1f01f2d2f5c1,SHOP_011,BEN_02375,2026-01-11 18:08:47.322714,Oil,1,50.0,28.732554,77.205993,North Delhi,0,11575.0,18,False,True,False,False,False,1,0.22440664212991024
428e7bb8-b218-4581-a90d-a0119d213667,SHOP_011,BEN_00148,2026-01-11 18:43:18.322714,Rice,13,39.0,28.732554,77.205993,North Delhi,0,2071.0,18,False,False,True,False,False,1,0.2673213215458604
a6edf4a7-ead5-4347-9559-00607c51c179,SHOP_011,BEN_02939,2026-01-11 18:45:05.322714,Kerosene,3,75.0,28.732554,77.205993,North Delhi,0,107.0,18,True,False,False,False,False,1,0.2776776791437803
20751c39-59b0-455b-90d9-56cc3dbd5799,SHOP_011,BEN_01379,2026-01-12 08:33:13.322714,Kerosene,2,50.0,28.732554,77.205993,North Delhi,0,49688.0,8,True,False,False,False,False,1,0.403673686437718
c86127c5-c652-4662-a35d-633ee7a9cea8,SHOP_011,BEN_01442,2026-01-12 10:38:34.322714,Oil,2,100.0,28.732554,77.205993,North Delhi,0,7521.0,10,False,True,False,False,False,1,0.18401426742836746
1e9e4e5b-4b2d-4d25-9f4a-5780d1e34f26,SHOP_011,BEN_00409,2026-01-12 16:20:34.322714,Sugar,2,40.0,28.732554,77.205993,North Delhi,0,20520.0,16,False,False,False,True,False,1,0.18349395549915626
5ef397a9-39a6-46f1-8411-6e1ff7bd28a3,SHOP_011,BEN_00443,2026-01-13 08:43:22.322714,Sugar,3,60.0,28.732554,77.205993,North Delhi,0,58968.0,8,False,False,False,True,False,1,0.4053468254680712
3a0ad385-e94c-4e81-8ca9-b2887c24eb12,SHOP_011,BEN_02188,2026-01-13 13:12:51.322714,Rice,15,45.0,28.732554,77.205993,North Delhi,0,16169.0,13,False,False,True,False,False,1,0.17774758981343047
292aff3f-12a6-47da-8514-2e4de34984b3,SHOP_011,BEN_00284,2026-01-13 13:28:50.322714,Rice,7,21.0,28.732554,77.205993,North Delhi,0,959.0,13,False,False,True,False,False,1,0.2193716041023121
89898719-1d12-476e-81d4-1d4ab1563e32,SHOP_011,BEN_02205,2026-01-13 15:40:39.322714,Oil,1,50.0,28.732554,77.205993,North Delhi,0,7909.0,15,False,True,False,False,False,1,0.07266811110748683
36e1d62e-5c21-43d7-87ee-d9ab70c1d699,SHOP_011,BEN_00456,2026-01-13 18:54:27.322714,Sugar,2,40.0,28.732554,77.205993,North Delhi,0,11628.0,18,False,False,False,True,False,1,0.19379632009031506
04035fb2-be4e-48bb-bcf9-029aac700259,SHOP_011,BEN_01225,2026-01-14 13:15:28.322714,Kerosene,2,50.0,28.732554,77.205993,North Delhi,0,66061.0,13,True,False,False,False,False,1,0.3963237539060467
ead3cb73-6c15-4192-ba48-120a69df4d0b,SHOP_011,BEN_02127,2026-01-14 15:59:57.322714,Oil,2,100.0,28.732554,77.205993,North Delhi,0,9869.0,15,False,True,False,False,False,1,0.03215755812738419
2759e9ed-9f51-4d02-b8a7-280253268c2f,SHOP_011,BEN_02315,2026-01-14 16:58:52.322714,Sugar,2,40.0,28.732554,77.205993,North Delhi,0,3535.0,16,False,False,False,True,False,1,0.07644922611248783
8d3f6684-dcf3-4a67-933b-237056eabf4f,SHOP_011,BEN_00755,2026-01-14 17:18:44.322714,Sugar,2,40.0,28.732554,77.205993,North Delhi,0,1192.0,17,False,False,False,True,False,1,0.19514589884541383
7224705f-bbc3-4cb7-a31d-78107f20466f,SHOP_011,BEN_02146,2026-01-14 18:20:52.322714,Sugar,1,20.0,28.732554,77.205993,North Delhi,0,3728.0,18,False,False,False,True,False,1,0.23200101587237143
99d06cf5-b5c1-471b-acea-c4ccb44b6122,SHOP_011,BEN_02898,2026-01-15 14:30:25.322714,Oil,1,50.0,28.732554,77.205993,North Delhi,0,72573.0,14,False,True,False,False,False,1,0.5350599287005601
ab1e14c0-9002-4f72-b767-e954ce32d61a,SHOP_011,BEN_01682,2026-01-15 15:39:52.322714,Kerosene,3,75.0,28.732554,77.205993,North Delhi,0,4167.0,15,True,False,False,False,False,1,0.14527485771925808
a36f2f7d-9e04-481d-8129-fcea1d073606,SHOP_012,BEN_00311,2025-12-16 17:52:41.322714,Wheat,7,14.0,28.618685,77.319017,East Delhi,0,9999.0,17,False,False,False,False,True,1,0.21247145557047814
a77dca54-3ca4-4a19-9077-42a22f76f64b,SHOP_012,BEN_01060,2025-12-16 19:37:38.322714,Rice,5,15.0,28.618685,77.319017,East Delhi,0,6297.0,19,False,False,True,False,False,1,0.38595447458277443
96116cb4-28ea-4682-a67a-b222f9a97857,SHOP_012,BEN_00210,2025-12-17 12:18:38.322714,Sugar,2,40.0,28.618685,77.319017,East Delhi,0,60060.0,12,False,False,False,True,False,1,0.2300852688876952
4fa53307-698e-44af-8ce0-8a46a6c0a4c5,SHOP_012,BEN_00998,2025-12-17 16:39:03.322714,Oil,2,100.0,28.618685,77.319017,East Delhi,0,15625.0,16,False,True,False,False,False,1,0.08167177173729911
938b0419-9e99-40c0-b898-a47c4aecddf8,SHOP_012,BEN_01706,2025-12-17 19:47:39.322714,Wheat,9,18.0,28.618685,77.319017,East Delhi,0,11316.0,19,False,False,False,False,True,1,0.30592603487752784
92a3a36c-96d2-4bef-bc83-47269e2571b1,SHOP_012,BEN_01833,2025-12-18 09:18:31.322714,Sugar,3,60.0,28.618685,77.319017,East Delhi,0,48652.0,9,False,False,False,True,False,1,0.34233067688339647
d847dad3-521a-418c-93fd-b33727cc099a,SHOP_012,BEN_01819,2025-12-18 09:48:35.322714,Oil,2,100.0,28.618685,77.319017,East Delhi,0,1804.0,9,False,True,False,False,False,1,0.28924926873522
5330046a-a3e2-4ef7-8ce0-f111ba1060e3,SHOP_012,BEN_01054,2025-12-18 16:05:07.322714,Rice,16,48.0,28.618685,77.319017,East Delhi,0,22592.0,16,False,False,True,False,False,1,0.245781475043108
a573dd44-2a7f-476d-8af8-5728d04a9838,SHOP_012,BEN_00517,2025-12-18 16:35:02.322714,Oil,2,100.0,28.618685,77.319017,East Delhi,0,1795.0,16,False,True,False,False,False,1,0.07163125078536181
e6f224e0-1865-4adf-909c-9f1338046203,SHOP_012,BEN_02588,2025-12-18 17:56:35.322714,Oil,2,100.0,28.618685,77.319017,East Delhi,0,4893.0,17,False,True,False,False,False,1,0.08325704938412604
42d94562-614b-4168-9032-197498a97e02,SHOP_012,BEN_02410,2025-12-19 02:36:11.322714,Rice,11,33.0,28.618685,77.319017,East Delhi,1,31176.0,2,False,False,True,False,False,-1,0.6676948818069675
74f385d2-e02e-415d-ba7c-bf70eefb035e,SHOP_012,BEN_02338,2025-12-19 09:07:59.322714,Sugar,2,40.0,28.618685,77.319017,East Delhi,0,23508.0,9,False,False,False,True,False,1,0.33622448264844834
83c39cde-870c-4e65-ac4e-b19f9ef1c5a0,SHOP_012,BEN_01778,2025-12-19 10:00:26.322714,Rice,17,51.0,28.618685,77.319017,East Delhi,0,3147.0,10,False,False,True,False,False,1,0.31379474129202617
0fd8654e-29e8-4209-a16a-c28dca0536a5,SHOP_012,BEN_01867,2025-12-19 17:25:30.322714,Kerosene,1,25.0,28.618685,77.319017,East Delhi,0,26704.0,17,True,False,False,False,False,1,0.3519587551459986
eba57e21-df61-4f03-a023-25f85feaaa83,SHOP_012,BEN_00544,2025-12-19 17:59:56.322714,Wheat,7,14.0,28.618685,77.319017,East Delhi,0,2066.0,17,False,False,False,False,True,1,0.2408085376528027
15d7f0f9-d78b-45c7-9e96-19eb3007d0e6,SHOP_012,BEN_01191,2025-12-20 08:11:58.322714,Wheat,20,40.0,28.618685,77.319017,East Delhi,0,51122.0,8,False,False,False,False,True,-1,0.6912396464934193
3bb9355f-7031-4e5b-92a5-5be8d8e49217,SHOP_012,BEN_02760,2025-12-20 08:13:08.322714,Kerosene,3,75.0,28.618685,77.319017,East Delhi,0,70.0,8,True,False,False,False,False,1,0.4595799808275261
b19bad1c-e461-4ac1-a544-687c407d8f54,SHOP_012,BEN_00217,2025-12-20 08:32:43.322714,Kerosene,1,25.0,28.618685,77.319017,East Delhi,0,1175.0,8,True,False,False,False,False,1,0.48979333991779395
daec73a9-e6b7-4e12-a431-ac72653171dd,SHOP_012,BEN_02022,2025-12-20 14:57:31.322714,Kerosene,2,50.0,28.618685,77.319017,East Delhi,0,23088.0,14,True,False,False,False,False,1,0.20851498691083326
4a7cb46f-d814-47e1-8c62-66f008f9d577,SHOP_012,BEN_00573,2025-12-20 17:20:12.322714,Rice,19,57.0,28.618685,77.319017,East Delhi,0,8561.0,17,False,False,True,False,False,1,0.2914684669121557
d322979c-e06f-43aa-b6d2-1a0460a583c8,SHOP_012,BEN_01828,2025-12-21 08:29:45.322714,Sugar,3,60.0,28.618685,77.319017,East Delhi,0,54573.0,8,False,False,False,True,False,1,0.3928362022673072
de4d00a5-a5ba-4350-8f26-b1ca0254ac06,SHOP_012,BEN_02937,2025-12-21 14:21:57.322714,Wheat,14,28.0,28.618685,77.319017,East Delhi,0,21132.0,14,False,False,False,False,True,1,0.2409999556694432
6415ff23-43bc-4627-b19d-6a7bcf10686f,SHOP_012,BEN_01195,2025-12-21 15:16:31.322714,Rice,19,57.0,28.618685,77.319017,East Delhi,0,3274.0,15,False,False,True,False,False,1,0.3022483726296588
03c137e5-f633-4c97-a187-f1b04e1ea3bc,SHOP_012,BEN_00208,2025-12-21 15:32:55.322714,Wheat,10,20.0,28.618685,77.319017,East Delhi,0,984.0,15,False,False,False,False,True,1,0.19492216751653396
1e9f0ac4-fa6e-45ec-87ac-56f352c4827d,SHOP_012,BEN_01143,2025-12-21 18:30:18.322714,Sugar,2,40.0,28.618685,77.319017,East Delhi,0,10643.0,18,False,False,False,True,False,1,0.18748695286742756
47d47f4e-b10f-4fcd-a565-2d7b431af529,SHOP_012,BEN_01860,2025-12-22 11:04:03.322714,Wheat,20,40.0,28.618685,77.319017,East Delhi,0,59625.0,11,False,False,False,False,True,1,0.5241719953222815
efa6af79-e922-40ef-acfa-7707c17dd69b,SHOP_012,BEN_00692,2025-12-22 11:55:21.322714,Kerosene,3,75.0,28.618685,77.319017,East Delhi,0,3078.0,11,True,False,False,False,False,1,0.2331899938143499
0d36ad7d-7653-4c32-8863-584fe8d5d04a,SHOP_012,BEN_02663,2025-12-22 16:45:11.322714,Wheat,8,16.0,28.618685,77.319017,East Delhi,0,17390.0,16,False,False,False,False,True,1,0.2490117022096207
e2aa678b-b079-4c06-a6bd-7fac901cc415,SHOP_012,BEN_01429,2025-12-23 11:44:58.322714,Kerosene,3,75.0,28.618685,77.319017,East Delhi,0,68387.0,11,True,False,False,False,False,1,0.46191151587602386
0b03304d-95ac-4cad-ae93-cf42afcd9ada,SHOP_012,BEN_01450,2025-12-23 12:57:22.322714,Kerosene,2,50.0,28.618685,77.319017,East Delhi,0,4344.0,12,True,False,False,False,False,1,0.15637085454481991
9f55caf8-535a-419e-b495-406976438271,SHOP_012,BEN_00536,2025-12-23 14:55:17.322714,Kerosene,3,75.0,28.618685,77.319017,East Delhi,0,7075.0,14,True,False,False,False,False,1,0.14880362126678426
8d1bc5f4-b4e9-4b41-8abf-3d1ea14062a0,SHOP_012,BEN_01171,2025-12-23 17:04:41.322714,Wheat,7,14.0,28.618685,77.319017,East Delhi,0,7764.0,17,False,False,False,False,True,1,0.20624840336253747
0a80c399-1dc8-4d1b-9c83-138d154dea5b,SHOP_012,BEN_00841,2025-12-23 19:24:39.322714,Kerosene,3,75.0,28.618685,77.319017,East Delhi,0,8398.0,19,True,False,False,False,False,1,0.2825361132365279
520793ba-78a6-4431-887d-822bf13e3c1a,SHOP_012,BEN_00769,2025-12-23 19:59:36.322714,Rice,6,18.0,28.618685,77.319017,East Delhi,0,2097.0,19,False,False,True,False,False,1,0.36109189096284466
e5596977-d8ee-4f42-8129-964aa2dae29d,SHOP_012,BEN_01079,2025-12-24 08:10:15.322714,Wheat,9,18.0,28.618685,77.319017,East Delhi,0,43839.0,8,False,False,False,False,True,1,0.5754911952558494
20f845ca-570a-42f5-86e7-a6f4011daad3,SHOP_012,BEN_02800,2025-12-24 11:47:20.322714,Rice,17,51.0,28.618685,77.319017,East Delhi,0,13025.0,11,False,False,True,False,False,1,0.2787196151345108
e9da776e-7d83-491a-95e5-9f1486c32d59,SHOP_012,BEN_01482,2025-12-24 14:01:25.322714,Oil,1,50.0,28.618685,77.319017,East Delhi,0,8045.0,14,False,True,False,False,False,1,0.10383157584445185
b631178e-72bf-4bba-9c80-80b93fd8ba70,SHOP_012,BEN_01638,2025-12-24 14:44:20.322714,Sugar,1,20.0,28.618685,77.319017,East Delhi,0,2575.0,14,False,False,False,True,False,1,0.11481963800993716
6d8feee3-7590-4d57-a057-ccf86c9345a8,SHOP_012,BEN_00664,2025-12-24 19:22:57.322714,Kerosene,1,25.0,28.618685,77.319017,East Delhi,0,16717.0,19,True,False,False,False,False,1,0.3015574145059623
9638c057-08e0-4f28-9f93-5c96b3887f12,SHOP_012,BEN_02008,2025-12-24 19:40:16.322714,Oil,2,100.0,28.618685,77.319017,East Delhi,0,1039.0,19,False,True,False,False,False,1,0.3076599155001035
ee6b2518-9130-40b6-b8e7-976d2f498ada,SHOP_012,BEN_01282,2025-12-25 18:36:24.322714,Oil,1,50.0,28.618685,77.319017,East Delhi,0,82568.0,18,False,True,False,False,False,-1,0.6629018808685769
a3fc3958-d7e7-4956-bd1c-f70d8f57076c,SHOP_012,BEN_00970,2025-12-26 10:47:37.322714,Sugar,1,20.0,28.618685,77.319017,East Delhi,0,58273.0,10,False,False,False,True,False,1,0.3093158278002992
a47984fd-2eac-46fa-8fcf-3a47b9be2bf3,SHOP_012,BEN_00116,2025-12-26 12:27:22.322714,Kerosene,1,25.0,28.618685,77.319017,East Delhi,0,5985.0,12,True,False,False,False,False,1,0.1752510474627979
5fc9b0e3-fbbd-42f9-a48c-9a76ee18f834,SHOP_012,BEN_00185,2025-12-28 12:25:32.322714,Rice,11,33.0,28.618685,77.319017,East Delhi,0,172690.0,12,False,False,True,False,False,-1,0.8124355665982578
0cbf393d-e0bb-4947-94c2-0d05555517a3,SHOP_012,BEN_00263,2025-12-29 08:37:14.322714,Rice,18,54.0,28.618685,77.319017,East Delhi,0,72702.0,8,False,False,True,False,False,-1,0.6117990411698329
fcbb1965-848f-417c-83bc-38ffc36e9084,SHOP_012,BEN_02601,2025-12-29 10:12:49.322714,Rice,16,48.0,28.618685,77.319017,East Delhi,0,5735.0,10,False,False,True,False,False,1,0.29554506115221457
ba36802e-b13a-4c64-b09a-1beb0f79450b,SHOP_012,BEN_00056,2025-12-29 11:34:49.322714,Sugar,3,60.0,28.618685,77.319017,East Delhi,0,4920.0,11,False,False,False,True,False,1,0.20938646323274618
18ae42d5-df74-4a49-8d28-b4c375865695,SHOP_012,BEN_00500,2025-12-29 15:42:32.322714,Rice,17,51.0,28.618685,77.319017,East Delhi,0,14863.0,15,False,False,True,False,False,1,0.21703777555860204
ac04750d-e0cc-44c5-8514-3b1afda67d3e,SHOP_012,BEN_01237,2025-12-29 16:21:07.322714,Rice,10,30.0,28.618685,77.319017,East Delhi,0,2315.0,16,False,False,True,False,False,1,0.16951456657423636
6a400dd3-741c-450a-90a9-1436c8de7f97,SHOP_012,BEN_00034,2025-12-30 13:46:33.322714,Wheat,6,12.0,28.618685,77.319017,East Delhi,0,77126.0,13,False,False,False,False,True,-1,0.6011759141266562
3bdb53bc-c660-47ca-8c47-ff8ac6714fa4,SHOP_012,BEN_01500,2025-12-30 18:27:40.322714,Kerosene,1,25.0,28.618685,77.319017,East Delhi,0,16867.0,18,True,False,False,False,False,1,0.25230295491397503
7c76a333-8cc9-4c59-a7ae-f90acd5fcf62,SHOP_012,BEN_00225,2026-01-01 09:07:24.322714,Wheat,18,36.0,28.618685,77.319017,East Delhi,0,139184.0,9,False,False,False,False,True,-1,0.8669370947164888
d7d9bda4-8f2e-4ca5-a977-f67ee8609f39,SHOP_012,BEN_02225,2026-01-01 12:50:25.322714,Sugar,1,20.0,28.618685,77.319017,East Delhi,0,13381.0,12,False,False,False,True,False,1,0.19119905054630387
2641d523-e173-489d-91ab-660fd8701cda,SHOP_012,BEN_02824,2026-01-03 12:15:34.322714,Oil,1,50.0,28.618685,77.319017,East Delhi,0,170709.0,12,False,True,False,False,False,-1,0.8675926277077345
b32eef36-7efa-4b20-a4a5-025098682274,SHOP_012,BEN_00862,2026-01-03 15:52:01.322714,Sugar,2,40.0,28.618685,77.319017,East Delhi,0,12987.0,15,False,False,False,True,False,1,0.07636731673423502
d5af26d3-1a2d-485a-8398-4aff6e94dda7,SHOP_012,BEN_01567,2026-01-03 18:18:22.322714,Rice,11,33.0,28.618685,77.319017,East Delhi,0,8781.0,18,False,False,True,False,False,1,0.2364505089330039
85af59a0-6fc8-48b2-82b0-7622f9d9297d,SHOP_012,BEN_01002,2026-01-04 08:37:41.322714,Wheat,10,20.0,28.618685,77.319017,East Delhi,0,51559.0,8,False,False,False,False,True,1,0.524026505075774
b99dd433-3c16-4138-80e4-2e2bf91c609a,SHOP_012,BEN_02441,2026-01-04 09:35:55.322714,Wheat,6,12.0,28.618685,77.319017,East Delhi,0,3494.0,9,False,False,False,False,True,1,0.40186765213804476
dcf951fc-724d-4fa8-9e0a-0b44cc3e47fb,SHOP_012,BEN_00252,2026-01-04 11:34:58.322714,Oil,2,100.0,28.618685,77.319017,East Delhi,0,7143.0,11,False,True,False,False,False,1,0.15741235439797369
010e48a0-2985-4707-b9b2-efefc0dee35c,SHOP_012,BEN_02917,2026-01-04 18:06:38.322714,Rice,9,27.0,28.618685,77.319017,East Delhi,0,23500.0,18,False,False,True,False,False,1,0.35711082739026107
4fd603a9-7c95-4c0d-a7e2-da04a617d531,SHOP_012,BEN_00603,2026-01-06 09:07:20.322714,Wheat,10,20.0,28.618685,77.319017,East Delhi,0,140442.0,9,False,False,False,False,True,-1,0.8123874707395242
0ec4542d-4d11-4ff6-9a76-9bb2c4f4ff94,SHOP_012,BEN_02263,2026-01-07 13:37:14.322714,Rice,15,45.0,28.618685,77.319017,East Delhi,0,102594.0,13,False,False,True,False,False,-1,0.6607198498701587
2035bee3-1659-4ebe-85f2-bf5e3c9b37d3,SHOP_012,BEN_02926,2026-01-08 08:26:30.322714,Rice,18,54.0,28.618685,77.319017,East Delhi,0,67756.0,8,False,False,True,False,False,1,0.5711868013363696
ee83dc87-eb36-402d-931c-1092a04d67b7,SHOP_012,BEN_00781,2026-01-08 10:09:52.322714,Wheat,15,30.0,28.618685,77.319017,East Delhi,0,6202.0,10,False,False,False,False,True,1,0.24958329773583438
149db5fa-92a1-4a84-9ee6-2632fa99ed6c,SHOP_012,BEN_02386,2026-01-08 12:31:12.322714,Kerosene,3,75.0,28.618685,77.319017,East Delhi,0,8480.0,12,True,False,False,False,False,1,0.19755951275726047
5eb72000-e721-4288-850d-f38afd887732,SHOP_012,BEN_02978,2026-01-08 16:35:17.322714,Rice,9,27.0,28.618685,77.319017,East Delhi,0,14645.0,16,False,False,True,False,False,1,0.20097990152536804
623ed207-87f1-437b-b9aa-21e3f326c350,SHOP_012,BEN_01464,2026-01-09 15:13:18.322714,Wheat,14,28.0,28.618685,77.319017,East Delhi,0,81481.0,15,False,False,False,False,True,1,0.5711418196293727
cb7c4e89-12c4-47f8-aac9-76f0d57e7b94,SHOP_012,BEN_02423,2026-01-10 09:54:29.322714,Wheat,12,24.0,28.618685,77.319017,East Delhi,0,67271.0,9,False,False,False,False,True,1,0.4785667398532534
9218933a-ff36-4fdf-9ccc-930ed00a5800,SHOP_012,BEN_00770,2026-01-10 13:51:47.322714,Rice,5,15.0,28.618685,77.319017,East Delhi,0,14238.0,13,False,False,True,False,False,1,0.24055360903356898
c3b78db9-9839-4de5-a242-083d0032eb05,SHOP_012,BEN_00311,2026-01-10 15:25:06.322714,Rice,20,60.0,28.618685,77.319017,East Delhi,0,5599.0,15,False,False,True,False,False,1,0.37246258927733245
fda68f6e-f637-4c88-a6c9-b94c4e28772f,SHOP_012,BEN_01850,2026-01-10 19:45:44.322714,Wheat,9,18.0,28.618685,77.319017,East Delhi,0,15638.0,19,False,False,False,False,True,1,0.33167213974445287
4ac7b733-1019-40e3-8ea1-dda0763b6e95,SHOP_012,BEN_01486,2026-01-11 10:27:01.322714,Wheat,20,40.0,28.618685,77.319017,East Delhi,0,52877.0,10,False,False,False,False,True,1,0.5617627226747461
ddd6e172-c77f-44d6-9d9e-6dedd3af4a70,SHOP_012,BEN_00994,2026-01-11 13:45:52.322714,Oil,1,50.0,28.618685,77.319017,East Delhi,0,11931.0,13,False,True,False,False,False,1,0.159696473628464
a743e4b3-5a1d-4be4-8d0d-404723cecfc0,SHOP_012,BEN_00817,2026-01-11 13:54:06.322714,Rice,13,39.0,28.618685,77.319017,East Delhi,0,494.0,13,False,False,True,False,False,1,0.19922470484602706
9275158c-ec66-4ab9-9533-1284b792bba7,SHOP_012,BEN_02950,2026-01-11 17:47:15.322714,Kerosene,1,25.0,28.618685,77.319017,East Delhi,0,13989.0,17,True,False,False,False,False,1,0.22103763536099663
46fc43cb-693f-4edf-ab64-84d33b19a6df,SHOP_012,BEN_01704,2026-01-12 09:18:12.322714,Wheat,11,22.0,28.618685,77.319017,East Delhi,0,55857.0,9,False,False,False,False,True,1,0.4463800490033526
ec6b3bf5-8c9f-4b8b-8fd7-e0bce7cceb59,SHOP_012,BEN_01796,2026-01-12 10:33:06.322714,Sugar,3,60.0,28.618685,77.319017,East Delhi,0,4494.0,10,False,False,False,True,False,1,0.2514576754985977
6c4867f3-0478-4881-ab0d-0ecd15f5e9af,SHOP_012,BEN_00094,2026-01-12 11:37:23.322714,Sugar,2,40.0,28.618685,77.319017,East Delhi,0,3857.0,11,False,False,False,True,False,1,0.14345039655629394
f8a83ca8-3bab-4f19-b64b-9aefbe282058,SHOP_012,BEN_00682,2026-01-12 16:29:54.322714,Rice,20,60.0,28.618685,77.319017,East Delhi,0,17551.0,16,False,False,True,False,False,1,0.41929525350023744
adcdfa2a-c00b-40b0-9ba1-54943e952dbe,SHOP_012,BEN_00024,2026-01-13 09:59:45.322714,Sugar,1,20.0,28.618685,77.319017,East Delhi,0,62991.0,9,False,False,False,True,False,1,0.3470886524290856
e610b981-d9bc-4927-ac05-50256f0fc8b3,SHOP_012,BEN_02351,2026-01-13 12:56:31.322714,Oil,1,50.0,28.618685,77.319017,East Delhi,0,10606.0,12,False,True,False,False,False,1,0.1797728571721865
00080160-d7e5-4054-b1f3-599d066f0361,SHOP_012,BEN_02928,2026-01-13 14:54:40.322714,Wheat,15,30.0,28.618685,77.319017,East Delhi,0,7089.0,14,False,False,False,False,True,1,0.1023576270184764
cc303e5d-eb05-4f11-ac70-5b3a62b4ec3b,SHOP_012,BEN_00093,2026-01-13 15:29:30.322714,Rice,9,27.0,28.618685,77.319017,East Delhi,0,2090.0,15,False,False,True,False,False,1,0.19458313620735557
19bf761d-64c6-429e-a55f-6790e467aa7b,SHOP_012,BEN_02050,2026-01-13 16:10:50.322714,Rice,14,42.0,28.618685,77.319017,East Delhi,0,2480.0,16,False,False,True,False,False,1,0.18676081973930497
8f9804c2-b8c4-44ab-8e5d-227494d43f6b,SHOP_012,BEN_02387,2026-01-13 16:16:37.322714,Kerosene,2,50.0,28.618685,77.319017,East Delhi,0,347.0,16,True,False,False,False,False,1,0.1705643025519329
e96cfbc0-b8ae-4ea2-83de-ef29aeecaa06,SHOP_012,BEN_00540,2026-01-13 17:13:14.322714,Oil,2,100.0,28.618685,77.319017,East Delhi,0,3397.0,17,False,True,False,False,False,1,0.1014255467629509
7e801d6e-f2d2-4910-8c7e-faf2c210a480,SHOP_012,BEN_00729,2026-01-14 11:54:52.322714,Kerosene,2,50.0,28.618685,77.319017,East Delhi,0,67298.0,11,True,False,False,False,False,1,0.40008033424514977
8a33b367-b1a6-4877-a583-17a50837627b,SHOP_012,BEN_01577,2026-01-14 12:56:47.322714,Wheat,9,18.0,28.618685,77.319017,East Delhi,0,3715.0,12,False,False,False,False,True,1,0.17594834091417766
249094b2-0222-4143-9ac2-205bdff81d04,SHOP_012,BEN_00660,2026-01-15 10:08:30.322714,Wheat,8,16.0,28.618685,77.319017,East Delhi,0,76303.0,10,False,False,False,False,True,1,0.5322335401978849
b2d28260-cec5-4d4a-8216-bc68b36c4aa2,SHOP_012,BEN_00051,2026-01-15 14:55:21.322714,Oil,1,50.0,28.618685,77.319017,East Delhi,0,17211.0,14,False,True,False,False,False,1,0.18015266697639049
989039bb-0b3d-4ce7-acbf-39bfd7890581,SHOP_013,BEN_00772,2025-12-16 16:28:11.322714,Rice,16,48.0,28.689861,77.183213,North Delhi,0,9999.0,16,False,False,True,False,False,1,0.17542663946459014
b332d24c-830a-4b30-919b-11a23b6949bd,SHOP_013,BEN_00662,2025-12-16 16:54:35.322714,Kerosene,2,50.0,28.689861,77.183213,North Delhi,0,1584.0,16,True,False,False,False,False,1,0.12961406229805317
e777f3d0-d160-4eb4-859d-6996c10bf407,SHOP_013,BEN_00982,2025-12-16 17:12:10.322714,Wheat,8,16.0,28.689861,77.183213,North Delhi,0,1055.0,17,False,False,False,False,True,1,0.27953737348166835
08f1a4fb-f19d-4a73-a4ed-775c3f37bd76,SHOP_013,BEN_00146,2025-12-16 18:16:39.322714,Wheat,12,24.0,28.689861,77.183213,North Delhi,0,3869.0,18,False,False,False,False,True,1,0.232042217111518
23a44c6f-5fc0-4ae3-94a3-bd20dc8214e6,SHOP_013,BEN_02235,2025-12-17 11:41:55.322714,Sugar,1,20.0,28.689861,77.183213,North Delhi,0,62716.0,11,False,False,False,True,False,1,0.310033981300509
9a9b3cad-5542-4edf-9dd1-72d6695998f3,SHOP_013,BEN_01771,2025-12-17 16:12:09.322714,Rice,13,39.0,28.689861,77.183213,North Delhi,0,16214.0,16,False,False,True,False,False,1,0.20304732485589216
60a52ff7-46ed-4731-b2c9-c641065ffb9a,SHOP_013,BEN_02634,2025-12-17 16:59:37.322714,Wheat,18,36.0,28.689861,77.183213,North Delhi,0,2848.0,16,False,False,False,False,True,1,0.2652280016346183
911bfd55-114c-4d00-aa95-a0267e4d0b31,SHOP_013,BEN_01592,2025-12-17 17:26:01.322714,Oil,1,50.0,28.689861,77.183213,North Delhi,0,1584.0,17,False,True,False,False,False,1,0.2053828152891417
813e01fd-842e-4a30-9a3d-3364522f7684,SHOP_013,BEN_00633,2025-12-18 08:46:12.322714,Kerosene,3,75.0,28.689861,77.183213,North Delhi,0,55211.0,8,True,False,False,False,False,1,0.4337457605146521
8c6eee79-1b67-4c0d-a857-8525dc49e449,SHOP_013,BEN_01275,2025-12-18 11:37:16.322714,Oil,1,50.0,28.689861,77.183213,North Delhi,0,10264.0,11,False,True,False,False,False,1,0.20435119740833563
f3005bc5-6fd2-4523-81be-fc372a038b5e,SHOP_013,BEN_02796,2025-12-18 18:33:56.322714,Rice,18,54.0,28.689861,77.183213,North Delhi,0,25000.0,18,False,False,True,False,False,1,0.4098926566872
0b21ef6f-52b2-4e07-bb8c-a72bf4bb7ee2,SHOP_013,BEN_00686,2025-12-19 18:52:06.322714,Rice,8,24.0,28.689861,77.183213,North Delhi,0,87490.0,18,False,False,True,False,False,-1,0.6518184543556355
3688a0a6-f5f5-48f4-8ccc-968459a53dfc,SHOP_013,BEN_02315,2025-12-20 08:43:41.322714,Sugar,1,20.0,28.689861,77.183213,North Delhi,0,49895.0,8,False,False,False,True,False,1,0.3936093769630765
df9cbce7-7f5e-48a4-88db-f56c43b49c5e,SHOP_013,BEN_02202,2025-12-20 10:16:10.322714,Wheat,17,34.0,28.689861,77.183213,North Delhi,0,5549.0,10,False,False,False,False,True,1,0.3214391119996478
190cb4a6-aafa-410d-beb1-b7b66f8246a1,SHOP_013,BEN_00808,2025-12-20 10:42:09.322714,Kerosene,3,75.0,28.689861,77.183213,North Delhi,0,1559.0,10,True,False,False,False,False,1,0.2789735304651255
bde87c69-b547-4ec0-b89a-ea7aa394d82e,SHOP_013,BEN_02471,2025-12-20 11:25:56.322714,Kerosene,1,25.0,28.689861,77.183213,North Delhi,0,2627.0,11,True,False,False,False,False,1,0.23733182438696154
8665d4dc-f89c-472e-8572-756e041cd7c7,SHOP_013,BEN_02809,2025-12-21 11:45:12.322714,Rice,7,21.0,28.689861,77.183213,North Delhi,0,87556.0,11,False,False,True,False,False,1,0.5387579337988166
174ca4eb-4099-44b6-ae5c-d67bce86aa87,SHOP_013,BEN_01267,2025-12-21 13:12:16.322714,Rice,6,18.0,28.689861,77.183213,North Delhi,0,5224.0,13,False,False,True,False,False,1,0.16397922083005134
31481b88-4d1c-4f53-a1ec-f26febcc0dfa,SHOP_013,BEN_02880,2025-12-21 13:48:27.322714,Oil,1,50.0,28.689861,77.183213,North Delhi,0,2171.0,13,False,True,False,False,False,1,0.15504197313556006
27792c01-b82a-476e-9576-d2882c5510a7,SHOP_013,BEN_00794,2025-12-21 15:33:44.322714,Sugar,2,40.0,28.689861,77.183213,North Delhi,0,6317.0,15,False,False,False,True,False,1,0.05285676096594616
19e3c3b8-f159-42e4-a58f-dd48a10193da,SHOP_013,BEN_02430,2025-12-21 16:18:44.322714,Rice,5,15.0,28.689861,77.183213,North Delhi,0,2700.0,16,False,False,True,False,False,1,0.2612943387234606
456ff7ff-43d3-44f1-aa23-728c311b7104,SHOP_013,BEN_00052,2025-12-21 17:17:01.322714,Sugar,2,40.0,28.689861,77.183213,North Delhi,0,3497.0,17,False,False,False,True,False,1,0.12668987023194678
bd0017e6-e647-45cb-8345-aa29e0856203,SHOP_013,BEN_02926,2025-12-22 11:52:40.322714,Kerosene,3,75.0,28.689861,77.183213,North Delhi,0,66939.0,11,True,False,False,False,False,1,0.44399210968923764
9a966981-44d5-433d-9e87-b603c8dc7161,SHOP_013,BEN_02212,2025-12-22 18:02:04.322714,Kerosene,1,25.0,28.689861,77.183213,North Delhi,0,22164.0,18,True,False,False,False,False,1,0.3042601432755686
9f285096-9121-44c8-9cf4-6fa525c01ad7,SHOP_013,BEN_01793,2025-12-23 12:42:32.322714,Rice,20,60.0,28.689861,77.183213,North Delhi,0,67228.0,12,False,False,True,False,False,1,0.524258703724998
1f135353-1830-47b8-b5e1-86628a2560c1,SHOP_013,BEN_01460,2025-12-23 14:29:02.322714,Kerosene,3,75.0,28.689861,77.183213,North Delhi,0,6390.0,14,True,False,False,False,False,1,0.14558614149716614
27e4be68-1a82-42d9-aff9-2c371ffb9b44,SHOP_013,BEN_02779,2025-12-24 14:36:55.322714,Sugar,2,40.0,28.689861,77.183213,North Delhi,0,86873.0,14,False,False,False,True,False,1,0.4070703179615482
fbd9faac-9bde-465d-b0ca-0c0671efc89a,SHOP_013,BEN_00307,2025-12-25 10:44:17.322714,Rice,18,54.0,28.689861,77.183213,North Delhi,0,72442.0,10,False,False,True,False,False,1,0.5113399251425848
798b91c5-f528-4088-be7f-8ed810ed7271,SHOP_013,BEN_01026,2025-12-25 11:42:17.322714,Rice,18,54.0,28.689861,77.183213,North Delhi,0,3480.0,11,False,False,True,False,False,1,0.2879404457434713
98c0fb63-2ead-4ca9-94e7-39121c541049,SHOP_013,BEN_02969,2025-12-25 19:11:37.322714,Sugar,1,20.0,28.689861,77.183213,North Delhi,0,26960.0,19,False,False,False,True,False,1,0.46846968705856007
27066278-9acf-42b1-a4b4-e9bad04d9f4f,SHOP_013,BEN_01119,2025-12-26 09:38:50.322714,Sugar,1,20.0,28.689861,77.183213,North Delhi,0,52033.0,9,False,False,False,True,False,1,0.3221459910374051
3126f862-3718-4462-9464-d4d7952a4449,SHOP_013,BEN_00736,2025-12-26 14:59:26.322714,Wheat,14,28.0,28.689861,77.183213,North Delhi,0,19236.0,14,False,False,False,False,True,1,0.20135030779970553
6f51be92-80c1-4e97-aaec-56a759b58995,SHOP_013,BEN_01939,2025-12-26 18:05:52.322714,Wheat,8,16.0,28.689861,77.183213,North Delhi,0,11186.0,18,False,False,False,False,True,1,0.28731471588266566
825a7ddc-0c2f-4e37-9d5a-522cf5168c66,SHOP_013,BEN_02124,2025-12-27 09:19:11.322714,Rice,5,15.0,28.689861,77.183213,North Delhi,0,54799.0,9,False,False,True,False,False,1,0.37790736902041033
b3f05646-db88-4752-bd56-722802195a85,SHOP_013,BEN_00623,2025-12-27 09:22:17.322714,Rice,7,21.0,28.689861,77.183213,North Delhi,0,186.0,9,False,False,True,False,False,1,0.3474244185050196
0b72e2f3-bd3d-4f40-9de2-684bc5eab2fe,SHOP_013,BEN_02604,2025-12-27 11:13:35.322714,Sugar,1,20.0,28.689861,77.183213,North Delhi,0,6678.0,11,False,False,False,True,False,1,0.19425574133532042
ffb77580-6e2e-45ac-877e-84ede5f59d1e,SHOP_013,BEN_01943,2025-12-27 13:37:23.322714,Wheat,9,18.0,28.689861,77.183213,North Delhi,0,8628.0,13,False,False,False,False,True,1,0.13490066507747195
95bc926a-368d-49f2-b698-a9d9b82780f2,SHOP_013,BEN_00443,2025-12-27 18:43:37.322714,Oil,1,50.0,28.689861,77.183213,North Delhi,0,18374.0,18,False,True,False,False,False,1,0.2576308561007539
303eb37f-5827-49db-83a5-1cc8e469166d,SHOP_013,BEN_02093,2025-12-28 14:58:43.322714,Rice,18,54.0,28.689861,77.183213,North Delhi,0,72906.0,14,False,False,True,False,False,1,0.5168149842810869
5cd75af1-4c23-4154-b5f6-3eecc923b0ef,SHOP_013,BEN_02080,2025-12-29 08:09:22.322714,Rice,19,57.0,28.689861,77.183213,North Delhi,0,61839.0,8,False,False,True,False,False,-1,0.590214896205439
5c95001c-33bc-434c-ba03-a71b821f23c2,SHOP_013,BEN_02430,2025-12-29 13:11:22.322714,Wheat,15,30.0,28.689861,77.183213,North Delhi,0,18120.0,13,False,False,False,False,True,1,0.15677935681647953
2ebb5a4e-e493-4bb3-8391-f00a27bb1dab,SHOP_013,BEN_00881,2025-12-29 15:28:26.322714,Rice,14,42.0,28.689861,77.183213,North Delhi,0,8224.0,15,False,False,True,False,False,1,0.17821885481098992
c4cc8c7c-93b6-4551-918d-b2c145b62fdb,SHOP_013,BEN_00615,2025-12-30 10:55:29.322714,Kerosene,3,75.0,28.689861,77.183213,North Delhi,0,70023.0,10,True,False,False,False,False,1,0.4498400651756107
77abfe7f-f22d-4738-b598-ee8b92d1abcc,SHOP_013,BEN_01871,2025-12-30 12:26:25.322714,Rice,15,45.0,28.689861,77.183213,North Delhi,0,5456.0,12,False,False,True,False,False,1,0.17580905306411393
4ad612d0-4a53-4518-9d4d-72445ccf8579,SHOP_013,BEN_01911,2025-12-31 08:38:54.322714,Kerosene,3,75.0,28.689861,77.183213,North Delhi,0,72749.0,8,True,False,False,False,False,1,0.5581721918530229
e29236c0-6b0a-4ea2-a877-8cfcd6c6f58f,SHOP_013,BEN_01956,2025-12-31 09:14:16.322714,Rice,6,18.0,28.689861,77.183213,North Delhi,0,2122.0,9,False,False,True,False,False,1,0.30125712976544383
0ad87b78-09ae-4334-8dc8-9d427e92f909,SHOP_013,BEN_02726,2025-12-31 09:53:56.322714,Kerosene,2,50.0,28.689861,77.183213,North Delhi,0,2380.0,9,True,False,False,False,False,1,0.3407449573691205
1b8de04d-b4b5-4103-bb1a-40af7ac8791d,SHOP_013,BEN_01355,2025-12-31 10:23:28.322714,Rice,14,42.0,28.689861,77.183213,North Delhi,0,1772.0,10,False,False,True,False,False,1,0.26189830796876856
7a1ff35e-034e-424f-8f1a-d1aa63470f75,SHOP_013,BEN_02065,2025-12-31 11:42:06.322714,Wheat,16,32.0,28.689861,77.183213,North Delhi,0,4718.0,11,False,False,False,False,True,1,0.2097399774035742
ad226810-bcaa-44b9-8cb5-a099ee2417a0,SHOP_013,BEN_02292,2025-12-31 15:32:37.322714,Oil,2,100.0,28.689861,77.183213,North Delhi,0,13831.0,15,False,True,False,False,False,1,0.053320645249383514
145e998b-648d-41c6-9fea-04b2bf4d2ecf,SHOP_013,BEN_01579,2025-12-31 16:58:17.322714,Sugar,1,20.0,28.689861,77.183213,North Delhi,0,5140.0,16,False,False,False,True,False,1,0.13908973779336004
e0da6bd7-15a1-4b79-86fb-1c50b94652dd,SHOP_013,BEN_01731,2025-12-31 18:19:27.322714,Sugar,3,60.0,28.689861,77.183213,North Delhi,0,4870.0,18,False,False,False,True,False,1,0.24358424010205476
d1bd10b9-023c-4c49-863c-32c7c1207993,SHOP_013,BEN_02622,2026-01-01 08:42:43.322714,Oil,2,100.0,28.689861,77.183213,North Delhi,0,51796.0,8,False,True,False,False,False,1,0.34700594460249146
19a74f7d-3628-4ebc-861e-74ccd058877e,SHOP_013,BEN_00508,2026-01-01 09:24:42.322714,Oil,2,100.0,28.689861,77.183213,North Delhi,0,2519.0,9,False,True,False,False,False,1,0.26798867563749296
0b7b7196-a1ba-450d-adb2-55abcaead768,SHOP_013,BEN_02040,2026-01-01 15:25:51.322714,Rice,18,54.0,28.689861,77.183213,North Delhi,0,21669.0,15,False,False,True,False,False,1,0.29980811073721947
54862bef-fd2f-4b1b-8671-62d8f03061e1,SHOP_013,BEN_02437,2026-01-01 19:43:11.322714,Oil,1,50.0,28.689861,77.183213,North Delhi,0,15440.0,19,False,True,False,False,False,1,0.32027111166010613
db239b00-459e-4c42-a688-d1e0835c6b2c,SHOP_013,BEN_00246,2026-01-02 08:24:09.322714,Oil,2,100.0,28.689861,77.183213,North Delhi,0,45658.0,8,False,True,False,False,False,1,0.3760181807263845
735ea441-441a-4c53-8778-32e007537f28,SHOP_013,BEN_00108,2026-01-02 11:10:56.322714,Oil,1,50.0,28.689861,77.183213,North Delhi,0,10007.0,11,False,True,False,False,False,1,0.20062792608036062
c19ddea4-be5d-4cbb-b6ce-de2582d40e73,SHOP_013,BEN_02814,2026-01-02 13:45:00.322714,Wheat,7,14.0,28.689861,77.183213,North Delhi,0,9244.0,13,False,False,False,False,True,1,0.15633230627665684
d317d661-9aa0-4b2a-8095-a2f28d43db7b,SHOP_013,BEN_01699,2026-01-02 14:52:36.322714,Rice,5,15.0,28.689861,77.183213,North Delhi,0,4056.0,14,False,False,True,False,False,1,0.21182767621226345
75df4f05-304e-415a-ac94-777cd7ecf99e,SHOP_013,BEN_00673,2026-01-02 17:42:44.322714,Rice,12,36.0,28.689861,77.183213,North Delhi,0,10208.0,17,False,False,True,False,False,1,0.19378798184897567
6bd15b5b-eec6-4a3e-a7a9-6cb0150d9b41,SHOP_013,BEN_01284,2026-01-03 16:36:16.322714,Kerosene,2,50.0,28.689861,77.183213,North Delhi,0,82412.0,16,True,False,False,False,False,1,0.5367320980074366
27a98bff-432f-4eab-9d4c-b716718423f9,SHOP_013,BEN_01152,2026-01-04 16:05:21.322714,Oil,1,50.0,28.689861,77.183213,North Delhi,0,84545.0,16,False,True,False,False,False,-1,0.6249640632303091
fa824ff2-3c8c-4afe-8b7d-1079ebcd3797,SHOP_013,BEN_02210,2026-01-04 19:11:10.322714,Kerosene,3,75.0,28.689861,77.183213,North Delhi,0,11149.0,19,True,False,False,False,False,1,0.2846024701990248
93c2e0cb-c593-4313-afb0-1701b5e22b62,SHOP_013,BEN_02086,2026-01-05 10:48:19.322714,Rice,19,57.0,28.689861,77.183213,North Delhi,0,56229.0,10,False,False,True,False,False,1,0.44320008280554163
bc18f10e-4f12-4853-a631-2a2b8b5f09fb,SHOP_013,BEN_01649,2026-01-05 11:14:38.322714,Oil,2,100.0,28.689861,77.183213,North Delhi,0,1579.0,11,False,True,False,False,False,1,0.18602174585289272
86c790cb-bac5-4f27-becd-1cc39c27ebce,SHOP_013,BEN_02084,2026-01-06 10:49:20.322714,Sugar,3,60.0,28.689861,77.183213,North Delhi,0,84882.0,10,False,False,False,True,False,1,0.43901633195323064
034d0cfa-f450-4c1e-8b96-dddc7f019f21,SHOP_013,BEN_01420,2026-01-06 15:11:02.322714,Kerosene,3,75.0,28.689861,77.183213,North Delhi,0,15702.0,15,True,False,False,False,False,1,0.157234844167302
d58f5360-eb64-4b53-8e1a-67c0b5c2a4b6,SHOP_013,BEN_02999,2026-01-06 16:56:50.322714,Sugar,1,20.0,28.689861,77.183213,North Delhi,0,6348.0,16,False,False,False,True,False,1,0.13622805083145728
3bfe3b32-6647-4f68-8eb4-ef24d7f581e1,SHOP_013,BEN_00859,2026-01-06 18:14:08.322714,Wheat,6,12.0,28.689861,77.183213,North Delhi,0,4638.0,18,False,False,False,False,True,1,0.27448523847058753
963e5a14-ac30-4a12-a70e-d03abbf208ef,SHOP_013,BEN_01182,2026-01-06 19:43:29.322714,Sugar,1,20.0,28.689861,77.183213,North Delhi,0,5361.0,19,False,False,False,True,False,1,0.30428754809415826
d8a92c12-fd6c-4947-b9c2-e36d27d7bb49,SHOP_013,BEN_00441,2026-01-07 12:35:19.322714,Sugar,3,60.0,28.689861,77.183213,North Delhi,0,60710.0,12,False,False,False,True,False,1,0.3151986441486041
36833512-05c4-4649-b06b-3117229d1519,SHOP_013,BEN_01431,2026-01-07 19:06:00.322714,Oil,1,50.0,28.689861,77.183213,North Delhi,0,23441.0,19,False,True,False,False,False,1,0.4038789460014576
690ecf2b-0b9b-4556-9a45-08b76d0338f6,SHOP_013,BEN_01149,2026-01-07 19:09:01.322714,Rice,5,15.0,28.689861,77.183213,North Delhi,0,181.0,19,False,False,True,False,False,1,0.42127567222573525
e5b2e48d-34f0-49da-a892-38c913f1fea7,SHOP_013,BEN_01483,2026-01-08 09:46:09.322714,Sugar,3,60.0,28.689861,77.183213,North Delhi,0,52628.0,9,False,False,False,True,False,1,0.3289148582949047
4cd037ac-4233-489a-8da4-ebd6dd544da2,SHOP_013,BEN_01877,2026-01-08 10:02:36.322714,Rice,10,30.0,28.689861,77.183213,North Delhi,0,987.0,10,False,False,True,False,False,1,0.2389025525457672
ad5733f4-ab28-4d37-9d65-9b7d6ef13b3c,SHOP_013,BEN_00291,2026-01-08 17:45:49.322714,Wheat,9,18.0,28.689861,77.183213,North Delhi,0,27793.0,17,False,False,False,False,True,1,0.42464805315652
07241c1e-2354-4d81-a3c3-cd0d2f23631f,SHOP_013,BEN_01296,2026-01-09 12:12:42.322714,Sugar,3,60.0,28.689861,77.183213,North Delhi,0,66413.0,12,False,False,False,True,False,1,0.334229623314111
f2046fd8-c1a8-4587-9612-6d88b37487ba,SHOP_013,BEN_02945,2026-01-09 16:04:14.322714,Oil,2,100.0,28.689861,77.183213,North Delhi,0,13892.0,16,False,True,False,False,False,1,0.06973991898752374
c90f5ef8-cff9-4e79-82e4-e497d663e9ea,SHOP_013,BEN_01277,2026-01-09 19:08:06.322714,Oil,1,50.0,28.689861,77.183213,North Delhi,0,11032.0,19,False,True,False,False,False,1,0.2978510634347074
7e4451ec-74dc-4151-81cb-7f56d4fd7bd6,SHOP_013,BEN_01679,2026-01-10 15:09:33.322714,Sugar,2,40.0,28.689861,77.183213,North Delhi,0,72087.0,15,False,False,False,True,False,1,0.3532905744358549
356318da-b76d-40d6-96ac-03ac84a2f2ae,SHOP_013,BEN_02088,2026-01-10 15:28:02.322714,Wheat,19,38.0,28.689861,77.183213,North Delhi,0,1109.0,15,False,False,False,False,True,1,0.3305669995995274
d5f598f9-53f1-4c50-afc7-085d9cb97e42,SHOP_013,BEN_00584,2026-01-11 12:55:09.322714,Wheat,7,14.0,28.689861,77.183213,North Delhi,0,77227.0,12,False,False,False,False,True,1,0.565438182662823
d6b8320f-b936-40ab-80da-21296a71a008,SHOP_013,BEN_00873,2026-01-11 19:27:25.322714,Wheat,6,12.0,28.689861,77.183213,North Delhi,0,23536.0,19,False,False,False,False,True,1,0.49648876368658507
c4f9dc4a-315f-4e61-a7f1-f459a3e8625c,SHOP_013,BEN_00210,2026-01-11 19:52:35.322714,Wheat,19,38.0,28.689861,77.183213,North Delhi,0,1510.0,19,False,False,False,False,True,1,0.5084960107829786
30a382eb-bf4f-4e99-be45-88da89a7a780,SHOP_013,BEN_00732,2026-01-12 08:42:58.322714,Kerosene,3,75.0,28.689861,77.183213,North Delhi,0,46223.0,8,True,False,False,False,False,1,0.4467877827556497
611c596d-2c06-4d14-8ecb-0128c4c26949,SHOP_013,BEN_01095,2026-01-12 10:41:54.322714,Kerosene,1,25.0,28.689861,77.183213,North Delhi,0,7136.0,10,True,False,False,False,False,1,0.2894363866516001
29cf0cfc-b903-48c2-8d0c-b7685449a544,SHOP_013,BEN_00252,2026-01-13 08:37:22.322714,Sugar,3,60.0,28.689861,77.183213,North Delhi,0,78928.0,8,False,False,False,True,False,1,0.5031376475509399
fb1c3554-2bce-4c5c-a450-960c153cebc9,SHOP_013,BEN_02396,2026-01-13 11:09:00.322714,Sugar,1,20.0,28.689861,77.183213,North Delhi,0,9098.0,11,False,False,False,True,False,1,0.2034311523524195
8c26fb7d-9faa-41ca-87a8-c80560c6f362,SHOP_013,BEN_00969,2026-01-13 13:54:17.322714,Wheat,9,18.0,28.689861,77.183213,North Delhi,0,9917.0,13,False,False,False,False,True,1,0.14684130391037742
23b75c63-6ca4-4754-9764-6b48ba088ddc,SHOP_013,BEN_00387,2026-01-13 15:40:13.322714,Wheat,18,36.0,28.689861,77.183213,North Delhi,0,6356.0,15,False,False,False,False,True,1,0.2048548456848281
2cd1ca46-78ba-4148-bd6d-2002fbd305e9,SHOP_013,BEN_01869,2026-01-13 18:37:55.322714,Kerosene,2,50.0,28.689861,77.183213,North Delhi,0,10662.0,18,True,False,False,False,False,1,0.17411356791626692
2d7e1fe7-3600-487d-970c-7810f918ef88,SHOP_013,BEN_02081,2026-01-14 08:02:33.322714,Sugar,2,40.0,28.689861,77.183213,North Delhi,0,48278.0,8,False,False,False,True,False,1,0.36138179164586204
9ad5c7b2-cdcb-4efc-a531-aaff288d459b,SHOP_013,BEN_02486,2026-01-14 17:32:17.322714,Rice,8,24.0,28.689861,77.183213,North Delhi,0,34184.0,17,False,False,True,False,False,1,0.42785084001627044
63e8b9aa-a2c9-4496-acd4-cbf81fca89b9,SHOP_013,BEN_01258,2026-01-15 11:17:06.322714,Kerosene,1,25.0,28.689861,77.183213,North Delhi,0,63889.0,11,True,False,False,False,False,1,0.46765958554636117
83a34b38-14b0-4ee2-98bc-9aba40c543c4,SHOP_013,BEN_01237,2026-01-15 11:40:29.322714,Oil,2,100.0,28.689861,77.183213,North Delhi,0,1403.0,11,False,True,False,False,False,1,0.19079321256764392
ea675096-8183-4de5-8082-f3219e2bcaad,SHOP_013,BEN_01954,2026-01-15 14:02:15.322714,Wheat,14,28.0,28.689861,77.183213,North Delhi,0,8506.0,14,False,False,False,False,True,1,0.10312874514198245
6803d0dc-34da-4c3b-a553-054a58c26f62,SHOP_013,BEN_02399,2026-01-15 15:44:58.322714,Sugar,1,20.0,28.689861,77.183213,North Delhi,0,6163.0,15,False,False,False,True,False,1,0.1129220844346801
98709ce5-4b1f-4fd5-b516-f225030a2207,SHOP_014,BEN_02227,2025-12-16 17:05:47.322714,Wheat,20,40.0,28.708352,77.106686,Rohini,0,9999.0,17,False,False,False,False,True,1,0.3778155515092577
89a411bb-660c-47ca-a51f-e9d569072187,SHOP_014,BEN_02455,2025-12-17 12:01:14.322714,Rice,5,15.0,28.708352,77.106686,Rohini,0,68127.0,12,False,False,True,False,False,1,0.4325837081472807
053b2658-19cd-4c31-ae79-115111b4b74a,SHOP_014,BEN_02958,2025-12-17 14:33:28.322714,Sugar,2,40.0,28.708352,77.106686,Rohini,0,9134.0,14,False,False,False,True,False,1,0.05946631087033227
114910c4-e606-4af1-b749-c8116505aca3,SHOP_014,BEN_01226,2025-12-17 19:05:39.322714,Kerosene,1,25.0,28.708352,77.106686,Rohini,0,16331.0,19,True,False,False,False,False,1,0.30190317118708876
1ab35589-1861-4a63-b3e2-16aa7a18707f,SHOP_014,BEN_02049,2025-12-18 13:51:42.322714,Wheat,7,14.0,28.708352,77.106686,Rohini,0,67563.0,13,False,False,False,False,True,1,0.49663619452818897
e733bfe0-f813-478d-b47a-06ead5f2f7c6,SHOP_014,BEN_01931,2025-12-19 12:12:03.322714,Kerosene,2,50.0,28.708352,77.106686,Rohini,0,80421.0,12,True,False,False,False,False,1,0.47372489333270973
f2921a0c-8fd3-4c05-b57f-ac037efbe302,SHOP_014,BEN_02612,2025-12-19 13:54:29.322714,Sugar,1,20.0,28.708352,77.106686,Rohini,0,6146.0,13,False,False,False,True,False,1,0.1206406932919939
9c4231d3-ba6b-4ffd-9fc7-8bd831148202,SHOP_014,BEN_01313,2025-12-19 14:23:08.322714,Oil,1,50.0,28.708352,77.106686,Rohini,0,1719.0,14,False,True,False,False,False,1,0.13059518631787786
ad094142-1021-4491-a4ee-0f5b86d87860,SHOP_014,BEN_00408,2025-12-19 15:28:10.322714,Kerosene,2,50.0,28.708352,77.106686,Rohini,0,3902.0,15,True,False,False,False,False,1,0.09199293073399012
4fc1073e-6cea-4954-a321-82281a86d4b8,SHOP_014,BEN_01260,2025-12-19 16:14:33.322714,Wheat,5,10.0,28.708352,77.106686,Rohini,0,2783.0,16,False,False,False,False,True,1,0.27688625431093933
e9b53a1d-7d83-4b5d-9b79-29d3c63132f0,SHOP_014,BEN_02815,2025-12-19 16:25:58.322714,Oil,1,50.0,28.708352,77.106686,Rohini,0,685.0,16,False,True,False,False,False,1,0.12291513126526021
77c9af45-8445-4972-bda1-b49f6c789f88,SHOP_014,BEN_00712,2025-12-20 08:14:14.322714,Kerosene,1,25.0,28.708352,77.106686,Rohini,0,56896.0,8,True,False,False,False,False,1,0.4733213515656065
bc95a627-a52b-422d-9ad0-d0b4e578ad30,SHOP_014,BEN_01740,2025-12-20 10:22:20.322714,Rice,19,57.0,28.708352,77.106686,Rohini,0,7686.0,10,False,False,True,False,False,1,0.37474048424515966
f204b617-6361-4f93-afcc-31cd543cc895,SHOP_014,BEN_01186,2025-12-20 13:44:33.322714,Wheat,7,14.0,28.708352,77.106686,Rohini,0,12133.0,13,False,False,False,False,True,1,0.18819087907383492
86d9f3b7-4502-44f3-8393-2ae131ac195b,SHOP_014,BEN_00503,2025-12-20 17:09:13.322714,Oil,2,100.0,28.708352,77.106686,Rohini,0,12280.0,17,False,True,False,False,False,1,0.12428305192865718
ee09658a-e6e1-4bce-87ea-4c7c6ba614b4,SHOP_014,BEN_01453,2025-12-21 11:17:00.322714,Kerosene,2,50.0,28.708352,77.106686,Rohini,0,65267.0,11,True,False,False,False,False,1,0.3749569294338664
74acacac-cf90-4401-89c8-821166427233,SHOP_014,BEN_01729,2025-12-21 15:30:28.322714,Rice,10,30.0,28.708352,77.106686,Rohini,0,15208.0,15,False,False,True,False,False,1,0.19126866962230304
aaa42b9a-dc07-4cb7-86da-edf148e04e4d,SHOP_014,BEN_02715,2025-12-21 16:49:00.322714,Oil,2,100.0,28.708352,77.106686,Rohini,0,4712.0,16,False,True,False,False,False,1,0.016463574548462145
80bba20a-b489-4525-b2e5-cdbe07fab05b,SHOP_014,BEN_01234,2025-12-22 08:25:42.322714,Rice,8,24.0,28.708352,77.106686,Rohini,0,56202.0,8,False,False,True,False,False,1,0.4098871665690037
5a4171c8-f2fb-4b51-b909-52d0a018fa01,SHOP_014,BEN_01696,2025-12-22 15:20:58.322714,Kerosene,3,75.0,28.708352,77.106686,Rohini,0,24916.0,15,True,False,False,False,False,1,0.22982562480862723
154de230-a3b1-4fdb-98d5-33133abe5be1,SHOP_014,BEN_02037,2025-12-23 12:34:48.322714,Wheat,15,30.0,28.708352,77.106686,Rohini,0,76430.0,12,False,False,False,False,True,1,0.542029754428378
814f7695-0740-49a8-b71d-108120138c2c,SHOP_014,BEN_00330,2025-12-23 12:40:53.322714,Oil,1,50.0,28.708352,77.106686,Rohini,0,365.0,12,False,True,False,False,False,1,0.17575781790140643
28f020b6-dd34-4ac2-b2c1-e5cb50ecebda,SHOP_014,BEN_02452,2025-12-23 13:36:23.322714,Wheat,19,38.0,28.708352,77.106686,Rohini,0,3330.0,13,False,False,False,False,True,1,0.2699203081571583
6b57cae8-a8a5-4039-8445-a80ed6c17628,SHOP_014,BEN_02159,2025-12-23 15:12:02.322714,Oil,2,100.0,28.708352,77.106686,Rohini,0,5739.0,15,False,True,False,False,False,1,0.00860772230774054
ed963e89-d8b3-4ddf-935a-026ebb3722c2,SHOP_014,BEN_02216,2025-12-23 17:43:07.322714,Rice,11,33.0,28.708352,77.106686,Rohini,0,9065.0,17,False,False,True,False,False,1,0.19444299074903465
1af93132-8420-4aff-9555-9cc1a6fb64a2,SHOP_014,BEN_02745,2025-12-23 18:54:15.322714,Kerosene,2,50.0,28.708352,77.106686,Rohini,0,4268.0,18,True,False,False,False,False,1,0.16102607729336477
39171cb4-ab7d-4aec-a90d-1d4e9e039431,SHOP_014,BEN_00801,2025-12-24 08:18:45.322714,Sugar,1,20.0,28.708352,77.106686,Rohini,0,48270.0,8,False,False,False,True,False,1,0.39906325009984533
f2842528-e444-4c3d-bd03-a62efbad7cda,SHOP_014,BEN_02373,2025-12-24 14:54:18.322714,Oil,2,100.0,28.708352,77.106686,Rohini,0,23733.0,14,False,True,False,False,False,1,0.2019229592373088
13a861a8-36fc-4e38-b201-456325dbd1b1,SHOP_014,BEN_01714,2025-12-24 19:26:12.322714,Rice,18,54.0,28.708352,77.106686,Rohini,0,16314.0,19,False,False,True,False,False,1,0.4319468651569918
3ef86016-111b-4e75-a178-8dbebb16fa32,SHOP_014,BEN_01975,2025-12-26 09:37:04.322714,Oil,1,50.0,28.708352,77.106686,Rohini,0,137452.0,9,False,True,False,False,False,-1,0.7382476104963047
41f4e31e-81c4-42ca-96c5-dc0fe977a104,SHOP_014,BEN_02043,2025-12-26 12:02:50.322714,Sugar,3,60.0,28.708352,77.106686,Rohini,0,8746.0,12,False,False,False,True,False,1,0.161635702514571
adda8a23-dabe-4930-a628-bddc6bebccf7,SHOP_014,BEN_01175,2025-12-26 15:58:01.322714,Kerosene,2,50.0,28.708352,77.106686,Rohini,0,14111.0,15,True,False,False,False,False,1,0.11247875852046968
3ad4f317-301d-4554-b4e9-11c980ef921a,SHOP_014,BEN_02872,2025-12-26 16:40:07.322714,Sugar,2,40.0,28.708352,77.106686,Rohini,0,2526.0,16,False,False,False,True,False,1,0.08993650639519957
4f91349d-55fc-40bf-a8da-101a76ad5e8d,SHOP_014,BEN_00106,2025-12-26 18:31:26.322714,Kerosene,1,25.0,28.708352,77.106686,Rohini,0,6679.0,18,True,False,False,False,False,1,0.21093184197983084
4df9980a-9b8e-4245-8655-a1a92c90d7cf,SHOP_014,BEN_00111,2025-12-26 18:45:36.322714,Sugar,3,60.0,28.708352,77.106686,Rohini,0,850.0,18,False,False,False,True,False,1,0.29919449632134804
e1e7a4d3-be72-440e-ac4d-f87d72625125,SHOP_014,BEN_00916,2025-12-27 19:07:12.322714,Sugar,1,20.0,28.708352,77.106686,Rohini,0,87696.0,19,False,False,False,True,False,-1,0.6558145204225974
0da1b39b-93ef-4926-84a6-ef2caf9ad401,SHOP_014,BEN_00097,2025-12-28 10:21:28.322714,Rice,19,57.0,28.708352,77.106686,Rohini,0,54856.0,10,False,False,True,False,False,1,0.4467282266405168
1739e87c-0c08-4af8-ba84-e728647ddb3e,SHOP_014,BEN_02393,2025-12-28 16:48:39.322714,Oil,2,100.0,28.708352,77.106686,Rohini,0,23231.0,16,False,True,False,False,False,1,0.15597035854337749
2f8b8d45-10b7-414a-812d-17865fc87b49,SHOP_014,BEN_00320,2025-12-28 19:04:09.322714,Kerosene,3,75.0,28.708352,77.106686,Rohini,0,8130.0,19,True,False,False,False,False,1,0.2792299994191452
a8043ad7-d41d-4371-a391-615bf36fc2c3,SHOP_014,BEN_01395,2025-12-28 19:57:56.322714,Wheat,17,34.0,28.708352,77.106686,Rohini,0,3227.0,19,False,False,False,False,True,1,0.4193698748760296
92f93045-8782-4501-9014-8baca0dc8285,SHOP_014,BEN_00483,2025-12-29 12:15:12.322714,Wheat,19,38.0,28.708352,77.106686,Rohini,0,58636.0,12,False,False,False,False,True,1,0.5125224083071566
1cefc675-6d0f-4eed-87c6-934a4cd371d3,SHOP_014,BEN_00819,2025-12-29 14:08:28.322714,Rice,18,54.0,28.708352,77.106686,Rohini,0,6796.0,14,False,False,True,False,False,1,0.20423026565986852
27a9cf7f-8ec8-4aa1-a15a-a019e2e4e750,SHOP_014,BEN_02066,2025-12-29 14:50:30.322714,Sugar,1,20.0,28.708352,77.106686,Rohini,0,2522.0,14,False,False,False,True,False,1,0.11481963800993716
78b0a987-7027-42d2-8725-957245859db3,SHOP_014,BEN_01428,2025-12-30 11:27:52.322714,Sugar,3,60.0,28.708352,77.106686,Rohini,0,74242.0,11,False,False,False,True,False,1,0.36722480490652554
c3f32254-cd2d-4adc-b6d8-5429b857274a,SHOP_014,BEN_00062,2025-12-30 17:54:10.322714,Oil,1,50.0,28.708352,77.106686,Rohini,0,23178.0,17,False,True,False,False,False,1,0.2890961684467462
a438f5aa-4fcd-46f8-8254-efc0e7e0ebdd,SHOP_014,BEN_02333,2025-12-30 19:41:17.322714,Sugar,2,40.0,28.708352,77.106686,Rohini,0,6427.0,19,False,False,False,True,False,1,0.28607312239776245
9395c791-9f30-4873-bc04-dcc1704e5090,SHOP_014,BEN_02568,2025-12-31 14:44:53.322714,Kerosene,2,50.0,28.708352,77.106686,Rohini,0,68616.0,14,True,False,False,False,False,1,0.4196414263082996
6f95a399-83c7-4fa2-9f41-444210223231,SHOP_014,BEN_00309,2025-12-31 16:46:24.322714,Wheat,7,14.0,28.708352,77.106686,Rohini,0,7291.0,16,False,False,False,False,True,1,0.17436062986361428
71f00951-6274-4959-be4e-fe7b049842de,SHOP_014,BEN_00518,2025-12-31 19:06:56.322714,Sugar,2,40.0,28.708352,77.106686,Rohini,0,8432.0,19,False,False,False,True,False,1,0.2681345945325424
8bbfee56-2ba4-4b53-a0ec-9f10d7ea719b,SHOP_014,BEN_00860,2026-01-02 08:35:40.322714,Sugar,2,40.0,28.708352,77.106686,Rohini,0,134924.0,8,False,False,False,True,False,-1,0.7579798934608593
a7757f87-49d7-4a35-8dab-9f7c8d0bba7b,SHOP_014,BEN_02647,2026-01-02 08:56:29.322714,Sugar,3,60.0,28.708352,77.106686,Rohini,0,1249.0,8,False,False,False,True,False,1,0.4667650153981957
dbb92b8a-9555-4884-98e8-b6795afe6ac1,SHOP_014,BEN_01976,2026-01-02 09:16:29.322714,Rice,14,42.0,28.708352,77.106686,Rohini,0,1200.0,9,False,False,True,False,False,1,0.32611837427008644
5371d252-2759-48b8-97e9-5b1d0d7be664,SHOP_014,BEN_01168,2026-01-02 15:36:25.322714,Oil,1,50.0,28.708352,77.106686,Rohini,0,22796.0,15,False,True,False,False,False,1,0.20597653558480894
6385995a-0bb6-4f27-bf52-3b41c36eb4be,SHOP_014,BEN_02307,2026-01-03 08:47:58.322714,Oil,2,100.0,28.708352,77.106686,Rohini,0,61893.0,8,False,True,False,False,False,1,0.40058168041530023
d8c7a1eb-5490-4e16-a5d9-27e856b5ec14,SHOP_014,BEN_02106,2026-01-03 11:28:17.322714,Oil,2,100.0,28.708352,77.106686,Rohini,0,9619.0,11,False,True,False,False,False,1,0.17365716081504617
e45a0f33-e9f3-49fa-a8dc-7bd2a33c849c,SHOP_014,BEN_01843,2026-01-03 11:34:26.322714,Wheat,8,16.0,28.708352,77.106686,Rohini,0,369.0,11,False,False,False,False,True,1,0.3068501520046442
46a11375-1d1c-4a00-ae1a-b1af232798db,SHOP_014,BEN_00440,2026-01-03 18:56:08.322714,Kerosene,3,75.0,28.708352,77.106686,Rohini,0,26502.0,18,True,False,False,False,False,1,0.30610568991911574
ab8bb955-ad85-418e-adfe-1567406e301b,SHOP_014,BEN_02909,2026-01-04 09:56:06.322714,Kerosene,2,50.0,28.708352,77.106686,Rohini,0,53998.0,9,True,False,False,False,False,1,0.3540856266140294
ffc42a82-f7e9-47e7-ad3e-8f4eb68d0bb6,SHOP_014,BEN_01620,2026-01-04 10:04:31.322714,Kerosene,3,75.0,28.708352,77.106686,Rohini,0,505.0,10,True,False,False,False,False,1,0.2976315259848348
a085bbc5-abf9-4586-8b09-bd4bd7f48803,SHOP_014,BEN_01337,2026-01-04 17:51:43.322714,Rice,17,51.0,28.708352,77.106686,Rohini,0,28032.0,17,False,False,True,False,False,1,0.33720802901134034
0367cff2-2d87-482f-930b-19acaa9b9607,SHOP_014,BEN_02352,2026-01-05 10:40:22.322714,Oil,2,100.0,28.708352,77.106686,Rohini,0,60519.0,10,False,True,False,False,False,1,0.29820820993524866
9247569b-6bdf-4146-8350-6be5a21fba99,SHOP_014,BEN_01802,2026-01-05 14:00:32.322714,Wheat,10,20.0,28.708352,77.106686,Rohini,0,12010.0,14,False,False,False,False,True,1,0.15199984838774394
cf796927-30c7-4816-96aa-52979ae8e905,SHOP_014,BEN_01502,2026-01-05 19:59:18.322714,Kerosene,2,50.0,28.708352,77.106686,Rohini,0,21526.0,19,True,False,False,False,False,1,0.2919521794944559
0c5c5e49-f567-40eb-b59b-8f5b1caef405,SHOP_014,BEN_02574,2026-01-06 08:06:35.322714,Oil,2,100.0,28.708352,77.106686,Rohini,0,43637.0,8,False,True,False,False,False,1,0.3936716503951476
99fba762-215d-465e-bcc6-50b13cfb1270,SHOP_014,BEN_02547,2026-01-06 08:52:03.322714,Sugar,2,40.0,28.708352,77.106686,Rohini,0,2728.0,8,False,False,False,True,False,1,0.38681460877842394
0fa7b3a3-8d9c-42ff-9d30-030f67106b12,SHOP_014,BEN_00227,2026-01-06 11:01:58.322714,Sugar,2,40.0,28.708352,77.106686,Rohini,0,7795.0,11,False,False,False,True,False,1,0.15586196443431177
022ad57a-8032-4d55-9b82-795869da11ab,SHOP_014,BEN_00335,2026-01-06 13:37:28.322714,Sugar,3,60.0,28.708352,77.106686,Rohini,0,9330.0,13,False,False,False,True,False,1,0.14611371391611788
1e7d1e71-c9d5-416f-b067-fd0fdfc7c835,SHOP_014,BEN_01360,2026-01-06 15:04:45.322714,Sugar,2,40.0,28.708352,77.106686,Rohini,0,5237.0,15,False,False,False,True,False,1,0.059795357092429224
524847b9-058b-43eb-95e4-cbce9b852a4e,SHOP_014,BEN_02121,2026-01-06 19:05:50.322714,Oil,2,100.0,28.708352,77.106686,Rohini,0,14465.0,19,False,True,False,False,False,1,0.27527724187367075
1930bfae-d798-4978-b53e-f20d4848c9ae,SHOP_014,BEN_00236,2026-01-07 19:15:02.322714,Kerosene,1,25.0,28.708352,77.106686,Rohini,0,86952.0,19,True,False,False,False,False,-1,0.7299606719360697
7e1c339a-28fe-480b-8aec-128d825cdb19,SHOP_014,BEN_01523,2026-01-08 16:23:12.322714,Wheat,13,26.0,28.708352,77.106686,Rohini,0,76090.0,16,False,False,False,False,True,1,0.5767766652141072
510c9128-e3bd-44c5-b43f-095d327b80dd,SHOP_014,BEN_02324,2026-01-08 16:58:38.322714,Sugar,2,40.0,28.708352,77.106686,Rohini,0,2126.0,16,False,False,False,True,False,1,0.10559049508965834
a7215b27-d41e-4c5e-955d-72760fce1cd7,SHOP_014,BEN_02967,2026-01-08 17:31:48.322714,Oil,1,50.0,28.708352,77.106686,Rohini,0,1990.0,17,False,True,False,False,False,1,0.1992205926478578
89a242e7-734e-4ab6-89b7-5e8f79f8552d,SHOP_014,BEN_01644,2026-01-09 10:00:56.322714,Sugar,3,60.0,28.708352,77.106686,Rohini,0,59348.0,10,False,False,False,True,False,1,0.2765036425054619
ed875047-0be4-413f-9d1c-f5425700a363,SHOP_014,BEN_00430,2026-01-09 14:12:51.322714,Rice,11,33.0,28.708352,77.106686,Rohini,0,15115.0,14,False,False,True,False,False,1,0.15459113233674993
1bc52120-fdea-4b10-8800-19faedf7eb77,SHOP_014,BEN_02770,2026-01-09 14:50:37.322714,Sugar,3,60.0,28.708352,77.106686,Rohini,0,2266.0,14,False,False,False,True,False,1,0.13509843971038743
fea76a6f-f2f3-42f8-ae54-3228dbb98000,SHOP_014,BEN_01787,2026-01-09 17:41:30.322714,Wheat,9,18.0,28.708352,77.106686,Rohini,0,10253.0,17,False,False,False,False,True,1,0.20444287363763458
4eca8126-f2e4-486f-a27a-3d213116ba12,SHOP_014,BEN_01844,2026-01-09 17:57:55.322714,Oil,2,100.0,28.708352,77.106686,Rohini,0,985.0,17,False,True,False,False,False,1,0.16687732460134758
4741a1ca-0fe4-4f62-842b-900980f709f9,SHOP_014,BEN_00071,2026-01-09 19:17:58.322714,Sugar,1,20.0,28.708352,77.106686,Rohini,0,4803.0,19,False,False,False,True,False,1,0.295315423693544
28ec13be-faeb-4893-99d0-8b5bfcc67870,SHOP_014,BEN_01493,2026-01-09 19:56:29.322714,Sugar,3,60.0,28.708352,77.106686,Rohini,0,2311.0,19,False,False,False,True,False,1,0.3670381318014122
709ad97e-48c6-4ea5-beb2-bf671e4837a3,SHOP_014,BEN_00807,2026-01-10 08:37:00.322714,Oil,1,50.0,28.708352,77.106686,Rohini,0,45631.0,8,False,True,False,False,False,1,0.3991392250465243
5da445b5-0074-4142-8490-22b63a32df84,SHOP_014,BEN_02415,2026-01-10 12:55:16.322714,Oil,2,100.0,28.708352,77.106686,Rohini,0,15496.0,12,False,True,False,False,False,1,0.17274241770383653
65bdf63a-5561-4b11-ba23-75160c8ccb2e,SHOP_014,BEN_01990,2026-01-10 13:54:33.322714,Kerosene,3,75.0,28.708352,77.106686,Rohini,0,3557.0,13,True,False,False,False,False,1,0.18690357989533435
d15fdd16-5ef7-415b-8261-35e68ce6e15a,SHOP_014,BEN_00345,2026-01-10 14:10:39.322714,Wheat,6,12.0,28.708352,77.106686,Rohini,0,966.0,14,False,False,False,False,True,1,0.2635579661773474
2135c4b9-4696-4b4d-b21f-862f0944bea5,SHOP_014,BEN_02485,2026-01-10 19:35:29.322714,Sugar,3,60.0,28.708352,77.106686,Rohini,0,19490.0,19,False,False,False,True,False,1,0.3737753975122474
d991f89b-ebb7-4d27-94c4-6e446072a0ec,SHOP_014,BEN_02475,2026-01-12 18:02:14.322714,Sugar,3,60.0,28.708352,77.106686,Rohini,0,167205.0,18,False,False,False,True,False,-1,0.9472989192912062
d1799e79-0f73-40c7-997b-559801daa5ac,SHOP_014,BEN_00986,2026-01-12 19:29:28.322714,Rice,12,36.0,28.708352,77.106686,Rohini,0,5234.0,19,False,False,True,False,False,1,0.31856402989533983
e687f3dc-08eb-4d58-9ac8-e5e7993df453,SHOP_014,BEN_02396,2026-01-13 11:28:23.322714,Kerosene,2,50.0,28.708352,77.106686,Rohini,0,57535.0,11,True,False,False,False,False,1,0.3443610326427182
174fc661-33f5-4b91-9de6-10647350920e,SHOP_014,BEN_02689,2026-01-13 16:59:42.322714,Kerosene,2,50.0,28.708352,77.106686,Rohini,0,19879.0,16,True,False,False,False,False,1,0.18087408256054804
02a008f6-d49e-46ad-8340-d50790c27198,SHOP_014,BEN_02538,2026-01-13 19:07:36.322714,Rice,12,36.0,28.708352,77.106686,Rohini,0,7674.0,19,False,False,True,False,False,1,0.3232549265365471
461eec05-b114-4b2a-8ca2-4532bc085ccb,SHOP_014,BEN_00541,2026-01-14 10:46:45.322714,Rice,11,33.0,28.708352,77.106686,Rohini,0,56349.0,10,False,False,True,False,False,1,0.3007265286884876
22ae5dcd-a6a2-40af-8bcb-8129ba88ca44,SHOP_014,BEN_01866,2026-01-14 15:18:19.322714,Wheat,12,24.0,28.708352,77.106686,Rohini,0,16294.0,15,False,False,False,False,True,1,0.1538436894509949
60129536-a381-4cef-8833-a2f64b7a278d,SHOP_014,BEN_00520,2026-01-15 12:20:49.322714,Kerosene,1,25.0,28.708352,77.106686,Rohini,0,75750.0,12,True,False,False,False,False,1,0.5406553903989431
aad2ba52-b20b-4b88-ba3c-181279a5145e,SHOP_014,BEN_01256,2026-01-15 13:31:25.322714,Oil,2,100.0,28.708352,77.106686,Rohini,0,4236.0,13,False,True,False,False,False,1,0.08415996841493756
9647c1ff-8903-4338-a7ae-5ec6c147a645,SHOP_014,BEN_01680,2026-01-15 15:50:09.322714,Sugar,1,20.0,28.708352,77.106686,Rohini,0,8324.0,15,False,False,False,True,False,1,0.11786337383957202
494e6e88-fda8-42c9-98ad-2cddc982b122,SHOP_015,BEN_02769,2025-12-16 16:46:07.322714,Wheat,18,36.0,28.630112,77.110956,West Delhi,0,9999.0,16,False,False,False,False,True,1,0.24209224723438294
313ffd6b-3886-44d3-8d8e-a001f2835a48,SHOP_015,BEN_01245,2025-12-16 18:58:39.322714,Kerosene,3,75.0,28.630112,77.110956,West Delhi,0,7952.0,18,True,False,False,False,False,1,0.20682665661231714
1965d8b0-a779-4715-9eef-1eaa4e8cfb16,SHOP_015,BEN_01963,2025-12-17 08:47:36.322714,Sugar,2,40.0,28.630112,77.110956,West Delhi,0,49737.0,8,False,False,False,True,False,1,0.3500454126028506
ad7a11a8-d673-4d82-b1aa-c1e5e28a8098,SHOP_015,BEN_02200,2025-12-17 15:48:33.322714,Rice,11,33.0,28.630112,77.110956,West Delhi,0,25257.0,15,False,False,True,False,False,1,0.30403552551573976
3fe1beed-25c5-4a72-b0e7-98ab681594ee,SHOP_015,BEN_01747,2025-12-17 18:29:33.322714,Wheat,13,26.0,28.630112,77.110956,West Delhi,0,9660.0,18,False,False,False,False,True,1,0.20795681962911788
93883d47-fad5-41c9-93b4-38934ce96345,SHOP_015,BEN_01369,2025-12-17 18:44:15.322714,Rice,9,27.0,28.630112,77.110956,West Delhi,0,882.0,18,False,False,True,False,False,1,0.2873199794278816
f8a3f8b9-a883-42c1-930d-ecc7874c13dd,SHOP_015,BEN_01487,2025-12-17 18:54:34.322714,Kerosene,2,50.0,28.630112,77.110956,West Delhi,0,619.0,18,True,False,False,False,False,1,0.22366379874449016
241624ac-5e0e-4669-b996-1d7f8a91117b,SHOP_015,BEN_00377,2025-12-18 08:19:09.322714,Kerosene,3,75.0,28.630112,77.110956,West Delhi,0,48275.0,8,True,False,False,False,False,1,0.44928650647062907
de43851f-4485-4f98-b2ba-7a13479a8b66,SHOP_015,BEN_00569,2025-12-18 13:58:20.322714,Sugar,2,40.0,28.630112,77.110956,West Delhi,0,20351.0,13,False,False,False,True,False,1,0.18087524857507142
59373217-9884-4225-8a30-d6fe042cbc2e,SHOP_015,BEN_00106,2025-12-18 19:59:12.322714,Wheat,17,34.0,28.630112,77.110956,West Delhi,0,21652.0,19,False,False,False,False,True,1,0.4975662981514352
d6606a3f-9ad5-402a-9a7d-6d0de87f5606,SHOP_015,BEN_01854,2025-12-19 13:53:17.322714,Oil,1,50.0,28.630112,77.110956,West Delhi,0,64445.0,13,False,True,False,False,False,1,0.43249331321033335
f318b15b-1d75-4d56-9853-27f97dd02a09,SHOP_015,BEN_01575,2025-12-19 15:27:26.322714,Wheat,13,26.0,28.630112,77.110956,West Delhi,0,5649.0,15,False,False,False,False,True,1,0.10424292743408214
97f7a0d2-9c33-494b-9456-81b7cadfdfc3,SHOP_015,BEN_01572,2025-12-20 08:46:29.322714,Oil,1,50.0,28.630112,77.110956,West Delhi,0,62343.0,8,False,True,False,False,False,1,0.4459126313406243
6540f6b2-b62e-451f-8256-147105e26414,SHOP_015,BEN_01587,2025-12-20 12:15:16.322714,Rice,13,39.0,28.630112,77.110956,West Delhi,0,12527.0,12,False,False,True,False,False,1,0.1793694287724893
408cf9f4-2430-407e-9d26-48503a427bc5,SHOP_015,BEN_00682,2025-12-20 14:12:58.322714,Sugar,2,40.0,28.630112,77.110956,West Delhi,0,7062.0,14,False,False,False,True,False,1,0.05831817375817894
590b3b28-902d-4c9b-8056-7f19d1dee791,SHOP_015,BEN_01402,2025-12-20 19:20:05.322714,Sugar,2,40.0,28.630112,77.110956,West Delhi,0,18427.0,19,False,False,False,True,False,1,0.33155767486709353
f97c148e-13f3-42f0-b953-6b5b40c709c7,SHOP_015,BEN_02749,2025-12-21 13:24:06.322714,Oil,2,100.0,28.630112,77.110956,West Delhi,0,65041.0,13,False,True,False,False,False,1,0.37292006089254515
4224083a-9fb0-4fd4-b4e1-78ff58fc4347,SHOP_015,BEN_02668,2025-12-21 16:04:15.322714,Sugar,1,20.0,28.630112,77.110956,West Delhi,0,9609.0,16,False,False,False,True,False,1,0.14647615018872978
0cf4826a-746d-4c9e-b787-3eea8876d088,SHOP_015,BEN_02618,2025-12-21 16:18:57.322714,Sugar,3,60.0,28.630112,77.110956,West Delhi,0,882.0,16,False,False,False,True,False,1,0.17908183395555616
3dca64ac-cf9d-4ce1-b82c-f0c9ebcc7718,SHOP_015,BEN_02811,2025-12-22 19:39:38.322714,Rice,20,60.0,28.630112,77.110956,West Delhi,0,98441.0,19,False,False,True,False,False,-1,0.8969514994260316
69618c86-c417-4686-bd07-2a702e07fa8d,SHOP_015,BEN_00804,2025-12-23 08:11:24.322714,Rice,8,24.0,28.630112,77.110956,West Delhi,0,45106.0,8,False,False,True,False,False,1,0.426537430182266
d6026bbf-a5bb-4451-a3a3-0c7ffa45a410,SHOP_015,BEN_01772,2025-12-23 17:51:51.322714,Wheat,14,28.0,28.630112,77.110956,West Delhi,0,34827.0,17,False,False,False,False,True,1,0.4277295926088982
113c3127-dbec-48e2-89d3-562833869e5a,SHOP_015,BEN_02470,2025-12-24 14:29:34.322714,Sugar,2,40.0,28.630112,77.110956,West Delhi,0,74263.0,14,False,False,False,True,False,1,0.3305957564041589
3c132d88-b6c7-4e2b-b6e4-735eb299b367,SHOP_015,BEN_00773,2025-12-24 17:52:14.322714,Sugar,1,20.0,28.630112,77.110956,West Delhi,0,12160.0,17,False,False,False,True,False,1,0.2071717798479646
96379420-b124-4eec-99a1-ddaaacc0089e,SHOP_015,BEN_00810,2025-12-24 19:18:26.322714,Rice,6,18.0,28.630112,77.110956,West Delhi,0,5172.0,19,False,False,True,False,False,1,0.336011074572045
b8696e71-1e18-4fd0-a492-d30328d12039,SHOP_015,BEN_00232,2025-12-25 15:17:51.322714,Sugar,3,60.0,28.630112,77.110956,West Delhi,0,71965.0,15,False,False,False,True,False,1,0.4408994026066
719fc1fb-6f3f-4a97-9af3-ed0484d3106d,SHOP_015,BEN_01426,2025-12-26 11:09:01.322714,Wheat,17,34.0,28.630112,77.110956,West Delhi,0,71470.0,11,False,False,False,False,True,1,0.5291639142804188
abc1f7fd-f24b-4983-883d-0f90076257b5,SHOP_015,BEN_00404,2025-12-26 11:22:00.322714,Sugar,3,60.0,28.630112,77.110956,West Delhi,0,779.0,11,False,False,False,True,False,1,0.26164894409640493
eca14159-fada-4e82-9372-7904bf4558f5,SHOP_015,BEN_02554,2025-12-26 12:33:30.322714,Oil,1,50.0,28.630112,77.110956,West Delhi,0,4290.0,12,False,True,False,False,False,1,0.13928496034049287
e3e32abf-20b4-4c67-b95b-3fd421aee40c,SHOP_015,BEN_02831,2025-12-26 15:56:29.322714,Sugar,2,40.0,28.630112,77.110956,West Delhi,0,12179.0,15,False,False,False,True,False,1,0.07151439640272783
bc1de2d3-8598-4b7a-b2af-6ba893c3af9d,SHOP_015,BEN_00152,2025-12-26 19:48:04.322714,Kerosene,3,75.0,28.630112,77.110956,West Delhi,0,13895.0,19,True,False,False,False,False,1,0.2751647345205343
6edb3e8e-d927-4ac9-8492-a1c6eaf0aa71,SHOP_015,BEN_02909,2025-12-27 12:55:05.322714,Sugar,1,20.0,28.630112,77.110956,West Delhi,0,61621.0,12,False,False,False,True,False,1,0.29955640531805344
8c01caae-53f9-4b7d-8502-faf077c9d8de,SHOP_015,BEN_02700,2025-12-27 16:19:46.322714,Kerosene,3,75.0,28.630112,77.110956,West Delhi,0,12281.0,16,True,False,False,False,False,1,0.1572249785009952
e2c560b5-1910-4e1b-ab6b-770a4d11a463,SHOP_015,BEN_01455,2025-12-27 17:07:38.322714,Rice,19,57.0,28.630112,77.110956,West Delhi,0,2872.0,17,False,False,True,False,False,1,0.33793958027499404
a1268a30-9307-4f3f-ae26-5a020fb3bea9,SHOP_015,BEN_00680,2025-12-28 08:04:27.322714,Oil,2,100.0,28.630112,77.110956,West Delhi,0,53809.0,8,False,True,False,False,False,1,0.3482059621347161
8245676c-171a-4eb3-adfe-b26e8915acbe,SHOP_015,BEN_02033,2025-12-28 19:48:50.322714,Kerosene,2,50.0,28.630112,77.110956,West Delhi,0,42263.0,19,True,False,False,False,False,1,0.40691349491221723
10b80a4a-1432-40c5-8978-3edf991f7bc8,SHOP_015,BEN_01656,2025-12-28 19:53:38.322714,Kerosene,3,75.0,28.630112,77.110956,West Delhi,0,288.0,19,True,False,False,False,False,1,0.3339786300162456
9a2c5858-e95a-4bdc-9664-65f707a5d74d,SHOP_015,BEN_02904,2025-12-28 19:56:26.322714,Sugar,2,40.0,28.630112,77.110956,West Delhi,0,168.0,19,False,False,False,True,False,1,0.338564210605114
783733bb-4c98-4bac-8570-6d34a34a2e48,SHOP_015,BEN_02035,2025-12-29 10:06:42.322714,Kerosene,1,25.0,28.630112,77.110956,West Delhi,0,51016.0,10,True,False,False,False,False,1,0.38275842727896814
168d85b2-12bc-461f-a362-6ed27fab54ba,SHOP_015,BEN_02649,2025-12-29 11:01:58.322714,Sugar,3,60.0,28.630112,77.110956,West Delhi,0,3316.0,11,False,False,False,True,False,1,0.2170829001133212
44012413-e7cf-4906-8510-e9ab03f23c02,SHOP_015,BEN_00987,2025-12-29 14:03:51.322714,Rice,9,27.0,28.630112,77.110956,West Delhi,0,10913.0,14,False,False,True,False,False,1,0.18363956178869778
d03e5a7f-c455-4746-a269-316aa9cf5ac5,SHOP_015,BEN_01225,2025-12-29 14:11:34.322714,Kerosene,2,50.0,28.630112,77.110956,West Delhi,0,463.0,14,True,False,False,False,False,1,0.1763940005814178
5c617087-fa7a-45f1-a075-32f6a7fed963,SHOP_015,BEN_01356,2025-12-29 16:19:04.322714,Kerosene,2,50.0,28.630112,77.110956,West Delhi,0,7650.0,16,True,False,False,False,False,1,0.10743223144591468
a531868c-a2f2-4724-9eb9-1ccbb409da0c,SHOP_015,BEN_02643,2025-12-29 17:26:47.322714,Oil,1,50.0,28.630112,77.110956,West Delhi,0,4063.0,17,False,True,False,False,False,1,0.17263193961738987
3f6ea6cc-77d2-4b5e-aac4-dff8be94ef0e,SHOP_015,BEN_01502,2025-12-29 19:08:34.322714,Sugar,2,40.0,28.630112,77.110956,West Delhi,0,6107.0,19,False,False,False,True,False,1,0.28104117840823395
15362a79-31ac-4edf-a6fa-eeff3c164645,SHOP_015,BEN_02374,2025-12-30 08:55:18.322714,Rice,10,30.0,28.630112,77.110956,West Delhi,0,49604.0,8,False,False,True,False,False,1,0.4122728700499147
e640aeb0-a9fa-4245-be81-2291d69b5abc,SHOP_015,BEN_02276,2025-12-30 10:38:07.322714,Oil,2,100.0,28.630112,77.110956,West Delhi,0,6169.0,10,False,True,False,False,False,1,0.18366516357873902
1fa74f66-9b6c-4867-bb51-f404d04983b3,SHOP_015,BEN_00087,2025-12-30 15:49:11.322714,Kerosene,2,50.0,28.630112,77.110956,West Delhi,0,18664.0,15,True,False,False,False,False,1,0.15359432843493226
ba963962-a085-4ac3-9839-386fe6404356,SHOP_015,BEN_02241,2025-12-30 16:57:42.322714,Rice,5,15.0,28.630112,77.110956,West Delhi,0,4111.0,16,False,False,True,False,False,1,0.23725351999844213
a499bc47-cc63-411f-9f41-9a42e4b8c9f7,SHOP_015,BEN_00369,2026-01-01 13:28:02.322714,Sugar,3,60.0,28.630112,77.110956,West Delhi,0,160220.0,13,False,False,False,True,False,-1,0.8299983469910788
fe44cf3f-3529-4fc6-add9-54764dd18602,SHOP_015,BEN_02731,2026-01-01 14:04:46.322714,Wheat,12,24.0,28.630112,77.110956,West Delhi,0,2204.0,14,False,False,False,False,True,1,0.15411931318659838
52dbe3bf-df70-457a-bed4-81aaa8907b0b,SHOP_015,BEN_02212,2026-01-01 15:17:18.322714,Sugar,3,60.0,28.630112,77.110956,West Delhi,0,4352.0,15,False,False,False,True,False,1,0.1150550873847142
3158bb4b-63f5-4db8-98aa-107509d4fb94,SHOP_015,BEN_00554,2026-01-02 15:12:14.322714,Wheat,10,20.0,28.630112,77.110956,West Delhi,0,86096.0,15,False,False,False,False,True,-1,0.5889172906403479
ec972645-1ced-4c25-a572-298cf7019354,SHOP_015,BEN_01429,2026-01-02 18:38:48.322714,Oil,1,50.0,28.630112,77.110956,West Delhi,0,12394.0,18,False,True,False,False,False,1,0.22605570527686902
8501516b-f3b7-483d-9851-5b29d2ed76d8,SHOP_015,BEN_01538,2026-01-03 08:47:12.322714,Wheat,17,34.0,28.630112,77.110956,West Delhi,0,50904.0,8,False,False,False,False,True,1,0.574636648564455
54bcc948-cf06-4cc1-bbe0-a12f55c6701d,SHOP_015,BEN_02499,2026-01-03 10:26:43.322714,Kerosene,3,75.0,28.630112,77.110956,West Delhi,0,5971.0,10,True,False,False,False,False,1,0.25379718725727035
b0cec36b-796c-445b-836d-4d3fd8505f65,SHOP_015,BEN_00277,2026-01-03 12:37:50.322714,Sugar,1,20.0,28.630112,77.110956,West Delhi,0,7867.0,12,False,False,False,True,False,1,0.14579802089432137
c8df2d23-8e81-4297-a059-93ab89582530,SHOP_015,BEN_01585,2026-01-04 08:35:35.322714,Kerosene,3,75.0,28.630112,77.110956,West Delhi,0,71865.0,8,True,False,False,False,False,1,0.5544933470797155
7708c98d-2818-4880-8a1e-33b5f607c2dd,SHOP_015,BEN_02041,2026-01-05 09:03:40.322714,Sugar,1,20.0,28.630112,77.110956,West Delhi,0,88085.0,9,False,False,False,True,False,1,0.5049318621399778
d366e664-d053-4ea5-bc57-2a060feb9673,SHOP_015,BEN_00643,2026-01-05 10:10:21.322714,Kerosene,3,75.0,28.630112,77.110956,West Delhi,0,4001.0,10,True,False,False,False,False,1,0.2685682353151575
d14607ca-ffb3-457d-b02d-8715a90d53b5,SHOP_015,BEN_00339,2026-01-05 10:33:08.322714,Kerosene,1,25.0,28.630112,77.110956,West Delhi,0,1367.0,10,True,False,False,False,False,1,0.32431658887861226
a4fc754c-e9e6-4120-8cda-c58e9d1a49c8,SHOP_015,BEN_00798,2026-01-05 13:17:03.322714,Rice,20,60.0,28.630112,77.110956,West Delhi,0,9835.0,13,False,False,True,False,False,1,0.372507026942669
fabf3f15-a6b9-4d4c-8c29-ee0246be7917,SHOP_015,BEN_00138,2026-01-05 16:51:05.322714,Kerosene,3,75.0,28.630112,77.110956,West Delhi,0,12842.0,16,True,False,False,False,False,1,0.1619379353592566
086bfe63-cc0e-4466-bea1-e6eefeaef0ca,SHOP_015,BEN_00176,2026-01-05 17:29:09.322714,Kerosene,1,25.0,28.630112,77.110956,West Delhi,0,2284.0,17,True,False,False,False,False,1,0.2281795278582312
690bf501-0276-490d-884d-c2b16560d678,SHOP_015,BEN_02335,2026-01-05 19:16:45.322714,Kerosene,1,25.0,28.630112,77.110956,West Delhi,0,6456.0,19,True,False,False,False,False,1,0.27411213178288163
7824aab1-c9aa-42ea-918c-e5a68c972465,SHOP_015,BEN_02583,2026-01-06 10:38:12.322714,Wheat,17,34.0,28.630112,77.110956,West Delhi,0,55287.0,10,False,False,False,False,True,1,0.47768860758812914
193e93dc-7a49-442e-863b-649d28fe37d9,SHOP_015,BEN_00846,2026-01-06 10:56:10.322714,Rice,17,51.0,28.630112,77.110956,West Delhi,0,1078.0,10,False,False,True,False,False,1,0.3211027776186966
d322482e-0ff1-4d72-91a4-0b28391fab60,SHOP_015,BEN_02092,2026-01-06 10:56:43.322714,Wheat,17,34.0,28.630112,77.110956,West Delhi,0,33.0,10,False,False,False,False,True,1,0.4112844293287143
a8037338-8f04-498a-94ba-b9cf250b91c6,SHOP_015,BEN_01621,2026-01-06 15:48:22.322714,Oil,1,50.0,28.630112,77.110956,West Delhi,0,17499.0,15,False,True,False,False,False,1,0.14916794905859077
8645123d-914e-43f6-9003-3edfd08a529d,SHOP_015,BEN_00456,2026-01-07 12:22:51.322714,Kerosene,3,75.0,28.630112,77.110956,West Delhi,0,74069.0,12,True,False,False,False,False,1,0.47461377455090936
d726dbd0-2704-46c3-898b-08a1011add43,SHOP_015,BEN_02108,2026-01-08 09:16:25.322714,Oil,2,100.0,28.630112,77.110956,West Delhi,0,75214.0,9,False,True,False,False,False,1,0.4283288302544266
a82f52c1-c4b4-4a45-9ce6-f18e07cf3353,SHOP_015,BEN_02898,2026-01-08 15:27:18.322714,Oil,2,100.0,28.630112,77.110956,West Delhi,0,22253.0,15,False,True,False,False,False,1,0.14673134409492494
71527c07-c0d7-42ec-a5a0-852fd1f5d94f,SHOP_015,BEN_00745,2026-01-08 17:50:33.322714,Oil,2,100.0,28.630112,77.110956,West Delhi,0,8595.0,17,False,True,False,False,False,1,0.08793916401489249
cde9f272-6395-4094-b72d-5bd42525b848,SHOP_015,BEN_01995,2026-01-09 08:25:55.322714,Sugar,2,40.0,28.630112,77.110956,West Delhi,0,52522.0,8,False,False,False,True,False,1,0.34422645251675726
5a2e74db-0ef1-46e9-9665-157a58d490f2,SHOP_015,BEN_01370,2026-01-09 12:38:42.322714,Oil,1,50.0,28.630112,77.110956,West Delhi,0,15167.0,12,False,True,False,False,False,1,0.20324692686899076
890e327c-3b49-4e77-8e68-8339ebb6a225,SHOP_015,BEN_01691,2026-01-10 08:35:38.322714,Rice,20,60.0,28.630112,77.110956,West Delhi,0,71816.0,8,False,False,True,False,False,-1,0.7010462991886557
4cac4f6e-3272-40f4-960f-5ca560774c47,SHOP_015,BEN_00266,2026-01-10 10:39:48.322714,Oil,2,100.0,28.630112,77.110956,West Delhi,0,7450.0,10,False,True,False,False,False,1,0.18401426742836746
6f049456-0d5d-4d85-9dd1-a36e86d8f1bf,SHOP_015,BEN_00792,2026-01-11 08:02:09.322714,Oil,1,50.0,28.630112,77.110956,West Delhi,0,76941.0,8,False,True,False,False,False,1,0.5468573377120581
61b69493-3fe2-45e1-a169-1fc962c2341d,SHOP_015,BEN_01242,2026-01-11 08:47:45.322714,Rice,8,24.0,28.630112,77.110956,West Delhi,0,2736.0,8,False,False,True,False,False,1,0.40049569287724346
89d76cfb-21dc-4892-9d05-428cb83cfe1c,SHOP_015,BEN_01297,2026-01-11 13:49:15.322714,Oil,2,100.0,28.630112,77.110956,West Delhi,0,18090.0,13,False,True,False,False,False,1,0.1615309630216588
9e3e4be0-6365-4c55-ab0c-e9ad19333a05,SHOP_015,BEN_02944,2026-01-11 16:21:26.322714,Rice,7,21.0,28.630112,77.110956,West Delhi,0,9131.0,16,False,False,True,False,False,1,0.21906250916251035
fb2b3ce0-9872-4576-8397-ee90ca51cbc6,SHOP_015,BEN_02854,2026-01-12 10:09:57.322714,Kerosene,3,75.0,28.630112,77.110956,West Delhi,0,64111.0,10,True,False,False,False,False,1,0.3960337847330646
6d8d899f-a77a-40d4-9a6b-f1f753171a5b,SHOP_015,BEN_01690,2026-01-12 12:45:28.322714,Kerosene,1,25.0,28.630112,77.110956,West Delhi,0,9331.0,12,True,False,False,False,False,1,0.19827242368980408
7ea95fb5-93a9-44ce-83e9-4787d56b61ee,SHOP_015,BEN_01303,2026-01-13 12:45:05.322714,Rice,10,30.0,28.630112,77.110956,West Delhi,0,86377.0,12,False,False,True,False,False,1,0.48442999274575443
b18e89ef-2349-4bfe-b4fd-d4b71d1240f5,SHOP_015,BEN_01099,2026-01-13 16:29:56.322714,Rice,15,45.0,28.630112,77.110956,West Delhi,0,13491.0,16,False,False,True,False,False,1,0.16887073092493243
4d4a4197-6659-493f-ae5e-87603de10607,SHOP_015,BEN_01132,2026-01-13 19:31:04.322714,Rice,8,24.0,28.630112,77.110956,West Delhi,0,10868.0,19,False,False,True,False,False,1,0.35135407623522197
da533712-de58-4e4f-b5e0-b2dbb0cdb619,SHOP_015,BEN_01978,2026-01-14 14:02:31.322714,Rice,8,24.0,28.630112,77.110956,West Delhi,0,66687.0,14,False,False,True,False,False,1,0.4325236483867605
8eb2e982-6f9e-400d-b24e-4a8fb282e947,SHOP_015,BEN_01519,2026-01-14 14:28:03.322714,Oil,1,50.0,28.630112,77.110956,West Delhi,0,1532.0,14,False,True,False,False,False,1,0.1390302629844165
4cd6dd4b-26f7-4733-9de0-752be812eafe,SHOP_015,BEN_02613,2026-01-15 08:30:42.322714,Sugar,2,40.0,28.630112,77.110956,West Delhi,0,64959.0,8,False,False,False,True,False,1,0.3916799927934989
9a3c1aa3-a59b-48cd-8b9f-148be80d2de3,SHOP_016,BEN_00169,2025-12-17 11:40:00.322714,Oil,1,50.0,28.644796,77.107779,West Delhi,0,9999.0,11,False,True,False,False,False,1,0.20062792608036062
b895c352-87de-4555-9d69-a9bf68903439,SHOP_016,BEN_02025,2025-12-17 11:46:28.322714,Oil,2,100.0,28.644796,77.107779,West Delhi,0,388.0,11,False,True,False,False,False,1,0.20880243024629147
88cd24f1-1bbb-41ac-adee-ab7befac1024,SHOP_016,BEN_00573,2025-12-17 15:47:48.322714,Wheat,15,30.0,28.644796,77.107779,West Delhi,0,14480.0,15,False,False,False,False,True,1,0.12883081600576318
eb0fe411-9c5d-4ba8-9f55-b80edda723c3,SHOP_016,BEN_00498,2025-12-18 13:44:35.322714,Rice,18,54.0,28.644796,77.107779,West Delhi,0,79007.0,13,False,False,True,False,False,1,0.5228907697765274
36e388e5-bcac-49bd-949f-79bf459c8c08,SHOP_016,BEN_01080,2025-12-18 19:32:14.322714,Kerosene,3,75.0,28.644796,77.107779,West Delhi,0,20859.0,19,True,False,False,False,False,1,0.32430400135486137
8e649894-c33a-4cc7-8b20-4720e4ea1912,SHOP_016,BEN_00403,2025-12-18 19:35:27.322714,Wheat,9,18.0,28.644796,77.107779,West Delhi,0,193.0,19,False,False,False,False,True,1,0.38874433422014204
c70e2535-1619-4a06-a82a-86750b2fe275,SHOP_016,BEN_01930,2025-12-19 08:07:02.322714,Rice,6,18.0,28.644796,77.107779,West Delhi,0,45095.0,8,False,False,True,False,False,1,0.45912763300292453
0ddcc81c-5ac2-4fba-b5d7-f0428e196030,SHOP_016,BEN_02880,2025-12-19 08:48:42.322714,Sugar,3,60.0,28.644796,77.107779,West Delhi,0,2500.0,8,False,False,False,True,False,1,0.4421348530672006
be439242-0137-4ad0-9635-b434bc000b65,SHOP_016,BEN_01377,2025-12-19 09:43:40.322714,Oil,1,50.0,28.644796,77.107779,West Delhi,0,3298.0,9,False,True,False,False,False,1,0.2682244686051053
b83a387b-601d-4960-863d-a39e9eeaefca,SHOP_016,BEN_02019,2025-12-19 17:26:31.322714,Oil,2,100.0,28.644796,77.107779,West Delhi,0,27771.0,17,False,True,False,False,False,1,0.2789395143841438
d9f0f56b-996e-486b-98bb-d8b7add8aa3d,SHOP_016,BEN_02043,2025-12-20 13:20:51.322714,Wheat,20,40.0,28.644796,77.107779,West Delhi,0,71660.0,13,False,False,False,False,True,-1,0.5936338187884797
ac7c358e-f99a-4bf1-892f-1b37b3e44189,SHOP_016,BEN_01695,2025-12-20 14:14:08.322714,Kerosene,2,50.0,28.644796,77.107779,West Delhi,0,3197.0,14,True,False,False,False,False,1,0.10869069568611273
b2aa1fc1-4c88-4033-bd19-876a047c3728,SHOP_016,BEN_01498,2025-12-20 15:43:06.322714,Rice,20,60.0,28.644796,77.107779,West Delhi,0,5338.0,15,False,False,True,False,False,1,0.3776128702825686
cddb29e1-8cc2-4f90-a83c-94472775ce2f,SHOP_016,BEN_00625,2025-12-21 11:21:07.322714,Sugar,2,40.0,28.644796,77.107779,West Delhi,0,70681.0,11,False,False,False,True,False,1,0.26316445294043894
90eb42d5-4691-4cef-8553-bba43b525ba4,SHOP_016,BEN_00926,2025-12-21 12:18:12.322714,Kerosene,1,25.0,28.644796,77.107779,West Delhi,0,3425.0,12,True,False,False,False,False,1,0.1692439531949247
9fb75c14-4181-4ab4-a87a-4358597ca55a,SHOP_016,BEN_02089,2025-12-21 13:50:38.322714,Wheat,14,28.0,28.644796,77.107779,West Delhi,0,5546.0,13,False,False,False,False,True,1,0.1111776829446931
963be0d9-4fe1-4b2d-81a4-1ddc51926eb0,SHOP_016,BEN_00533,2025-12-21 16:30:59.322714,Oil,1,50.0,28.644796,77.107779,West Delhi,0,9621.0,16,False,True,False,False,False,1,0.09483123091163065
07a8ca8f-2d15-4a4d-8ebd-bbe7b7405f29,SHOP_016,BEN_02503,2025-12-21 17:28:34.322714,Oil,1,50.0,28.644796,77.107779,West Delhi,0,3455.0,17,False,True,False,False,False,1,0.17084287008657156
ba1b5f2d-32f9-4a42-aead-7bfe524ae90d,SHOP_016,BEN_00917,2025-12-21 19:17:37.322714,Oil,2,100.0,28.644796,77.107779,West Delhi,0,6543.0,19,False,True,False,False,False,1,0.2591949213717035
2691e20f-83a5-488b-9730-3e12094f1398,SHOP_016,BEN_01150,2025-12-22 11:05:46.322714,Wheat,9,18.0,28.644796,77.107779,West Delhi,0,56889.0,11,False,False,False,False,True,1,0.4357867629276616
c5ec405b-f6f0-4f37-8737-d88726854bc6,SHOP_016,BEN_00432,2025-12-22 17:36:07.322714,Rice,20,60.0,28.644796,77.107779,West Delhi,0,23421.0,17,False,False,True,False,False,1,0.4706138818766511
1ff329d7-8534-416f-be93-3dcb326d60a7,SHOP_016,BEN_02023,2025-12-23 09:43:57.322714,Wheat,18,36.0,28.644796,77.107779,West Delhi,0,58070.0,9,False,False,False,False,True,1,0.5527436288868688
f32d3043-1ae5-4bf6-b39d-afd9f1d60509,SHOP_016,BEN_00223,2025-12-23 09:43:59.322714,Wheat,12,24.0,28.644796,77.107779,West Delhi,0,2.0,9,False,False,False,False,True,1,0.4566479445830999
4e10d8a2-d25c-49d0-96ec-e52c94da9bf7,SHOP_016,BEN_00331,2025-12-23 11:14:41.322714,Oil,1,50.0,28.644796,77.107779,West Delhi,0,5442.0,11,False,True,False,False,False,1,0.176871479001594
2d7264bf-1d18-4eed-a281-1f4cb6a7c9a9,SHOP_016,BEN_02030,2025-12-23 11:44:45.322714,Rice,20,60.0,28.644796,77.107779,West Delhi,0,1804.0,11,False,False,True,False,False,1,0.4473397090485754
c8663fde-9f4b-4f19-ae76-903fbf17ee41,SHOP_016,BEN_01188,2025-12-23 13:04:49.322714,Rice,12,36.0,28.644796,77.107779,West Delhi,0,4804.0,13,False,False,True,False,False,1,0.14303668528912622
a69686dd-63af-4966-a735-0e34190d0279,SHOP_016,BEN_02365,2025-12-23 13:18:27.322714,Sugar,1,20.0,28.644796,77.107779,West Delhi,0,818.0,13,False,False,False,True,False,1,0.18584200681968338
b5ad4f18-8bab-41c5-be48-91b08e8c21fc,SHOP_016,BEN_01323,2025-12-23 15:08:52.322714,Rice,19,57.0,28.644796,77.107779,West Delhi,0,6625.0,15,False,False,True,False,False,1,0.2691885676298594
963604ef-70d6-4d65-a874-ed49a9543442,SHOP_016,BEN_01681,2025-12-23 17:21:52.322714,Kerosene,2,50.0,28.644796,77.107779,West Delhi,0,7980.0,17,True,False,False,False,False,1,0.14236732865742568
e408875c-3b47-4c18-bc38-5708f6eb720e,SHOP_016,BEN_02617,2025-12-24 14:16:15.322714,Sugar,1,20.0,28.644796,77.107779,West Delhi,0,75263.0,14,False,False,False,True,False,1,0.44273739701226755
19041948-30b6-43a0-ae97-6f04657a9b24,SHOP_016,BEN_02541,2025-12-24 16:43:05.322714,Oil,2,100.0,28.644796,77.107779,West Delhi,0,8810.0,16,False,True,False,False,False,1,0.030344328031201573
4f2d683a-21ec-4c2c-807d-029e4a67e75a,SHOP_016,BEN_00479,2025-12-25 12:39:23.322714,Kerosene,1,25.0,28.644796,77.107779,West Delhi,0,71778.0,12,True,False,False,False,False,1,0.5292194862730848
bbd78c6c-db4d-4f25-bd5b-c0b3272d9a3f,SHOP_016,BEN_02291,2025-12-25 14:42:28.322714,Kerosene,1,25.0,28.644796,77.107779,West Delhi,0,7385.0,14,True,False,False,False,False,1,0.13451292944889776
4c8c6d9f-29eb-4ba5-9a90-d7424da583e4,SHOP_016,BEN_01672,2025-12-25 18:13:02.322714,Sugar,2,40.0,28.644796,77.107779,West Delhi,0,12634.0,18,False,False,False,True,False,1,0.19008965360200591
1f1ddafd-b7b8-4012-b1fe-c504fc2f3eb5,SHOP_016,BEN_00044,2025-12-25 19:01:13.322714,Kerosene,2,50.0,28.644796,77.107779,West Delhi,0,2891.0,19,True,False,False,False,False,1,0.22807255412053773
98f42022-3c83-4f63-9bee-9894e2c73264,SHOP_016,BEN_01445,2025-12-26 10:51:10.322714,Rice,18,54.0,28.644796,77.107779,West Delhi,0,56997.0,10,False,False,True,False,False,1,0.4179024786603582
e02cc3c4-3a59-4a33-a379-f70f9bc7bc9d,SHOP_016,BEN_01047,2025-12-26 12:43:17.322714,Wheat,17,34.0,28.644796,77.107779,West Delhi,0,6727.0,12,False,False,False,False,True,1,0.20634436547933616
85d3da89-bd7d-4a42-beef-ee92e24132cc,SHOP_016,BEN_00172,2025-12-26 13:26:14.322714,Wheat,6,12.0,28.644796,77.107779,West Delhi,0,2577.0,13,False,False,False,False,True,1,0.23967215407390963
57f57802-fe30-47f1-a33d-450769ac5400,SHOP_016,BEN_00430,2025-12-26 15:05:54.322714,Wheat,5,10.0,28.644796,77.107779,West Delhi,0,5980.0,15,False,False,False,False,True,1,0.22805628115732834
2d5e09b2-4933-4141-9f81-ee0645664b8b,SHOP_016,BEN_01581,2025-12-26 17:52:17.322714,Kerosene,1,25.0,28.644796,77.107779,West Delhi,0,9983.0,17,True,False,False,False,False,1,0.2089705013779352
3ae1e9a8-8bee-477a-88e6-07bf9e72bc60,SHOP_016,BEN_00133,2025-12-26 19:45:32.322714,Kerosene,3,75.0,28.644796,77.107779,West Delhi,0,6795.0,19,True,False,False,False,False,1,0.29316734672796024
e4897970-eb2c-4839-8773-81b723bae670,SHOP_016,BEN_02459,2025-12-27 09:36:14.322714,Rice,12,36.0,28.644796,77.107779,West Delhi,0,49842.0,9,False,False,True,False,False,1,0.35741417890137783
a12c1f3c-088a-410b-87c9-7b13d554c273,SHOP_016,BEN_02060,2025-12-27 12:28:07.322714,Sugar,1,20.0,28.644796,77.107779,West Delhi,0,10313.0,12,False,False,False,True,False,1,0.16336898640402708
bd2c02b8-fdb1-4839-bd12-8fb1cdc57b99,SHOP_016,BEN_00008,2025-12-27 19:44:32.322714,Oil,1,50.0,28.644796,77.107779,West Delhi,0,26185.0,19,False,True,False,False,False,1,0.41718586791301315
09f285be-8a4d-4241-b28d-d1c7c78ccda4,SHOP_016,BEN_00179,2025-12-28 11:26:52.322714,Wheat,9,18.0,28.644796,77.107779,West Delhi,0,56540.0,11,False,False,False,False,True,1,0.4287648175619658
022db26e-ba14-4dcd-9a17-fcfd539bca0a,SHOP_016,BEN_02054,2025-12-28 12:41:18.322714,Wheat,15,30.0,28.644796,77.107779,West Delhi,0,4466.0,12,False,False,False,False,True,1,0.14286252616838652
1801d2da-84d4-4c82-983a-d40b3d4f044a,SHOP_016,BEN_01205,2025-12-28 14:49:53.322714,Oil,2,100.0,28.644796,77.107779,West Delhi,0,7715.0,14,False,True,False,False,False,1,0.03378195551477192
d7097585-5b8f-4e5c-85c4-4ba83df6651c,SHOP_016,BEN_00889,2025-12-28 17:05:00.322714,Rice,15,45.0,28.644796,77.107779,West Delhi,0,8107.0,17,False,False,True,False,False,1,0.18868680582445152
d34aa16d-a14a-47bc-86e4-f804887d1262,SHOP_016,BEN_01896,2025-12-29 15:01:12.322714,Wheat,13,26.0,28.644796,77.107779,West Delhi,0,78972.0,15,False,False,False,False,True,1,0.553222692061131
04a65870-c4a6-4d1e-a678-f0f44890b564,SHOP_016,BEN_02276,2025-12-30 09:31:44.322714,Wheat,15,30.0,28.644796,77.107779,West Delhi,0,66632.0,9,False,False,False,False,True,1,0.5033014554605935
9488e9cb-f92e-4bb4-8f79-64aebdb44717,SHOP_016,BEN_02483,2025-12-30 11:56:26.322714,Sugar,1,20.0,28.644796,77.107779,West Delhi,0,8682.0,11,False,False,False,True,False,1,0.19752327268302144
8822c1d7-cf38-45ad-9c21-e60ffe3a6389,SHOP_016,BEN_01888,2025-12-30 15:56:10.322714,Sugar,3,60.0,28.644796,77.107779,West Delhi,0,14384.0,15,False,False,False,True,False,1,0.14603076077548172
1717b0c1-3227-461a-abe2-222810dd8fc5,SHOP_016,BEN_01018,2025-12-31 13:57:11.322714,Kerosene,1,25.0,28.644796,77.107779,West Delhi,0,79261.0,13,True,False,False,False,False,1,0.5447547540690325
983fccd7-4a19-4346-8908-70c61e6916c0,SHOP_016,BEN_00045,2026-01-01 18:24:55.322714,Oil,2,100.0,28.644796,77.107779,West Delhi,0,102464.0,18,False,True,False,False,False,-1,0.7902712593488209
d4faa79c-2689-4e84-ae53-788013a07f4e,SHOP_016,BEN_00205,2026-01-01 18:32:50.322714,Wheat,12,24.0,28.644796,77.107779,West Delhi,0,475.0,18,False,False,False,False,True,1,0.3222007878400872
7555066b-59af-449e-9ab6-6e10aa18a521,SHOP_016,BEN_01893,2026-01-02 09:49:47.322714,Sugar,3,60.0,28.644796,77.107779,West Delhi,0,55017.0,9,False,False,False,True,False,1,0.320242825139309
66245f69-3401-43af-b704-e22633ed71a9,SHOP_016,BEN_01507,2026-01-02 17:36:29.322714,Wheat,10,20.0,28.644796,77.107779,West Delhi,0,28002.0,17,False,False,False,False,True,1,0.41362587275519663
01824928-ac6d-47e9-8741-a730daa9e456,SHOP_016,BEN_00945,2026-01-03 13:43:59.322714,Rice,10,30.0,28.644796,77.107779,West Delhi,0,72450.0,13,False,False,True,False,False,1,0.45867215754737634
d652dd0a-e949-4d1e-b4c4-9f9e6356ac6d,SHOP_016,BEN_01694,2026-01-03 15:00:25.322714,Sugar,2,40.0,28.644796,77.107779,West Delhi,0,4586.0,15,False,False,False,True,False,1,0.04873351968686934
5d045336-ff16-47a7-b5cf-1f4c8a6a2306,SHOP_016,BEN_02219,2026-01-03 15:08:03.322714,Sugar,1,20.0,28.644796,77.107779,West Delhi,0,458.0,15,False,False,False,True,False,1,0.20023451175116624
dada7431-ccc8-4c39-a8d3-fbb328c5ee8c,SHOP_016,BEN_00045,2026-01-03 19:06:42.322714,Kerosene,3,75.0,28.644796,77.107779,West Delhi,0,14319.0,19,True,False,False,False,False,1,0.2792665606661605
b9d32e23-cef5-4a83-81c5-d20e51d8b80d,SHOP_016,BEN_00139,2026-01-04 19:48:01.322714,Sugar,1,20.0,28.644796,77.107779,West Delhi,0,88879.0,19,False,False,False,True,False,-1,0.665080521285972
8e1df846-3915-4dd8-b133-bd9a17773be5,SHOP_016,BEN_01518,2026-01-05 08:10:21.322714,Sugar,2,40.0,28.644796,77.107779,West Delhi,0,44540.0,8,False,False,False,True,False,1,0.37661284060204814
27eb6e57-8f90-4de1-a891-8e89164fa0a9,SHOP_016,BEN_01354,2026-01-05 08:51:40.322714,Sugar,2,40.0,28.644796,77.107779,West Delhi,0,2479.0,8,False,False,False,True,False,1,0.3908312488744192
f33c65bc-a03b-428c-a05f-2054160978e3,SHOP_016,BEN_02331,2026-01-05 14:49:09.322714,Kerosene,1,25.0,28.644796,77.107779,West Delhi,0,21449.0,14,True,False,False,False,False,1,0.26418503049873965
6ebd721b-5200-4309-8957-72190d51c21e,SHOP_016,BEN_01057,2026-01-05 18:59:40.322714,Oil,1,50.0,28.644796,77.107779,West Delhi,0,15031.0,18,False,True,False,False,False,1,0.23596310627352696
843773bc-93cd-4352-99c3-09a507c5ffbf,SHOP_016,BEN_01387,2026-01-05 19:09:03.322714,Rice,17,51.0,28.644796,77.107779,West Delhi,0,563.0,19,False,False,True,False,False,1,0.4539837891982834
3415c548-b5c9-48b7-8fd2-a3a46469e796,SHOP_016,BEN_02863,2026-01-06 13:41:04.322714,Kerosene,2,50.0,28.644796,77.107779,West Delhi,0,66721.0,13,True,False,False,False,False,1,0.3997884230393245
247b074a-9bb1-44a4-901f-76625cdb6bcb,SHOP_016,BEN_02079,2026-01-07 16:27:49.322714,Wheat,13,26.0,28.644796,77.107779,West Delhi,0,96405.0,16,False,False,False,False,True,-1,0.7445344106445742
369b371b-80ee-4036-ac72-0bf4c8327520,SHOP_016,BEN_00370,2026-01-07 19:08:30.322714,Wheat,13,26.0,28.644796,77.107779,West Delhi,0,9641.0,19,False,False,False,False,True,1,0.28959653682425424
c23a6e30-ae35-4fe0-b424-e8f264719b2d,SHOP_016,BEN_02788,2026-01-08 19:27:52.322714,Sugar,1,20.0,28.644796,77.107779,West Delhi,0,87562.0,19,False,False,False,True,False,-1,0.6520036380776874
170f6311-be3a-44ba-b6f9-cd2e91607bbe,SHOP_016,BEN_00364,2026-01-09 08:45:58.322714,Sugar,2,40.0,28.644796,77.107779,West Delhi,0,47886.0,8,False,False,False,True,False,1,0.35213174611355497
58f03516-a5ce-46bb-a327-3cfde25f5766,SHOP_016,BEN_02404,2026-01-09 11:02:25.322714,Sugar,3,60.0,28.644796,77.107779,West Delhi,0,8187.0,11,False,False,False,True,False,1,0.22440892486091263
982b94f4-2a7f-4dea-853a-5c401d16f21f,SHOP_016,BEN_00700,2026-01-09 11:54:25.322714,Kerosene,2,50.0,28.644796,77.107779,West Delhi,0,3120.0,11,True,False,False,False,False,1,0.19973865292294524
be98cc9e-4eb2-4d69-bcb9-8800cfed01a4,SHOP_016,BEN_00341,2026-01-09 14:24:18.322714,Rice,20,60.0,28.644796,77.107779,West Delhi,0,8993.0,14,False,False,True,False,False,1,0.35249818498612706
802eb53b-ee27-4f80-aaa0-e5bdd193a0af,SHOP_016,BEN_00374,2026-01-09 18:16:58.322714,Sugar,1,20.0,28.644796,77.107779,West Delhi,0,13960.0,18,False,False,False,True,False,1,0.25369183473128165
de3bff6e-82ef-4a08-9db3-a323d0da7214,SHOP_016,BEN_01847,2026-01-10 09:41:12.322714,Wheat,20,40.0,28.644796,77.107779,West Delhi,0,55454.0,9,False,False,False,False,True,-1,0.6299426660961989
60c6fad3-8b34-4f84-ab22-9ceffea61448,SHOP_016,BEN_00652,2026-01-10 11:08:18.322714,Sugar,1,20.0,28.644796,77.107779,West Delhi,0,5226.0,11,False,False,False,True,False,1,0.18404017944108736
4e565fda-a8e1-4b4e-9e98-79212e1141c6,SHOP_016,BEN_01018,2026-01-10 16:21:55.322714,Sugar,1,20.0,28.644796,77.107779,West Delhi,0,18817.0,16,False,False,False,True,False,1,0.23113168771748605
947be045-e006-4efe-b0f1-0b1c5caeac83,SHOP_016,BEN_02140,2026-01-10 18:01:54.322714,Kerosene,2,50.0,28.644796,77.107779,West Delhi,0,5999.0,18,True,False,False,False,False,1,0.15711188141960764
050f89f7-697b-4776-b86b-e2d1d388b2e1,SHOP_016,BEN_00201,2026-01-11 08:48:27.322714,Rice,11,33.0,28.644796,77.107779,West Delhi,0,53193.0,8,False,False,True,False,False,1,0.40312424394112845
a384af1a-c002-48fa-94e9-db5af71bfc99,SHOP_016,BEN_00620,2026-01-11 11:56:41.322714,Sugar,2,40.0,28.644796,77.107779,West Delhi,0,11294.0,11,False,False,False,True,False,1,0.16319606587875302
8ab5cc34-1534-4270-87b6-c90bf22542c2,SHOP_016,BEN_01317,2026-01-11 14:37:27.322714,Sugar,1,20.0,28.644796,77.107779,West Delhi,0,9646.0,14,False,False,False,True,False,1,0.0981564492444526
baa573f8-68c5-4045-bab8-472ecc561510,SHOP_016,BEN_01690,2026-01-12 11:26:56.322714,Rice,17,51.0,28.644796,77.107779,West Delhi,0,74969.0,11,False,False,True,False,False,1,0.49143811992287456
98b8cdfe-7497-446f-a996-092169e60838,SHOP_016,BEN_01586,2026-01-12 13:33:15.322714,Wheat,8,16.0,28.644796,77.107779,West Delhi,0,7579.0,13,False,False,False,False,True,1,0.159003900229993
ce3ab781-08e2-46f8-a2ef-36ace5ebaaf0,SHOP_016,BEN_01590,2026-01-12 15:20:07.322714,Kerosene,2,50.0,28.644796,77.107779,West Delhi,0,6412.0,15,True,False,False,False,False,1,0.0854947844197897
3d8c4669-cb40-40ed-9b86-73dc60febbe2,SHOP_016,BEN_02057,2026-01-12 17:33:49.322714,Sugar,1,20.0,28.644796,77.107779,West Delhi,0,8022.0,17,False,False,False,True,False,1,0.17727017248385785
f7def307-d88a-46cd-8543-1600fda8cc2e,SHOP_016,BEN_01269,2026-01-13 08:09:23.322714,Oil,1,50.0,28.644796,77.107779,West Delhi,0,52534.0,8,False,True,False,False,False,1,0.3978645605991161
2e9acf3f-83cd-4671-bb74-b6b63ee85c2b,SHOP_016,BEN_02175,2026-01-13 09:05:10.322714,Sugar,3,60.0,28.644796,77.107779,West Delhi,0,3347.0,9,False,False,False,True,False,1,0.37590312684838556
2aaa0dde-463f-413b-acd3-f3be5e2727c1,SHOP_016,BEN_00049,2026-01-13 10:50:11.322714,Rice,10,30.0,28.644796,77.107779,West Delhi,0,6301.0,10,False,False,True,False,False,1,0.21279015091850872
08a6f450-183a-4cf9-a64e-9cb110bfb8b7,SHOP_016,BEN_01737,2026-01-13 13:51:13.322714,Kerosene,2,50.0,28.644796,77.107779,West Delhi,0,10862.0,13,True,False,False,False,False,1,0.15507584082710474
571b6a88-2515-47a7-bd70-d56824082cfd,SHOP_016,BEN_01250,2026-01-13 14:41:03.322714,Sugar,3,60.0,28.644796,77.107779,West Delhi,0,2990.0,14,False,False,False,True,False,1,0.11876569094134987
d31a39b0-cf67-41aa-9ab2-56811efcb7fa,SHOP_016,BEN_02063,2026-01-13 15:48:43.322714,Oil,1,50.0,28.644796,77.107779,West Delhi,0,4060.0,15,False,True,False,False,False,1,0.08573222912584078
72ffc0b4-ae52-4b3d-96a1-717afa4effdc,SHOP_016,BEN_00667,2026-01-14 10:57:20.322714,Sugar,3,60.0,28.644796,77.107779,West Delhi,0,68917.0,10,False,False,False,True,False,1,0.3388963883503539
176fc657-5908-4820-ae95-c6095ca9b708,SHOP_016,BEN_00239,2026-01-14 17:22:30.322714,Rice,15,45.0,28.644796,77.107779,West Delhi,0,23110.0,17,False,False,True,False,False,1,0.26983906703465543
48017e85-aabe-496c-a137-d2c3a1267df2,SHOP_016,BEN_02595,2026-01-14 19:19:43.322714,Oil,2,100.0,28.644796,77.107779,West Delhi,0,7033.0,19,False,True,False,False,False,1,0.26059611903829716
b1c1c08a-9b56-4678-b02c-6ffb2bbee655,SHOP_016,BEN_02240,2026-01-15 09:24:09.322714,Oil,2,100.0,28.644796,77.107779,West Delhi,0,50666.0,9,False,True,False,False,False,1,0.2744609458001511
340321b1-06f7-4b1a-9fc6-56c867a99870,SHOP_016,BEN_00969,2026-01-15 11:55:12.322714,Wheat,11,22.0,28.644796,77.107779,West Delhi,0,9063.0,11,False,False,False,False,True,1,0.1735456323044653
a5991903-a0be-479b-accf-d835d49b9419,SHOP_016,BEN_00688,2026-01-15 15:27:24.322714,Oil,1,50.0,28.644796,77.107779,West Delhi,0,12732.0,15,False,True,False,False,False,1,0.11973874331685103
46204629-d6c5-40ed-8cd2-5488667f48e6,SHOP_017,BEN_00752,2025-12-17 18:52:20.322714,Rice,7,21.0,28.722696,77.129286,Rohini,0,9999.0,18,False,False,True,False,False,1,0.27613500637770266
df3c3d33-337e-47d6-b350-dc9dcdbc74a3,SHOP_017,BEN_00260,2025-12-18 12:06:51.322714,Wheat,15,30.0,28.722696,77.129286,Rohini,0,62071.0,12,False,False,False,False,True,1,0.45124750952279
38a56ddc-d853-402d-a235-b0bffd5616bc,SHOP_017,BEN_01818,2025-12-18 12:08:36.322714,Rice,7,21.0,28.722696,77.129286,Rohini,0,105.0,12,False,False,True,False,False,1,0.22261017707569475
7f84eb1a-9651-4361-8c26-5023262131c4,SHOP_017,BEN_02564,2025-12-19 10:35:20.322714,Oil,1,50.0,28.722696,77.129286,Rohini,0,80804.0,10,False,True,False,False,False,1,0.46375741850993724
0722efdf-3faa-4e3e-a15d-63ae85b92661,SHOP_017,BEN_02468,2025-12-19 12:10:45.322714,Wheat,10,20.0,28.722696,77.129286,Rohini,0,5725.0,12,False,False,False,False,True,1,0.17586991140825692
71ccd072-49d7-49cd-966d-dfc72eb9bd00,SHOP_017,BEN_02367,2025-12-19 14:40:18.322714,Oil,2,100.0,28.722696,77.129286,Rohini,0,8973.0,14,False,True,False,False,False,1,0.05337095260376579
60bf8cc9-f153-40c7-bbbd-3d8ec86c6dba,SHOP_017,BEN_01885,2025-12-20 14:40:26.322714,Oil,1,50.0,28.722696,77.129286,Rohini,0,86408.0,14,False,True,False,False,False,-1,0.6155480786761132
469a9f76-e05d-4c8f-b55e-48847b9bfbe4,SHOP_017,BEN_00410,2025-12-20 16:39:02.322714,Sugar,1,20.0,28.722696,77.129286,Rohini,0,7116.0,16,False,False,False,True,False,1,0.1365506070618514
766326b7-32e3-43a2-bfe7-bce111c07897,SHOP_017,BEN_02916,2025-12-20 17:01:55.322714,Sugar,2,40.0,28.722696,77.129286,Rohini,0,1373.0,17,False,False,False,True,False,1,0.1893406037759624
419ca32b-c660-4df9-b45c-9d5dff160784,SHOP_017,BEN_00673,2025-12-20 18:04:54.322714,Wheat,15,30.0,28.722696,77.129286,Rohini,0,3779.0,18,False,False,False,False,True,1,0.2199479525027358
3d28dce6-2fe9-45f7-9b6a-a27b80e5495b,SHOP_017,BEN_02160,2025-12-21 09:34:29.322714,Rice,7,21.0,28.722696,77.129286,Rohini,0,55775.0,9,False,False,True,False,False,1,0.3477649709784538
04509036-4d14-4e7a-b9cb-000054e89414,SHOP_017,BEN_01368,2025-12-21 10:48:01.322714,Wheat,9,18.0,28.722696,77.129286,Rohini,0,4412.0,10,False,False,False,False,True,1,0.2578729023940901
7bc8ced7-c6f0-4166-8f1f-f472e423b410,SHOP_017,BEN_02003,2025-12-21 12:38:46.322714,Oil,2,100.0,28.722696,77.129286,Rohini,0,6645.0,12,False,True,False,False,False,1,0.1157345363098305
ce27ff3c-989d-41dc-8e5d-77f99f566091,SHOP_017,BEN_01762,2025-12-21 16:26:37.322714,Rice,6,18.0,28.722696,77.129286,Rohini,0,13671.0,16,False,False,True,False,False,1,0.21757192370066308
6a5c0050-51b5-4032-a86d-5b25ca4d249e,SHOP_017,BEN_01073,2025-12-21 17:27:52.322714,Sugar,3,60.0,28.722696,77.129286,Rohini,0,3675.0,17,False,False,False,True,False,1,0.16220023023031588
fdbcbe9a-ce5c-48bc-9bc6-bb142a70ef6f,SHOP_017,BEN_00569,2025-12-22 16:51:21.322714,Wheat,17,34.0,28.722696,77.129286,Rohini,0,84209.0,16,False,False,False,False,True,-1,0.659858346861141
0d19fcb6-9347-476b-b171-9843541fd753,SHOP_017,BEN_01406,2025-12-22 17:59:52.322714,Kerosene,2,50.0,28.722696,77.129286,Rohini,0,4111.0,17,True,False,False,False,False,1,0.1441198078346973
d254aa9e-2da9-470c-8065-d232a3fce952,SHOP_017,BEN_00910,2025-12-22 18:06:13.322714,Oil,2,100.0,28.722696,77.129286,Rohini,0,381.0,18,False,True,False,False,False,1,0.22417325195672066
9a2fa55b-6a68-4d46-8c20-32f98d604258,SHOP_017,BEN_01081,2025-12-22 18:19:26.322714,Oil,2,100.0,28.722696,77.129286,Rohini,0,793.0,18,False,True,False,False,False,1,0.21595636008731228
b0241178-bc4d-4722-8405-56a52e39a406,SHOP_017,BEN_01741,2025-12-24 08:41:06.322714,Wheat,20,40.0,28.722696,77.129286,Rohini,0,138100.0,8,False,False,False,False,True,-1,0.9702067871633309
c70b6a9a-dccd-463a-ac52-461f131a69a7,SHOP_017,BEN_01280,2025-12-24 10:38:26.322714,Rice,13,39.0,28.722696,77.129286,Rohini,0,7040.0,10,False,False,True,False,False,1,0.25336286133918867
5e8c22c5-42f9-425d-bcf0-d983d24d957b,SHOP_017,BEN_01249,2025-12-24 12:07:33.322714,Sugar,3,60.0,28.722696,77.129286,Rohini,0,5347.0,12,False,False,False,True,False,1,0.16786722674074295
d79fa44b-2e3d-4419-bc4c-1e29f7e59461,SHOP_017,BEN_02813,2025-12-24 14:23:39.322714,Rice,18,54.0,28.722696,77.129286,Rohini,0,8166.0,14,False,False,True,False,False,1,0.20503307618098077
acab2cb9-f1dd-4838-81b6-5f3d8e6d5895,SHOP_017,BEN_01425,2025-12-24 15:48:03.322714,Kerosene,1,25.0,28.722696,77.129286,Rohini,0,5064.0,15,True,False,False,False,False,1,0.135648685599025
6a51dde2-64a9-4125-a53a-a39bd31974f8,SHOP_017,BEN_00202,2025-12-24 16:19:04.322714,Sugar,1,20.0,28.722696,77.129286,Rohini,0,1861.0,16,False,False,False,True,False,1,0.185338091020482
1d44093c-e4d6-4b57-976f-652e85d29521,SHOP_017,BEN_00742,2025-12-24 16:27:04.322714,Sugar,3,60.0,28.722696,77.129286,Rohini,0,480.0,16,False,False,False,True,False,1,0.17908183395555616
ee5c8cc4-7be7-46cb-854e-e505a4611e10,SHOP_017,BEN_02283,2025-12-24 16:44:41.322714,Rice,20,60.0,28.722696,77.129286,Rohini,0,1057.0,16,False,False,True,False,False,1,0.437130984061995
535c5f1d-1348-41b1-aaec-11e6c411cb47,SHOP_017,BEN_01190,2025-12-24 19:27:37.322714,Oil,1,50.0,28.722696,77.129286,Rohini,0,9776.0,19,False,True,False,False,False,1,0.28976153240834496
61e154aa-6e66-46f5-b789-1c517bff10cf,SHOP_017,BEN_01659,2025-12-25 08:26:13.322714,Rice,17,51.0,28.722696,77.129286,Rohini,0,46716.0,8,False,False,True,False,False,1,0.4968392741282809
4f498d4d-c707-4932-b136-4d27afe09dbc,SHOP_017,BEN_02925,2025-12-25 12:08:44.322714,Wheat,14,28.0,28.722696,77.129286,Rohini,0,13351.0,12,False,False,False,False,True,1,0.16873455378700258
ae5a0b90-656e-4521-bb06-46f6f01311bb,SHOP_017,BEN_01520,2025-12-25 13:34:15.322714,Rice,15,45.0,28.722696,77.129286,Rohini,0,5131.0,13,False,False,True,False,False,1,0.14029961114607337
5d7cc7e2-0b2c-449c-87c9-7ea58b7f9c07,SHOP_017,BEN_01571,2025-12-25 13:37:14.322714,Kerosene,2,50.0,28.722696,77.129286,Rohini,0,179.0,13,True,False,False,False,False,1,0.21577120781731357
0804149d-3a6d-44f3-9747-b26ee00f1770,SHOP_017,BEN_01903,2025-12-25 14:02:08.322714,Kerosene,1,25.0,28.722696,77.129286,Rohini,0,1494.0,14,True,False,False,False,False,1,0.1849679223453667
70cfb6fe-43da-41db-a488-bb4ddabcfd53,SHOP_017,BEN_00103,2025-12-25 18:33:19.322714,Wheat,8,16.0,28.722696,77.129286,Rohini,0,16271.0,18,False,False,False,False,True,1,0.32805935653205615
44e25ea2-a875-46f0-b3be-5075f6827b09,SHOP_017,BEN_00753,2025-12-26 09:44:23.322714,Wheat,10,20.0,28.722696,77.129286,Rohini,0,54664.0,9,False,False,False,False,True,1,0.47049785141960265
34bf377c-2b99-48b4-b316-6775162483fa,SHOP_017,BEN_02473,2025-12-26 15:36:56.322714,Sugar,3,60.0,28.722696,77.129286,Rohini,0,21153.0,15,False,False,False,True,False,1,0.22766798821766254
083e80eb-3706-4a43-a43d-347c4185aa13,SHOP_017,BEN_00388,2025-12-26 18:02:13.322714,Kerosene,3,75.0,28.722696,77.129286,Rohini,0,8717.0,18,True,False,False,False,False,1,0.21733558404400066
ff0fc88f-b797-450f-ae80-2e20a275e909,SHOP_017,BEN_01945,2025-12-26 18:18:46.322714,Kerosene,2,50.0,28.722696,77.129286,Rohini,0,993.0,18,True,False,False,False,False,1,0.21375422654578002
57c7a1d9-03e0-438f-916a-cb6bee9036ab,SHOP_017,BEN_00586,2025-12-27 15:47:39.322714,Kerosene,2,50.0,28.722696,77.129286,Rohini,0,77333.0,15,True,False,False,False,False,1,0.4594474850881688
3ca56d38-dd6c-439f-bfc8-46db019aa691,SHOP_017,BEN_02739,2025-12-27 19:31:05.322714,Kerosene,2,50.0,28.722696,77.129286,Rohini,0,13406.0,19,True,False,False,False,False,1,0.21934110825496334
bdc74a83-089a-48af-a1e3-92a5f49d82eb,SHOP_017,BEN_02986,2025-12-28 11:04:41.322714,Wheat,17,34.0,28.722696,77.129286,Rohini,0,56016.0,11,False,False,False,False,True,1,0.47789168530824294
549a904a-d9b5-40a7-8554-93c99acf337a,SHOP_017,BEN_02436,2025-12-28 12:12:13.322714,Wheat,19,38.0,28.722696,77.129286,Rohini,0,4052.0,12,False,False,False,False,True,1,0.28097157088283164
a9aa3257-13b0-4195-af25-53bb5f7064bd,SHOP_017,BEN_00736,2025-12-28 15:21:35.322714,Wheat,16,32.0,28.722696,77.129286,Rohini,0,11362.0,15,False,False,False,False,True,1,0.14623584930491423
576d7a6d-a1da-47fa-a39b-86e507149bdb,SHOP_017,BEN_00737,2025-12-28 16:08:03.322714,Sugar,3,60.0,28.722696,77.129286,Rohini,0,2788.0,16,False,False,False,True,False,1,0.13275382534978508
9ee1908d-19e0-40f5-879c-504c12cdcf4f,SHOP_017,BEN_01736,2025-12-29 15:16:48.322714,Kerosene,3,75.0,28.722696,77.129286,Rohini,0,83325.0,15,True,False,False,False,False,1,0.5453201351568708
75543749-d289-45c7-963e-7528559fa918,SHOP_017,BEN_00484,2025-12-30 11:07:38.322714,Kerosene,2,50.0,28.722696,77.129286,Rohini,0,71450.0,11,True,False,False,False,False,1,0.4433192497465675
760bf93f-6142-4d06-96a3-3bc85a2964f1,SHOP_017,BEN_02312,2025-12-30 16:04:51.322714,Oil,2,100.0,28.722696,77.129286,Rohini,0,17833.0,16,False,True,False,False,False,1,0.10223563125136148
6a1d6fb0-df93-4d9c-b18b-97182178fc76,SHOP_017,BEN_00851,2025-12-30 16:10:38.322714,Rice,9,27.0,28.722696,77.129286,Rohini,0,347.0,16,False,False,True,False,False,1,0.21272502334435056
8c0883c4-e37c-4ff6-ae89-64eeae0afcb7,SHOP_017,BEN_00659,2025-12-30 17:28:38.322714,Kerosene,2,50.0,28.722696,77.129286,Rohini,0,4680.0,17,True,False,False,False,False,1,0.14285703985816606
ad7e3088-bf74-4dd6-8fcc-28290ba6f1c2,SHOP_017,BEN_01697,2025-12-30 17:58:07.322714,Kerosene,1,25.0,28.722696,77.129286,Rohini,0,1769.0,17,True,False,False,False,False,1,0.23601690117299834
c3a1c820-cb1a-4100-853e-f09e14f3b7ff,SHOP_017,BEN_00237,2025-12-31 09:01:04.322714,Sugar,1,20.0,28.722696,77.129286,Rohini,0,54177.0,9,False,False,False,True,False,1,0.31182296305290325
e06279c4-6348-4af8-95a3-878eec07353a,SHOP_017,BEN_00145,2025-12-31 10:41:21.322714,Sugar,3,60.0,28.722696,77.129286,Rohini,0,6017.0,10,False,False,False,True,False,1,0.2794917827262067
bbc0a259-811a-4421-84d7-92f8d1d4ccf8,SHOP_017,BEN_01982,2025-12-31 12:49:47.322714,Wheat,11,22.0,28.722696,77.129286,Rohini,0,7706.0,12,False,False,False,False,True,1,0.1498047438367845
4e3f1dd5-4952-4a7b-933d-f1dd2b9bc0fd,SHOP_017,BEN_01901,2025-12-31 15:40:42.322714,Kerosene,1,25.0,28.722696,77.129286,Rohini,0,10255.0,15,True,False,False,False,False,1,0.15518950122344966
eeb340e3-a0e6-4bb3-9bbc-c88bc19d5a67,SHOP_017,BEN_02790,2025-12-31 15:49:06.322714,Oil,1,50.0,28.722696,77.129286,Rohini,0,504.0,15,False,True,False,False,False,1,0.12083932511267409
a1c99c97-8555-42fc-bfd4-0e4b1a78dc92,SHOP_017,BEN_01780,2026-01-01 10:28:47.322714,Sugar,2,40.0,28.722696,77.129286,Rohini,0,67181.0,10,False,False,False,True,False,1,0.29006686540150395
4a7b33f2-d14c-48a8-9134-c92a58b07284,SHOP_017,BEN_02952,2026-01-01 13:06:02.322714,Rice,11,33.0,28.722696,77.129286,Rohini,0,9435.0,13,False,False,True,False,False,1,0.14929693874071515
bd6a75ef-99f4-498a-b2e8-27e826ef0f93,SHOP_017,BEN_01908,2026-01-01 13:24:02.322714,Oil,1,50.0,28.722696,77.129286,Rohini,0,1080.0,13,False,True,False,False,False,1,0.16439763407798075
676463d4-a3db-450a-bfbb-ba8de6d3d0b8,SHOP_017,BEN_02869,2026-01-01 14:16:57.322714,Oil,2,100.0,28.722696,77.129286,Rohini,0,3175.0,14,False,True,False,False,False,1,0.05322278819828863
c0e7b233-c574-4924-8ec5-58f85d9e517a,SHOP_017,BEN_00893,2026-01-01 17:37:13.322714,Oil,2,100.0,28.722696,77.129286,Rohini,0,12016.0,17,False,True,False,False,False,1,0.11833189832026803
a3f463c5-a8a5-40c1-9df9-bc7997576063,SHOP_017,BEN_02738,2026-01-02 11:07:55.322714,Wheat,6,12.0,28.722696,77.129286,Rohini,0,63042.0,11,False,False,False,False,True,1,0.48058719107730474
a7625de8-ec02-4e81-a65c-8d5bd3cbf560,SHOP_017,BEN_00705,2026-01-02 13:26:59.322714,Sugar,2,40.0,28.722696,77.129286,Rohini,0,8344.0,13,False,False,False,True,False,1,0.08528887919313427
ab7f2833-dc83-4cf9-a8be-36126a1bf165,SHOP_017,BEN_00059,2026-01-02 15:30:03.322714,Rice,10,30.0,28.722696,77.129286,Rohini,0,7384.0,15,False,False,True,False,False,1,0.16952738092774255
8f634a4e-a6d1-4916-a825-59cec198d4bb,SHOP_017,BEN_00784,2026-01-02 17:42:44.322714,Oil,2,100.0,28.722696,77.129286,Rohini,0,7961.0,17,False,True,False,False,False,1,0.09086503910349147
2645bd08-99f0-4253-85ba-30036e290c6d,SHOP_017,BEN_01207,2026-01-02 18:37:52.322714,Oil,1,50.0,28.722696,77.129286,Rohini,0,3308.0,18,False,True,False,False,False,1,0.2031326012400661
9ae527cc-7660-4462-8699-be7e673c8da3,SHOP_017,BEN_02791,2026-01-03 09:54:26.322714,Oil,1,50.0,28.722696,77.129286,Rohini,0,54994.0,9,False,True,False,False,False,1,0.294006662530903
b627233a-50b9-4fde-8142-d105b37aaec0,SHOP_017,BEN_02741,2026-01-03 10:24:24.322714,Rice,8,24.0,28.722696,77.129286,Rohini,0,1798.0,10,False,False,True,False,False,1,0.23735206561785316
328ac4e0-1a63-439a-88e4-2f9d025fdf52,SHOP_017,BEN_01246,2026-01-03 12:11:08.322714,Wheat,17,34.0,28.722696,77.129286,Rohini,0,6404.0,12,False,False,False,False,True,1,0.20958976276342983
7c949eac-a9b5-41f7-9e2c-0e721448de49,SHOP_017,BEN_00824,2026-01-03 13:10:53.322714,Rice,14,42.0,28.722696,77.129286,Rohini,0,3585.0,13,False,False,True,False,False,1,0.15573800468595278
e5294516-dc9f-4b4c-ab68-47ad1e990341,SHOP_017,BEN_00501,2026-01-03 15:20:49.322714,Kerosene,1,25.0,28.722696,77.129286,Rohini,0,7796.0,15,True,False,False,False,False,1,0.13657201914256528
ce106998-eb76-4118-bc59-bdff1ee55186,SHOP_017,BEN_02746,2026-01-03 17:43:12.322714,Oil,1,50.0,28.722696,77.129286,Rohini,0,8543.0,17,False,True,False,False,False,1,0.15370518372500758
7e03fab4-2ea0-48b7-b2a5-2803acc8fafb,SHOP_017,BEN_02635,2026-01-03 18:15:49.322714,Sugar,2,40.0,28.722696,77.129286,Rohini,0,1957.0,18,False,False,False,True,False,1,0.22649903662813747
02b6918f-1d72-44a7-b354-68ac35ea327a,SHOP_017,BEN_00208,2026-01-03 19:12:42.322714,Kerosene,1,25.0,28.722696,77.129286,Rohini,0,3413.0,19,True,False,False,False,False,1,0.26564274642768565
b4b446ed-674e-4a73-9412-0ab3650c792c,SHOP_017,BEN_01086,2026-01-04 10:28:57.322714,Kerosene,1,25.0,28.722696,77.129286,Rohini,0,54975.0,10,True,False,False,False,False,1,0.3908717389240305
5c71da05-697e-4958-9908-b56e56bc2eca,SHOP_017,BEN_00143,2026-01-04 12:49:40.322714,Sugar,3,60.0,28.722696,77.129286,Rohini,0,8443.0,12,False,False,False,True,False,1,0.161635702514571
bef6d2a0-0532-4b37-b1ff-7f12e214e70e,SHOP_017,BEN_00105,2026-01-04 14:09:20.322714,Oil,1,50.0,28.722696,77.129286,Rohini,0,4780.0,14,False,True,False,False,False,1,0.11481408307849633
28929a2e-6d19-4825-8e29-c1034331a0d1,SHOP_017,BEN_02149,2026-01-04 14:27:45.322714,Sugar,3,60.0,28.722696,77.129286,Rohini,0,1105.0,14,False,False,False,True,False,1,0.15523434193363578
1496b61f-e86d-4aeb-975a-a22c97f44ed4,SHOP_017,BEN_02039,2026-01-04 17:40:48.322714,Sugar,3,60.0,28.722696,77.129286,Rohini,0,11583.0,17,False,False,False,True,False,1,0.16488857489597503
2d0c9336-56d4-4839-956d-2a9b75973a62,SHOP_017,BEN_00608,2026-01-05 09:17:59.322714,Sugar,2,40.0,28.722696,77.129286,Rohini,0,56231.0,9,False,False,False,True,False,1,0.28086240256156175
f1d3bc6b-c9aa-4158-91f7-5f930978cc85,SHOP_017,BEN_01242,2026-01-05 12:59:40.322714,Sugar,3,60.0,28.722696,77.129286,Rohini,0,13301.0,12,False,False,False,True,False,1,0.19488119041608565
5f4c7398-f6d5-4c35-99f7-32bc7cef855f,SHOP_017,BEN_00246,2026-01-05 13:38:35.322714,Sugar,2,40.0,28.722696,77.129286,Rohini,0,2335.0,13,False,False,False,True,False,1,0.10874245357353801
9a342e7b-3d29-4048-8c37-2f6c3794566f,SHOP_017,BEN_02318,2026-01-05 13:43:15.322714,Sugar,3,60.0,28.722696,77.129286,Rohini,0,280.0,13,False,False,False,True,False,1,0.18561831414679214
a9f41f5d-343e-477a-93da-7cfa3ebb13d7,SHOP_017,BEN_02655,2026-01-05 16:25:05.322714,Sugar,1,20.0,28.722696,77.129286,Rohini,0,9710.0,16,False,False,False,True,False,1,0.14803879804978365
85074f32-7215-49e6-98a3-a92f4a91b7ec,SHOP_017,BEN_02573,2026-01-06 14:29:31.322714,Wheat,7,14.0,28.722696,77.129286,Rohini,0,79466.0,14,False,False,False,False,True,-1,0.5840318420341483
91718c97-f454-486e-bd05-a31ffa671195,SHOP_017,BEN_01747,2026-01-06 19:50:43.322714,Kerosene,3,75.0,28.722696,77.129286,Rohini,0,19272.0,19,True,False,False,False,False,1,0.31723351612176226
ac2b1a68-a0f9-4d9d-b935-37899dba046a,SHOP_017,BEN_01167,2026-01-07 09:04:54.322714,Kerosene,3,75.0,28.722696,77.129286,Rohini,0,47651.0,9,True,False,False,False,False,1,0.41699520094725784
c464e87c-e790-41c3-a7ee-6ffa9e62b422,SHOP_017,BEN_00604,2026-01-07 10:07:33.322714,Kerosene,1,25.0,28.722696,77.129286,Rohini,0,3759.0,10,True,False,False,False,False,1,0.27447823677656463
804c7373-b747-4587-844e-a87bd7b83c4d,SHOP_017,BEN_01012,2026-01-07 11:35:51.322714,Wheat,11,22.0,28.722696,77.129286,Rohini,0,5298.0,11,False,False,False,False,True,1,0.1750300659668017
11a14c6c-9708-4840-9c28-792a6c629470,SHOP_017,BEN_01129,2026-01-07 12:47:07.322714,Sugar,1,20.0,28.722696,77.129286,Rohini,0,4276.0,12,False,False,False,True,False,1,0.13779625644361526
569ff180-d4cb-48db-8968-10ce8176a496,SHOP_017,BEN_01883,2026-01-07 18:33:16.322714,Kerosene,2,50.0,28.722696,77.129286,Rohini,0,20769.0,18,True,False,False,False,False,1,0.20540157915850638
303eb310-2846-4e04-ab9e-b4ff61527389,SHOP_017,BEN_01839,2026-01-08 11:27:32.322714,Rice,20,60.0,28.722696,77.129286,Rohini,0,60856.0,11,False,False,True,False,False,1,0.4982774040391013
9ddd052f-e3db-4fb9-90a4-7d92cdf7b1b8,SHOP_017,BEN_00768,2026-01-08 11:29:08.322714,Kerosene,2,50.0,28.722696,77.129286,Rohini,0,96.0,11,True,False,False,False,False,1,0.2725698586642981
dbfc2969-cf9d-4913-ad80-46e8c21daa17,SHOP_017,BEN_01632,2026-01-09 10:31:47.322714,Oil,1,50.0,28.722696,77.129286,Rohini,0,82959.0,10,False,True,False,False,False,1,0.4731535703071093
79d04a6b-6455-470e-abec-fa1ebd0198f7,SHOP_017,BEN_02742,2026-01-09 11:22:00.322714,Sugar,1,20.0,28.722696,77.129286,Rohini,0,3013.0,11,False,False,False,True,False,1,0.1976550484850122
ad8c9eb3-973c-4372-b62f-923e5ff85435,SHOP_017,BEN_02227,2026-01-09 12:27:07.322714,Sugar,1,20.0,28.722696,77.129286,Rohini,0,3907.0,12,False,False,False,True,False,1,0.13779625644361526
108bc30f-2d85-4612-a6c6-5c9f179fb980,SHOP_017,BEN_02836,2026-01-09 13:05:21.322714,Sugar,3,60.0,28.722696,77.129286,Rohini,0,2294.0,13,False,False,False,True,False,1,0.15818069682280067
6e1b9e7e-0fa2-49c8-8e58-20f7e6a6e32e,SHOP_017,BEN_00941,2026-01-09 14:27:24.322714,Wheat,16,32.0,28.722696,77.129286,Rohini,0,4923.0,14,False,False,False,False,True,1,0.13788615181816416
d5285109-b221-410b-95e4-b607661b5167,SHOP_017,BEN_00056,2026-01-09 16:27:18.322714,Rice,12,36.0,28.722696,77.129286,Rohini,0,7194.0,16,False,False,True,False,False,1,0.1577775369995752
445d376a-326e-476b-9e44-fa7c2605ff16,SHOP_017,BEN_01556,2026-01-10 08:56:49.322714,Sugar,3,60.0,28.722696,77.129286,Rohini,0,59371.0,8,False,False,False,True,False,1,0.4018746399433938
f02658f3-eaa0-4e4f-ab68-83a65f4355dd,SHOP_017,BEN_02855,2026-01-10 12:05:52.322714,Sugar,3,60.0,28.722696,77.129286,Rohini,0,11343.0,12,False,False,False,True,False,1,0.18526919328077202
cbab3c2e-d2c8-4831-a80d-37ce3fc361b3,SHOP_017,BEN_01821,2026-01-10 14:36:45.322714,Sugar,3,60.0,28.722696,77.129286,Rohini,0,9053.0,14,False,False,False,True,False,1,0.11059075904151405
b993f09e-bb5d-4e94-8580-2b195e961e9b,SHOP_017,BEN_02908,2026-01-10 15:01:06.322714,Oil,1,50.0,28.722696,77.129286,Rohini,0,1461.0,15,False,True,False,False,False,1,0.11361697302183421
fd2c11b6-7102-42f2-925a-312bde68f191,SHOP_017,BEN_02871,2026-01-11 10:01:42.322714,Rice,6,18.0,28.722696,77.129286,Rohini,0,68436.0,10,False,False,True,False,False,1,0.4227926944038608
8e4f65a7-52c6-45ad-b9fa-d55b989f2704,SHOP_017,BEN_02980,2026-01-11 12:36:57.322714,Kerosene,1,25.0,28.722696,77.129286,Rohini,0,9315.0,12,True,False,False,False,False,1,0.19827242368980408
23da1082-2471-4551-86a4-6ec31221ca2f,SHOP_017,BEN_00462,2026-01-11 17:07:33.322714,Kerosene,1,25.0,28.722696,77.129286,Rohini,0,16236.0,17,True,False,False,False,False,1,0.24358544651608488
9eac610a-771b-40f6-803f-7eda3b551db2,SHOP_017,BEN_02263,2026-01-12 08:25:43.322714,Kerosene,3,75.0,28.722696,77.129286,Rohini,0,55090.0,8,True,False,False,False,False,1,0.43741898913121213
a9724c7c-3e04-4235-be9e-696a4210831e,SHOP_017,BEN_01841,2026-01-12 09:04:00.322714,Oil,1,50.0,28.722696,77.129286,Rohini,0,2297.0,9,False,True,False,False,False,1,0.2922162757522357
00dee645-9687-48e2-b979-3d6982b4ed50,SHOP_017,BEN_01441,2026-01-12 09:46:27.322714,Rice,10,30.0,28.722696,77.129286,Rohini,0,2547.0,9,False,False,True,False,False,1,0.2718337171541561
6f75c2eb-d644-4c3a-87ff-83a566fb4772,SHOP_017,BEN_00826,2026-01-12 12:53:04.322714,Rice,8,24.0,28.722696,77.129286,Rohini,0,11197.0,12,False,False,True,False,False,1,0.1768779344416665
a87a2767-5ccc-4b78-8148-5a4fb0e5c908,SHOP_017,BEN_02994,2026-01-12 13:04:34.322714,Rice,19,57.0,28.722696,77.129286,Rohini,0,690.0,13,False,False,True,False,False,1,0.3007993660954846
ff94a507-c21a-4760-84c0-6bd3b747dcc2,SHOP_017,BEN_01876,2026-01-12 16:06:12.322714,Wheat,20,40.0,28.722696,77.129286,Rohini,0,10898.0,16,False,False,False,False,True,1,0.3384108131645673
0643db26-0d39-464f-9080-80b2e7dac161,SHOP_017,BEN_02789,2026-01-12 18:19:10.322714,Rice,12,36.0,28.722696,77.129286,Rohini,0,7978.0,18,False,False,True,False,False,1,0.23571547710433433
6170318b-57a5-4224-8137-2d7766ee6bf7,SHOP_017,BEN_02013,2026-01-13 11:34:45.322714,Wheat,7,14.0,28.722696,77.129286,Rohini,0,62135.0,11,False,False,False,False,True,1,0.44712379074747866
df79fe5b-f6c0-497b-86bf-e62062f8f817,SHOP_017,BEN_02663,2026-01-13 12:33:40.322714,Wheat,5,10.0,28.722696,77.129286,Rohini,0,3535.0,12,False,False,False,False,True,1,0.2787336346663901
d978d2b0-f0c2-4f68-92f8-a3976fdf9bdc,SHOP_017,BEN_01784,2026-01-13 15:48:08.322714,Rice,10,30.0,28.722696,77.129286,Rohini,0,11668.0,15,False,False,True,False,False,1,0.18774127612681396
b2c3ea25-ab76-4a2c-a7ee-17e8a6e6aa81,SHOP_017,BEN_00285,2026-01-13 16:37:04.322714,Kerosene,3,75.0,28.722696,77.129286,Rohini,0,2936.0,16,True,False,False,False,False,1,0.1528090259102819
ca78fcb0-64ab-4588-a127-c4a1a51fb681,SHOP_017,BEN_02161,2026-01-13 16:59:11.322714,Kerosene,3,75.0,28.722696,77.129286,Rohini,0,1327.0,16,True,False,False,False,False,1,0.1772289354836563
b5d37817-b1b1-4a66-9f28-bf0d939623bf,SHOP_017,BEN_02905,2026-01-14 10:59:29.322714,Kerosene,1,25.0,28.722696,77.129286,Rohini,0,64818.0,10,True,False,False,False,False,1,0.45286964405038077
039c20a8-8a75-4f16-b057-d1df712eba57,SHOP_017,BEN_02558,2026-01-14 11:45:06.322714,Wheat,18,36.0,28.722696,77.129286,Rohini,0,2737.0,11,False,False,False,False,True,1,0.29123526445382675
c9c167c4-d282-436c-9a1c-4ec8e962afcd,SHOP_017,BEN_01593,2026-01-14 19:14:29.322714,Rice,16,48.0,28.722696,77.129286,Rohini,0,26963.0,19,False,False,True,False,False,1,0.4627416299117105
f5d2a3c0-2968-41f1-9b35-91b92975cfd4,SHOP_017,BEN_00345,2026-01-15 12:35:13.322714,Oil,2,100.0,28.722696,77.129286,Rohini,0,62444.0,12,False,True,False,False,False,1,0.3331638560987825
3a5b7e31-1a57-472e-94fe-4275acfb86ae,SHOP_018,BEN_02637,2025-12-17 10:51:38.322714,Kerosene,3,75.0,28.610429,77.188088,Central Delhi,0,9999.0,10,True,False,False,False,False,1,0.2630488385668544
a262b9c3-d66c-48cd-878d-ceef33752354,SHOP_018,BEN_00879,2025-12-17 12:53:55.322714,Kerosene,3,75.0,28.610429,77.188088,Central Delhi,0,7337.0,12,True,False,False,False,False,1,0.19280880947904483
1623800c-cfbb-4d9b-8f3f-3792d980e5f4,SHOP_018,BEN_01831,2025-12-18 10:11:45.322714,Rice,7,21.0,28.610429,77.188088,Central Delhi,0,76670.0,10,False,False,True,False,False,1,0.4777936906546339
cb26258b-f166-42c6-9979-c7f5b822eef6,SHOP_018,BEN_01880,2025-12-18 12:24:45.322714,Sugar,1,20.0,28.610429,77.188088,Central Delhi,0,7980.0,12,False,False,False,True,False,1,0.14800140055489236
7d6af863-6a3a-43b1-9a8f-15db7e860236,SHOP_018,BEN_01025,2025-12-18 14:50:13.322714,Oil,1,50.0,28.610429,77.188088,Central Delhi,0,8728.0,14,False,True,False,False,False,1,0.10238328234263189
235219ab-66d6-4330-84cc-6b59483b1af8,SHOP_018,BEN_02538,2025-12-18 17:41:52.322714,Sugar,2,40.0,28.610429,77.188088,Central Delhi,0,10299.0,17,False,False,False,True,False,1,0.13706490361171336
85cbc890-c996-4019-be7a-f1a09107ac92,SHOP_018,BEN_00735,2025-12-19 12:21:40.322714,Sugar,3,60.0,28.610429,77.188088,Central Delhi,0,67188.0,12,False,False,False,True,False,1,0.3359193455892455
c4315013-4166-4b91-b284-a883f785ce0d,SHOP_018,BEN_01907,2025-12-19 17:56:41.322714,Sugar,3,60.0,28.610429,77.188088,Central Delhi,0,20101.0,17,False,False,False,True,False,1,0.24879513556893612
6a0786ee-d9ce-4465-895d-95a4233a2703,SHOP_018,BEN_00057,2025-12-20 15:09:39.322714,Sugar,1,20.0,28.610429,77.188088,Central Delhi,0,76378.0,15,False,False,False,True,False,1,0.4633290758021094
e478f1df-9800-4e1a-ae94-3021ed5fd583,SHOP_018,BEN_00251,2025-12-21 10:36:00.322714,Sugar,3,60.0,28.610429,77.188088,Central Delhi,0,69981.0,10,False,False,False,True,False,1,0.34243388116514917
1c49f5ea-b2c5-4981-b6ca-2c888cdf4211,SHOP_018,BEN_00935,2025-12-21 13:52:41.322714,Wheat,11,22.0,28.610429,77.188088,Central Delhi,0,11801.0,13,False,False,False,False,True,1,0.12849271648484173
63e57af2-15d9-4a19-bcc8-8792315ca94d,SHOP_018,BEN_01920,2025-12-21 16:44:10.322714,Rice,5,15.0,28.610429,77.188088,Central Delhi,1,10289.0,16,False,False,True,False,False,1,0.24145940351026307
9cc89b5f-7aba-4c36-9baa-ee832e833058,SHOP_018,BEN_02292,2025-12-21 16:44:12.322714,Rice,5,15.0,28.610429,77.188088,Central Delhi,1,2.0,16,False,False,True,False,False,1,0.28723775438738697
e5fd68a5-860b-4ea6-8039-4be7a234f476,SHOP_018,BEN_00836,2025-12-21 16:44:14.322714,Rice,5,15.0,28.610429,77.188088,Central Delhi,1,2.0,16,False,False,True,False,False,1,0.28723775438738697
8553e72a-176a-4598-bd8c-942527b11af8,SHOP_018,BEN_01386,2025-12-21 16:44:16.322714,Rice,5,15.0,28.610429,77.188088,Central Delhi,1,2.0,16,False,False,True,False,False,1,0.28723775438738697
3dbb88ee-9f77-4041-9eea-dffc0921aae4,SHOP_018,BEN_00843,2025-12-21 16:44:18.322714,Rice,5,15.0,28.610429,77.188088,Central Delhi,1,2.0,16,False,False,True,False,False,1,0.28723775438738697
83f1585c-9f0d-40b5-95fc-66035450f190,SHOP_018,BEN_02458,2025-12-21 16:44:20.322714,Rice,5,15.0,28.610429,77.188088,Central Delhi,1,2.0,16,False,False,True,False,False,1,0.28723775438738697
6190d0ab-4eef-4e01-873e-ad3fd705137d,SHOP_018,BEN_00845,2025-12-21 16:44:22.322714,Rice,5,15.0,28.610429,77.188088,Central Delhi,1,2.0,16,False,False,True,False,False,1,0.28723775438738697
8be8f374-946b-49de-9243-f74978ef8819,SHOP_018,BEN_02244,2025-12-21 16:44:24.322714,Rice,5,15.0,28.610429,77.188088,Central Delhi,1,2.0,16,False,False,True,False,False,1,0.28723775438738697
34d5d431-0966-4b4a-94f6-72a9e6179c34,SHOP_018,BEN_02530,2025-12-21 16:44:26.322714,Rice,5,15.0,28.610429,77.188088,Central Delhi,1,2.0,16,False,False,True,False,False,1,0.28723775438738697
54ec7b89-d2c1-4f3a-8d42-273c1a614356,SHOP_018,BEN_00049,2025-12-21 16:44:28.322714,Rice,5,15.0,28.610429,77.188088,Central Delhi,1,2.0,16,False,False,True,False,False,1,0.28723775438738697
b6349158-e0e5-4d8b-ae05-2c633b0f8e46,SHOP_018,BEN_00027,2025-12-21 16:44:30.322714,Rice,5,15.0,28.610429,77.188088,Central Delhi,1,2.0,16,False,False,True,False,False,1,0.28723775438738697
90094ebb-0919-469c-afbb-1f784911ac52,SHOP_018,BEN_00164,2025-12-21 16:44:32.322714,Rice,5,15.0,28.610429,77.188088,Central Delhi,1,2.0,16,False,False,True,False,False,1,0.28723775438738697
8aced9c5-6f62-4a6f-b7f9-ff55677558c7,SHOP_018,BEN_00270,2025-12-21 16:44:34.322714,Rice,5,15.0,28.610429,77.188088,Central Delhi,1,2.0,16,False,False,True,False,False,1,0.28723775438738697
8813e67b-b6c9-49b2-97f4-548c6f4017a5,SHOP_018,BEN_00548,2025-12-21 16:44:36.322714,Rice,5,15.0,28.610429,77.188088,Central Delhi,1,2.0,16,False,False,True,False,False,1,0.28723775438738697
c3db3b1b-9232-4c66-afc1-adfe12c35f2a,SHOP_018,BEN_01404,2025-12-21 16:44:38.322714,Rice,5,15.0,28.610429,77.188088,Central Delhi,1,2.0,16,False,False,True,False,False,1,0.28723775438738697
418956b5-03d0-4162-bff9-126d961af225,SHOP_018,BEN_00413,2025-12-21 16:44:40.322714,Rice,5,15.0,28.610429,77.188088,Central Delhi,1,2.0,16,False,False,True,False,False,1,0.28723775438738697
d499660a-8d08-486a-99cd-79c07d1576f0,SHOP_018,BEN_02941,2025-12-21 16:44:42.322714,Rice,5,15.0,28.610429,77.188088,Central Delhi,1,2.0,16,False,False,True,False,False,1,0.28723775438738697
36fbeb05-8d67-4686-bbc4-6de7988f4242,SHOP_018,BEN_02230,2025-12-21 16:44:44.322714,Rice,5,15.0,28.610429,77.188088,Central Delhi,1,2.0,16,False,False,True,False,False,1,0.28723775438738697
5b486fb8-6331-4ff1-bb79-44bb48471603,SHOP_018,BEN_00871,2025-12-21 16:44:46.322714,Rice,5,15.0,28.610429,77.188088,Central Delhi,1,2.0,16,False,False,True,False,False,1,0.28723775438738697
e48cb5c9-c7a3-4e03-90b7-3be0bd2f72c1,SHOP_018,BEN_00773,2025-12-21 16:44:48.322714,Rice,5,15.0,28.610429,77.188088,Central Delhi,1,2.0,16,False,False,True,False,False,1,0.28723775438738697
cac91f8f-e869-45d1-816d-a2a8a1378c56,SHOP_018,BEN_02075,2025-12-21 19:00:16.322714,Oil,1,50.0,28.610429,77.188088,Central Delhi,0,8128.0,19,False,True,False,False,False,1,0.2831051397542928
4960a8ec-0921-4147-b2a5-edc8cf482aae,SHOP_018,BEN_02541,2025-12-21 19:35:24.322714,Wheat,14,28.0,28.610429,77.188088,Central Delhi,0,2108.0,19,False,False,False,False,True,1,0.33676739911782794
0f76b6a4-13a4-46e8-92ef-cd1e81a3133e,SHOP_018,BEN_01251,2025-12-23 11:41:21.322714,Sugar,1,20.0,28.610429,77.188088,Central Delhi,0,144357.0,11,False,False,False,True,False,-1,0.8017200317116695
dcba46e1-96d6-4d1c-9a37-00a160dec452,SHOP_018,BEN_02304,2025-12-23 13:56:57.322714,Sugar,3,60.0,28.610429,77.188088,Central Delhi,0,8136.0,13,False,False,False,True,False,1,0.14346702526803012
fce53d37-7b39-45a0-a53b-ed9b23061a09,SHOP_018,BEN_00733,2025-12-23 17:11:56.322714,Wheat,8,16.0,28.610429,77.188088,Central Delhi,0,11699.0,17,False,False,False,False,True,1,0.2531992313014081
a965e98d-a180-4aa0-8126-750f26587098,SHOP_018,BEN_00808,2025-12-23 18:03:49.322714,Oil,1,50.0,28.610429,77.188088,Central Delhi,0,3113.0,18,False,True,False,False,False,1,0.2031326012400661
45775f50-5798-4016-87cb-3b999d4e90cf,SHOP_018,BEN_02613,2025-12-24 09:05:41.322714,Oil,2,100.0,28.610429,77.188088,Central Delhi,0,54112.0,9,False,True,False,False,False,1,0.269897013814914
63ad9a90-a684-401d-8f96-b8880637ffaa,SHOP_018,BEN_00267,2025-12-24 13:56:51.322714,Wheat,15,30.0,28.610429,77.188088,Central Delhi,0,17470.0,13,False,False,False,False,True,1,0.14791309226256338
de240f93-f4c7-4fb4-9c46-f7d0489d30ec,SHOP_018,BEN_01930,2025-12-24 19:04:16.322714,Sugar,1,20.0,28.610429,77.188088,Central Delhi,0,18445.0,19,False,False,False,True,False,1,0.37853666197503044
8d13cf36-31a5-4ebf-a83c-72f90b0ad666,SHOP_018,BEN_02056,2025-12-24 19:15:36.322714,Oil,2,100.0,28.610429,77.188088,Central Delhi,0,680.0,19,False,True,False,False,False,1,0.3045674138142528
f144255b-73e2-49fa-ac82-637ba0ac0c30,SHOP_018,BEN_01851,2025-12-25 11:07:24.322714,Wheat,19,38.0,28.610429,77.188088,Central Delhi,0,57108.0,11,False,False,False,False,True,1,0.5128809718393678
116694fc-164e-4c13-bae5-b1c33421775f,SHOP_018,BEN_02490,2025-12-25 17:24:03.322714,Wheat,7,14.0,28.610429,77.188088,Central Delhi,0,22599.0,17,False,False,False,False,True,1,0.38600498152648516
3b8ef443-4cab-4350-a100-5afe60854538,SHOP_018,BEN_01348,2025-12-26 09:36:59.322714,Kerosene,1,25.0,28.610429,77.188088,Central Delhi,0,58376.0,9,True,False,False,False,False,1,0.4176677079741946
db7877ca-5d21-428a-a0e3-865098246e53,SHOP_018,BEN_02681,2025-12-26 11:40:18.322714,Oil,1,50.0,28.610429,77.188088,Central Delhi,0,7399.0,11,False,True,False,False,False,1,0.18662805140772315
b6c23987-2327-4621-a365-0af8551574fb,SHOP_018,BEN_01968,2025-12-26 12:26:28.322714,Sugar,2,40.0,28.610429,77.188088,Central Delhi,0,2770.0,12,False,False,False,True,False,1,0.0994352129320038
9981fa1d-be55-4617-a03b-b7bc7e96e924,SHOP_018,BEN_02679,2025-12-26 13:28:19.322714,Sugar,1,20.0,28.610429,77.188088,Central Delhi,0,3711.0,13,False,False,False,True,False,1,0.12613766543856708
d156d28a-47de-4f26-bda6-996b27709178,SHOP_018,BEN_01591,2025-12-26 15:13:59.322714,Oil,1,50.0,28.610429,77.188088,Central Delhi,0,6340.0,15,False,True,False,False,False,1,0.07332548155419805
8951dcd2-82e9-42fc-9b52-e2dc2d3d663e,SHOP_018,BEN_02815,2025-12-26 17:24:15.322714,Sugar,1,20.0,28.610429,77.188088,Central Delhi,0,7816.0,17,False,False,False,True,False,1,0.175038879210907
030d02f3-4d5e-4895-a9a3-0cfe80e21527,SHOP_018,BEN_02237,2025-12-26 17:46:34.322714,Rice,19,57.0,28.610429,77.188088,Central Delhi,0,1339.0,17,False,False,True,False,False,1,0.3533998830783518
d7ede2c2-49ac-4389-a53a-1832209d95db,SHOP_018,BEN_00508,2025-12-26 19:42:28.322714,Oil,1,50.0,28.610429,77.188088,Central Delhi,0,6954.0,19,False,True,False,False,False,1,0.2829502368890084
5ef87988-8daa-4209-a7f5-c59ddad931f5,SHOP_018,BEN_01139,2025-12-27 19:43:30.322714,Oil,1,50.0,28.610429,77.188088,Central Delhi,0,86462.0,19,False,True,False,False,False,-1,0.7500351751341995
cd754c03-6e05-47db-aad6-5dec082e627f,SHOP_018,BEN_01530,2025-12-28 08:27:58.322714,Kerosene,2,50.0,28.610429,77.188088,Central Delhi,0,45868.0,8,True,False,False,False,False,1,0.4063338154244305
e1726c88-b81d-46d3-a5f9-4d89df70c2d0,SHOP_018,BEN_01739,2025-12-28 08:29:11.322714,Rice,10,30.0,28.610429,77.188088,Central Delhi,0,73.0,8,False,False,True,False,False,1,0.4287706181743746
cf46a158-2006-4ff7-8db7-71b1b86bc418,SHOP_018,BEN_00183,2025-12-28 14:04:16.322714,Wheat,11,22.0,28.610429,77.188088,Central Delhi,0,20105.0,14,False,False,False,False,True,1,0.23340535533018197
5251f00d-d7c0-4568-aa54-9deb0566d816,SHOP_018,BEN_02943,2025-12-29 18:58:51.322714,Wheat,5,10.0,28.610429,77.188088,Central Delhi,0,104075.0,18,False,False,False,False,True,-1,0.8499136998762404
c5b952bb-a276-47e3-8643-fcbe940a96c8,SHOP_018,BEN_01799,2025-12-29 19:13:20.322714,Wheat,9,18.0,28.610429,77.188088,Central Delhi,0,869.0,19,False,False,False,False,True,1,0.36608449288108913
e3d9d249-4067-4cb1-952f-6c25a5c83273,SHOP_018,BEN_02358,2025-12-30 12:27:46.322714,Oil,2,100.0,28.610429,77.188088,Central Delhi,0,62066.0,12,False,True,False,False,False,1,0.33629220600257936
e301aa6a-bfe5-4471-afe4-53d1585aff34,SHOP_018,BEN_01531,2025-12-30 15:58:21.322714,Kerosene,3,75.0,28.610429,77.188088,Central Delhi,0,12635.0,15,True,False,False,False,False,1,0.15302483102790299
32c7fcd0-d4a2-4252-95ff-1f2e3656e1d9,SHOP_018,BEN_00300,2025-12-31 11:23:25.322714,Rice,6,18.0,28.610429,77.188088,Central Delhi,0,69904.0,11,False,False,True,False,False,1,0.426739210265731
f21a9e91-c99e-440b-8539-95eecc91afd0,SHOP_018,BEN_01785,2025-12-31 11:42:06.322714,Rice,11,33.0,28.610429,77.188088,Central Delhi,0,1121.0,11,False,False,True,False,False,1,0.1996000585171312
86f2bf2f-6329-4a2a-9b2a-952065ab0123,SHOP_018,BEN_00711,2025-12-31 14:56:02.322714,Rice,13,39.0,28.610429,77.188088,Central Delhi,0,11636.0,14,False,False,True,False,False,1,0.18513327306077654
39e792d3-82e0-4d4b-bb02-4d34bc267aa1,SHOP_018,BEN_00545,2025-12-31 16:24:30.322714,Kerosene,1,25.0,28.610429,77.188088,Central Delhi,0,5308.0,16,True,False,False,False,False,1,0.14317079664606558
5177aec0-d018-4bcc-9f01-88ab86a520e5,SHOP_018,BEN_02180,2025-12-31 17:09:55.322714,Wheat,7,14.0,28.610429,77.188088,Central Delhi,0,2725.0,17,False,False,False,False,True,1,0.2284206306332504
de3194e5-3fe0-4f47-923c-3fb51849e775,SHOP_018,BEN_02707,2026-01-01 11:55:54.322714,Oil,1,50.0,28.610429,77.188088,Central Delhi,0,67559.0,11,False,True,False,False,False,1,0.43394868672326736
2146431d-6ca8-404c-bfd0-5555ec88b2a1,SHOP_018,BEN_02706,2026-01-01 14:56:21.322714,Kerosene,3,75.0,28.610429,77.188088,Central Delhi,0,10827.0,14,True,False,False,False,False,1,0.16792902548558802
aa92f9c5-11dd-4f53-ab54-cf5d3e57d12e,SHOP_018,BEN_02824,2026-01-01 15:56:49.322714,Oil,2,100.0,28.610429,77.188088,Central Delhi,0,3628.0,15,False,True,False,False,False,1,0.022823660689367253
91180927-4094-4547-a604-b2a2e5b98c00,SHOP_018,BEN_02395,2026-01-02 12:14:53.322714,Rice,13,39.0,28.610429,77.188088,Central Delhi,0,73084.0,12,False,False,True,False,False,1,0.48452329829346985
4f204dcf-093d-4509-98b7-1d328a9299d1,SHOP_018,BEN_00124,2026-01-02 15:30:10.322714,Wheat,19,38.0,28.610429,77.188088,Central Delhi,0,11717.0,15,False,False,False,False,True,1,0.26302075435240974
413da913-ecd2-41c0-90ee-88959d9a85c2,SHOP_018,BEN_02480,2026-01-02 16:30:59.322714,Wheat,17,34.0,28.610429,77.188088,Central Delhi,0,3649.0,16,False,False,False,False,True,1,0.22285178996171578
b690e475-ffe3-4a0d-90dc-209051de8df2,SHOP_018,BEN_00357,2026-01-03 17:52:18.322714,Sugar,3,60.0,28.610429,77.188088,Central Delhi,0,91279.0,17,False,False,False,True,False,-1,0.5884361442282989
c09b065f-0c1b-492b-b36b-5ffac8925865,SHOP_018,BEN_01328,2026-01-03 18:42:44.322714,Rice,11,33.0,28.610429,77.188088,Central Delhi,0,3026.0,18,False,False,True,False,False,1,0.2426247173908287
5cd23ebd-2b88-4caf-9c62-42fffbcc1824,SHOP_018,BEN_00905,2026-01-04 19:09:22.322714,Kerosene,3,75.0,28.610429,77.188088,Central Delhi,0,87998.0,19,True,False,False,False,False,-1,0.7113250672483168
b0bcc6c4-2f4f-4660-8987-166df8a1afc7,SHOP_018,BEN_01474,2026-01-05 09:31:56.322714,Oil,2,100.0,28.610429,77.188088,Central Delhi,0,51754.0,9,False,True,False,False,False,1,0.26167805168646974
78e061e6-09db-4fbf-a3de-b7b56a4072f2,SHOP_018,BEN_01048,2026-01-05 16:12:41.322714,Kerosene,3,75.0,28.610429,77.188088,Central Delhi,0,24045.0,16,True,False,False,False,False,1,0.24363842099373906
23ac18f0-6a38-46e1-ae95-8d08055fbaae,SHOP_018,BEN_01886,2026-01-05 17:49:03.322714,Rice,9,27.0,28.610429,77.188088,Central Delhi,0,5782.0,17,False,False,True,False,False,1,0.2238143380585637
d8ce165c-fcde-4ad9-a2c5-e6fea6a1eec3,SHOP_018,BEN_01524,2026-01-06 10:27:08.322714,Rice,14,42.0,28.610429,77.188088,Central Delhi,0,59885.0,10,False,False,True,False,False,1,0.3880648809564286
ae271b78-3bec-4033-840d-ba902a47c109,SHOP_018,BEN_00684,2026-01-06 19:01:40.322714,Rice,18,54.0,28.610429,77.188088,Central Delhi,0,30872.0,19,False,False,True,False,False,1,0.5537249369986403
09d49f25-98fc-4587-b5e0-5903460ee440,SHOP_018,BEN_01306,2026-01-07 08:05:11.322714,Kerosene,2,50.0,28.610429,77.188088,Central Delhi,0,47011.0,8,True,False,False,False,False,1,0.4119656919872071
1286e6d6-7449-419e-a617-cba15bcc5d89,SHOP_018,BEN_02950,2026-01-07 09:06:02.322714,Oil,1,50.0,28.610429,77.188088,Central Delhi,0,3651.0,9,False,True,False,False,False,1,0.2657906818294839
66b88c32-ef70-4a86-acd0-4add6bfea6f6,SHOP_018,BEN_01808,2026-01-07 12:02:56.322714,Kerosene,3,75.0,28.610429,77.188088,Central Delhi,0,10614.0,12,True,False,False,False,False,1,0.20900861051036668
3cd054d4-030b-4a4e-8ba6-ff2165e56f1f,SHOP_018,BEN_02427,2026-01-07 12:17:31.322714,Oil,2,100.0,28.610429,77.188088,Central Delhi,0,875.0,12,False,True,False,False,False,1,0.13836405013283987
f3247aee-5c55-4873-a659-d8b4fbf49240,SHOP_018,BEN_00613,2026-01-07 14:07:46.322714,Wheat,11,22.0,28.610429,77.188088,Central Delhi,0,6615.0,14,False,False,False,False,True,1,0.11285583147532408
09697de7-9091-453b-95a4-23ca20bb1d63,SHOP_018,BEN_01273,2026-01-07 15:26:10.322714,Oil,1,50.0,28.610429,77.188088,Central Delhi,0,4704.0,15,False,True,False,False,False,1,0.08229200474590731
696f9a65-2b41-4358-8c7d-2908486b830d,SHOP_018,BEN_02787,2026-01-07 16:50:45.322714,Oil,1,50.0,28.610429,77.188088,Central Delhi,0,5075.0,16,False,True,False,False,False,1,0.09137813800506495
961daeff-8b65-4586-905d-a208e20ea320,SHOP_018,BEN_02699,2026-01-07 19:06:34.322714,Oil,2,100.0,28.610429,77.188088,Central Delhi,0,8149.0,19,False,True,False,False,False,1,0.2640315190368419
fd552635-e9e8-4c07-9a96-9481812d3cf5,SHOP_018,BEN_00362,2026-01-08 08:32:44.322714,Rice,14,42.0,28.610429,77.188088,Central Delhi,0,48370.0,8,False,False,True,False,False,1,0.46759400945536284
bc67da46-aac0-4ac3-a344-3ea1c190f709,SHOP_018,BEN_02640,2026-01-08 08:56:07.322714,Sugar,2,40.0,28.610429,77.188088,Central Delhi,0,1403.0,8,False,False,False,True,False,1,0.41169326939187667
c2b0749a-22da-4a34-a280-e554d512de74,SHOP_018,BEN_02841,2026-01-08 10:21:01.322714,Rice,15,45.0,28.610429,77.188088,Central Delhi,0,5094.0,10,False,False,True,False,False,1,0.2896423069576355
3319702f-4301-4f6c-8dcd-d390528d4c36,SHOP_018,BEN_02256,2026-01-08 14:53:52.322714,Oil,2,100.0,28.610429,77.188088,Central Delhi,0,16371.0,14,False,True,False,False,False,1,0.1252270678344043
3c0d5fbd-b269-4685-b238-4df445183e25,SHOP_018,BEN_00598,2026-01-08 19:55:33.322714,Oil,2,100.0,28.610429,77.188088,Central Delhi,0,18101.0,19,False,True,False,False,False,1,0.3083594438924176
4d449851-ae50-4217-82e7-46b687019953,SHOP_018,BEN_01488,2026-01-09 09:54:05.322714,Kerosene,2,50.0,28.610429,77.188088,Central Delhi,0,50312.0,9,True,False,False,False,False,1,0.37255639992260703
d5773d59-4879-4323-bc44-cb44746ed706,SHOP_018,BEN_02529,2026-01-09 10:46:50.322714,Sugar,3,60.0,28.610429,77.188088,Central Delhi,0,3165.0,10,False,False,False,True,False,1,0.26440738212213094
609d0438-d099-4714-b83a-3effa67f8753,SHOP_018,BEN_02501,2026-01-09 18:52:29.322714,Oil,1,50.0,28.610429,77.188088,Central Delhi,0,29139.0,18,False,True,False,False,False,1,0.4051941211964841
4ed678ac-a886-41a9-9ed3-a72cd9c3f162,SHOP_018,BEN_02194,2026-01-10 12:13:44.322714,Oil,1,50.0,28.610429,77.188088,Central Delhi,0,62475.0,12,False,True,False,False,False,1,0.381925105436563
203a44b2-68a3-4575-9bf9-610936ccd7c5,SHOP_018,BEN_01159,2026-01-10 19:35:05.322714,Wheat,15,30.0,28.610429,77.188088,Central Delhi,0,26481.0,19,False,False,False,False,True,1,0.46399715045326134
6fbbf069-2009-4971-ac97-3bf6adb3b994,SHOP_018,BEN_00377,2026-01-11 08:28:34.322714,Sugar,3,60.0,28.610429,77.188088,Central Delhi,0,46409.0,8,False,False,False,True,False,1,0.4010009060653543
04567c08-0bf6-4516-aaf4-e0d2103ee9e0,SHOP_018,BEN_02882,2026-01-11 10:06:13.322714,Oil,1,50.0,28.610429,77.188088,Central Delhi,0,5859.0,10,False,True,False,False,False,1,0.19651491012971645
42f58ac6-3c4e-4e14-ac9b-e92b632c5cb0,SHOP_018,BEN_02783,2026-01-11 11:54:03.322714,Wheat,8,16.0,28.610429,77.188088,Central Delhi,0,6470.0,11,False,False,False,False,True,1,0.22753956286841087
ef80d0cd-1246-4cea-af84-e0caa4cc7f03,SHOP_018,BEN_00381,2026-01-11 12:05:59.322714,Rice,5,15.0,28.610429,77.188088,Central Delhi,0,716.0,12,False,False,True,False,False,1,0.2533633980224411
58a059de-2810-4a71-8697-e9ffa4adceef,SHOP_018,BEN_00017,2026-01-11 13:25:39.322714,Kerosene,3,75.0,28.610429,77.188088,Central Delhi,0,4780.0,13,True,False,False,False,False,1,0.17880457644616077
e92f33cb-0c06-4dc1-8e21-b89b588fbae7,SHOP_018,BEN_00672,2026-01-11 15:29:40.322714,Oil,2,100.0,28.610429,77.188088,Central Delhi,0,7441.0,15,False,True,False,False,False,1,0.003484019398847904
b5c58cd2-243e-4af6-827e-8a45c24c5fd5,SHOP_018,BEN_01120,2026-01-11 16:58:14.322714,Sugar,3,60.0,28.610429,77.188088,Central Delhi,0,5314.0,16,False,False,False,True,False,1,0.1348431418918155
dc5ca574-2415-4943-9c9c-1a3ee8b52cf4,SHOP_018,BEN_01671,2026-01-11 17:47:17.322714,Rice,17,51.0,28.610429,77.188088,Central Delhi,0,2943.0,17,False,False,True,False,False,1,0.2447059609693712
ba4b64a9-a28f-4da8-84f6-378a39ed8709,SHOP_018,BEN_02953,2026-01-11 18:59:27.322714,Wheat,8,16.0,28.610429,77.188088,Central Delhi,0,4330.0,18,False,False,False,False,True,1,0.2560363752675425
f9b06448-70f1-48e2-b961-103f10792529,SHOP_018,BEN_01170,2026-01-11 19:12:35.322714,Sugar,3,60.0,28.610429,77.188088,Central Delhi,0,788.0,19,False,False,False,True,False,1,0.3869169923658208
2a892cd5-f66b-45ec-8e79-f0b64d650d10,SHOP_018,BEN_02686,2026-01-11 19:29:38.322714,Kerosene,3,75.0,28.610429,77.188088,Central Delhi,0,1023.0,19,True,False,False,False,False,1,0.3220328283307393
90907e2c-23f3-481f-be88-681b2b5ebb9c,SHOP_018,BEN_01698,2026-01-12 11:40:10.322714,Kerosene,2,50.0,28.610429,77.188088,Central Delhi,0,58232.0,11,True,False,False,False,False,1,0.3470343448785268
6856c5be-1362-4323-8368-533dc2b804cc,SHOP_018,BEN_00577,2026-01-12 13:48:55.322714,Oil,1,50.0,28.610429,77.188088,Central Delhi,0,7725.0,13,False,True,False,False,False,1,0.12911247862715086
03154d90-5ecd-40c8-bd48-3a9e90f3335e,SHOP_018,BEN_01951,2026-01-12 19:59:45.322714,Oil,2,100.0,28.610429,77.188088,Central Delhi,0,22250.0,19,False,True,False,False,False,1,0.3431134897174402
6fb6bfb3-2a62-40b6-b558-3180db93bb51,SHOP_018,BEN_02821,2026-01-13 11:46:33.322714,Sugar,3,60.0,28.610429,77.188088,Central Delhi,0,56808.0,11,False,False,False,True,False,1,0.3005234709635221
8e8799f3-948f-4d3a-bc44-368ff9db721c,SHOP_018,BEN_02098,2026-01-13 14:36:04.322714,Sugar,1,20.0,28.610429,77.188088,Central Delhi,0,10171.0,14,False,False,False,True,False,1,0.1082455249633486
87db29af-c546-4cb6-aa95-f038e81aec01,SHOP_018,BEN_00394,2026-01-13 15:13:23.322714,Sugar,1,20.0,28.610429,77.188088,Central Delhi,0,2239.0,15,False,False,False,True,False,1,0.16187318281457996
c96f681f-8603-4b8f-93a4-c707596bdf07,SHOP_018,BEN_02819,2026-01-13 19:54:15.322714,Sugar,1,20.0,28.610429,77.188088,Central Delhi,0,16852.0,19,False,False,False,True,False,1,0.37686173076903146
63b517ad-c3ce-4868-a171-d462926fe940,SHOP_018,BEN_02346,2026-01-14 09:07:50.322714,Rice,18,54.0,28.610429,77.188088,Central Delhi,0,47615.0,9,False,False,True,False,False,1,0.4613591982390891
6ea79823-e16a-43da-8972-214614592a22,SHOP_018,BEN_00568,2026-01-14 13:14:36.322714,Rice,18,54.0,28.610429,77.188088,Central Delhi,0,14806.0,13,False,False,True,False,False,1,0.2306877129080958
53abbb37-a5b1-428f-b386-e3aaa06dc207,SHOP_018,BEN_01391,2026-01-14 14:25:52.322714,Rice,6,18.0,28.610429,77.188088,Central Delhi,0,4276.0,14,False,False,True,False,False,1,0.16236504939799268
8ac18eba-0021-476c-b574-2690f198d08a,SHOP_018,BEN_00968,2026-01-15 08:01:55.322714,Wheat,16,32.0,28.610429,77.188088,Central Delhi,0,63363.0,8,False,False,False,False,True,1,0.5573936688722854
ccb722b4-20c3-4d07-97a2-b2046dba5b78,SHOP_019,BEN_02112,2025-12-16 17:06:59.322714,Rice,17,51.0,28.631679,77.201199,Central Delhi,0,9999.0,17,False,False,True,False,False,1,0.21889678383405997
309a2f8e-5f21-405b-b42e-a6ef2bcd83ac,SHOP_019,BEN_01887,2025-12-16 17:18:34.322714,Wheat,6,12.0,28.631679,77.201199,Central Delhi,0,695.0,17,False,False,False,False,True,1,0.3195656992799594
8b945ef3-de0d-41f2-98ec-9a9870cfce02,SHOP_019,BEN_02508,2025-12-17 12:59:58.322714,Oil,2,100.0,28.631679,77.201199,Central Delhi,0,70884.0,12,False,True,False,False,False,1,0.4202780970693409
66ec485a-55a6-45bd-b908-f074abf4c8f7,SHOP_019,BEN_01431,2025-12-17 15:27:16.322714,Sugar,2,40.0,28.631679,77.201199,Central Delhi,0,8838.0,15,False,False,False,True,False,1,0.04081463323262702
7cb9884c-f188-4918-a11a-2856595485a0,SHOP_019,BEN_00647,2025-12-17 15:40:45.322714,Rice,16,48.0,28.631679,77.201199,Central Delhi,0,809.0,15,False,False,True,False,False,1,0.21202573663783375
e48b3e96-f2d0-4374-a476-bab46bc612d7,SHOP_019,BEN_00868,2025-12-17 16:32:46.322714,Rice,9,27.0,28.631679,77.201199,Central Delhi,0,3121.0,16,False,False,True,False,False,1,0.19015738147659283
4c304448-d78a-4677-8a11-ae2558d04770,SHOP_019,BEN_00338,2025-12-17 19:51:09.322714,Rice,12,36.0,28.631679,77.201199,Central Delhi,0,11903.0,19,False,False,True,False,False,1,0.3338086761162735
ba347611-f071-4a54-9ee8-e6c8d00d608d,SHOP_019,BEN_01474,2025-12-18 09:38:12.322714,Kerosene,2,50.0,28.631679,77.201199,Central Delhi,0,49623.0,9,True,False,False,False,False,1,0.37255639992260703
b919e51c-72d7-4b73-8e07-4d846836a774,SHOP_019,BEN_02539,2025-12-18 11:16:30.322714,Sugar,2,40.0,28.631679,77.201199,Central Delhi,0,5898.0,11,False,False,False,True,False,1,0.16152320845795515
b243a01e-ed03-4277-b979-4f427a90ab52,SHOP_019,BEN_01425,2025-12-18 15:12:38.322714,Sugar,3,60.0,28.631679,77.201199,Central Delhi,0,14168.0,15,False,False,False,True,False,1,0.14603076077548172
c8405448-0c32-42b2-98fc-01902b1ab07a,SHOP_019,BEN_02491,2025-12-18 15:34:36.322714,Wheat,13,26.0,28.631679,77.201199,Central Delhi,0,1318.0,15,False,False,False,False,True,1,0.18609552674728325
7a54dd68-75ee-4b72-81d9-fff4e8e31af4,SHOP_019,BEN_00525,2025-12-18 18:14:57.322714,Sugar,1,20.0,28.631679,77.201199,Central Delhi,0,9621.0,18,False,False,False,True,False,1,0.230298139295379
cf037d47-f242-4104-8352-1e6ada5cc707,SHOP_019,BEN_00042,2025-12-19 08:47:16.322714,Kerosene,1,25.0,28.631679,77.201199,Central Delhi,0,52339.0,8,True,False,False,False,False,1,0.4592828511193755
53265595-c668-4060-9f00-58a39041a866,SHOP_019,BEN_02265,2025-12-19 13:40:44.322714,Sugar,1,20.0,28.631679,77.201199,Central Delhi,0,17608.0,13,False,False,False,True,False,1,0.19376239973430026
73ef3cee-7ad2-42f1-9f80-97a68652acf6,SHOP_019,BEN_00213,2025-12-20 11:34:16.322714,Kerosene,3,75.0,28.631679,77.201199,Central Delhi,0,78812.0,11,True,False,False,False,False,1,0.5080533659995361
371cb896-d192-40d9-b2a0-629635fe0574,SHOP_019,BEN_02763,2025-12-20 16:36:51.322714,Rice,17,51.0,28.631679,77.201199,Central Delhi,0,18155.0,16,False,False,True,False,False,1,0.22717365617437252
1b91e695-8ba7-4ac7-a3e4-8a5a60bd272f,SHOP_019,BEN_01512,2025-12-20 18:04:25.322714,Oil,2,100.0,28.631679,77.201199,Central Delhi,0,5254.0,18,False,True,False,False,False,1,0.14474882389000043
797ec54e-c76c-4f9c-a9e7-4e2bbbd7c974,SHOP_019,BEN_01929,2025-12-20 18:27:09.322714,Kerosene,1,25.0,28.631679,77.201199,Central Delhi,0,1364.0,18,True,False,False,False,False,1,0.2644705659759139
ae4f3eb0-172e-499e-9261-c298ee556d81,SHOP_019,BEN_02477,2025-12-21 10:19:58.322714,Kerosene,2,50.0,28.631679,77.201199,Central Delhi,0,57169.0,10,True,False,False,False,False,1,0.30311155540983503
888d2b60-51ad-4fc6-a7ba-a115c92da6d9,SHOP_019,BEN_02447,2025-12-21 10:49:52.322714,Sugar,3,60.0,28.631679,77.201199,Central Delhi,0,1794.0,10,False,False,False,True,False,1,0.2779315870019114
cfb9f508-c0d7-428b-98bc-12658565bb54,SHOP_019,BEN_01985,2025-12-21 12:31:32.322714,Kerosene,3,75.0,28.631679,77.201199,Central Delhi,0,6100.0,12,True,False,False,False,False,1,0.18123668497191886
8fbb2d64-abb5-4994-b2a3-2d180303dade,SHOP_019,BEN_02735,2025-12-21 19:03:32.322714,Wheat,17,34.0,28.631679,77.201199,Central Delhi,0,23520.0,19,False,False,False,False,True,1,0.5105597408231798
0fb45e19-709c-4d1d-8654-84c7c66b25d8,SHOP_019,BEN_01841,2025-12-22 11:26:27.322714,Oil,1,50.0,28.631679,77.201199,Central Delhi,0,58975.0,11,False,True,False,False,False,1,0.3577510842907764
a65292a8-9077-4c09-b44d-97d8aac93065,SHOP_019,BEN_02496,2025-12-22 12:01:55.322714,Rice,20,60.0,28.631679,77.201199,Central Delhi,0,2128.0,12,False,False,True,False,False,1,0.4063403845673469
98e770ec-3875-4959-bc70-e611e62ae987,SHOP_019,BEN_00458,2025-12-22 13:05:43.322714,Sugar,2,40.0,28.631679,77.201199,Central Delhi,0,3828.0,13,False,False,False,True,False,1,0.07610669557646188
f7412801-f79d-476a-b930-74fe74d16698,SHOP_019,BEN_02349,2025-12-22 17:30:35.322714,Oil,2,100.0,28.631679,77.201199,Central Delhi,0,15892.0,17,False,True,False,False,False,1,0.135843993413447
c8a5b539-cb5f-4e94-aa4d-d93b34e79135,SHOP_019,BEN_00932,2025-12-23 13:04:12.322714,Kerosene,3,75.0,28.631679,77.201199,Central Delhi,0,70417.0,13,True,False,False,False,False,1,0.4582839447438428
860a67b2-f0fa-4238-b548-a11a2d9157a8,SHOP_019,BEN_01156,2025-12-23 14:16:59.322714,Oil,1,50.0,28.631679,77.201199,Central Delhi,0,4367.0,14,False,True,False,False,False,1,0.10929260103825428
3735f54d-a35a-479c-9a2d-ce4b5941c3d4,SHOP_019,BEN_00992,2025-12-23 16:45:32.322714,Rice,9,27.0,28.631679,77.201199,Central Delhi,0,8913.0,16,False,False,True,False,False,1,0.20060132581221224
f05ead36-c0c8-447f-93ce-98e9fca632d7,SHOP_019,BEN_00670,2025-12-23 16:52:03.322714,Oil,2,100.0,28.631679,77.201199,Central Delhi,0,391.0,16,False,True,False,False,False,1,0.11479535668770707
ce1a53c2-4f8e-4c44-9bfc-82c0fba52e59,SHOP_019,BEN_00010,2025-12-24 12:51:29.322714,Kerosene,3,75.0,28.631679,77.201199,Central Delhi,0,71966.0,12,True,False,False,False,False,1,0.47224725720454885
e2fcf5bc-45e0-491b-9c11-e7236313792e,SHOP_019,BEN_01315,2025-12-24 13:58:16.322714,Wheat,18,36.0,28.631679,77.201199,Central Delhi,0,4007.0,13,False,False,False,False,True,1,0.19427774981239093
61f39232-1da9-43c0-9056-3f53163d4551,SHOP_019,BEN_02119,2025-12-24 19:05:35.322714,Rice,14,42.0,28.631679,77.201199,Central Delhi,0,18439.0,19,False,False,True,False,False,1,0.35640175087161374
7275c202-47c3-49ab-836f-a211e674980b,SHOP_019,BEN_01730,2025-12-25 08:48:53.322714,Sugar,3,60.0,28.631679,77.201199,Central Delhi,0,49398.0,8,False,False,False,True,False,1,0.3924761568878573
e97e88bf-3581-4097-a100-924e4d4c4683,SHOP_019,BEN_00094,2025-12-25 11:43:06.322714,Kerosene,2,50.0,28.631679,77.201199,Central Delhi,0,10453.0,11,True,False,False,False,False,1,0.2088122584577755
fe1fe238-3dbf-40b5-843e-6cd6de3d8da3,SHOP_019,BEN_00188,2025-12-25 17:59:45.322714,Kerosene,2,50.0,28.631679,77.201199,Central Delhi,0,22599.0,17,True,False,False,False,False,1,0.2293091883673708
74f80d34-4059-43eb-8ad6-4ebbee5e1e6a,SHOP_019,BEN_02804,2025-12-26 10:39:22.322714,Oil,2,100.0,28.631679,77.201199,Central Delhi,0,59977.0,10,False,True,False,False,False,1,0.2948809034074883
5125faa2-b1a3-4419-aed1-6c9df8b7a70c,SHOP_019,BEN_01454,2025-12-26 12:15:53.322714,Rice,20,60.0,28.631679,77.201199,Central Delhi,0,5791.0,12,False,False,True,False,False,1,0.36911556189795114
173eb90c-97a8-4c6d-8d5a-fd37fb23cbef,SHOP_019,BEN_00533,2025-12-26 14:33:59.322714,Wheat,9,18.0,28.631679,77.201199,Central Delhi,0,8286.0,14,False,False,False,False,True,1,0.12702650576569063
eb40cd48-ab13-41d6-8482-bdbc2ed43775,SHOP_019,BEN_01700,2025-12-26 15:44:10.322714,Kerosene,2,50.0,28.631679,77.201199,Central Delhi,0,4211.0,15,True,False,False,False,False,1,0.09200338835388033
ee15d7bc-1906-46a1-a777-bf916aec8413,SHOP_019,BEN_00075,2025-12-27 08:08:27.322714,Rice,17,51.0,28.631679,77.201199,Central Delhi,0,59057.0,8,False,False,True,False,False,1,0.5017134307286231
0ef79227-90bf-461f-8cf6-a609bee3dab0,SHOP_019,BEN_02366,2025-12-27 12:22:19.322714,Sugar,3,60.0,28.631679,77.201199,Central Delhi,0,15232.0,12,False,False,False,True,False,1,0.1961528744355076
66c2843d-275d-4596-a116-0771a79a424d,SHOP_019,BEN_02030,2025-12-27 16:46:49.322714,Sugar,3,60.0,28.631679,77.201199,Central Delhi,0,15870.0,16,False,False,False,True,False,1,0.17025231835470023
b9a46329-4121-416e-a241-c8e8761f86d6,SHOP_019,BEN_02113,2025-12-27 18:24:26.322714,Oil,2,100.0,28.631679,77.201199,Central Delhi,0,5857.0,18,False,True,False,False,False,1,0.138485516835044
18083c60-237a-4d0c-a4e9-33c9c95b68be,SHOP_019,BEN_02636,2025-12-28 08:33:23.322714,Wheat,6,12.0,28.631679,77.201199,Central Delhi,0,50937.0,8,False,False,False,False,True,1,0.5602581527891213
c429c87a-a8eb-4496-ac51-5fed8bf36dd3,SHOP_019,BEN_01042,2025-12-28 11:24:40.322714,Kerosene,3,75.0,28.631679,77.201199,Central Delhi,0,10277.0,11,True,False,False,False,False,1,0.25307543474950855
35518488-4728-4f07-b919-383c778abec4,SHOP_019,BEN_00916,2025-12-28 14:14:04.322714,Kerosene,2,50.0,28.631679,77.201199,Central Delhi,0,10164.0,14,True,False,False,False,False,1,0.11069587180959556
40ac3e88-ccb6-436a-a92e-42b1531c5c06,SHOP_019,BEN_00136,2025-12-28 15:19:13.322714,Kerosene,1,25.0,28.631679,77.201199,Central Delhi,0,3909.0,15,True,False,False,False,False,1,0.13051352313989256
7d29b073-2e43-4fb0-8915-ebb6f0aa0146,SHOP_019,BEN_00047,2025-12-29 12:28:17.322714,Oil,1,50.0,28.631679,77.201199,Central Delhi,0,76144.0,12,False,True,False,False,False,1,0.48513998821262694
05b66cf7-55d0-4d38-81ec-290ae8a891a2,SHOP_019,BEN_00492,2025-12-30 09:01:43.322714,Sugar,1,20.0,28.631679,77.201199,Central Delhi,0,74006.0,9,False,False,False,True,False,1,0.43038629319418964
0ac451db-64d5-4e92-a135-3ecd92361ce2,SHOP_019,BEN_00328,2025-12-30 12:47:10.322714,Sugar,1,20.0,28.631679,77.201199,Central Delhi,0,13527.0,12,False,False,False,True,False,1,0.19119905054630387
792e1721-d8ce-4e17-8a24-59473c078996,SHOP_019,BEN_00063,2025-12-30 14:48:52.322714,Rice,7,21.0,28.631679,77.201199,Central Delhi,0,7302.0,14,False,False,True,False,False,1,0.19148283099404145
a0370735-1672-4425-a85e-71bab835be04,SHOP_019,BEN_00509,2025-12-30 18:57:24.322714,Kerosene,3,75.0,28.631679,77.201199,Central Delhi,0,14912.0,18,True,False,False,False,False,1,0.21783992352415577
dd9b4c93-4e24-4159-a8af-7e77618c9b8c,SHOP_019,BEN_01284,2025-12-31 11:43:44.322714,Kerosene,3,75.0,28.631679,77.201199,Central Delhi,0,60380.0,11,True,False,False,False,False,1,0.41366570284742055
495fea56-1a13-4cfe-8a58-63f5ffcedac5,SHOP_019,BEN_01472,2026-01-01 08:40:38.322714,Wheat,17,34.0,28.631679,77.201199,Central Delhi,0,75414.0,8,False,False,False,False,True,-1,0.6394483877544135
db9cd14b-60b5-4ecd-96be-7b911ebdf1e2,SHOP_019,BEN_01328,2026-01-01 09:56:30.322714,Oil,2,100.0,28.631679,77.201199,Central Delhi,0,4552.0,9,False,True,False,False,False,1,0.25629079364405993
33644186-3b87-4fe0-ba26-499ab4a636ed,SHOP_019,BEN_02528,2026-01-01 15:17:23.322714,Rice,15,45.0,28.631679,77.201199,Central Delhi,0,19253.0,15,False,False,True,False,False,1,0.20054699998048092
ad16d73e-a0c7-44bb-9251-a36f8edd5bf2,SHOP_019,BEN_01065,2026-01-02 08:29:03.322714,Oil,1,50.0,28.631679,77.201199,Central Delhi,0,61900.0,8,False,True,False,False,False,1,0.4406238588841037
046c6315-5ef3-4611-b82e-fb8ab8e483f3,SHOP_019,BEN_02942,2026-01-02 08:54:36.322714,Wheat,12,24.0,28.631679,77.201199,Central Delhi,0,1533.0,8,False,False,False,False,True,1,0.4933273236635467
18ccddc6-eb03-4ff8-bebe-bf4fe1a0702f,SHOP_019,BEN_00315,2026-01-02 09:21:35.322714,Kerosene,2,50.0,28.631679,77.201199,Central Delhi,0,1619.0,9,True,False,False,False,False,1,0.3438771123667973
27813912-093b-4247-b0ae-aae141115e6e,SHOP_019,BEN_01256,2026-01-02 12:34:39.322714,Sugar,2,40.0,28.631679,77.201199,Central Delhi,0,11584.0,12,False,False,False,True,False,1,0.12038175801925055
c3ca2d2e-9d24-49c1-9d26-63152f718306,SHOP_019,BEN_00262,2026-01-02 12:49:17.322714,Rice,12,36.0,28.631679,77.201199,Central Delhi,0,878.0,12,False,False,True,False,False,1,0.17423941464671777
6c35078d-6743-4791-85a4-47297255c0a3,SHOP_019,BEN_00740,2026-01-02 16:33:27.322714,Wheat,13,26.0,28.631679,77.201199,Central Delhi,0,13450.0,16,False,False,False,False,True,1,0.1526198547758862
6623fa73-67e3-4835-aa63-de65f6b41604,SHOP_019,BEN_01803,2026-01-02 18:22:11.322714,Wheat,17,34.0,28.631679,77.201199,Central Delhi,0,6524.0,18,False,False,False,False,True,1,0.30990643660977674
5c8a2321-d9a9-488f-96e3-67b79f994a70,SHOP_019,BEN_00678,2026-01-03 11:08:18.322714,Oil,2,100.0,28.631679,77.201199,Central Delhi,0,60367.0,11,False,True,False,False,False,1,0.327027597124748
2fa06a96-2fdd-4f10-b470-7795d712a32f,SHOP_019,BEN_01098,2026-01-03 13:38:09.322714,Oil,1,50.0,28.631679,77.201199,Central Delhi,0,8991.0,13,False,True,False,False,False,1,0.13683409665402724
4265f192-5af3-4665-bb6e-6b98d3fb326c,SHOP_019,BEN_00001,2026-01-03 17:21:26.322714,Kerosene,1,25.0,28.631679,77.201199,Central Delhi,0,13397.0,17,True,False,False,False,False,1,0.22613624550425698
f28c6f68-f64f-44d6-a324-c11ddd461a29,SHOP_019,BEN_01725,2026-01-03 17:37:41.322714,Oil,1,50.0,28.631679,77.201199,Central Delhi,0,975.0,17,False,True,False,False,False,1,0.2175878843593398
4efd4396-b1b6-4f79-b0e4-62cffd9c2291,SHOP_019,BEN_00028,2026-01-04 08:45:44.322714,Rice,19,57.0,28.631679,77.201199,Central Delhi,0,54483.0,8,False,False,True,False,False,1,0.5599378923562607
cb4dadb1-b9da-4dc4-8620-ff3111f86a86,SHOP_019,BEN_00805,2026-01-04 09:21:01.322714,Rice,5,15.0,28.631679,77.201199,Central Delhi,0,2117.0,9,False,False,True,False,False,1,0.3532489638592744
a50fb39e-16ed-4173-9922-a0513f62aeb3,SHOP_019,BEN_00136,2026-01-05 08:41:25.322714,Sugar,3,60.0,28.631679,77.201199,Central Delhi,0,84024.0,8,False,False,False,True,False,1,0.5126500677272976
39872a3c-522d-4521-a41b-8316b1917961,SHOP_019,BEN_01804,2026-01-05 12:50:22.322714,Wheat,9,18.0,28.631679,77.201199,Central Delhi,0,14937.0,12,False,False,False,False,True,1,0.21110655249716265
30495f0f-fb4c-4778-a4f3-80ce4b87547e,SHOP_019,BEN_00934,2026-01-05 14:07:46.322714,Wheat,7,14.0,28.631679,77.201199,Central Delhi,0,4644.0,14,False,False,False,False,True,1,0.14309980225608193
d08d0b97-533e-48a6-b911-06312577e82e,SHOP_019,BEN_01589,2026-01-05 15:46:38.322714,Kerosene,2,50.0,28.631679,77.201199,Central Delhi,0,5932.0,15,True,False,False,False,False,1,0.09255186654841113
3a63696d-f04c-4d66-b104-b23a97b83e74,SHOP_019,BEN_01485,2026-01-05 19:32:45.322714,Rice,14,42.0,28.631679,77.201199,Central Delhi,0,13567.0,19,False,False,True,False,False,1,0.3372639697537279
e8e14b39-aef0-4b58-b1ff-9206140a1502,SHOP_019,BEN_02652,2026-01-06 18:42:51.322714,Wheat,12,24.0,28.631679,77.201199,Central Delhi,0,83406.0,18,False,False,False,False,True,-1,0.6807150771371206
8ceb4f25-8af6-40e6-b5bf-a8303c08d2c7,SHOP_019,BEN_00265,2026-01-07 10:46:47.322714,Sugar,1,20.0,28.631679,77.201199,Central Delhi,0,57836.0,10,False,False,False,True,False,1,0.31098868803866464
fa7a4eb3-a878-41ef-a215-dd3cadf5bce2,SHOP_019,BEN_01089,2026-01-07 17:45:34.322714,Wheat,6,12.0,28.631679,77.201199,Central Delhi,0,25127.0,17,False,False,False,False,True,1,0.4386418943646647
90a7636a-029a-4e7a-888b-c6960ea49410,SHOP_019,BEN_02400,2026-01-08 10:47:46.322714,Wheat,16,32.0,28.631679,77.201199,Central Delhi,0,61332.0,10,False,False,False,False,True,1,0.43125241630967914
a88bfbd8-684a-4590-87cb-ade8d9b55abb,SHOP_019,BEN_02661,2026-01-08 13:18:18.322714,Rice,8,24.0,28.631679,77.201199,Central Delhi,0,9032.0,13,False,False,True,False,False,1,0.18485869209801636
35fc953f-135d-426b-abd3-728c66529a9d,SHOP_019,BEN_02774,2026-01-08 17:02:21.322714,Rice,14,42.0,28.631679,77.201199,Central Delhi,0,13443.0,17,False,False,True,False,False,1,0.20590200828268923
71d317d8-ec09-40e1-8aab-e17594b797a0,SHOP_019,BEN_02348,2026-01-09 11:23:19.322714,Wheat,13,26.0,28.631679,77.201199,Central Delhi,0,66058.0,11,False,False,False,False,True,1,0.4510041253382091
f08374ce-9486-4cd7-9023-9916c8071a9b,SHOP_019,BEN_01452,2026-01-09 12:14:11.322714,Oil,1,50.0,28.631679,77.201199,Central Delhi,0,3052.0,12,False,True,False,False,False,1,0.13752422766221234
53d4d3f5-7afc-4257-8e92-fb6c76931d60,SHOP_019,BEN_00426,2026-01-09 14:56:37.322714,Kerosene,1,25.0,28.631679,77.201199,Central Delhi,0,9746.0,14,True,False,False,False,False,1,0.14116362798785587
e148efe3-2563-4fc5-b045-b16b3c1feee9,SHOP_019,BEN_02821,2026-01-09 15:34:46.322714,Kerosene,1,25.0,28.631679,77.201199,Central Delhi,0,2289.0,15,True,False,False,False,False,1,0.1642993871538025
b86c388e-9bfd-490a-8b35-2a1f2d62c1dc,SHOP_019,BEN_02100,2026-01-09 16:08:04.322714,Kerosene,3,75.0,28.631679,77.201199,Central Delhi,0,1998.0,16,True,False,False,False,False,1,0.1627903099277882
d211a8c7-a0fb-4c57-9b81-5b4f2107eb27,SHOP_019,BEN_01137,2026-01-09 17:54:31.322714,Kerosene,2,50.0,28.631679,77.201199,Central Delhi,0,6387.0,17,True,False,False,False,False,1,0.1438844652116038
f22fe161-25e0-4ac5-bef1-cacb29be0a63,SHOP_019,BEN_02324,2026-01-09 18:39:12.322714,Kerosene,2,50.0,28.631679,77.201199,Central Delhi,0,2681.0,18,True,False,False,False,False,1,0.17142217511906543
cc039170-fdb9-4f28-97bf-f661e6d1483c,SHOP_019,BEN_01875,2026-01-10 08:16:50.322714,Rice,18,54.0,28.631679,77.201199,Central Delhi,0,49058.0,8,False,False,True,False,False,1,0.5099923610977408
e045e92d-5eb1-4f04-9d74-bb23fc32b676,SHOP_019,BEN_00192,2026-01-10 09:23:46.322714,Kerosene,3,75.0,28.631679,77.201199,Central Delhi,0,4016.0,9,True,False,False,False,False,1,0.3691696047966363
6e694edc-fa54-4719-84c9-5bae4363fe0f,SHOP_019,BEN_01324,2026-01-10 13:37:56.322714,Kerosene,2,50.0,28.631679,77.201199,Central Delhi,0,15250.0,13,True,False,False,False,False,1,0.16601096970208673
fa73f8fb-03c9-4af5-b325-be566245c191,SHOP_019,BEN_02362,2026-01-10 15:15:35.322714,Rice,8,24.0,28.631679,77.201199,Central Delhi,0,5859.0,15,False,False,True,False,False,1,0.20368595596086447
96c8595c-fd18-4104-b026-53ff2814396d,SHOP_019,BEN_00142,2026-01-10 15:51:32.322714,Rice,13,39.0,28.631679,77.201199,Central Delhi,0,2157.0,15,False,False,True,False,False,1,0.2001412676843971
d48f18d1-5c18-4d31-9f84-9b5bd24aeab7,SHOP_019,BEN_02949,2026-01-10 18:05:33.322714,Wheat,9,18.0,28.631679,77.201199,Central Delhi,0,8041.0,18,False,False,False,False,True,1,0.2371563604989287
9cacbaef-5e41-41fb-9836-db4544430783,SHOP_019,BEN_02317,2026-01-11 12:00:27.322714,Oil,1,50.0,28.631679,77.201199,Central Delhi,0,64494.0,12,False,True,False,False,False,1,0.3951178462842564
0f9d78f7-aecf-4e0a-a9ae-0b142279ee81,SHOP_019,BEN_01462,2026-01-11 14:13:41.322714,Oil,2,100.0,28.631679,77.201199,Central Delhi,0,7994.0,14,False,True,False,False,False,1,0.04216151896482179
4c5e6b11-55e5-4831-82f0-e7d84b3283db,SHOP_019,BEN_01392,2026-01-11 17:43:02.322714,Wheat,18,36.0,28.631679,77.201199,Central Delhi,0,12561.0,17,False,False,False,False,True,1,0.2901289979103563
ec3762ce-8f61-469f-87c9-1364d58c84eb,SHOP_019,BEN_02605,2026-01-12 10:08:14.322714,Sugar,2,40.0,28.631679,77.201199,Central Delhi,0,59112.0,10,False,False,False,True,False,1,0.25604069698606624
d5f4f6c2-c773-490b-a8c2-a457c1dba839,SHOP_019,BEN_01217,2026-01-12 14:05:27.322714,Sugar,3,60.0,28.631679,77.201199,Central Delhi,0,14233.0,14,False,False,False,True,False,1,0.14712174497168734
77d29e73-69e0-4639-be1a-e21ce2366d66,SHOP_019,BEN_01274,2026-01-12 15:14:18.322714,Sugar,2,40.0,28.631679,77.201199,Central Delhi,0,4131.0,15,False,False,False,True,False,1,0.04873351968686934
117d36f7-be1c-4006-b0a9-c6a399f46dbc,SHOP_019,BEN_01761,2026-01-12 15:25:05.322714,Wheat,13,26.0,28.631679,77.201199,Central Delhi,0,647.0,15,False,False,False,False,True,1,0.1996959103875089
995acb73-f216-4ed0-b45e-6fac1cb0c00b,SHOP_019,BEN_00412,2026-01-12 19:32:54.322714,Wheat,15,30.0,28.631679,77.201199,Central Delhi,0,14869.0,19,False,False,False,False,True,1,0.31685606498511276
29cdb511-308a-4d70-b000-2bf4c1883733,SHOP_019,BEN_00178,2026-01-13 10:09:15.322714,Oil,2,100.0,28.631679,77.201199,Central Delhi,0,52581.0,10,False,True,False,False,False,1,0.270898219821532
9da443a2-6d96-4794-a4de-cab1c3f9f973,SHOP_019,BEN_01453,2026-01-13 16:21:02.322714,Kerosene,2,50.0,28.631679,77.201199,Central Delhi,0,22307.0,16,True,False,False,False,False,1,0.211802881093906
925dfedb-f706-442a-af31-507cb91e5038,SHOP_019,BEN_01058,2026-01-13 16:47:15.322714,Rice,12,36.0,28.631679,77.201199,Central Delhi,0,1573.0,16,False,False,True,False,False,1,0.17291625521446974
4af02083-b289-48f0-85b4-dfab255079d3,SHOP_019,BEN_00468,2026-01-14 08:11:26.322714,Rice,18,54.0,28.631679,77.201199,Central Delhi,0,55451.0,8,False,False,True,False,False,1,0.5091492858018679
7bdca744-07a5-47bf-b4d7-5b726744da7e,SHOP_019,BEN_02447,2026-01-14 10:26:52.322714,Rice,19,57.0,28.631679,77.201199,Central Delhi,0,8126.0,10,False,False,True,False,False,1,0.37645762488881296
98850279-95bc-40d9-b96a-6bd85ea5c328,SHOP_019,BEN_02724,2026-01-14 15:18:21.322714,Sugar,3,60.0,28.631679,77.201199,Central Delhi,0,17489.0,15,False,False,False,True,False,1,0.18952274016256043
1b199c14-b255-4791-ad75-dfc2ea666aa4,SHOP_020,BEN_00873,2025-12-17 13:03:42.322714,Rice,19,57.0,28.736478,77.119912,Rohini,0,9999.0,13,False,False,True,False,False,1,0.27366713079419475
f2e96774-da84-4465-b97a-cb1f2ec731f4,SHOP_020,BEN_00298,2025-12-17 17:56:36.322714,Wheat,7,14.0,28.736478,77.119912,Rohini,0,17574.0,17,False,False,False,False,True,1,0.28816233985765005
f2621a3e-466f-4282-bb24-87eaf6cb39a1,SHOP_020,BEN_00914,2025-12-18 08:44:48.322714,Rice,13,39.0,28.736478,77.119912,Rohini,0,53292.0,8,False,False,True,False,False,1,0.44054113842209464
268a9688-02b2-4019-bfc9-843d89f45f03,SHOP_020,BEN_01046,2025-12-18 10:51:40.322714,Oil,1,50.0,28.736478,77.119912,Rohini,0,7612.0,10,False,True,False,False,False,1,0.20911072933384428
aff5fce4-c3ff-4db5-869e-8f52aa017b3b,SHOP_020,BEN_00650,2025-12-18 10:53:48.322714,Oil,2,100.0,28.736478,77.119912,Rohini,0,128.0,10,False,True,False,False,False,1,0.22714157878719904
c3fd90e0-0f5b-4b3c-8011-9f86fac28906,SHOP_020,BEN_00596,2025-12-18 13:22:06.322714,Sugar,3,60.0,28.736478,77.119912,Rohini,0,8898.0,13,False,False,False,True,False,1,0.13879152188113464
d4d2cc40-5a4d-407d-88e3-f0d657f84e42,SHOP_020,BEN_02735,2025-12-19 14:20:44.322714,Oil,2,100.0,28.736478,77.119912,Rohini,0,89918.0,14,False,True,False,False,False,-1,0.6039512293494643
513679fd-9dba-4ee2-927e-24e32627e182,SHOP_020,BEN_01742,2025-12-19 15:43:12.322714,Wheat,20,40.0,28.736478,77.119912,Rohini,0,4948.0,15,False,False,False,False,True,1,0.31066284261923266
313a1f55-db2c-44aa-9db0-fa6c6d737415,SHOP_020,BEN_02803,2025-12-20 03:05:59.322714,Sugar,2,40.0,28.736478,77.119912,Rohini,1,40967.0,3,False,False,False,True,False,-1,0.613435724324119
e2532b2a-093b-47ed-856b-dca3fa8f9e1a,SHOP_020,BEN_00149,2025-12-20 15:18:27.322714,Wheat,13,26.0,28.736478,77.119912,Rohini,0,43948.0,15,False,False,False,False,True,1,0.4073924294185668
7eb294f6-2c32-40fb-a067-b5cb252aed2e,SHOP_020,BEN_01134,2025-12-20 16:56:58.322714,Oil,2,100.0,28.736478,77.119912,Rohini,0,5911.0,16,False,True,False,False,False,1,0.019500474940514878
ea6cd9dc-651b-4b58-a34f-bd4c999a0bab,SHOP_020,BEN_01162,2025-12-20 19:56:34.322714,Sugar,2,40.0,28.736478,77.119912,Rohini,0,10776.0,19,False,False,False,True,False,1,0.2819957104900626
eda0924c-f6b7-4a00-b771-680b46b443b5,SHOP_020,BEN_01492,2025-12-21 10:36:57.322714,Oil,1,50.0,28.736478,77.119912,Rohini,0,52823.0,10,False,True,False,False,False,1,0.3198714414277414
1512fca8-e87f-46d9-8b9a-87e9950e0bb0,SHOP_020,BEN_01210,2025-12-22 10:52:59.322714,Kerosene,2,50.0,28.736478,77.119912,Rohini,0,87362.0,10,True,False,False,False,False,1,0.5048732527193867
1b5c6a3f-9757-4790-8a12-33882a00cb24,SHOP_020,BEN_01181,2025-12-22 11:08:17.322714,Oil,2,100.0,28.736478,77.119912,Rohini,0,918.0,11,False,True,False,False,False,1,0.18728143829154087
8ca90269-c49c-43cc-81c4-5a9a98658a29,SHOP_020,BEN_02376,2025-12-22 13:44:20.322714,Rice,6,18.0,28.736478,77.119912,Rohini,0,9363.0,13,False,False,True,False,False,1,0.20574661797397092
4ce327a9-bc30-4c6d-b7bd-7402aa8d356f,SHOP_020,BEN_01291,2025-12-22 14:08:51.322714,Wheat,13,26.0,28.736478,77.119912,Rohini,0,1471.0,14,False,False,False,False,True,1,0.18633969967521674
53d91cdf-5c32-4d93-9838-55741795642c,SHOP_020,BEN_02206,2025-12-23 11:03:36.322714,Rice,14,42.0,28.736478,77.119912,Rohini,0,75285.0,11,False,False,True,False,False,1,0.48225894623794047
73a1ee42-88aa-49c9-a097-565f2fe72f3c,SHOP_020,BEN_02567,2025-12-23 17:34:39.322714,Sugar,2,40.0,28.736478,77.119912,Rohini,0,23463.0,17,False,False,False,True,False,1,0.26657389869965703
4508b781-d8c2-4ec5-b869-a1d06f923eb9,SHOP_020,BEN_00450,2025-12-24 17:13:21.322714,Oil,1,50.0,28.736478,77.119912,Rohini,0,85122.0,17,False,True,False,False,False,-1,0.6883404339628284
71d5b4f2-13e5-4860-ac9c-e11a1fc4bea0,SHOP_020,BEN_01077,2025-12-24 18:26:58.322714,Kerosene,1,25.0,28.736478,77.119912,Rohini,0,4417.0,18,True,False,False,False,False,1,0.20676882864353907
1847cb54-8a78-4b00-a5ea-282708b55882,SHOP_020,BEN_01874,2025-12-24 19:47:55.322714,Rice,6,18.0,28.736478,77.119912,Rohini,0,4857.0,19,False,False,True,False,False,1,0.3327173576412592
515bcfb4-1332-451a-9ccb-74fe5e610822,SHOP_020,BEN_01670,2025-12-24 19:57:02.322714,Kerosene,1,25.0,28.736478,77.119912,Rohini,0,547.0,19,True,False,False,False,False,1,0.36505333916891924
72a43420-a4e5-4107-8b62-505637743ac9,SHOP_020,BEN_02002,2025-12-25 12:14:53.322714,Wheat,18,36.0,28.736478,77.119912,Rohini,0,58671.0,12,False,False,False,False,True,1,0.4892035095167606
7fcbb263-c609-4035-b316-9cd9aa4a8a92,SHOP_020,BEN_02787,2025-12-25 19:47:02.322714,Oil,2,100.0,28.736478,77.119912,Rohini,0,27129.0,19,False,True,False,False,False,1,0.3939121389666158
0256f1ee-626c-4644-acc0-8783a7fc4ad4,SHOP_020,BEN_00997,2025-12-26 10:09:21.322714,Wheat,13,26.0,28.736478,77.119912,Rohini,0,51739.0,10,False,False,False,False,True,1,0.4191147300890786
1466c56b-7352-477c-80a2-f6dc0203da88,SHOP_020,BEN_00452,2025-12-27 17:55:30.322714,Wheat,15,30.0,28.736478,77.119912,Rohini,0,114369.0,17,False,False,False,False,True,-1,0.8618219158324268
eda9c96d-fd52-410e-882b-4a5753f17e8d,SHOP_020,BEN_00212,2025-12-27 19:36:11.322714,Kerosene,1,25.0,28.736478,77.119912,Rohini,0,6041.0,19,True,False,False,False,False,1,0.26455162448698194
637c3dd3-1b6c-4e85-a232-854c84bf5b9c,SHOP_020,BEN_00213,2025-12-28 09:41:12.322714,Kerosene,1,25.0,28.736478,77.119912,Rohini,0,50701.0,9,True,False,False,False,False,1,0.422443484181111
cfeec396-cc88-4acf-accc-33ed87ab7d24,SHOP_020,BEN_01893,2025-12-28 17:22:56.322714,Wheat,16,32.0,28.736478,77.119912,Rohini,0,27704.0,17,False,False,False,False,True,1,0.38189690973439316
b44803f7-4d2b-4a4c-b3eb-253d6305d43b,SHOP_020,BEN_02375,2025-12-28 17:48:51.322714,Rice,17,51.0,28.736478,77.119912,Rohini,0,1555.0,17,False,False,True,False,False,1,0.2666400586260608
ed8f5341-61d8-40a3-b248-77cd496de0b0,SHOP_020,BEN_00332,2025-12-28 18:32:42.322714,Oil,1,50.0,28.736478,77.119912,Rohini,0,2631.0,18,False,True,False,False,False,1,0.21947209611079377
239f1c76-0ebd-409f-95de-8962587081a4,SHOP_020,BEN_00159,2025-12-29 08:36:44.322714,Wheat,17,34.0,28.736478,77.119912,Rohini,0,50642.0,8,False,False,False,False,True,1,0.5727854680553309
ff8b30d9-c63d-4c8e-b432-14744729f48c,SHOP_020,BEN_02895,2025-12-30 12:22:09.322714,Oil,2,100.0,28.736478,77.119912,Rohini,0,99925.0,12,False,True,False,False,False,-1,0.6299726019353237
a8c9e408-0c56-458f-b250-a4d02efdd47a,SHOP_020,BEN_00577,2025-12-30 16:28:47.322714,Rice,6,18.0,28.736478,77.119912,Rohini,0,14798.0,16,False,False,True,False,False,1,0.20964359529884946
9d4dfdfb-ea2f-498c-bcb2-e7080d308def,SHOP_020,BEN_00621,2025-12-31 14:32:33.322714,Oil,1,50.0,28.736478,77.119912,Rohini,0,79426.0,14,False,True,False,False,False,1,0.5396892747063392
5eff3974-5ace-4710-9f1e-d99421e34765,SHOP_020,BEN_01154,2025-12-31 18:51:32.322714,Oil,2,100.0,28.736478,77.119912,Rohini,0,15539.0,18,False,True,False,False,False,1,0.19043724462334993
362f9f38-f8a5-440f-bf52-9451b0b77f45,SHOP_020,BEN_01229,2025-12-31 19:05:10.322714,Wheat,14,28.0,28.736478,77.119912,Rohini,0,818.0,19,False,False,False,False,True,1,0.37531638285071567
add4407b-deee-414e-b20e-32f8ca5d115b,SHOP_020,BEN_00590,2026-01-01 09:00:17.322714,Oil,2,100.0,28.736478,77.119912,Rohini,0,50107.0,9,False,True,False,False,False,1,0.2781030192024008
5140ecfc-c7c9-44dc-9314-1ae28013e0d6,SHOP_020,BEN_00655,2026-01-01 11:31:22.322714,Rice,10,30.0,28.736478,77.119912,Rohini,0,9065.0,11,False,False,True,False,False,1,0.21455771165987697
5d40b7a9-8daf-493a-aa2d-53213fed314e,SHOP_020,BEN_00403,2026-01-01 11:36:18.322714,Oil,1,50.0,28.736478,77.119912,Rohini,0,296.0,11,False,True,False,False,False,1,0.2120247608109201
22532d71-f7e1-4c84-82a9-62ef88b81973,SHOP_020,BEN_02603,2026-01-01 17:28:30.322714,Kerosene,2,50.0,28.736478,77.119912,Rohini,0,21132.0,17,True,False,False,False,False,1,0.23416860738657336
5fe7ed83-5508-4aa7-9c9c-5ac702d4e149,SHOP_020,BEN_02343,2026-01-01 17:58:05.322714,Oil,2,100.0,28.736478,77.119912,Rohini,0,1775.0,17,False,True,False,False,False,1,0.14812445708867578
670f28eb-d368-4987-baf4-ca8ae1d224fa,SHOP_020,BEN_02243,2026-01-02 08:44:23.322714,Rice,13,39.0,28.736478,77.119912,Rohini,0,53178.0,8,False,False,True,False,False,1,0.4387806544145802
406546f6-4cb6-4b94-a1ac-de91b7cddb38,SHOP_020,BEN_01521,2026-01-02 10:12:40.322714,Wheat,15,30.0,28.736478,77.119912,Rohini,0,5297.0,10,False,False,False,False,True,1,0.23247046972142232
6327f0bc-e266-4054-953b-560fdebfcd19,SHOP_020,BEN_02306,2026-01-02 17:28:40.322714,Rice,12,36.0,28.736478,77.119912,Rohini,0,26160.0,17,False,False,True,False,False,1,0.3209807425874638
dce43752-a106-4e55-827d-0e126e0cc9b4,SHOP_020,BEN_01903,2026-01-02 18:49:39.322714,Wheat,16,32.0,28.736478,77.119912,Rohini,0,4859.0,18,False,False,False,False,True,1,0.2493732536397874
667bab7c-50bd-4b23-9766-2ea822f95e83,SHOP_020,BEN_00457,2026-01-02 18:52:55.322714,Kerosene,3,75.0,28.736478,77.119912,Rohini,0,196.0,18,True,False,False,False,False,1,0.26569189790738035
c05e8206-c5c8-4e1f-a10f-8856c1801ea7,SHOP_020,BEN_02576,2026-01-04 10:42:29.322714,Oil,2,100.0,28.736478,77.119912,Rohini,0,143374.0,10,False,True,False,False,False,-1,0.7685741386980823
1e4303c8-6050-41e7-8aec-ac7301266453,SHOP_020,BEN_01601,2026-01-04 11:26:14.322714,Wheat,20,40.0,28.736478,77.119912,Rohini,0,2625.0,11,False,False,False,False,True,1,0.41248684296311544
f23fc890-3bd3-4d20-95dd-a912d49e61e0,SHOP_020,BEN_00315,2026-01-04 14:00:24.322714,Kerosene,3,75.0,28.736478,77.119912,Rohini,0,9250.0,14,True,False,False,False,False,1,0.16146703755265746
589268ee-c50b-4019-90e4-6ddb4b056322,SHOP_020,BEN_02976,2026-01-05 15:46:36.322714,Wheat,6,12.0,28.736478,77.119912,Rohini,0,92772.0,15,False,False,False,False,True,-1,0.7007380042826542
27f1b159-9023-4198-b49e-9f691899f817,SHOP_020,BEN_00910,2026-01-06 09:46:29.322714,Rice,14,42.0,28.736478,77.119912,Rohini,0,64793.0,9,False,False,True,False,False,1,0.4523500239869698
cffc8546-a782-4b5e-9634-34fb596804cc,SHOP_020,BEN_02915,2026-01-06 15:28:43.322714,Sugar,2,40.0,28.736478,77.119912,Rohini,0,20534.0,15,False,False,False,True,False,1,0.15598292441007178
5e859563-132d-448d-8ffa-6ad594b35853,SHOP_020,BEN_02215,2026-01-07 10:15:59.322714,Kerosene,1,25.0,28.736478,77.119912,Rohini,0,67636.0,10,True,False,False,False,False,1,0.49909624755208876
adccf2c3-97cc-4aaf-b77a-00286d4696a4,SHOP_020,BEN_02682,2026-01-07 10:24:08.322714,Rice,17,51.0,28.736478,77.119912,Rohini,0,489.0,10,False,False,True,False,False,1,0.33095462484432153
7921a472-54f0-4e89-88b9-d0f69ca8a916,SHOP_020,BEN_02420,2026-01-07 16:04:18.322714,Kerosene,2,50.0,28.736478,77.119912,Rohini,0,20410.0,16,True,False,False,False,False,1,0.18610576671003315
8255e1bf-c549-4c5e-885a-6548d7c8bb3e,SHOP_020,BEN_02023,2026-01-07 17:27:10.322714,Rice,20,60.0,28.736478,77.119912,Rohini,0,4972.0,17,False,False,True,False,False,1,0.39722387449875207
1bc10af9-a7f0-4b2e-b165-c636657ad2f8,SHOP_020,BEN_00996,2026-01-08 09:33:01.322714,Kerosene,3,75.0,28.736478,77.119912,Rohini,0,57951.0,9,True,False,False,False,False,1,0.4176484328271824
54f1424b-3075-4d51-9fa9-abc289915585,SHOP_020,BEN_02202,2026-01-08 10:20:20.322714,Oil,2,100.0,28.736478,77.119912,Rohini,0,2839.0,10,False,True,False,False,False,1,0.1816339914061818
f6f0cebd-35c9-48c1-a298-1027031ca0f9,SHOP_020,BEN_01340,2026-01-08 12:03:40.322714,Wheat,8,16.0,28.736478,77.119912,Rohini,0,6200.0,12,False,False,False,False,True,1,0.20070984559166577
6b7810a5-2c1f-447c-8c1f-13d552a8ae10,SHOP_020,BEN_00184,2026-01-08 12:04:29.322714,Wheat,7,14.0,28.736478,77.119912,Rohini,0,49.0,12,False,False,False,False,True,1,0.2856886680999478
448bf37b-cc98-4497-9ef2-415f247ac0c7,SHOP_020,BEN_01768,2026-01-08 12:51:36.322714,Rice,6,18.0,28.736478,77.119912,Rohini,0,2827.0,12,False,False,True,False,False,1,0.17611351400373115
f0a3ae47-94a9-4fa6-a6fd-0a47d64195b1,SHOP_020,BEN_01500,2026-01-08 16:12:43.322714,Kerosene,3,75.0,28.736478,77.119912,Rohini,0,12067.0,16,True,False,False,False,False,1,0.1572249785009952
eaa5c4ae-96b8-402f-81d4-b544b2aac7e1,SHOP_020,BEN_02284,2026-01-10 12:58:15.322714,Rice,20,60.0,28.736478,77.119912,Rohini,0,161132.0,12,False,False,True,False,False,-1,0.9037323479622356
a3f5fd2d-766b-46e6-b1c1-4caa2f40b555,SHOP_020,BEN_00184,2026-01-10 17:33:32.322714,Oil,1,50.0,28.736478,77.119912,Rohini,0,16517.0,17,False,True,False,False,False,1,0.20420179454351428
e416aba0-bef4-4e9e-9a0c-eeb1d87f89b4,SHOP_020,BEN_00160,2026-01-10 18:16:13.322714,Oil,2,100.0,28.736478,77.119912,Rohini,0,2561.0,18,False,True,False,False,False,1,0.17465971434281902
00ee6a80-e5e0-41dd-80c8-833932ff9260,SHOP_020,BEN_01113,2026-01-11 09:40:44.322714,Sugar,2,40.0,28.736478,77.119912,Rohini,0,55471.0,9,False,False,False,True,False,1,0.27790546343751155
a07e1dfc-9aa8-4fed-94b8-778db5f4428a,SHOP_020,BEN_02630,2026-01-11 12:07:40.322714,Rice,16,48.0,28.736478,77.119912,Rohini,0,8816.0,12,False,False,True,False,False,1,0.19872807430548256
e24b27ce-3184-4f58-b6e5-fd5e6e9ad2ae,SHOP_020,BEN_02428,2026-01-11 13:12:45.322714,Oil,1,50.0,28.736478,77.119912,Rohini,0,3905.0,13,False,True,False,False,False,1,0.12949817734230296
6207dac8-b189-44ee-a75e-fffdfbf7ba50,SHOP_020,BEN_00036,2026-01-11 15:09:46.322714,Wheat,11,22.0,28.736478,77.119912,Rohini,0,7021.0,15,False,False,False,False,True,1,0.09963030287149977
c263c2f7-97e6-4bbb-aaaa-96d9ab32f67d,SHOP_020,BEN_02719,2026-01-11 15:40:38.322714,Sugar,2,40.0,28.736478,77.119912,Rohini,0,1852.0,15,False,False,False,True,False,1,0.07943582059472343
f92ceb70-f34c-407e-aaf4-be5efa379b6d,SHOP_020,BEN_02577,2026-01-11 18:45:00.322714,Wheat,10,20.0,28.736478,77.119912,Rohini,0,11062.0,18,False,False,False,False,True,1,0.24798782071225656
84cad31b-5443-4ab7-9abf-bf1fff4655c9,SHOP_020,BEN_00166,2026-01-12 09:04:02.322714,Rice,17,51.0,28.736478,77.119912,Rohini,0,51542.0,9,False,False,True,False,False,1,0.43530974296453984
043232e9-67b6-4e00-8bba-05d35e79734c,SHOP_020,BEN_00010,2026-01-12 11:22:38.322714,Rice,18,54.0,28.736478,77.119912,Rohini,0,8316.0,11,False,False,True,False,False,1,0.28474424654129543
9197eb4a-5b91-4182-8979-346922fce9b3,SHOP_020,BEN_01615,2026-01-12 11:36:58.322714,Oil,2,100.0,28.736478,77.119912,Rohini,0,860.0,11,False,True,False,False,False,1,0.18728143829154087
0de60918-9f84-43bc-b795-b5eb546546c8,SHOP_020,BEN_02674,2026-01-12 12:39:20.322714,Oil,1,50.0,28.736478,77.119912,Rohini,0,3742.0,12,False,True,False,False,False,1,0.1381015250206093
51241636-da08-4afa-8f75-eef41b24754a,SHOP_020,BEN_01958,2026-01-12 12:57:24.322714,Wheat,18,36.0,28.736478,77.119912,Rohini,0,1084.0,12,False,False,False,False,True,1,0.2879492017526672
d63c16eb-1848-4390-b47c-bd8336e0808a,SHOP_020,BEN_01365,2026-01-12 16:53:19.322714,Sugar,1,20.0,28.736478,77.119912,Rohini,0,14155.0,16,False,False,False,True,False,1,0.19090329078923546
e64e8a29-527d-419f-b3e8-113d4e43cb94,SHOP_020,BEN_01046,2026-01-13 11:21:18.322714,Oil,1,50.0,28.736478,77.119912,Rohini,0,66479.0,11,False,True,False,False,False,1,0.40982375884647565
7612e22b-b935-42c6-99d0-442fa28ea176,SHOP_020,BEN_02920,2026-01-13 12:55:50.322714,Sugar,3,60.0,28.736478,77.119912,Rohini,0,5672.0,12,False,False,False,True,False,1,0.17389356803056472
7d5de598-ab7d-4eec-9bd8-4de40f306318,SHOP_020,BEN_02417,2026-01-13 14:46:55.322714,Kerosene,2,50.0,28.736478,77.119912,Rohini,0,6665.0,14,True,False,False,False,False,1,0.10116297457995604
f5cb7e00-0bac-4e2c-b2a0-4e642059f815,SHOP_020,BEN_02769,2026-01-13 19:37:53.322714,Oil,2,100.0,28.736478,77.119912,Rohini,0,17458.0,19,False,True,False,False,False,1,0.3080127813382099
47ede1ed-beb5-4b21-a4ae-4adb70d8f909,SHOP_020,BEN_01125,2026-01-14 09:17:48.322714,Rice,6,18.0,28.736478,77.119912,Rohini,0,49195.0,9,False,False,True,False,False,1,0.35002803738283267
37fb19da-81aa-4859-9134-aa55949e7b92,SHOP_020,BEN_01411,2026-01-14 13:11:55.322714,Rice,18,54.0,28.736478,77.119912,Rohini,0,14047.0,13,False,False,True,False,False,1,0.2306877129080958
b9c6fdd4-6749-4981-92fb-96e177033eac,SHOP_020,BEN_01371,2026-01-14 13:20:34.322714,Kerosene,3,75.0,28.736478,77.119912,Rohini,0,519.0,13,True,False,False,False,False,1,0.24503272070568521
601d7076-10b9-4f95-a607-60bc12e66aab,SHOP_020,BEN_01192,2026-01-14 15:41:05.322714,Sugar,1,20.0,28.736478,77.119912,Rohini,0,8431.0,15,False,False,False,True,False,1,0.11786337383957202
d78d4a02-ea7d-4082-ab57-4d4f9cc1a57f,SHOP_020,BEN_01942,2026-01-15 08:28:56.322714,Rice,16,48.0,28.736478,77.119912,Rohini,0,60471.0,8,False,False,True,False,False,1,0.5181146134357937
686cccaa-a892-4543-9c68-1eb6fea90375,SHOP_020,BEN_02042,2026-01-15 09:11:04.322714,Oil,1,50.0,28.736478,77.119912,Rohini,0,2528.0,9,False,True,False,False,False,1,0.28107396918815536
2340349a-c6b1-434e-a790-09379c49c8b5,SHOP_020,BEN_00126,2026-01-15 14:01:12.322714,Wheat,9,18.0,28.736478,77.119912,Rohini,0,17408.0,14,False,False,False,False,True,1,0.19969472017309886
f8f7defe-145f-4053-9136-5e0f6e48d9b6,SHOP_020,BEN_01381,2026-01-15 14:15:52.322714,Sugar,1,20.0,28.736478,77.119912,Rohini,0,880.0,14,False,False,False,True,False,1,0.15805535594239983
b4248ed3-be8b-4515-9ea9-f13d58038a3a,SHOP_021,BEN_00590,2025-12-17 08:11:14.322714,Sugar,2,40.0,28.654216,77.114329,West Delhi,0,9999.0,8,False,False,False,True,False,1,0.38476145251205135
cf60bffb-39cc-4831-bd4c-103e16d18c3f,SHOP_021,BEN_01140,2025-12-17 08:57:21.322714,Oil,2,100.0,28.654216,77.114329,West Delhi,0,2767.0,8,False,True,False,False,False,1,0.3439152100878763
b696e14d-44aa-49f2-abdc-fb75fafd364c,SHOP_021,BEN_02226,2025-12-17 11:47:29.322714,Wheat,6,12.0,28.654216,77.114329,West Delhi,0,10208.0,11,False,False,False,False,True,1,0.26020630045153686
c4281897-80c6-4ef4-aab0-2d1b23161813,SHOP_021,BEN_01041,2025-12-17 12:41:04.322714,Rice,13,39.0,28.654216,77.114329,West Delhi,0,3215.0,12,False,False,True,False,False,1,0.16639842498571156
1b8ac974-73e4-43f3-af76-d12d1a2dcf08,SHOP_021,BEN_01471,2025-12-17 17:31:04.322714,Rice,15,45.0,28.654216,77.114329,West Delhi,0,17400.0,17,False,False,True,False,False,1,0.22269372612886917
9dadec0c-7262-44fe-8cc2-fdbd2edd76a4,SHOP_021,BEN_00936,2025-12-17 17:32:25.322714,Oil,2,100.0,28.654216,77.114329,West Delhi,0,81.0,17,False,True,False,False,False,1,0.17334381923190523
bb3fe6a3-c2db-48df-b456-e69a4dd37bc1,SHOP_021,BEN_02476,2025-12-18 09:38:03.322714,Rice,16,48.0,28.654216,77.114329,West Delhi,0,57938.0,9,False,False,True,False,False,1,0.41833890873903845
8cee9496-72c5-43aa-95c3-44ec59d074c7,SHOP_021,BEN_01877,2025-12-18 11:01:51.322714,Wheat,14,28.0,28.654216,77.114329,West Delhi,0,5028.0,11,False,False,False,False,True,1,0.18568006091166078
ad495dab-37be-4cf8-9c0a-49d292f540f3,SHOP_021,BEN_00068,2025-12-18 11:22:28.322714,Wheat,20,40.0,28.654216,77.114329,West Delhi,0,1237.0,11,False,False,False,False,True,1,0.44383037999426384
c6810a07-51d9-415c-9775-87e89c992ded,SHOP_021,BEN_01994,2025-12-18 15:47:39.322714,Oil,2,100.0,28.654216,77.114329,West Delhi,0,15911.0,15,False,True,False,False,False,1,0.06867625015781353
e5974e2a-c293-498d-9e21-c8e69f4fc84b,SHOP_021,BEN_01065,2025-12-18 16:25:16.322714,Wheat,15,30.0,28.654216,77.114329,West Delhi,0,2257.0,16,False,False,False,False,True,1,0.18512072006013197
542de106-3907-41b8-9523-b029a3a52c58,SHOP_021,BEN_00337,2025-12-18 16:41:55.322714,Rice,16,48.0,28.654216,77.114329,West Delhi,0,999.0,16,False,False,True,False,False,1,0.20408412625760264
d3abce26-ccb2-4055-9195-6232090385e5,SHOP_021,BEN_01993,2025-12-19 09:35:46.322714,Sugar,1,20.0,28.654216,77.114329,West Delhi,0,60831.0,9,False,False,False,True,False,1,0.3393558707282771
27c62ab2-c6be-4704-a287-20469da5cc7c,SHOP_021,BEN_00093,2025-12-19 14:02:50.322714,Oil,1,50.0,28.654216,77.114329,West Delhi,0,16024.0,14,False,True,False,False,False,1,0.1635511916682431
fa138d23-3600-45e5-b2ca-5e2034875275,SHOP_021,BEN_00102,2025-12-19 14:35:18.322714,Kerosene,2,50.0,28.654216,77.114329,West Delhi,0,1948.0,14,True,False,False,False,False,1,0.12321420588766308
fd31f06f-6899-4766-97be-571d6a795273,SHOP_021,BEN_01201,2025-12-19 19:05:40.322714,Rice,14,42.0,28.654216,77.114329,West Delhi,0,16222.0,19,False,False,True,False,False,1,0.346759236442152
50242150-cf8d-46b5-b3c9-671e73a4ea84,SHOP_021,BEN_02927,2025-12-19 19:59:38.322714,Kerosene,2,50.0,28.654216,77.114329,West Delhi,0,3238.0,19,True,False,False,False,False,1,0.22161199512402513
e90858fa-0789-4286-8198-f6fa8da6c8c2,SHOP_021,BEN_01716,2025-12-20 13:26:53.322714,Sugar,3,60.0,28.654216,77.114329,West Delhi,0,62835.0,13,False,False,False,True,False,1,0.35147756733078167
474ef5ed-299e-43e5-9b6a-74c159af918e,SHOP_021,BEN_02919,2025-12-20 16:29:27.322714,Sugar,3,60.0,28.654216,77.114329,West Delhi,0,10954.0,16,False,False,False,True,False,1,0.1319148701616189
7d3f97c5-8bfc-47d8-b9cb-68bef86b3109,SHOP_021,BEN_01748,2025-12-20 19:30:08.322714,Sugar,2,40.0,28.654216,77.114329,West Delhi,0,10841.0,19,False,False,False,True,False,1,0.2819957104900626
dd87dd0d-b8c5-4ece-86ae-802eced27287,SHOP_021,BEN_02786,2025-12-21 08:25:48.322714,Wheat,20,40.0,28.654216,77.114329,West Delhi,0,46540.0,8,False,False,False,False,True,-1,0.6962352862944103
350206d3-6d0c-4df7-9bf1-3a905bb88458,SHOP_021,BEN_00238,2025-12-21 12:21:09.322714,Sugar,1,20.0,28.654216,77.114329,West Delhi,0,14121.0,12,False,False,False,True,False,1,0.18932800372156855
cc17f296-2fa8-48e7-9745-f33ac37e5538,SHOP_021,BEN_01467,2025-12-21 18:08:35.322714,Rice,5,15.0,28.654216,77.114329,West Delhi,0,20846.0,18,False,False,True,False,False,1,0.3516852343125256
1f1642a8-b7fb-47ee-ab36-e8c68473d659,SHOP_021,BEN_01352,2025-12-21 18:28:38.322714,Oil,1,50.0,28.654216,77.114329,West Delhi,0,1203.0,18,False,True,False,False,False,1,0.246536988151014
4588c839-309a-480b-aba3-1f59e497bf11,SHOP_021,BEN_00581,2025-12-22 15:51:22.322714,Kerosene,3,75.0,28.654216,77.114329,West Delhi,0,76964.0,15,True,False,False,False,False,1,0.484661212826651
478a256a-30be-425c-860e-b7ea954a756d,SHOP_021,BEN_00296,2025-12-22 16:50:05.322714,Kerosene,3,75.0,28.654216,77.114329,West Delhi,0,3523.0,16,True,False,False,False,False,1,0.1476034294498973
c6685365-8f60-43b3-bab5-af41836a25fd,SHOP_021,BEN_00610,2025-12-23 11:49:22.322714,Sugar,1,20.0,28.654216,77.114329,West Delhi,0,68357.0,11,False,False,False,True,False,1,0.3514093107469465
0919377f-e3a9-45ae-a716-9842bc7cd37a,SHOP_021,BEN_02658,2025-12-23 16:08:45.322714,Sugar,1,20.0,28.654216,77.114329,West Delhi,0,15563.0,16,False,False,False,True,False,1,0.2049983255427678
baaf0866-118c-40d8-9169-916a0d9c0f55,SHOP_021,BEN_01192,2025-12-24 16:29:04.322714,Kerosene,2,50.0,28.654216,77.114329,West Delhi,0,87619.0,16,True,False,False,False,False,-1,0.592011234638221
81c8ddc1-9edc-46a0-b286-b2da35eed6da,SHOP_021,BEN_01600,2025-12-25 10:45:18.322714,Kerosene,1,25.0,28.654216,77.114329,West Delhi,0,65774.0,10,True,False,False,False,False,1,0.45987829880851416
e309e9c4-9eb4-4209-8454-362e9ad26770,SHOP_021,BEN_00350,2025-12-25 13:59:57.322714,Wheat,15,30.0,28.654216,77.114329,West Delhi,0,11679.0,13,False,False,False,False,True,1,0.1114188860278742
e6d89393-9abb-4497-9087-dd534a4e6271,SHOP_021,BEN_02082,2025-12-26 09:24:28.322714,Sugar,3,60.0,28.654216,77.114329,West Delhi,0,69871.0,9,False,False,False,True,False,1,0.3914793636622651
79aca333-b3da-49b1-81ed-11f51743c8cd,SHOP_021,BEN_00925,2025-12-26 14:06:13.322714,Oil,1,50.0,28.654216,77.114329,West Delhi,0,16905.0,14,False,True,False,False,False,1,0.17023882735327261
b3212f78-f4fe-439a-97cc-c3bb92de336f,SHOP_021,BEN_01746,2025-12-27 10:17:10.322714,Wheat,18,36.0,28.654216,77.114329,West Delhi,0,72657.0,10,False,False,False,False,True,1,0.5394536825091343
c05e4b08-3645-4654-8791-9c70c45c4be8,SHOP_021,BEN_01754,2025-12-27 11:13:47.322714,Kerosene,1,25.0,28.654216,77.114329,West Delhi,0,3397.0,11,True,False,False,False,False,1,0.21906660420836194
d819d1d4-a873-402c-bacb-94ead54cddb0,SHOP_021,BEN_00527,2025-12-27 12:53:46.322714,Kerosene,2,50.0,28.654216,77.114329,West Delhi,0,5999.0,12,True,False,False,False,False,1,0.1598563267662111
7150f6c5-47dd-464e-a0bd-63198c5bf212,SHOP_021,BEN_02830,2025-12-27 14:07:32.322714,Wheat,7,14.0,28.654216,77.114329,West Delhi,0,4426.0,14,False,False,False,False,True,1,0.13998224223667594
28c25caa-4103-435f-84ca-1930820f6d66,SHOP_021,BEN_01036,2025-12-28 09:01:52.322714,Wheat,20,40.0,28.654216,77.114329,West Delhi,0,68060.0,9,False,False,False,False,True,-1,0.6254673082862334
29703162-ad5d-4220-b38c-c6fa6c1620b0,SHOP_021,BEN_01546,2025-12-28 11:09:52.322714,Sugar,3,60.0,28.654216,77.114329,West Delhi,0,7680.0,11,False,False,False,True,False,1,0.2274506042420772
6b733cc7-57bf-4ff8-8f66-887032d42149,SHOP_021,BEN_01051,2025-12-28 13:51:01.322714,Sugar,2,40.0,28.654216,77.114329,West Delhi,0,9669.0,13,False,False,False,True,False,1,0.09555756278313099
29f46f9c-3ff2-4784-bedb-144d730a63e1,SHOP_021,BEN_02956,2025-12-28 13:58:49.322714,Sugar,3,60.0,28.654216,77.114329,West Delhi,0,468.0,13,False,False,False,True,False,1,0.18561831414679214
59501309-a678-4a94-bab2-cc4dcb1f0215,SHOP_021,BEN_01971,2025-12-28 14:55:14.322714,Kerosene,3,75.0,28.654216,77.114329,West Delhi,0,3385.0,14,True,False,False,False,False,1,0.16756605765733945
e832e079-aa12-43c8-9fe7-71193e19518e,SHOP_021,BEN_01506,2025-12-28 19:41:50.322714,Kerosene,2,50.0,28.654216,77.114329,West Delhi,0,17196.0,19,True,False,False,False,False,1,0.24870961945740938
3bb33e6c-0a6a-45d5-81ce-6f2fc30f00fc,SHOP_021,BEN_00762,2025-12-29 12:10:14.322714,Rice,8,24.0,28.654216,77.114329,West Delhi,0,59304.0,12,False,False,True,False,False,1,0.31568364071903465
3f8e50b7-f9e3-41ce-a03b-46591834266e,SHOP_021,BEN_01446,2025-12-29 12:36:04.322714,Oil,2,100.0,28.654216,77.114329,West Delhi,0,1550.0,12,False,True,False,False,False,1,0.1402442820870507
96259a7b-77de-4832-894f-bee0e3699a84,SHOP_021,BEN_01859,2025-12-29 17:19:16.322714,Wheat,9,18.0,28.654216,77.114329,West Delhi,0,16992.0,17,False,False,False,False,True,1,0.25711588853290634
88d908fb-f80f-4714-8d0b-3825671253f9,SHOP_021,BEN_02997,2025-12-30 15:32:29.322714,Sugar,1,20.0,28.654216,77.114329,West Delhi,0,79993.0,15,False,False,False,True,False,1,0.4907574619494477
776ad795-6224-4cc0-8f08-27a7fd0a9ef4,SHOP_021,BEN_00357,2025-12-30 17:26:02.322714,Sugar,2,40.0,28.654216,77.114329,West Delhi,0,6813.0,17,False,False,False,True,False,1,0.13223256577877635
1a6891c9-f25d-41e8-99fe-79258a979409,SHOP_021,BEN_00233,2025-12-30 17:58:57.322714,Kerosene,3,75.0,28.654216,77.114329,West Delhi,0,1975.0,17,True,False,False,False,False,1,0.20234173731697286
12ac3653-0a27-4a9f-9f7c-a5699c46c1f3,SHOP_021,BEN_01766,2025-12-30 18:39:39.322714,Oil,2,100.0,28.654216,77.114329,West Delhi,0,2442.0,18,False,True,False,False,False,1,0.17465971434281902
9da995ed-059e-4223-80d2-b6d36278f56e,SHOP_021,BEN_02621,2025-12-30 19:22:38.322714,Kerosene,2,50.0,28.654216,77.114329,West Delhi,0,2579.0,19,True,False,False,False,False,1,0.23268906430689823
1e736512-35a8-48d8-aa02-64d9e4d917b1,SHOP_021,BEN_00289,2025-12-31 08:01:17.322714,Wheat,11,22.0,28.654216,77.114329,West Delhi,0,45519.0,8,False,False,False,False,True,1,0.5177288005678413
68b5ce1b-b300-425c-9e10-4d931a52da33,SHOP_021,BEN_01849,2025-12-31 08:05:05.322714,Kerosene,3,75.0,28.654216,77.114329,West Delhi,0,228.0,8,True,False,False,False,False,1,0.4595799808275261
199fea22-d4c4-49f0-905f-0ed52cb1aed7,SHOP_021,BEN_01457,2025-12-31 08:12:29.322714,Rice,11,33.0,28.654216,77.114329,West Delhi,0,444.0,8,False,False,True,False,False,1,0.41607197072387464
f6b9f93a-3061-4b06-a513-7e0039ed795c,SHOP_021,BEN_02606,2025-12-31 13:03:46.322714,Oil,1,50.0,28.654216,77.114329,West Delhi,0,17477.0,13,False,True,False,False,False,1,0.19361399411708802
6959c756-f70b-44b4-ad8d-ba0bf990bbef,SHOP_021,BEN_02906,2025-12-31 15:01:07.322714,Rice,20,60.0,28.654216,77.114329,West Delhi,0,7041.0,15,False,False,True,False,False,1,0.37846836282117974
04032092-32a8-4e1d-801f-4d3ca21e10fb,SHOP_021,BEN_01178,2025-12-31 18:39:36.322714,Wheat,16,32.0,28.654216,77.114329,West Delhi,0,13109.0,18,False,False,False,False,True,1,0.2514077442847019
5889dbf7-97bf-4ced-b567-012b70bdb272,SHOP_021,BEN_01516,2025-12-31 19:49:43.322714,Wheat,10,20.0,28.654216,77.114329,West Delhi,0,4207.0,19,False,False,False,False,True,1,0.3046646546851542
d4946ebd-580d-488e-bbe7-be0de207ec9c,SHOP_021,BEN_01662,2026-01-01 17:20:02.322714,Kerosene,3,75.0,28.654216,77.114329,West Delhi,0,77419.0,17,True,False,False,False,False,-1,0.5843074346342729
7793651d-5e86-4d00-9560-e8a9cbbe2ec7,SHOP_021,BEN_01720,2026-01-01 18:05:58.322714,Rice,8,24.0,28.654216,77.114329,West Delhi,0,2756.0,18,False,False,True,False,False,1,0.28917854590642317
0c96dd52-4829-4873-b32c-b5feb6bc683f,SHOP_021,BEN_00922,2026-01-02 09:04:22.322714,Sugar,1,20.0,28.654216,77.114329,West Delhi,0,53904.0,9,False,False,False,True,False,1,0.31694908429566315
432882f4-5561-4231-9251-0dca1544dc17,SHOP_021,BEN_00952,2026-01-02 13:08:30.322714,Sugar,1,20.0,28.654216,77.114329,West Delhi,0,14648.0,13,False,False,False,True,False,1,0.17044617786427724
56eb6a4c-1698-476f-b374-f7ab488f1047,SHOP_021,BEN_01127,2026-01-02 17:31:36.322714,Wheat,17,34.0,28.654216,77.114329,West Delhi,0,15786.0,17,False,False,False,False,True,1,0.2983726076953553
5b9af461-15b5-4485-a056-e88f57e9c243,SHOP_021,BEN_02842,2026-01-03 09:43:52.322714,Kerosene,3,75.0,28.654216,77.114329,West Delhi,0,58336.0,9,True,False,False,False,False,1,0.41067550967973854
5cc70d1f-8ad2-41f4-969b-e822cf293adb,SHOP_021,BEN_02799,2026-01-03 11:14:05.322714,Wheat,20,40.0,28.654216,77.114329,West Delhi,0,5413.0,11,False,False,False,False,True,1,0.38720273359554097
79330880-4b8a-4a8b-94c6-04c0fa0e5a39,SHOP_021,BEN_01842,2026-01-03 15:01:43.322714,Rice,6,18.0,28.654216,77.114329,West Delhi,0,13658.0,15,False,False,True,False,False,1,0.2155708647520913
28fb4d45-328e-4276-8400-7b06acf16b37,SHOP_021,BEN_02294,2026-01-03 16:10:32.322714,Oil,2,100.0,28.654216,77.114329,West Delhi,0,4129.0,16,False,True,False,False,False,1,0.032409222312136166
2b9b4f71-942e-4bdc-9d9d-2d2b8a399878,SHOP_021,BEN_02739,2026-01-03 17:42:58.322714,Sugar,1,20.0,28.654216,77.114329,West Delhi,0,5546.0,17,False,False,False,True,False,1,0.1689561461463338
b42d70d9-84da-42d7-97bc-722bf0950be4,SHOP_021,BEN_02703,2026-01-04 10:52:19.322714,Kerosene,2,50.0,28.654216,77.114329,West Delhi,0,61761.0,10,True,False,False,False,False,1,0.34790196413578606
53f15b93-9904-43fc-86a3-734ed76e000c,SHOP_021,BEN_01402,2026-01-04 12:18:31.322714,Sugar,2,40.0,28.654216,77.114329,West Delhi,0,5172.0,12,False,False,False,True,False,1,0.10030475416761697
71966f23-0de5-4dda-b2c8-f8c4cbcf1f0a,SHOP_021,BEN_00225,2026-01-04 13:10:43.322714,Rice,9,27.0,28.654216,77.114329,West Delhi,0,3132.0,13,False,False,True,False,False,1,0.16775431223412884
c8740c2c-eae5-4ee5-9756-a834478d50cb,SHOP_021,BEN_00112,2026-01-04 17:52:58.322714,Wheat,9,18.0,28.654216,77.114329,West Delhi,0,16935.0,17,False,False,False,False,True,1,0.25711588853290634
4863410f-a3b3-43f3-a36c-be6981045698,SHOP_021,BEN_02252,2026-01-05 11:49:24.322714,Kerosene,3,75.0,28.654216,77.114329,West Delhi,0,64586.0,11,True,False,False,False,False,1,0.4190810673491211
8a1a64d4-b6fd-489a-a890-97f20a28c8e5,SHOP_021,BEN_01035,2026-01-05 11:57:23.322714,Kerosene,3,75.0,28.654216,77.114329,West Delhi,0,479.0,11,True,False,False,False,False,1,0.2908842345880733
966728c2-8c59-496c-96a5-2bade18a82f4,SHOP_021,BEN_01953,2026-01-05 12:07:24.322714,Rice,7,21.0,28.654216,77.114329,West Delhi,0,601.0,12,False,False,True,False,False,1,0.21361395801531785
fd185b58-e4b5-448a-bd13-aa5f73fa81c8,SHOP_021,BEN_01709,2026-01-05 15:02:55.322714,Oil,2,100.0,28.654216,77.114329,West Delhi,0,10531.0,15,False,True,False,False,False,1,0.04180818563008115
113ab15e-9cf7-47df-9382-dd9cd99a9a74,SHOP_021,BEN_00634,2026-01-05 19:56:26.322714,Rice,8,24.0,28.654216,77.114329,West Delhi,0,17611.0,19,False,False,True,False,False,1,0.3741345921271614
08399c95-6e3b-40d8-af2d-bb9083525d31,SHOP_021,BEN_00880,2026-01-06 09:34:54.322714,Rice,5,15.0,28.654216,77.114329,West Delhi,0,49108.0,9,False,False,True,False,False,1,0.3877570737475511
27e463c5-8499-4b0e-9dda-2166e3e5762c,SHOP_021,BEN_01594,2026-01-07 08:56:51.322714,Oil,2,100.0,28.654216,77.114329,West Delhi,0,84117.0,8,False,True,False,False,False,1,0.5611859074029718
1e7d62e9-6ec5-498d-b4fc-3500f7c36316,SHOP_021,BEN_02622,2026-01-07 12:07:13.322714,Kerosene,2,50.0,28.654216,77.114329,West Delhi,0,11422.0,12,True,False,False,False,False,1,0.187083940456706
5dc43019-1645-4ff6-9a34-c0cce2ba2f63,SHOP_021,BEN_02480,2026-01-07 15:31:53.322714,Kerosene,1,25.0,28.654216,77.114329,West Delhi,0,12280.0,15,True,False,False,False,False,1,0.15983252584152347
5cc11824-fcc7-4ede-9cf3-cef2b01140cf,SHOP_021,BEN_01072,2026-01-08 08:17:00.322714,Wheat,14,28.0,28.654216,77.114329,West Delhi,0,60307.0,8,False,False,False,False,True,1,0.5224478314858486
228adf2e-4bb2-49ce-ae53-a06fa1d581a2,SHOP_021,BEN_00588,2026-01-08 10:12:02.322714,Oil,1,50.0,28.654216,77.114329,West Delhi,0,6902.0,10,False,True,False,False,False,1,0.20785801639464097
838b11e2-39b8-48d3-87ad-df159a60dd59,SHOP_021,BEN_01039,2026-01-09 10:32:30.322714,Oil,1,50.0,28.654216,77.114329,West Delhi,0,87628.0,10,False,True,False,False,False,1,0.5196999718975323
d4cc76da-7947-4f15-8002-a8d9df8ac2b4,SHOP_021,BEN_02759,2026-01-09 14:10:33.322714,Wheat,15,30.0,28.654216,77.114329,West Delhi,0,13083.0,14,False,False,False,False,True,1,0.1271959015858884
88af08ab-2a6d-40e9-9e79-b123f35f6b69,SHOP_021,BEN_00306,2026-01-09 16:04:24.322714,Kerosene,3,75.0,28.654216,77.114329,West Delhi,0,6831.0,16,True,False,False,False,False,1,0.13654398136441975
f1fa819e-072a-4dbd-a757-2d5fb867e35b,SHOP_021,BEN_02669,2026-01-09 19:56:34.322714,Rice,11,33.0,28.654216,77.114329,West Delhi,0,13930.0,19,False,False,True,False,False,1,0.3247571369730108
d0b9c287-3407-454c-938d-5907ddbe7dfb,SHOP_021,BEN_02413,2026-01-09 19:57:41.322714,Kerosene,1,25.0,28.654216,77.114329,West Delhi,0,67.0,19,True,False,False,False,False,1,0.388219113795479
b9064b0d-68d4-4573-a0f0-a39f8cdc5747,SHOP_021,BEN_02723,2026-01-10 12:10:28.322714,Sugar,2,40.0,28.654216,77.114329,West Delhi,0,58367.0,12,False,False,False,True,False,1,0.21998148153330815
b7cba987-01ff-449a-a376-46f2a34b7c65,SHOP_021,BEN_01491,2026-01-10 14:46:40.322714,Oil,2,100.0,28.654216,77.114329,West Delhi,0,9372.0,14,False,True,False,False,False,1,0.0649645608102889
e462167e-91eb-4861-96fb-9bf6eab4ee54,SHOP_021,BEN_01640,2026-01-10 15:12:57.322714,Kerosene,2,50.0,28.654216,77.114329,West Delhi,0,1577.0,15,True,False,False,False,False,1,0.12248234021351084
d754a70a-caea-4bc4-81e6-1026aefe2f3f,SHOP_021,BEN_00948,2026-01-10 18:25:09.322714,Oil,2,100.0,28.654216,77.114329,West Delhi,0,11532.0,18,False,True,False,False,False,1,0.16635857051620234
9b0232e5-f6a9-4475-a2bc-c41b053e1d87,SHOP_021,BEN_02253,2026-01-11 13:04:31.322714,Rice,13,39.0,28.654216,77.114329,West Delhi,0,67162.0,13,False,False,True,False,False,1,0.4503740654027151
9c101def-dd1d-4a80-bf34-6403b5889c17,SHOP_021,BEN_01670,2026-01-11 14:53:10.322714,Wheat,14,28.0,28.654216,77.114329,West Delhi,0,6519.0,14,False,False,False,False,True,1,0.11070684830457023
47d9b598-d57d-4c3c-9ce8-2fa4978b1af8,SHOP_021,BEN_01160,2026-01-12 10:39:20.322714,Rice,20,60.0,28.654216,77.114329,West Delhi,0,71170.0,10,False,False,True,False,False,1,0.5697492035028741
d51dcea6-060f-4d60-ae06-ed1b0836324b,SHOP_021,BEN_01635,2026-01-12 14:26:11.322714,Rice,19,57.0,28.654216,77.114329,West Delhi,0,13611.0,14,False,False,True,False,False,1,0.2682718083033141
9116bd97-ad74-4f6f-9a30-0cd70235a001,SHOP_021,BEN_02060,2026-01-13 10:09:20.322714,Sugar,2,40.0,28.654216,77.114329,West Delhi,0,70989.0,10,False,False,False,True,False,1,0.3149650992972431
52483b8c-bc54-471b-869f-49534842c253,SHOP_021,BEN_01106,2026-01-13 19:22:55.322714,Sugar,2,40.0,28.654216,77.114329,West Delhi,0,33215.0,19,False,False,False,True,False,1,0.4768468999891755
77f3752b-a10e-4331-9677-a8788e7bc061,SHOP_021,BEN_02269,2026-01-14 17:04:45.322714,Kerosene,2,50.0,28.654216,77.114329,West Delhi,0,78110.0,17,True,False,False,False,False,1,0.5289482899656883
d61210d7-251d-47a6-a380-8baf7b4ad351,SHOP_021,BEN_00587,2026-01-14 18:02:43.322714,Sugar,2,40.0,28.654216,77.114329,West Delhi,0,3478.0,18,False,False,False,True,False,1,0.17975237176231545
8583dfa4-0900-40d7-8a55-a86d43b8a4b7,SHOP_021,BEN_01541,2026-01-15 08:43:50.322714,Oil,2,100.0,28.654216,77.114329,West Delhi,0,52867.0,8,False,True,False,False,False,1,0.3482059621347161
879a7da5-2aeb-4b4f-b19d-e6fd482b67fa,SHOP_021,BEN_00579,2026-01-15 10:15:34.322714,Sugar,2,40.0,28.654216,77.114329,West Delhi,0,5504.0,10,False,False,False,True,False,1,0.2396758971730647
3c87bd7a-fc58-4c0f-8e2e-a1dfa13814b2,SHOP_022,BEN_02581,2025-12-16 17:09:16.322714,Wheat,5,10.0,28.696907,77.177649,North Delhi,0,9999.0,17,False,False,False,False,True,1,0.2833862877152556
f79e4a4e-cdd2-4df9-bdb8-1473bcbe139d,SHOP_022,BEN_02798,2025-12-17 09:42:00.322714,Wheat,5,10.0,28.696907,77.177649,North Delhi,0,59564.0,9,False,False,False,False,True,1,0.5209819011630726
75cb998e-80c3-4df6-8ad0-1959197095e4,SHOP_022,BEN_02327,2025-12-17 10:42:14.322714,Oil,1,50.0,28.696907,77.177649,North Delhi,0,3614.0,10,False,True,False,False,False,1,0.17789863221958885
071639ff-a0d1-4fef-8dc4-8e6bc8785f51,SHOP_022,BEN_02754,2025-12-17 10:56:11.322714,Sugar,1,20.0,28.696907,77.177649,North Delhi,0,837.0,10,False,False,False,True,False,1,0.32084940542348495
7af558a4-d64a-4ce6-9e6c-63a6ef096689,SHOP_022,BEN_01626,2025-12-17 14:02:13.322714,Rice,7,21.0,28.696907,77.177649,North Delhi,0,11162.0,14,False,False,True,False,False,1,0.1812105040564349
7411248d-6633-4052-9899-9e1f8f3fbb2e,SHOP_022,BEN_02597,2025-12-17 17:14:48.322714,Sugar,3,60.0,28.696907,77.177649,North Delhi,0,11555.0,17,False,False,False,True,False,1,0.16590466337484772
3a8ada70-1cf6-4f80-a79c-99968b41ad1b,SHOP_022,BEN_00524,2025-12-18 08:15:21.322714,Kerosene,3,75.0,28.696907,77.177649,North Delhi,0,54033.0,8,True,False,False,False,False,1,0.4356606168127314
9fe02928-e044-4223-848d-d5d9a52be3b4,SHOP_022,BEN_02290,2025-12-18 13:55:10.322714,Wheat,5,10.0,28.696907,77.177649,North Delhi,0,20389.0,13,False,False,False,False,True,1,0.35973736412355484
849ce8d6-1b3e-46a3-9b06-01840612db64,SHOP_022,BEN_02567,2025-12-18 18:33:52.322714,Rice,19,57.0,28.696907,77.177649,North Delhi,0,16722.0,18,False,False,True,False,False,1,0.40110022315558125
dac70e36-a6c4-40a9-b645-75b3222a4ce5,SHOP_022,BEN_01895,2025-12-18 18:34:20.322714,Kerosene,2,50.0,28.696907,77.177649,North Delhi,0,28.0,18,True,False,False,False,False,1,0.2419401512054158
1217327e-c3ba-4583-a2ac-19da9fb794b8,SHOP_022,BEN_00865,2025-12-19 19:42:52.322714,Rice,6,18.0,28.696907,77.177649,North Delhi,0,90512.0,19,False,False,True,False,False,-1,0.7195793517464935
d919ed1a-087f-4255-a2c7-8cf4d7050e4d,SHOP_022,BEN_01825,2025-12-20 11:25:25.322714,Wheat,16,32.0,28.696907,77.177649,North Delhi,0,56553.0,11,False,False,False,False,True,1,0.4351407917358887
01219a9a-6dc0-4f4f-b2c6-c17d9f5b87ac,SHOP_022,BEN_02816,2025-12-20 19:52:50.322714,Oil,1,50.0,28.696907,77.177649,North Delhi,0,30445.0,19,False,True,False,False,False,1,0.4985359691703109
69537b4a-9905-4dff-a0d0-21645f3c5fcb,SHOP_022,BEN_02906,2025-12-22 10:00:18.322714,Oil,2,100.0,28.696907,77.177649,North Delhi,0,137248.0,10,False,True,False,False,False,-1,0.73436851145086
3a126aad-2e7e-46a8-b225-9f8e7153e036,SHOP_022,BEN_01316,2025-12-22 12:32:11.322714,Oil,2,100.0,28.696907,77.177649,North Delhi,0,9113.0,12,False,True,False,False,False,1,0.12864177472033445
b8620d68-eefb-4a00-80fe-564b0d7471cc,SHOP_022,BEN_01017,2025-12-22 16:23:51.322714,Kerosene,2,50.0,28.696907,77.177649,North Delhi,0,13900.0,16,True,False,False,False,False,1,0.11162472473989271
1016baeb-db86-4ed8-a382-9d64ed672662,SHOP_022,BEN_00482,2025-12-22 19:11:37.322714,Rice,6,18.0,28.696907,77.177649,North Delhi,0,10066.0,19,False,False,True,False,False,1,0.33668811857164105
67e00793-218d-4cd6-9abd-a740ad752c89,SHOP_022,BEN_00504,2025-12-22 19:19:47.322714,Kerosene,3,75.0,28.696907,77.177649,North Delhi,0,490.0,19,True,False,False,False,False,1,0.330602952669478
d9f51f3e-a925-4ac5-8b3f-f1f11b756c80,SHOP_022,BEN_00486,2025-12-23 09:13:17.322714,Oil,1,50.0,28.696907,77.177649,North Delhi,0,50010.0,9,False,True,False,False,False,1,0.3053131374368815
8d1c22da-a386-45d0-9901-38d8ff949f72,SHOP_022,BEN_01240,2025-12-23 14:48:24.322714,Kerosene,2,50.0,28.696907,77.177649,North Delhi,0,20107.0,14,True,False,False,False,False,1,0.19034432726102102
e35564dd-bb0e-4233-a886-1d5c6db68e57,SHOP_022,BEN_00276,2025-12-24 11:05:16.322714,Rice,6,18.0,28.696907,77.177649,North Delhi,0,73012.0,11,False,False,True,False,False,1,0.4684935716798477
7a807dcf-1e11-408b-b273-fca71a54204f,SHOP_022,BEN_02866,2025-12-24 14:57:07.322714,Sugar,1,20.0,28.696907,77.177649,North Delhi,0,13911.0,14,False,False,False,True,False,1,0.14017201317210365
9c97c530-d980-442e-96bf-06d950303e48,SHOP_022,BEN_02184,2025-12-24 18:55:58.322714,Oil,1,50.0,28.696907,77.177649,North Delhi,0,14331.0,18,False,True,False,False,False,1,0.22264398049025835
90558d2c-0863-4713-b87a-a44697564d90,SHOP_022,BEN_00436,2025-12-25 08:41:08.322714,Oil,2,100.0,28.696907,77.177649,North Delhi,0,49510.0,8,False,True,False,False,False,1,0.3640090855551947
4748adcd-0629-4140-b4a7-f0f90d71c555,SHOP_022,BEN_02103,2025-12-25 12:53:56.322714,Sugar,3,60.0,28.696907,77.177649,North Delhi,0,15168.0,12,False,False,False,True,False,1,0.1961528744355076
cfb0219e-94ac-41a5-a3be-818290046992,SHOP_022,BEN_02685,2025-12-25 17:44:50.322714,Sugar,3,60.0,28.696907,77.177649,North Delhi,0,17454.0,17,False,False,False,True,False,1,0.22920198653247215
b8ab604f-9574-445f-ac9c-20e1bbc3a56c,SHOP_022,BEN_00482,2025-12-26 09:11:56.322714,Sugar,2,40.0,28.696907,77.177649,North Delhi,0,55626.0,9,False,False,False,True,False,1,0.28086240256156175
c3b6142c-a7de-439c-b68e-9af4d58501e1,SHOP_022,BEN_02790,2025-12-26 09:50:07.322714,Rice,17,51.0,28.696907,77.177649,North Delhi,0,2291.0,9,False,False,True,False,False,1,0.36693339119041546
3f14d362-b913-46e6-ba6d-d0fdc969f302,SHOP_022,BEN_02433,2025-12-26 10:34:47.322714,Sugar,2,40.0,28.696907,77.177649,North Delhi,0,2680.0,10,False,False,False,True,False,1,0.2340077442899957
38c30bb8-51e4-444f-8912-d3ee25253fd5,SHOP_022,BEN_02958,2025-12-26 19:03:49.322714,Wheat,19,38.0,28.696907,77.177649,North Delhi,0,30542.0,19,False,False,False,False,True,-1,0.6191645550196836
28b737df-f801-4f20-bbc9-fca1664c9bd6,SHOP_022,BEN_01548,2025-12-27 08:42:52.322714,Wheat,16,32.0,28.696907,77.177649,North Delhi,0,49143.0,8,False,False,False,False,True,1,0.5383859639179653
6c68d7fb-1e65-4609-899d-fd170ce516e4,SHOP_022,BEN_01229,2025-12-27 09:50:35.322714,Rice,15,45.0,28.696907,77.177649,North Delhi,0,4063.0,9,False,False,True,False,False,1,0.3392175769215111
e3190b1e-54c0-4bce-8f7f-662328dd558a,SHOP_022,BEN_01522,2025-12-27 10:48:11.322714,Oil,2,100.0,28.696907,77.177649,North Delhi,0,3456.0,10,False,True,False,False,False,1,0.17839018148093866
11dcc1c0-fb78-4bd5-be93-71ca419cfca2,SHOP_022,BEN_00928,2025-12-27 12:00:36.322714,Rice,11,33.0,28.696907,77.177649,North Delhi,0,4345.0,12,False,False,True,False,False,1,0.1308540784406162
d6e8da76-d17a-4c50-bab6-b883a08b1939,SHOP_022,BEN_01627,2025-12-27 12:50:15.322714,Rice,15,45.0,28.696907,77.177649,North Delhi,0,2979.0,12,False,False,True,False,False,1,0.19197803777826294
6806b773-4958-41bd-9e10-04c192c9b64d,SHOP_022,BEN_02652,2025-12-27 15:26:36.322714,Rice,8,24.0,28.696907,77.177649,North Delhi,0,9381.0,15,False,False,True,False,False,1,0.20892364417863396
ea8a965b-ec98-45b0-9a30-c227479c2177,SHOP_022,BEN_02896,2025-12-27 19:56:33.322714,Rice,16,48.0,28.696907,77.177649,North Delhi,0,16197.0,19,False,False,True,False,False,1,0.3670517997068199
9fe720d7-b3b7-43cc-9278-a6beff9d82ce,SHOP_022,BEN_01941,2025-12-28 10:32:15.322714,Sugar,2,40.0,28.696907,77.177649,North Delhi,0,52542.0,10,False,False,False,True,False,1,0.24645087075849464
9c0eba36-9822-40f0-ab07-937d5fe211c7,SHOP_022,BEN_02053,2025-12-28 11:38:25.322714,Rice,15,45.0,28.696907,77.177649,North Delhi,0,3970.0,11,False,False,True,False,False,1,0.23952963891797685
b9dcdc22-3288-4cfe-b2c0-7cf7ca17439d,SHOP_022,BEN_02903,2025-12-28 14:59:24.322714,Rice,15,45.0,28.696907,77.177649,North Delhi,0,12059.0,14,False,False,True,False,False,1,0.14925308579098667
a18c0c34-efb7-46d8-b8c9-5e827e616f03,SHOP_022,BEN_01369,2025-12-28 15:21:34.322714,Kerosene,1,25.0,28.696907,77.177649,North Delhi,0,1330.0,15,True,False,False,False,False,1,0.1812695721220503
61811de1-6257-494b-882e-933b69d95bd0,SHOP_022,BEN_01609,2025-12-29 09:22:41.322714,Wheat,12,24.0,28.696907,77.177649,North Delhi,0,64867.0,9,False,False,False,False,True,1,0.4731695567293925
2b50ce4b-8371-4262-aef4-ddbd9a9a3c9d,SHOP_022,BEN_02211,2025-12-29 10:02:06.322714,Oil,1,50.0,28.696907,77.177649,North Delhi,0,2365.0,10,False,True,False,False,False,1,0.20570174738464803
8a0439c1-0208-40e4-bc2c-d79a5a4e95fc,SHOP_022,BEN_01421,2025-12-29 17:20:22.322714,Rice,17,51.0,28.696907,77.177649,North Delhi,0,26296.0,17,False,False,True,False,False,1,0.32567098454652077
b7295dcd-3261-4260-bc62-b59c7324fd6c,SHOP_022,BEN_02884,2025-12-30 09:28:04.322714,Oil,1,50.0,28.696907,77.177649,North Delhi,0,58062.0,9,False,True,False,False,False,1,0.3143709847243496
b26134b7-46f1-4d88-8540-cfcc0ebd10e9,SHOP_022,BEN_02656,2025-12-30 09:31:37.322714,Wheat,17,34.0,28.696907,77.177649,North Delhi,0,213.0,9,False,False,False,False,True,1,0.5179346409806946
cc9ace37-e489-460a-b97d-e24f245f7f09,SHOP_022,BEN_00473,2025-12-30 12:37:18.322714,Kerosene,1,25.0,28.696907,77.177649,North Delhi,0,11141.0,12,True,False,False,False,False,1,0.20269370816993126
b20a0c12-787c-4cdb-a280-f137cac4726b,SHOP_022,BEN_02064,2025-12-30 18:16:06.322714,Sugar,1,20.0,28.696907,77.177649,North Delhi,0,20328.0,18,False,False,False,True,False,1,0.30915875447083957
88c4f622-feeb-408c-a9f9-4f6095ed8fbe,SHOP_022,BEN_02174,2025-12-30 19:38:24.322714,Wheat,13,26.0,28.696907,77.177649,North Delhi,0,4938.0,19,False,False,False,False,True,1,0.3043220448157685
1cd01821-329b-4c32-b963-5f5c4a89c498,SHOP_022,BEN_00957,2025-12-30 19:39:19.322714,Kerosene,3,75.0,28.696907,77.177649,North Delhi,0,55.0,19,True,False,False,False,False,1,0.3463015019248802
642dc073-858c-46ab-9abd-5d20ce40e854,SHOP_022,BEN_02328,2025-12-31 12:25:32.322714,Wheat,18,36.0,28.696907,77.177649,North Delhi,0,60373.0,12,False,False,False,False,True,1,0.49411290461903495
c2b94ffc-7208-422b-879e-e3fb5f09db8a,SHOP_022,BEN_02670,2025-12-31 14:08:16.322714,Sugar,2,40.0,28.696907,77.177649,North Delhi,0,6164.0,14,False,False,False,True,False,1,0.06259513324007315
cdb3a916-499d-436c-9d59-f634e1a5fb17,SHOP_022,BEN_00703,2025-12-31 15:54:23.322714,Oil,2,100.0,28.696907,77.177649,North Delhi,0,6367.0,15,False,True,False,False,False,1,0.0009145705273682081
aabe873e-4869-47c6-957e-ad2da8c57281,SHOP_022,BEN_02310,2026-01-01 11:25:23.322714,Sugar,3,60.0,28.696907,77.177649,North Delhi,0,70260.0,11,False,False,False,True,False,1,0.34018823941957477
ed1330fa-243b-4cfe-a972-52375dd656c3,SHOP_022,BEN_02205,2026-01-01 12:37:50.322714,Oil,1,50.0,28.696907,77.177649,North Delhi,0,4347.0,12,False,True,False,False,False,1,0.13928496034049287
45546aa8-2db6-4cc2-9792-dab016f37ad9,SHOP_022,BEN_02717,2026-01-01 13:55:21.322714,Oil,2,100.0,28.696907,77.177649,North Delhi,0,4651.0,13,False,True,False,False,False,1,0.07850010764964599
ae1d9f61-38bb-4214-bdf2-a145eb85b3d6,SHOP_022,BEN_00115,2026-01-01 17:27:20.322714,Oil,2,100.0,28.696907,77.177649,North Delhi,0,12719.0,17,False,True,False,False,False,1,0.12428305192865718
7294b146-ff69-4846-8b66-b8d9d0d2ce65,SHOP_022,BEN_02296,2026-01-01 18:15:24.322714,Wheat,7,14.0,28.696907,77.177649,North Delhi,0,2884.0,18,False,False,False,False,True,1,0.27744082391151387
d69a18dd-10ad-46c5-97c3-32f9834b4a59,SHOP_022,BEN_01355,2026-01-02 08:04:45.322714,Rice,13,39.0,28.696907,77.177649,North Delhi,0,49761.0,8,False,False,True,False,False,1,0.4444452755053607
a4e3c7e2-7fd7-44cf-8028-e26b08307ced,SHOP_022,BEN_02566,2026-01-02 10:42:51.322714,Sugar,2,40.0,28.696907,77.177649,North Delhi,0,9486.0,10,False,False,False,True,False,1,0.23410918026539618
de666a15-e004-44d7-a04b-fbb4442b01d1,SHOP_022,BEN_00566,2026-01-03 10:32:57.322714,Oil,2,100.0,28.696907,77.177649,North Delhi,0,85806.0,10,False,True,False,False,False,1,0.4932067874285561
3a3c7c29-7fb0-439a-840e-adae3602c918,SHOP_022,BEN_02488,2026-01-03 16:18:46.322714,Kerosene,1,25.0,28.696907,77.177649,North Delhi,0,20749.0,16,True,False,False,False,False,1,0.2626280073321939
db297053-2fa1-49b7-bd11-adf35a6073c1,SHOP_022,BEN_01159,2026-01-03 17:14:24.322714,Wheat,18,36.0,28.696907,77.177649,North Delhi,0,3338.0,17,False,False,False,False,True,1,0.28598508989741966
8b362148-0be5-4d91-8116-9499e193a5e6,SHOP_022,BEN_02445,2026-01-03 19:01:34.322714,Wheat,13,26.0,28.696907,77.177649,North Delhi,0,6430.0,19,False,False,False,False,True,1,0.3075108923550196
927a5402-0c74-43f6-96e7-65cfd0bc3054,SHOP_022,BEN_01051,2026-01-04 08:33:58.322714,Rice,11,33.0,28.696907,77.177649,North Delhi,0,48744.0,8,False,False,True,False,False,1,0.41058606061618264
f71c8020-0df2-43a1-957a-5ff3ff558f60,SHOP_022,BEN_01811,2026-01-04 13:30:27.322714,Sugar,1,20.0,28.696907,77.177649,North Delhi,0,17789.0,13,False,False,False,True,False,1,0.1974748532584621
6bf9855a-8ffb-420e-b556-104d510a4ce8,SHOP_022,BEN_02417,2026-01-04 16:48:43.322714,Oil,1,50.0,28.696907,77.177649,North Delhi,0,11896.0,16,False,True,False,False,False,1,0.11689361281070904
7527ca5a-2ba1-4252-987f-89318c92eab0,SHOP_022,BEN_01563,2026-01-05 10:49:34.322714,Oil,2,100.0,28.696907,77.177649,North Delhi,0,64851.0,10,False,True,False,False,False,1,0.3293251728736452
e8e25e23-54d2-4ecc-a87c-4b9de3c4b514,SHOP_022,BEN_00337,2026-01-05 17:59:45.322714,Oil,2,100.0,28.696907,77.177649,North Delhi,0,25811.0,17,False,True,False,False,False,1,0.23260066762525483
85b90d24-7b77-4960-9312-9c5d13403777,SHOP_022,BEN_00304,2026-01-05 19:37:52.322714,Wheat,13,26.0,28.696907,77.177649,North Delhi,0,5887.0,19,False,False,False,False,True,1,0.30918253098554815
35e25c5a-35bf-409d-98a9-b1ec512141ce,SHOP_022,BEN_00636,2026-01-06 08:44:42.322714,Rice,14,42.0,28.696907,77.177649,North Delhi,0,47210.0,8,False,False,True,False,False,1,0.4695950886990038
1a0ae0ae-8fd1-42bc-8f08-21d16e7f467e,SHOP_022,BEN_01155,2026-01-07 14:58:30.322714,Wheat,18,36.0,28.696907,77.177649,North Delhi,0,108828.0,14,False,False,False,False,True,-1,0.8205774028556213
25eedd48-45e5-46d6-acd2-7295b98aa573,SHOP_022,BEN_01443,2026-01-07 18:37:35.322714,Wheat,16,32.0,28.696907,77.177649,North Delhi,0,13145.0,18,False,False,False,False,True,1,0.2514077442847019
abce6e13-c9b8-492f-80c3-61fddffbafa6,SHOP_022,BEN_01964,2026-01-08 09:52:09.322714,Oil,1,50.0,28.696907,77.177649,North Delhi,0,54874.0,9,False,True,False,False,False,1,0.294006662530903
caac2c33-1d62-4655-8d32-f9c01da70cde,SHOP_022,BEN_01829,2026-01-08 10:22:31.322714,Kerosene,1,25.0,28.696907,77.177649,North Delhi,0,1822.0,10,True,False,False,False,False,1,0.3141434478160133
8005877d-d2dc-45a7-8f30-a8514dc9ea09,SHOP_022,BEN_02843,2026-01-08 12:47:46.322714,Sugar,2,40.0,28.696907,77.177649,North Delhi,0,8715.0,12,False,False,False,True,False,1,0.09723476084196203
93468cb0-d936-446f-9270-4d3d00a07066,SHOP_022,BEN_01575,2026-01-09 08:01:19.322714,Wheat,16,32.0,28.696907,77.177649,North Delhi,0,69213.0,8,False,False,False,False,True,-1,0.5859514737851562
4c445807-46d3-4a90-ad55-090818e07eb2,SHOP_022,BEN_02161,2026-01-09 08:42:32.322714,Sugar,2,40.0,28.696907,77.177649,North Delhi,0,2473.0,8,False,False,False,True,False,1,0.3908312488744192
02f3a0fe-8b7c-4718-a48b-b9434cac8aa5,SHOP_022,BEN_01347,2026-01-09 17:30:15.322714,Sugar,2,40.0,28.696907,77.177649,North Delhi,0,31663.0,17,False,False,False,True,False,1,0.3656608242072401
7bcacacd-86c1-4df4-ad32-2296b65ef784,SHOP_022,BEN_02793,2026-01-09 18:06:35.322714,Sugar,2,40.0,28.696907,77.177649,North Delhi,0,2180.0,18,False,False,False,True,False,1,0.22130066993168446
efd6cc3a-f4ce-41cf-92b5-fdce1272f1e5,SHOP_022,BEN_01289,2026-01-10 13:32:50.322714,Kerosene,2,50.0,28.696907,77.177649,North Delhi,0,69975.0,13,True,False,False,False,False,1,0.4287895669837476
02bf3b3e-6b3c-4070-aef9-f5cc64a92c46,SHOP_022,BEN_01141,2026-01-10 14:09:03.322714,Kerosene,1,25.0,28.696907,77.177649,North Delhi,0,2173.0,14,True,False,False,False,False,1,0.16797095755187746
b5f09d8a-7729-454d-bb9d-2affd0dc7702,SHOP_022,BEN_02179,2026-01-10 19:51:20.322714,Rice,18,54.0,28.696907,77.177649,North Delhi,0,20537.0,19,False,False,True,False,False,1,0.45868024707238864
f69ab0b4-d60b-4c08-9e1f-ecebcdf621fc,SHOP_022,BEN_01372,2026-01-11 09:43:11.322714,Kerosene,1,25.0,28.696907,77.177649,North Delhi,0,49911.0,9,True,False,False,False,False,1,0.42419291094264944
29462225-c807-4bcb-9c9e-c3bc248e2866,SHOP_022,BEN_00517,2026-01-11 13:59:24.322714,Oil,2,100.0,28.696907,77.177649,North Delhi,0,15373.0,13,False,True,False,False,False,1,0.13529873570679163
f6771c03-17bd-47dc-91bb-11573e579c74,SHOP_022,BEN_00730,2026-01-11 16:31:39.322714,Wheat,11,22.0,28.696907,77.177649,North Delhi,0,9135.0,16,False,False,False,False,True,1,0.13490394975797754
95a53849-8106-415c-beff-5f40b23a2fa1,SHOP_022,BEN_01834,2026-01-11 17:37:23.322714,Wheat,17,34.0,28.696907,77.177649,North Delhi,0,3944.0,17,False,False,False,False,True,1,0.2589440317335153
f2425922-d158-43b7-8370-c78c9e9eca4d,SHOP_022,BEN_02834,2026-01-12 11:10:31.322714,Rice,20,60.0,28.696907,77.177649,North Delhi,0,63188.0,11,False,False,True,False,False,1,0.5040574388806532
c79712b3-9e8b-4ff9-b6df-0303125402d2,SHOP_022,BEN_01991,2026-01-12 18:30:03.322714,Rice,14,42.0,28.696907,77.177649,North Delhi,0,26372.0,18,False,False,True,False,False,1,0.3607447245779153
c52eeedb-8357-45b4-bab7-16ad9b351655,SHOP_022,BEN_02910,2026-01-12 19:05:43.322714,Rice,12,36.0,28.696907,77.177649,North Delhi,0,2140.0,19,False,False,True,False,False,1,0.35797257532013055
4d2e17f4-6a79-4b32-869b-bed7db4495ea,SHOP_022,BEN_02938,2026-01-13 09:02:33.322714,Wheat,9,18.0,28.696907,77.177649,North Delhi,0,50210.0,9,False,False,False,False,True,1,0.4988783859696504
5a8e3ec3-c4dd-441a-a220-016b9944e916,SHOP_022,BEN_00868,2026-01-13 13:34:49.322714,Sugar,1,20.0,28.696907,77.177649,North Delhi,0,16336.0,13,False,False,False,True,False,1,0.17618982876267858
90d64d65-9fa4-452b-948d-046ef17c6ed0,SHOP_022,BEN_02244,2026-01-13 14:50:42.322714,Kerosene,2,50.0,28.696907,77.177649,North Delhi,0,4553.0,14,True,False,False,False,False,1,0.10947591351367958
280d37cd-146e-42d2-8f10-0f647dc67dc6,SHOP_022,BEN_00017,2026-01-13 18:12:10.322714,Wheat,14,28.0,28.696907,77.177649,North Delhi,0,12088.0,18,False,False,False,False,True,1,0.23013306380174348
6dd60d06-6f6d-4e9f-96e5-5f18d6f2d079,SHOP_022,BEN_02751,2026-01-14 10:24:26.322714,Wheat,12,24.0,28.696907,77.177649,North Delhi,0,58336.0,10,False,False,False,False,True,1,0.3752000711671083
a1b0ae81-d25d-4a84-b6ed-e25192daa9fb,SHOP_022,BEN_01596,2026-01-14 10:57:06.322714,Rice,11,33.0,28.696907,77.177649,North Delhi,0,1960.0,10,False,False,True,False,False,1,0.21026070025845622
1382db8a-9e59-4420-a70e-8aa38d36e22a,SHOP_022,BEN_00340,2026-01-14 15:55:44.322714,Oil,2,100.0,28.696907,77.177649,North Delhi,0,17918.0,15,False,True,False,False,False,1,0.09059623487478696
856d65ec-b199-4c76-8e3c-456559a17880,SHOP_022,BEN_01247,2026-01-14 16:03:12.322714,Sugar,1,20.0,28.696907,77.177649,North Delhi,0,448.0,16,False,False,False,True,False,1,0.2221380134453766
9dc04d33-4faf-4801-ae21-9c6e38e825ce,SHOP_022,BEN_01800,2026-01-14 16:50:36.322714,Wheat,12,24.0,28.696907,77.177649,North Delhi,0,2844.0,16,False,False,False,False,True,1,0.1725584991339696
ec783e08-4cce-4313-8af6-d136d6ca41e3,SHOP_022,BEN_00767,2026-01-15 09:30:59.322714,Sugar,1,20.0,28.696907,77.177649,North Delhi,0,60023.0,9,False,False,False,True,False,1,0.33418342189012973
b0937257-cb4d-45b1-aeac-bdbde3a68f53,SHOP_022,BEN_01607,2026-01-15 09:41:55.322714,Rice,7,21.0,28.696907,77.177649,North Delhi,0,656.0,9,False,False,True,False,False,1,0.3407404958965496
4443a95b-4ffd-4582-b526-658a53f2c703,SHOP_023,BEN_01857,2025-12-16 17:51:02.322714,Kerosene,2,50.0,28.592266,77.310411,East Delhi,0,9999.0,17,True,False,False,False,False,1,0.1480191680766077
067f5d0b-8ff0-4162-a219-584e2c63470c,SHOP_023,BEN_02606,2025-12-17 09:15:01.322714,Sugar,3,60.0,28.592266,77.310411,East Delhi,0,55439.0,9,False,False,False,True,False,1,0.31865721417015247
bf74cb81-fc4e-4bce-959a-e2917525c482,SHOP_023,BEN_01906,2025-12-17 11:14:08.322714,Sugar,1,20.0,28.592266,77.310411,East Delhi,0,7147.0,11,False,False,False,True,False,1,0.19295459847759272
1535f8ba-11cd-459f-ad9e-4e01aeaf708d,SHOP_023,BEN_00406,2025-12-17 11:31:11.322714,Wheat,7,14.0,28.592266,77.310411,East Delhi,0,1023.0,11,False,False,False,False,True,1,0.28467397536052136
ca9ffa64-4542-4bfb-aaf2-03c902951f5d,SHOP_023,BEN_00342,2025-12-18 08:24:33.322714,Wheat,18,36.0,28.592266,77.310411,East Delhi,0,75202.0,8,False,False,False,False,True,-1,0.6587532630929319
b32f9482-e92b-4deb-b5d1-fa9edd941ab1,SHOP_023,BEN_02684,2025-12-18 11:17:40.322714,Oil,2,100.0,28.592266,77.310411,East Delhi,0,10387.0,11,False,True,False,False,False,1,0.177337935117649
28de7496-97b3-4606-9680-3a42130f4279,SHOP_023,BEN_01130,2025-12-18 13:22:54.322714,Wheat,14,28.0,28.592266,77.310411,East Delhi,0,7514.0,13,False,False,False,False,True,1,0.10408550663167748
c2399028-642e-43fd-b779-e7ef77f84aaa,SHOP_023,BEN_00214,2025-12-18 14:07:48.322714,Wheat,12,24.0,28.592266,77.310411,East Delhi,0,2694.0,14,False,False,False,False,True,1,0.14318823024822303
21261764-5a8c-4ec5-8c13-19efd012dd02,SHOP_023,BEN_01155,2025-12-18 18:55:04.322714,Sugar,1,20.0,28.592266,77.310411,East Delhi,0,17236.0,18,False,False,False,True,False,1,0.29048966560691564
2e724111-11f6-4af4-978c-b88bf46d0b41,SHOP_023,BEN_00348,2025-12-18 19:00:36.322714,Oil,1,50.0,28.592266,77.310411,East Delhi,0,332.0,19,False,True,False,False,False,1,0.32407493667600606
41a29bb0-1869-476a-b9b9-368fab9be23e,SHOP_023,BEN_02903,2025-12-18 19:49:00.322714,Kerosene,1,25.0,28.592266,77.310411,East Delhi,0,2904.0,19,True,False,False,False,False,1,0.27765826613863315
6b1c11f2-5257-4e98-baa3-13035567fbb6,SHOP_023,BEN_02875,2025-12-19 11:40:40.322714,Sugar,2,40.0,28.592266,77.310411,East Delhi,0,57100.0,11,False,False,False,True,False,1,0.22967170070769644
c071662b-cfd8-4c92-ba69-bd6d25f32a0b,SHOP_023,BEN_02184,2025-12-19 14:23:20.322714,Sugar,1,20.0,28.592266,77.310411,East Delhi,0,9760.0,14,False,False,False,True,False,1,0.09968639359497317
ede681b4-1aaf-4eb9-8b53-74abfcba8fbd,SHOP_023,BEN_01541,2025-12-19 16:38:53.322714,Rice,19,57.0,28.592266,77.310411,East Delhi,0,8133.0,16,False,False,True,False,False,1,0.2754645797400326
b5054766-14ac-4cdb-8a5b-958b06573c1e,SHOP_023,BEN_02537,2025-12-19 17:07:54.322714,Kerosene,1,25.0,28.592266,77.310411,East Delhi,0,1741.0,17,True,False,False,False,False,1,0.23797693883616128
7be0227f-545f-4f2c-98a7-bcc55a8aae03,SHOP_023,BEN_01250,2025-12-20 10:52:02.322714,Rice,20,60.0,28.592266,77.310411,East Delhi,0,63848.0,10,False,False,True,False,False,1,0.5367883397539043
64759e31-35db-4dd2-aae6-2a49d08ce4b9,SHOP_023,BEN_01564,2025-12-21 08:19:28.322714,Wheat,15,30.0,28.592266,77.310411,East Delhi,0,77246.0,8,False,False,False,False,True,-1,0.6384502865712847
e1e3acb8-b09f-439a-9d46-9a452349ccc4,SHOP_023,BEN_01511,2025-12-21 09:26:46.322714,Wheat,16,32.0,28.592266,77.310411,East Delhi,0,4038.0,9,False,False,False,False,True,1,0.4008655023639035
a41d0c95-1136-4236-9d2e-3e04403655c1,SHOP_023,BEN_02248,2025-12-21 16:24:56.322714,Wheat,20,40.0,28.592266,77.310411,East Delhi,0,25090.0,16,False,False,False,False,True,1,0.4599840622536558
cb732e26-f73d-41f9-9512-2630930b35ad,SHOP_023,BEN_02969,2025-12-21 19:29:52.322714,Sugar,3,60.0,28.592266,77.310411,East Delhi,0,11096.0,19,False,False,False,True,False,1,0.3266199753848474
903c7068-96de-4dc5-8c1b-d24b1918ae7b,SHOP_023,BEN_01595,2025-12-22 09:26:55.322714,Rice,18,54.0,28.592266,77.310411,East Delhi,0,50223.0,9,False,False,True,False,False,1,0.45385911500966497
f6f15b74-cf99-4971-8f06-3dce072243a4,SHOP_023,BEN_01590,2025-12-22 11:35:41.322714,Wheat,12,24.0,28.592266,77.310411,East Delhi,0,7726.0,11,False,False,False,False,True,1,0.1893268036114396
96a42b60-b805-4450-af81-7a32d04c1d6f,SHOP_023,BEN_02565,2025-12-22 17:39:31.322714,Wheat,16,32.0,28.592266,77.310411,East Delhi,0,21830.0,17,False,False,False,False,True,1,0.32261364552188604
5d89a880-3773-4d5c-b86d-b64ed7c6397b,SHOP_023,BEN_01267,2025-12-22 18:07:19.322714,Wheat,17,34.0,28.592266,77.310411,East Delhi,0,1668.0,18,False,False,False,False,True,1,0.3438026908758095
f3d9c21e-da8c-4aac-b203-f8aef05ae343,SHOP_023,BEN_00280,2025-12-23 11:07:27.322714,Kerosene,1,25.0,28.592266,77.310411,East Delhi,0,61208.0,11,True,False,False,False,False,1,0.4645815188945382
df105ca4-a923-4d71-b5c7-9f86f10f6b34,SHOP_023,BEN_00876,2025-12-23 11:24:18.322714,Rice,6,18.0,28.592266,77.310411,East Delhi,0,1011.0,11,False,False,True,False,False,1,0.25893609143239515
6dc5a41a-4d58-4834-969c-9d027f408334,SHOP_023,BEN_02207,2025-12-23 12:45:30.322714,Wheat,5,10.0,28.592266,77.310411,East Delhi,0,4872.0,12,False,False,False,False,True,1,0.2822008680238489
3995764e-9f2f-48b6-b94b-ecd5b494bd69,SHOP_023,BEN_01188,2025-12-23 17:42:18.322714,Kerosene,3,75.0,28.592266,77.310411,East Delhi,0,17808.0,17,True,False,False,False,False,1,0.21619540820703614
75342f0a-200d-4b02-8d7a-10dc4ead5fe8,SHOP_023,BEN_01578,2025-12-24 08:04:57.322714,Sugar,1,20.0,28.592266,77.310411,East Delhi,0,51759.0,8,False,False,False,True,False,1,0.3863223823440606
279ec1eb-6beb-4c1f-bd5a-539f564df69f,SHOP_023,BEN_01180,2025-12-24 17:22:09.322714,Sugar,3,60.0,28.592266,77.310411,East Delhi,0,33432.0,17,False,False,False,True,False,1,0.39147847150142717
3b4c978c-6fc8-4b5d-8125-bc101c83732b,SHOP_023,BEN_02215,2025-12-24 17:24:33.322714,Rice,16,48.0,28.592266,77.310411,East Delhi,0,144.0,17,False,False,True,False,False,1,0.25018316062729784
cb71eebb-ac39-49e8-b758-4f27181046ac,SHOP_023,BEN_02953,2025-12-25 14:49:10.322714,Kerosene,2,50.0,28.592266,77.310411,East Delhi,0,77077.0,14,True,False,False,False,False,1,0.44402105051439167
a520b825-69e3-4fa0-9d9e-20327b98929c,SHOP_023,BEN_00854,2025-12-26 12:02:32.322714,Rice,16,48.0,28.592266,77.310411,East Delhi,0,76402.0,12,False,False,True,False,False,1,0.47785313879021635
52b4e78f-8568-4b30-b976-b6cc554cd9eb,SHOP_023,BEN_02390,2025-12-26 13:06:59.322714,Rice,11,33.0,28.592266,77.310411,East Delhi,0,3867.0,13,False,False,True,False,False,1,0.13003937138741517
aebc11da-32de-4669-a7e7-3732f7ba7bea,SHOP_023,BEN_02921,2025-12-26 13:48:19.322714,Oil,2,100.0,28.592266,77.310411,East Delhi,0,2480.0,13,False,True,False,False,False,1,0.102253634863963
b8a7d938-90c9-4358-b618-86ea2b2c27f1,SHOP_023,BEN_02067,2025-12-26 14:16:13.322714,Wheat,20,40.0,28.592266,77.310411,East Delhi,0,1674.0,14,False,False,False,False,True,1,0.3695186216074948
883355de-c349-4e9b-8268-f131f60007bd,SHOP_023,BEN_02702,2025-12-26 18:19:08.322714,Kerosene,1,25.0,28.592266,77.310411,East Delhi,0,14575.0,18,True,False,False,False,False,1,0.23121964248849375
88226612-6404-4384-b071-6eedcbbeeb58,SHOP_023,BEN_02350,2025-12-27 08:47:37.322714,Wheat,18,36.0,28.592266,77.310411,East Delhi,0,52109.0,8,False,False,False,False,True,-1,0.6011506061553538
b885feb5-4b31-4324-ab50-db9bfb87cf49,SHOP_023,BEN_01011,2025-12-27 09:23:53.322714,Wheat,16,32.0,28.592266,77.310411,East Delhi,0,2176.0,9,False,False,False,False,True,1,0.4219113306205615
e4d501a7-ab36-431b-8963-191940ed52a1,SHOP_023,BEN_01538,2025-12-27 11:21:06.322714,Oil,2,100.0,28.592266,77.310411,East Delhi,0,7033.0,11,False,True,False,False,False,1,0.15741235439797369
e59ec309-4779-4845-a28c-e0d93fbeba55,SHOP_023,BEN_01882,2025-12-28 09:15:16.322714,Rice,19,57.0,28.592266,77.310411,East Delhi,0,78850.0,9,False,False,True,False,False,-1,0.6035355769712893
933b94fd-27e1-47df-a059-b3309380f7a2,SHOP_023,BEN_00645,2025-12-28 11:52:47.322714,Wheat,20,40.0,28.592266,77.310411,East Delhi,0,9451.0,11,False,False,False,False,True,1,0.37406543058282105
0f9bf52f-0271-48c8-9a5e-95887e32cd1e,SHOP_023,BEN_01302,2025-12-28 13:26:07.322714,Oil,1,50.0,28.592266,77.310411,East Delhi,0,5600.0,13,False,True,False,False,False,1,0.14104197993030132
02580f17-ff55-4bb6-8cbf-5fc08dc496af,SHOP_023,BEN_01384,2025-12-28 13:51:37.322714,Rice,19,57.0,28.592266,77.310411,East Delhi,0,1530.0,13,False,False,True,False,False,1,0.2927271809749237
699d3b4a-3695-4e49-97f2-93a44030338d,SHOP_023,BEN_01717,2025-12-28 14:24:38.322714,Rice,11,33.0,28.592266,77.310411,East Delhi,0,1981.0,14,False,False,True,False,False,1,0.14140487284683
4fff7692-9f3f-4448-97e8-8f34eca7f11c,SHOP_023,BEN_02118,2025-12-28 19:00:15.322714,Sugar,2,40.0,28.592266,77.310411,East Delhi,0,16537.0,19,False,False,False,True,False,1,0.32951785137880557
c2b4f14a-37d2-4c5a-8c0c-6170eee8948d,SHOP_023,BEN_01839,2025-12-29 17:06:35.322714,Rice,16,48.0,28.592266,77.310411,East Delhi,0,79580.0,17,False,False,True,False,False,-1,0.6058795279129593
00b23236-c5c7-4134-b7a9-81034e0ed0a1,SHOP_023,BEN_01313,2025-12-29 17:53:03.322714,Rice,17,51.0,28.592266,77.310411,East Delhi,0,2788.0,17,False,False,True,False,False,1,0.2447059609693712
50cff693-ce1b-4eba-9e92-469682bdda0c,SHOP_023,BEN_00392,2025-12-30 12:29:58.322714,Sugar,2,40.0,28.592266,77.310411,East Delhi,0,67015.0,12,False,False,False,True,False,1,0.2515731624013098
e013c7cb-d7c6-404a-b217-3931669ccbe0,SHOP_023,BEN_01354,2025-12-30 19:06:20.322714,Kerosene,2,50.0,28.592266,77.310411,East Delhi,0,23782.0,19,True,False,False,False,False,1,0.29395792964316647
a895bc3a-7cbf-42f1-bad4-f741309b1140,SHOP_023,BEN_01935,2025-12-31 12:50:49.322714,Kerosene,3,75.0,28.592266,77.310411,East Delhi,0,63869.0,12,True,False,False,False,False,1,0.4186648593651093
cb5199e3-cb8c-4ff3-9df9-19c1a57ad29d,SHOP_023,BEN_00626,2026-01-01 15:36:41.322714,Kerosene,3,75.0,28.592266,77.310411,East Delhi,0,96352.0,15,True,False,False,False,False,-1,0.6413227917240574
1463fd18-f56c-4274-8183-2d16a1faf922,SHOP_023,BEN_00599,2026-01-01 19:50:14.322714,Rice,10,30.0,28.592266,77.310411,East Delhi,0,15213.0,19,False,False,True,False,False,1,0.3544240962214886
6585cd7c-0811-4e23-bec2-53e978ac93a1,SHOP_023,BEN_02781,2026-01-02 13:18:35.322714,Oil,1,50.0,28.592266,77.310411,East Delhi,0,62901.0,13,False,True,False,False,False,1,0.4191077702895225
a4d09dea-7181-49a9-ad37-9dbd500cab56,SHOP_023,BEN_01573,2026-01-02 17:34:04.322714,Kerosene,3,75.0,28.592266,77.310411,East Delhi,0,15329.0,17,True,False,False,False,False,1,0.20957032049721502
7cdee288-6367-4388-9368-af89d6210ccb,SHOP_023,BEN_02549,2026-01-02 18:13:19.322714,Rice,6,18.0,28.592266,77.310411,East Delhi,0,2355.0,18,False,False,True,False,False,1,0.28290505042741365
3d95a8d6-d9d1-4c67-8ac0-044ae699492f,SHOP_023,BEN_02853,2026-01-03 12:25:36.322714,Wheat,12,24.0,28.592266,77.310411,East Delhi,0,65537.0,12,False,False,False,False,True,1,0.46796712691211534
eb557264-0224-45e0-ad4f-4014911f0dbd,SHOP_023,BEN_02610,2026-01-03 15:11:34.322714,Wheat,11,22.0,28.592266,77.310411,East Delhi,0,9958.0,15,False,False,False,False,True,1,0.11130159821245328
1a4771d6-d5be-4875-8389-ba661fc1540a,SHOP_023,BEN_01849,2026-01-03 17:14:51.322714,Oil,1,50.0,28.592266,77.310411,East Delhi,0,7397.0,17,False,True,False,False,False,1,0.15199209632920335
e96805f2-1797-4df4-b388-15dc58cbdeed,SHOP_023,BEN_00478,2026-01-04 08:08:57.322714,Kerosene,1,25.0,28.592266,77.310411,East Delhi,0,53646.0,8,True,False,False,False,False,1,0.4664626284174725
6ff9eeb0-9220-46f7-acc0-0bf67759ef5d,SHOP_023,BEN_00320,2026-01-04 10:42:32.322714,Oil,2,100.0,28.592266,77.310411,East Delhi,0,9215.0,10,False,True,False,False,False,1,0.19728374658891246
615b959e-bea0-4903-b8e1-30f254369832,SHOP_023,BEN_02302,2026-01-04 11:05:51.322714,Oil,1,50.0,28.592266,77.310411,East Delhi,0,1399.0,11,False,True,False,False,False,1,0.20155047359201483
a51bee25-8289-4c64-9355-2af82277e716,SHOP_023,BEN_02173,2026-01-04 14:48:14.322714,Kerosene,1,25.0,28.592266,77.310411,East Delhi,0,13343.0,14,True,False,False,False,False,1,0.1596557115173977
14515e4c-90c2-4c36-be0a-071fd6090d9d,SHOP_023,BEN_00290,2026-01-05 08:24:08.322714,Sugar,1,20.0,28.592266,77.310411,East Delhi,0,63354.0,8,False,False,False,True,False,1,0.4279399656334923
69cf0d0c-72d0-4e9e-8fbe-e8ca73e6ce81,SHOP_023,BEN_01094,2026-01-05 11:25:32.322714,Sugar,1,20.0,28.592266,77.310411,East Delhi,0,10884.0,11,False,False,False,True,False,1,0.2136915592950674
e4402ceb-99ac-45e9-8d0b-d036bd92d622,SHOP_023,BEN_01440,2026-01-05 12:21:36.322714,Rice,14,42.0,28.592266,77.310411,East Delhi,0,3364.0,12,False,False,True,False,False,1,0.1670891484998061
e0afbddb-f077-4631-a552-c5682cdcfc0c,SHOP_023,BEN_02360,2026-01-05 12:27:27.322714,Oil,2,100.0,28.592266,77.310411,East Delhi,0,351.0,12,False,True,False,False,False,1,0.16880307763815477
3d6378ae-d55f-4285-b495-91ea697b360a,SHOP_023,BEN_00544,2026-01-05 17:02:11.322714,Sugar,1,20.0,28.592266,77.310411,East Delhi,0,16484.0,17,False,False,False,True,False,1,0.23764303266992215
97604d32-0b51-451e-ad6d-9573e2aa7f78,SHOP_023,BEN_01349,2026-01-05 17:58:56.322714,Kerosene,1,25.0,28.592266,77.310411,East Delhi,0,3405.0,17,True,False,False,False,False,1,0.1892446358325089
2dbd7da5-6aff-4fa6-8ac3-b69f8e4df506,SHOP_023,BEN_00222,2026-01-06 08:56:37.322714,Oil,1,50.0,28.592266,77.310411,East Delhi,0,53861.0,8,False,True,False,False,False,1,0.3940437578560114
2b7f9979-2182-4327-a377-bdaa5db35508,SHOP_023,BEN_02174,2026-01-06 09:52:47.322714,Rice,20,60.0,28.592266,77.310411,East Delhi,0,3370.0,9,False,False,True,False,False,1,0.5349767836297816
61140d96-6261-4162-aaa0-055aee193011,SHOP_023,BEN_01646,2026-01-07 14:43:52.322714,Sugar,1,20.0,28.592266,77.310411,East Delhi,0,103865.0,14,False,False,False,True,False,-1,0.6564225060326226
7ff44bb8-1e1d-49cb-ade8-66c1c4f924f2,SHOP_023,BEN_00020,2026-01-07 16:21:29.322714,Kerosene,2,50.0,28.592266,77.310411,East Delhi,0,5857.0,16,True,False,False,False,False,1,0.09667982797759223
f8957f5a-f879-4d3f-8c17-2bf62f63abff,SHOP_023,BEN_02905,2026-01-07 16:29:29.322714,Kerosene,1,25.0,28.592266,77.310411,East Delhi,0,480.0,16,True,False,False,False,False,1,0.23071850315897807
bf7c97ea-d69d-4de4-abca-fcf0eff90004,SHOP_023,BEN_00669,2026-01-07 17:25:57.322714,Sugar,3,60.0,28.592266,77.310411,East Delhi,0,3388.0,17,False,False,False,True,False,1,0.1640999420382238
61db4f2a-9a1f-45f1-8dbe-6727d42b180e,SHOP_023,BEN_01743,2026-01-08 11:15:05.322714,Rice,12,36.0,28.592266,77.310411,East Delhi,0,64148.0,11,False,False,True,False,False,1,0.3649342767003128
fd1e61e2-c746-4c03-9b19-94092bf4b012,SHOP_023,BEN_02325,2026-01-08 14:47:11.322714,Sugar,3,60.0,28.592266,77.310411,East Delhi,0,12726.0,14,False,False,False,True,False,1,0.1355571180779101
fbf1a8fc-3e6a-4fc1-a764-2a95bad57c51,SHOP_023,BEN_02950,2026-01-09 02:36:16.322714,Oil,2,100.0,28.592266,77.310411,East Delhi,1,42545.0,2,False,True,False,False,False,-1,0.6889833274441169
64f1051c-266c-44b3-934b-2e31e81ad86c,SHOP_023,BEN_00229,2026-01-09 13:40:07.322714,Wheat,19,38.0,28.592266,77.310411,East Delhi,0,39831.0,13,False,False,False,False,True,1,0.5075431267076564
25ec4512-ba9a-4249-b0d0-8a83f9d47d24,SHOP_023,BEN_02982,2026-01-10 02:04:18.322714,Sugar,1,20.0,28.592266,77.310411,East Delhi,1,44651.0,2,False,False,False,True,False,-1,0.6811880742339502
e0a1cf33-0309-49c8-8a38-2d8f16e8d7f0,SHOP_023,BEN_01276,2026-01-10 12:39:51.322714,Rice,20,60.0,28.592266,77.310411,East Delhi,0,38133.0,12,False,False,True,False,False,1,0.4910868468079235
eb7d6729-8346-44b5-ae0b-057be7276e72,SHOP_023,BEN_01028,2026-01-10 17:17:09.322714,Wheat,13,26.0,28.592266,77.310411,East Delhi,0,16638.0,17,False,False,False,False,True,1,0.2281860536015341
0ab3116e-7512-4be4-97a0-21f4717c8ecc,SHOP_023,BEN_01517,2026-01-11 18:32:51.322714,Wheat,13,26.0,28.592266,77.310411,East Delhi,0,90942.0,18,False,False,False,False,True,-1,0.757080449167366
a203f964-7fa8-4fb7-bf1e-8b0bccbbdafd,SHOP_023,BEN_02223,2026-01-12 13:55:37.322714,Oil,1,50.0,28.592266,77.310411,East Delhi,0,69766.0,13,False,True,False,False,False,1,0.4994525884290574
268a1875-7bda-45c4-b67d-73632749aba4,SHOP_023,BEN_00162,2026-01-12 13:59:34.322714,Sugar,2,40.0,28.592266,77.310411,East Delhi,0,237.0,13,False,False,False,True,False,1,0.14042058698704968
43cc688a-6a8c-4a88-af6c-0258675e4fdc,SHOP_023,BEN_02397,2026-01-12 14:29:17.322714,Rice,9,27.0,28.592266,77.310411,East Delhi,0,1783.0,14,False,False,True,False,False,1,0.1804242508450018
43e12a0d-9798-4732-94c1-f84ee82165a2,SHOP_023,BEN_01981,2026-01-12 18:47:55.322714,Rice,12,36.0,28.592266,77.310411,East Delhi,0,15518.0,18,False,False,True,False,False,1,0.2693803563926955
8e7d86b3-d45e-48d6-83cb-e0d75b7feb58,SHOP_023,BEN_00561,2026-01-13 13:29:41.322714,Kerosene,1,25.0,28.592266,77.310411,East Delhi,0,67306.0,13,True,False,False,False,False,1,0.4947221059752677
11fe04c7-db31-4f88-9b39-922ca88b89d4,SHOP_023,BEN_01872,2026-01-14 08:27:22.322714,Wheat,16,32.0,28.592266,77.310411,East Delhi,0,68261.0,8,False,False,False,False,True,-1,0.5908727830838688
f5d8d088-7dfb-40d2-9671-9ddaa704571d,SHOP_023,BEN_01992,2026-01-15 08:05:54.322714,Rice,5,15.0,28.592266,77.310411,East Delhi,0,85112.0,8,False,False,True,False,False,-1,0.6468942648972504
24dc573a-7fe1-48fb-b657-3ed1d7bf1c29,SHOP_023,BEN_02721,2026-01-15 11:59:32.322714,Wheat,7,14.0,28.592266,77.310411,East Delhi,0,14018.0,11,False,False,False,False,True,1,0.25777148964127333
fef90127-6c5b-4395-8e28-e329be74f1a8,SHOP_024,BEN_01028,2025-12-17 10:12:32.322714,Sugar,1,20.0,28.505958,77.198023,South Delhi,0,9999.0,10,False,False,False,True,False,1,0.2856003399538395
c7390753-4c92-4f17-a1e2-724a3a2d36f5,SHOP_024,BEN_01985,2025-12-17 11:52:00.322714,Rice,15,45.0,28.505958,77.198023,South Delhi,0,5968.0,11,False,False,True,False,False,1,0.2473395991250113
bb9c4e38-8504-49b4-bb0e-d9b25ee59032,SHOP_024,BEN_00086,2025-12-17 15:08:29.322714,Rice,16,48.0,28.505958,77.198023,South Delhi,0,11789.0,15,False,False,True,False,False,1,0.19404521953114734
01d6cd9a-2abf-464f-aaef-fb8fd97310d9,SHOP_024,BEN_01465,2025-12-17 16:06:12.322714,Oil,1,50.0,28.505958,77.198023,South Delhi,0,3463.0,16,False,True,False,False,False,1,0.09323676247914603
9ebded2c-e4d7-46e7-9946-faa117a11644,SHOP_024,BEN_02871,2025-12-18 12:04:46.322714,Oil,2,100.0,28.505958,77.198023,South Delhi,0,71914.0,12,False,True,False,False,False,1,0.4287696641817813
3788de45-f8f9-4d02-b139-70b92a85b53d,SHOP_024,BEN_02786,2025-12-18 14:29:53.322714,Sugar,3,60.0,28.505958,77.198023,South Delhi,0,8707.0,14,False,False,False,True,False,1,0.11059075904151405
af8ce4c5-e2e4-42db-8402-5635d9d6a466,SHOP_024,BEN_02322,2025-12-18 14:53:29.322714,Rice,20,60.0,28.505958,77.198023,South Delhi,0,1416.0,14,False,False,True,False,False,1,0.4223357279629256
64c0cdf3-e753-4145-8d7e-92ee3227b091,SHOP_024,BEN_00068,2025-12-18 17:09:13.322714,Kerosene,1,25.0,28.505958,77.198023,South Delhi,0,8144.0,17,True,False,False,False,False,1,0.1997248651859596
f870ab7a-f7ab-4f82-9592-dba992ca7766,SHOP_024,BEN_01352,2025-12-18 17:38:22.322714,Sugar,2,40.0,28.505958,77.198023,South Delhi,0,1749.0,17,False,False,False,True,False,1,0.17913637548141415
40341b3b-320d-46ff-b884-72a6786e6f5d,SHOP_024,BEN_01414,2025-12-18 17:59:21.322714,Sugar,3,60.0,28.505958,77.198023,South Delhi,0,1259.0,17,False,False,False,True,False,1,0.2107585507326728
b6e86de1-e83a-42e9-83ec-4e30d7dfd3a7,SHOP_024,BEN_00054,2025-12-19 10:39:01.322714,Kerosene,2,50.0,28.505958,77.198023,South Delhi,0,59980.0,10,True,False,False,False,False,1,0.33379873707383534
0158d541-a1f9-4715-93c0-fb7387c8d70e,SHOP_024,BEN_01345,2025-12-19 11:25:53.322714,Wheat,14,28.0,28.505958,77.198023,South Delhi,0,2812.0,11,False,False,False,False,True,1,0.21313456109265833
75326c67-dbe2-4a33-abd5-2bdcb228abae,SHOP_024,BEN_02149,2025-12-19 12:19:07.322714,Oil,1,50.0,28.505958,77.198023,South Delhi,0,3194.0,12,False,True,False,False,False,1,0.13884983940017365
7aab02e2-6aa2-4aa1-ad1c-59b68fe89054,SHOP_024,BEN_00305,2025-12-19 13:26:21.322714,Wheat,9,18.0,28.505958,77.198023,South Delhi,0,4034.0,13,False,False,False,False,True,1,0.136337613067759
ac130bcd-6522-44c6-9eb7-6f2370cc6c11,SHOP_024,BEN_01597,2025-12-19 19:48:40.322714,Wheat,10,20.0,28.505958,77.198023,South Delhi,0,22939.0,19,False,False,False,False,True,1,0.4130540506891238
deb2af8f-3a0d-40a1-85cc-8d4beefde2d2,SHOP_024,BEN_01835,2025-12-21 11:18:06.322714,Sugar,1,20.0,28.505958,77.198023,South Delhi,0,142166.0,11,False,False,False,True,False,-1,0.8017200317116695
3ece6215-7293-4d9d-8185-a487cd0ba6f8,SHOP_024,BEN_01295,2025-12-22 08:36:13.322714,Oil,1,50.0,28.505958,77.198023,South Delhi,0,76687.0,8,False,True,False,False,False,1,0.5416352583505779
6ad9a1b4-7f55-4eec-bc95-1067246aae0b,SHOP_024,BEN_02703,2025-12-22 13:14:38.322714,Kerosene,1,25.0,28.505958,77.198023,South Delhi,0,16705.0,13,True,False,False,False,False,1,0.2149652143765201
0082d331-1a62-476c-b7ac-75fa14a05b7f,SHOP_024,BEN_00241,2025-12-22 13:47:00.322714,Sugar,3,60.0,28.505958,77.198023,South Delhi,0,1942.0,13,False,False,False,True,False,1,0.16164897691899804
eab269de-11dd-4c25-8a6a-d3db8dfb0527,SHOP_024,BEN_00412,2025-12-22 16:48:37.322714,Oil,1,50.0,28.505958,77.198023,South Delhi,0,10897.0,16,False,True,False,False,False,1,0.11216818692863323
d5387864-393f-42bf-92bb-d0041c898ee4,SHOP_024,BEN_00065,2025-12-22 17:23:29.322714,Sugar,1,20.0,28.505958,77.198023,South Delhi,0,2092.0,17,False,False,False,True,False,1,0.22557827948328724
7cd83c49-270c-4b3a-97f2-ebe8abfe3aaf,SHOP_024,BEN_02927,2025-12-23 03:04:41.322714,Oil,1,50.0,28.505958,77.198023,South Delhi,1,34872.0,3,False,True,False,False,False,-1,0.7015112353293068
0481cd2d-fcb4-4e71-a6cb-4e2723d52a86,SHOP_024,BEN_02321,2025-12-23 10:29:29.322714,Kerosene,3,75.0,28.505958,77.198023,South Delhi,0,26688.0,10,True,False,False,False,False,1,0.32773801776891187
0dc4b068-37da-4f60-b120-6dc91839282e,SHOP_024,BEN_02156,2025-12-23 14:50:03.322714,Wheat,9,18.0,28.505958,77.198023,South Delhi,0,15634.0,14,False,False,False,False,True,1,0.1917813907900463
b0631f15-10c4-4b85-863e-3ba27036301c,SHOP_024,BEN_00711,2025-12-23 19:52:48.322714,Sugar,2,40.0,28.505958,77.198023,South Delhi,0,18165.0,19,False,False,False,True,False,1,0.33155767486709353
8bd2fc0d-a814-46b9-b315-9dc25ac75eae,SHOP_024,BEN_02114,2025-12-24 12:55:15.322714,Kerosene,2,50.0,28.505958,77.198023,South Delhi,0,61347.0,12,True,False,False,False,False,1,0.36424960058795675
9c6b473c-6c28-4147-8bbb-424912c2be3f,SHOP_024,BEN_02072,2025-12-25 08:14:01.322714,Wheat,15,30.0,28.505958,77.198023,South Delhi,0,69526.0,8,False,False,False,False,True,1,0.5635992512421331
90d09a0d-549b-41f5-9b0b-d9572b679c41,SHOP_024,BEN_00886,2025-12-25 08:55:09.322714,Sugar,1,20.0,28.505958,77.198023,South Delhi,0,2468.0,8,False,False,False,True,False,1,0.4335040472193493
280f5a5a-6949-4ec9-941d-594d4c6aa3fa,SHOP_024,BEN_00380,2025-12-25 08:55:56.322714,Rice,5,15.0,28.505958,77.198023,South Delhi,0,47.0,8,False,False,True,False,False,1,0.4824382599681439
10fffd53-4b82-4be5-8774-8b875172b999,SHOP_024,BEN_02680,2025-12-25 13:25:05.322714,Sugar,2,40.0,28.505958,77.198023,South Delhi,0,16149.0,13,False,False,False,True,False,1,0.12887658030553578
af1445d6-8be8-4437-a9d3-4bcc70aac4a3,SHOP_024,BEN_02062,2025-12-25 14:51:49.322714,Wheat,11,22.0,28.505958,77.198023,South Delhi,0,5204.0,14,False,False,False,False,True,1,0.10244065094596594
2965ca2d-0194-4fc3-807d-6e9278eed72d,SHOP_024,BEN_01273,2025-12-25 16:27:21.322714,Sugar,2,40.0,28.505958,77.198023,South Delhi,0,5732.0,16,False,False,False,True,False,1,0.07934626801834788
168763e9-ecac-4607-824e-5ccdb0623a51,SHOP_024,BEN_01497,2025-12-26 08:53:19.322714,Kerosene,3,75.0,28.505958,77.198023,South Delhi,0,59158.0,8,True,False,False,False,False,1,0.46268632330053244
3eaaad3d-5ddc-4fae-8bea-3291f26bd468,SHOP_024,BEN_01829,2025-12-26 18:27:33.322714,Rice,19,57.0,28.505958,77.198023,South Delhi,0,34454.0,18,False,False,True,False,False,1,0.5152628705339964
79a3998d-bc0c-499e-939b-c8241a5ec105,SHOP_024,BEN_02342,2025-12-26 18:54:01.322714,Wheat,15,30.0,28.505958,77.198023,South Delhi,0,1588.0,18,False,False,False,False,True,1,0.26544938818466857
c308209e-844d-44e3-8089-ea5c3fa94ae4,SHOP_024,BEN_01618,2025-12-26 19:37:30.322714,Rice,13,39.0,28.505958,77.198023,South Delhi,0,2609.0,19,False,False,True,False,False,1,0.3721418316380073
41c49515-c748-4c25-b56e-7df8931b8f28,SHOP_024,BEN_02189,2025-12-27 11:32:39.322714,Rice,12,36.0,28.505958,77.198023,South Delhi,0,57309.0,11,False,False,True,False,False,1,0.3217056565594254
af3f428c-995c-4438-8e58-ab23bb83ddd3,SHOP_024,BEN_01179,2025-12-27 12:07:08.322714,Kerosene,2,50.0,28.505958,77.198023,South Delhi,0,2069.0,12,True,False,False,False,False,1,0.18494069591731077
1bbb89ef-74fd-404a-aeeb-663fb237cf76,SHOP_024,BEN_01555,2025-12-27 14:15:00.322714,Rice,11,33.0,28.505958,77.198023,South Delhi,0,7672.0,14,False,False,True,False,False,1,0.1262950912886261
9997925d-1a1a-40bb-b00b-12368d36f713,SHOP_024,BEN_02577,2025-12-27 15:32:11.322714,Wheat,9,18.0,28.505958,77.198023,South Delhi,0,4631.0,15,False,False,False,False,True,1,0.11040110493901784
36fbadf9-4f2f-46ae-94cc-98c8420a4f66,SHOP_024,BEN_01531,2025-12-27 17:07:32.322714,Rice,6,18.0,28.505958,77.198023,South Delhi,0,5721.0,17,False,False,True,False,False,1,0.24709184159595549
66273d2d-889d-4f7e-8c5b-d9e7b2aae5fd,SHOP_024,BEN_01614,2025-12-28 10:58:22.322714,Oil,2,100.0,28.505958,77.198023,South Delhi,0,64250.0,10,False,True,False,False,False,1,0.31649676669383464
c0c0e9b9-268d-43ac-97c4-61e1e9c5ca74,SHOP_024,BEN_00505,2025-12-28 12:01:45.322714,Rice,7,21.0,28.505958,77.198023,South Delhi,0,3803.0,12,False,False,True,False,False,1,0.1777228854917875
d7efedcc-84cd-441d-b043-21be3f32dba3,SHOP_024,BEN_02195,2025-12-28 13:59:11.322714,Wheat,18,36.0,28.505958,77.198023,South Delhi,0,7046.0,13,False,False,False,False,True,1,0.20150820580899342
41198f28-9e34-49b9-8a03-37cff7728f86,SHOP_024,BEN_00356,2025-12-28 14:34:39.322714,Wheat,18,36.0,28.505958,77.198023,South Delhi,0,2128.0,14,False,False,False,False,True,1,0.24340529748208073
729ebc58-8daf-42d8-9338-ab723b5c1f2e,SHOP_024,BEN_01228,2025-12-28 16:36:36.322714,Kerosene,3,75.0,28.505958,77.198023,South Delhi,0,7317.0,16,True,False,False,False,False,1,0.14007621037891343
e9820fec-6507-44ff-8608-302f0348aee9,SHOP_024,BEN_00727,2025-12-28 17:07:10.322714,Oil,2,100.0,28.505958,77.198023,South Delhi,0,1834.0,17,False,True,False,False,False,1,0.14041275772523243
aa5b395f-aba8-4be6-b3fe-045f0ff4aea4,SHOP_024,BEN_01281,2025-12-29 17:00:57.322714,Sugar,1,20.0,28.505958,77.198023,South Delhi,0,86027.0,17,False,False,False,True,False,1,0.5544204624819136
8fa6bbe2-287c-4afd-9244-aa269685167f,SHOP_024,BEN_00272,2025-12-30 16:24:38.322714,Sugar,1,20.0,28.505958,77.198023,South Delhi,0,84221.0,16,False,False,False,True,False,1,0.5379796159597704
c5b97213-6c2e-42f9-82fc-ffdbde2e1f7b,SHOP_024,BEN_01334,2025-12-31 08:29:44.322714,Sugar,3,60.0,28.505958,77.198023,South Delhi,0,57906.0,8,False,False,False,True,False,1,0.4074452461329718
fabd7f7c-a84b-465b-bd0f-f6b8fbc3a84f,SHOP_024,BEN_01173,2025-12-31 16:53:01.322714,Oil,2,100.0,28.505958,77.198023,South Delhi,0,30197.0,16,False,True,False,False,False,1,0.2581628382276973
50fc141f-eef6-49c8-92a5-30c0ee9e7315,SHOP_024,BEN_01612,2025-12-31 17:53:01.322714,Wheat,6,12.0,28.505958,77.198023,South Delhi,0,3600.0,17,False,False,False,False,True,1,0.24344053752673028
d5f912c0-ff8b-428c-bcd8-537f51034bb6,SHOP_024,BEN_01843,2025-12-31 18:20:39.322714,Wheat,20,40.0,28.505958,77.198023,South Delhi,0,1658.0,18,False,False,False,False,True,1,0.4506789764012693
1e73e6f1-5afa-4df7-86e2-d6ced3ecfb6e,SHOP_024,BEN_01257,2026-01-01 12:24:18.322714,Oil,1,50.0,28.505958,77.198023,South Delhi,0,65019.0,12,False,True,False,False,False,1,0.3968487786373174
de562c79-d5d3-4ed7-8839-85cc4e2c58d7,SHOP_024,BEN_02271,2026-01-01 16:46:08.322714,Kerosene,1,25.0,28.505958,77.198023,South Delhi,0,15710.0,16,True,False,False,False,False,1,0.19860689355972605
7687aa8c-0af4-4cbb-9a42-aa421ebd3f80,SHOP_024,BEN_01631,2026-01-01 17:56:12.322714,Kerosene,2,50.0,28.505958,77.198023,South Delhi,0,4204.0,17,True,False,False,False,False,1,0.14285703985816606
464a8d63-b1de-4df7-b20c-89a023c7d360,SHOP_024,BEN_00835,2026-01-02 08:06:48.322714,Sugar,1,20.0,28.505958,77.198023,South Delhi,0,51036.0,8,False,False,False,True,False,1,0.3876895183077592
af05d957-a05f-4380-91e2-9e9a4267512e,SHOP_024,BEN_02320,2026-01-02 09:02:06.322714,Oil,2,100.0,28.505958,77.198023,South Delhi,0,3318.0,9,False,True,False,False,False,1,0.26486896222927675
2bdc90a6-bc1b-40ea-b9a2-7972a5d70112,SHOP_024,BEN_02894,2026-01-02 10:53:20.322714,Sugar,2,40.0,28.505958,77.198023,South Delhi,0,6674.0,10,False,False,False,True,False,1,0.24695822091708575
6c75b8e5-39ea-4ba6-9175-fe307fe893e7,SHOP_024,BEN_02469,2026-01-02 12:19:20.322714,Wheat,8,16.0,28.505958,77.198023,South Delhi,0,5160.0,12,False,False,False,False,True,1,0.1997814484071203
d65d1575-b19e-41a6-a6b3-06dd8c3f6666,SHOP_024,BEN_02902,2026-01-02 12:58:18.322714,Kerosene,3,75.0,28.505958,77.198023,South Delhi,0,2338.0,12,True,False,False,False,False,1,0.2033037974536338
80864d17-5137-4bfd-81f0-86aad7b6a3c2,SHOP_024,BEN_02474,2026-01-02 19:48:20.322714,Sugar,1,20.0,28.505958,77.198023,South Delhi,0,24602.0,19,False,False,False,True,False,1,0.4417417308033119
cb1a3620-369a-4238-bdb1-d8e835e20e64,SHOP_024,BEN_01151,2026-01-03 09:23:42.322714,Oil,1,50.0,28.505958,77.198023,South Delhi,0,48922.0,9,False,True,False,False,False,1,0.3032981149483159
3c44be11-e19c-47cb-b952-d049ff1bbed8,SHOP_024,BEN_01044,2026-01-03 10:44:56.322714,Kerosene,2,50.0,28.505958,77.198023,South Delhi,0,4874.0,10,True,False,False,False,False,1,0.22137909913985826
5be5be1c-29ef-4526-975c-9424e4a2930e,SHOP_024,BEN_01770,2026-01-03 14:29:34.322714,Rice,6,18.0,28.505958,77.198023,South Delhi,0,13478.0,14,False,False,True,False,False,1,0.204287407465867
de876d77-8824-45de-acf8-9fdc5347b5e9,SHOP_024,BEN_00379,2026-01-03 16:03:14.322714,Rice,20,60.0,28.505958,77.198023,South Delhi,0,5620.0,16,False,False,True,False,False,1,0.3813466170890706
0248b430-39b9-4e27-a08c-5a21e4a0cfcd,SHOP_024,BEN_00988,2026-01-03 18:09:37.322714,Kerosene,3,75.0,28.505958,77.198023,South Delhi,0,7583.0,18,True,False,False,False,False,1,0.20682665661231714
cee7e07b-2929-472c-9deb-45e336ad2957,SHOP_024,BEN_01576,2026-01-04 16:13:43.322714,Sugar,1,20.0,28.505958,77.198023,South Delhi,0,79446.0,16,False,False,False,True,False,1,0.5050292014119105
5bb7a5a8-ae4e-4bd7-9f3f-5c07c444a697,SHOP_024,BEN_02463,2026-01-05 13:00:35.322714,Kerosene,3,75.0,28.505958,77.198023,South Delhi,0,74812.0,13,True,False,False,False,False,1,0.4734599493061973
4a3281d7-fc70-4a2b-9eaf-7365a8fbd2ba,SHOP_024,BEN_01862,2026-01-05 13:56:10.322714,Kerosene,1,25.0,28.505958,77.198023,South Delhi,0,3335.0,13,True,False,False,False,False,1,0.14676570355775098
df75b504-e30d-4048-9dc3-b554e4a1da89,SHOP_024,BEN_02695,2026-01-05 14:03:50.322714,Oil,2,100.0,28.505958,77.198023,South Delhi,0,460.0,14,False,True,False,False,False,1,0.12678924287258386
365c5935-0348-4f5d-9d67-a61ed42090fa,SHOP_024,BEN_01134,2026-01-05 15:02:53.322714,Oil,1,50.0,28.505958,77.198023,South Delhi,0,3543.0,15,False,True,False,False,False,1,0.07620626753692417
442c8084-1abe-4688-a5a7-f5046cef222a,SHOP_024,BEN_02456,2026-01-05 15:27:44.322714,Sugar,2,40.0,28.505958,77.198023,South Delhi,0,1491.0,15,False,False,False,True,False,1,0.08768269676606949
b29a7efe-9b0d-428f-99e0-f83540a6acef,SHOP_024,BEN_00341,2026-01-05 15:57:06.322714,Oil,2,100.0,28.505958,77.198023,South Delhi,0,1762.0,15,False,True,False,False,False,1,0.054149594373770205
21f12122-2b40-4bfc-9d54-024bb326af20,SHOP_024,BEN_00344,2026-01-06 08:31:02.322714,Sugar,3,60.0,28.505958,77.198023,South Delhi,0,59636.0,8,False,False,False,True,False,1,0.40682680607456545
0237e675-76b0-44fd-8e53-d2521b115234,SHOP_024,BEN_01642,2026-01-06 10:32:59.322714,Oil,1,50.0,28.505958,77.198023,South Delhi,0,7317.0,10,False,True,False,False,False,1,0.20922416745779499
6a197102-0001-42a7-83d1-01824fd91d86,SHOP_024,BEN_01144,2026-01-06 10:49:07.322714,Oil,2,100.0,28.505958,77.198023,South Delhi,0,968.0,10,False,True,False,False,False,1,0.205691800010936
21c74d14-8f36-46f7-a678-69a77f616bb6,SHOP_024,BEN_00335,2026-01-06 12:14:11.322714,Rice,10,30.0,28.505958,77.198023,South Delhi,0,5104.0,12,False,False,True,False,False,1,0.1295818389901886
dc44cb62-11b5-403f-b625-a13de295ce24,SHOP_024,BEN_01569,2026-01-06 12:42:40.322714,Rice,6,18.0,28.505958,77.198023,South Delhi,0,1709.0,12,False,False,True,False,False,1,0.19052563868927253
0055d945-4d60-4b12-8432-cd816764dc2e,SHOP_024,BEN_01559,2026-01-06 12:48:52.322714,Oil,2,100.0,28.505958,77.198023,South Delhi,0,372.0,12,False,True,False,False,False,1,0.16880307763815477
ea799902-32a7-43e2-9713-9ed616ed7354,SHOP_024,BEN_00943,2026-01-06 16:56:43.322714,Kerosene,2,50.0,28.505958,77.198023,South Delhi,0,14871.0,16,True,False,False,False,False,1,0.126257855648286
6cc267de-2e6a-4e04-a176-f02babb3d26e,SHOP_024,BEN_02312,2026-01-06 18:12:40.322714,Kerosene,1,25.0,28.505958,77.198023,South Delhi,0,4557.0,18,True,False,False,False,False,1,0.20676882864353907
be0321ab-c424-40f7-87b4-a8000b95c968,SHOP_024,BEN_00789,2026-01-06 19:51:02.322714,Oil,2,100.0,28.505958,77.198023,South Delhi,0,5902.0,19,False,True,False,False,False,1,0.24949555957996217
6c37da12-550f-4321-868d-30b2f6ac6483,SHOP_024,BEN_00864,2026-01-07 10:53:00.322714,Rice,10,30.0,28.505958,77.198023,South Delhi,0,54118.0,10,False,False,True,False,False,1,0.29192422884648067
47a04483-4162-4e97-890d-b837a706f9fb,SHOP_024,BEN_02550,2026-01-07 13:17:00.322714,Wheat,7,14.0,28.505958,77.198023,South Delhi,0,8640.0,13,False,False,False,False,True,1,0.1517724136815618
e878e91e-cd19-47d5-aa80-417227153611,SHOP_024,BEN_00372,2026-01-07 17:10:11.322714,Oil,2,100.0,28.505958,77.198023,South Delhi,0,13991.0,17,False,True,False,False,False,1,0.13040079541278277
fc996c5f-aaf2-4388-b7fa-f7d9363bfd07,SHOP_024,BEN_00611,2026-01-07 19:09:46.322714,Kerosene,2,50.0,28.505958,77.198023,South Delhi,0,7175.0,19,True,False,False,False,False,1,0.22847287974069774
59d5d62b-1c98-40fd-a27e-fae2d1055190,SHOP_024,BEN_00636,2026-01-08 12:46:06.322714,Oil,2,100.0,28.505958,77.198023,South Delhi,0,63380.0,12,False,True,False,False,False,1,0.33520328603291183
d276703f-a5b9-4af0-8b13-ad4dfaabfee8,SHOP_024,BEN_01741,2026-01-08 13:00:14.322714,Sugar,1,20.0,28.505958,77.198023,South Delhi,0,848.0,13,False,False,False,True,False,1,0.18584200681968338
75801217-cb46-4767-96a8-a768f7fc1b4d,SHOP_024,BEN_00614,2026-01-08 14:42:47.322714,Sugar,2,40.0,28.505958,77.198023,South Delhi,0,6153.0,14,False,False,False,True,False,1,0.06259513324007315
62410e5b-303d-4478-8d3d-31f14f393710,SHOP_024,BEN_00547,2026-01-08 19:06:09.322714,Kerosene,2,50.0,28.505958,77.198023,South Delhi,0,15802.0,19,True,False,False,False,False,1,0.2396982751275299
97baf344-ea4d-40db-bfa3-633f98fe9f83,SHOP_024,BEN_02948,2026-01-08 19:50:58.322714,Sugar,1,20.0,28.505958,77.198023,South Delhi,0,2689.0,19,False,False,False,True,False,1,0.31814843045654434
b7d72230-ee3a-465f-bdf4-da9afc8e6281,SHOP_024,BEN_02402,2026-01-09 14:34:02.322714,Oil,1,50.0,28.505958,77.198023,South Delhi,0,67384.0,14,False,True,False,False,False,1,0.4744536070755759
28e54d52-d08f-496c-a722-2fca1fcc8a19,SHOP_024,BEN_02852,2026-01-09 16:16:17.322714,Wheat,11,22.0,28.505958,77.198023,South Delhi,0,6135.0,16,False,False,False,False,True,1,0.1335702494266074
7d728c4c-bc77-4a57-a022-3c3c18a6dc3c,SHOP_024,BEN_02338,2026-01-09 17:22:57.322714,Rice,12,36.0,28.505958,77.198023,South Delhi,0,4000.0,17,False,False,True,False,False,1,0.18693563575918665
1c41b243-c065-499c-b577-0623305f6c8a,SHOP_024,BEN_02914,2026-01-10 16:18:01.322714,Sugar,2,40.0,28.505958,77.198023,South Delhi,0,82504.0,16,False,False,False,True,False,1,0.43578353901166705
ab530bc3-ff5e-40ec-9f3d-c2e2147b0db9,SHOP_024,BEN_02737,2026-01-11 09:45:19.322714,Rice,11,33.0,28.505958,77.198023,South Delhi,0,62838.0,9,False,False,True,False,False,1,0.37255485369615143
63c8695f-6ca8-4b64-aba2-fdb6b49b8c4a,SHOP_024,BEN_02923,2026-01-12 08:17:00.322714,Rice,10,30.0,28.505958,77.198023,South Delhi,0,81101.0,8,False,False,True,False,False,1,0.5646951064163539
58594b7a-8262-4712-81ef-64fb14b61064,SHOP_024,BEN_01137,2026-01-12 13:13:46.322714,Kerosene,1,25.0,28.505958,77.198023,South Delhi,0,17806.0,13,True,False,False,False,False,1,0.2283966773743492
7647ec03-190f-429e-9b6f-3d837b303cbe,SHOP_024,BEN_00606,2026-01-12 14:55:02.322714,Rice,18,54.0,28.505958,77.198023,South Delhi,0,6076.0,14,False,False,True,False,False,1,0.2009922014907457
e528b7b1-9ceb-4cf0-84b5-d47684878b84,SHOP_024,BEN_01331,2026-01-12 16:11:01.322714,Wheat,6,12.0,28.505958,77.198023,South Delhi,0,4559.0,16,False,False,False,False,True,1,0.20404577990796846
7806fedd-fa4a-41cc-8362-e9acd8deacf9,SHOP_024,BEN_00238,2026-01-12 17:14:58.322714,Wheat,6,12.0,28.505958,77.198023,South Delhi,0,3837.0,17,False,False,False,False,True,1,0.23709255503523136
c22005f9-8604-4e87-a9fa-f043a98a5b81,SHOP_024,BEN_00648,2026-01-13 10:47:40.322714,Wheat,13,26.0,28.505958,77.198023,South Delhi,0,63162.0,10,False,False,False,False,True,1,0.4201264768183012
f5a2eec8-6ea4-4c4c-b435-ea9f87276b04,SHOP_024,BEN_01024,2026-01-13 10:56:27.322714,Rice,20,60.0,28.505958,77.198023,South Delhi,0,527.0,10,False,False,True,False,False,1,0.4914823965891439
ceed487c-a99f-47bf-bf49-e1b55e51e56d,SHOP_024,BEN_00732,2026-01-13 14:23:52.322714,Rice,18,54.0,28.505958,77.198023,South Delhi,0,12445.0,14,False,False,True,False,False,1,0.2235031158366116
50dba72f-b348-42c3-9d55-2af7322d41c3,SHOP_024,BEN_02341,2026-01-13 14:58:18.322714,Oil,2,100.0,28.505958,77.198023,South Delhi,0,2066.0,14,False,True,False,False,False,1,0.07041803038405026
ba18fdb3-35fa-46ea-ab54-8a3b35a113e7,SHOP_024,BEN_02963,2026-01-13 17:01:51.322714,Kerosene,3,75.0,28.505958,77.198023,South Delhi,0,7413.0,17,True,False,False,False,False,1,0.18470983112984035
386c20ef-3f11-48eb-913b-e1076b714051,SHOP_024,BEN_00429,2026-01-14 09:03:22.322714,Rice,18,54.0,28.505958,77.198023,South Delhi,0,57691.0,9,False,False,True,False,False,1,0.4597954901498057
88272928-a2a2-46a3-87e8-4c086081bd66,SHOP_024,BEN_02135,2026-01-14 16:57:13.322714,Rice,9,27.0,28.505958,77.198023,South Delhi,0,28431.0,16,False,False,True,False,False,1,0.3410502698037349
708e41b1-5147-4fee-a5a8-9dfed01ed880,SHOP_025,BEN_01445,2025-12-16 17:48:45.322714,Wheat,18,36.0,28.624929,77.222474,Central Delhi,0,9999.0,17,False,False,False,False,True,1,0.2822213661229215
e6119526-a079-4363-b0b8-4f2a412c4b6d,SHOP_025,BEN_00515,2025-12-17 10:02:57.322714,Oil,2,100.0,28.624929,77.222474,Central Delhi,0,58452.0,10,False,True,False,False,False,1,0.2897556258702763
b3ca4771-0ada-46b0-a016-76a789399f23,SHOP_025,BEN_01717,2025-12-17 11:23:31.322714,Kerosene,3,75.0,28.624929,77.222474,Central Delhi,0,4834.0,11,True,False,False,False,False,1,0.23098658755653895
7a8171dd-d6d5-4016-a1be-d49e35f2dc14,SHOP_025,BEN_00278,2025-12-17 17:40:55.322714,Rice,11,33.0,28.624929,77.222474,Central Delhi,0,22644.0,17,False,False,True,False,False,1,0.292999292073112
1c404a04-34c9-4dc1-93a5-b40c2e7bb1ae,SHOP_025,BEN_00330,2025-12-17 19:14:27.322714,Kerosene,2,50.0,28.624929,77.222474,Central Delhi,0,5612.0,19,True,False,False,False,False,1,0.21158107288292288
d725629c-a09a-466e-99f5-0ff1aa63a341,SHOP_025,BEN_01810,2025-12-17 19:42:52.322714,Rice,14,42.0,28.624929,77.222474,Central Delhi,0,1705.0,19,False,False,True,False,False,1,0.3627315811252542
c4a073dc-416e-439a-9c0f-1caf062d6cc6,SHOP_025,BEN_02180,2025-12-18 09:52:23.322714,Sugar,1,20.0,28.624929,77.222474,Central Delhi,0,50971.0,9,False,False,False,True,False,1,0.32347870205953716
79106aba-9ebb-47d6-b881-63fb8d708952,SHOP_025,BEN_00531,2025-12-18 10:49:47.322714,Rice,16,48.0,28.624929,77.222474,Central Delhi,0,3444.0,10,False,False,True,False,False,1,0.299222499424818
7c2558b2-4ff6-427f-99d5-393a7906b022,SHOP_025,BEN_01599,2025-12-18 11:59:20.322714,Sugar,1,20.0,28.624929,77.222474,Central Delhi,0,4173.0,11,False,False,False,True,False,1,0.1785277587274598
bffaa9bd-476e-4384-9487-48c8f9962ed8,SHOP_025,BEN_02472,2025-12-18 19:38:33.322714,Sugar,3,60.0,28.624929,77.222474,Central Delhi,0,27553.0,19,False,False,False,True,False,1,0.4685235251211022
641ab6df-3c7d-4c54-b8bf-45e8fd9bff10,SHOP_025,BEN_01857,2025-12-19 08:40:28.322714,Oil,2,100.0,28.624929,77.222474,Central Delhi,0,46915.0,8,False,True,False,False,False,1,0.380698542299739
f0e2c3a2-8e47-4533-8fcd-57097d8dd3e6,SHOP_025,BEN_00867,2025-12-19 09:27:26.322714,Sugar,3,60.0,28.624929,77.222474,Central Delhi,0,2818.0,9,False,False,False,True,False,1,0.3809188724538729
b7d43a31-2808-48cc-94bd-50a3c53aabed,SHOP_025,BEN_02038,2025-12-19 13:02:06.322714,Wheat,16,32.0,28.624929,77.222474,Central Delhi,0,12880.0,13,False,False,False,False,True,1,0.1431268521593289
9c960280-5f15-42cd-9d24-a54fc6d0b858,SHOP_025,BEN_00945,2025-12-19 13:36:01.322714,Rice,15,45.0,28.624929,77.222474,Central Delhi,0,2035.0,13,False,False,True,False,False,1,0.16220808480625293
82b55066-76c3-4dcd-9820-970534d1ad7a,SHOP_025,BEN_00578,2025-12-19 15:57:02.322714,Wheat,15,30.0,28.624929,77.222474,Central Delhi,0,8461.0,15,False,False,False,False,True,1,0.10900949121218922
89d8f298-ef93-482e-ad7d-5f47c196f33d,SHOP_025,BEN_02689,2025-12-20 11:12:51.322714,Sugar,2,40.0,28.624929,77.222474,Central Delhi,0,69349.0,11,False,False,False,True,False,1,0.25848920048912566
b1e73274-83a4-44e5-bd68-8acd6d5e3fbf,SHOP_025,BEN_00288,2025-12-21 14:03:11.322714,Wheat,18,36.0,28.624929,77.222474,Central Delhi,0,96620.0,14,False,False,False,False,True,-1,0.7612821814017089
9274b572-1cba-4606-91f3-963a67b4cb97,SHOP_025,BEN_02287,2025-12-21 17:11:34.322714,Sugar,2,40.0,28.624929,77.222474,Central Delhi,0,11303.0,17,False,False,False,True,False,1,0.14054429510946026
a4a9fca3-4ea7-4d36-a5b4-23b6f8aaf008,SHOP_025,BEN_02825,2025-12-22 08:10:52.322714,Sugar,1,20.0,28.624929,77.222474,Central Delhi,0,53958.0,8,False,False,False,True,False,1,0.39083014158975365
3ac3737e-94ba-43cc-a9c9-07c1f8101803,SHOP_025,BEN_01511,2025-12-22 11:19:36.322714,Oil,1,50.0,28.624929,77.222474,Central Delhi,0,11324.0,11,False,True,False,False,False,1,0.2057128642811204
c4f9cf95-5b0c-4d73-b72d-30f6ed057e64,SHOP_025,BEN_00677,2025-12-22 14:08:35.322714,Oil,1,50.0,28.624929,77.222474,Central Delhi,0,10139.0,14,False,True,False,False,False,1,0.1332314946673992
a9682226-6e4b-488d-97a0-6b9fe7303828,SHOP_025,BEN_00461,2025-12-22 16:57:05.322714,Rice,12,36.0,28.624929,77.222474,Central Delhi,0,10110.0,16,False,False,True,False,False,1,0.15945986004077511
e97d39f4-ae03-43dc-b560-4edab3226f18,SHOP_025,BEN_02085,2025-12-22 19:04:49.322714,Rice,7,21.0,28.624929,77.222474,Central Delhi,0,7664.0,19,False,False,True,False,False,1,0.35153518419853946
5b6f0fc3-e377-42d9-9ce7-9e1e633eabb1,SHOP_025,BEN_02900,2025-12-22 19:22:40.322714,Sugar,3,60.0,28.624929,77.222474,Central Delhi,0,1071.0,19,False,False,False,True,False,1,0.3805317952049057
73d36ad9-dbd5-4aaf-9d2f-c996fe71f155,SHOP_025,BEN_02225,2025-12-22 19:30:09.322714,Wheat,5,10.0,28.624929,77.222474,Central Delhi,0,449.0,19,False,False,False,False,True,1,0.4802034782411777
e9b67f05-035c-4994-a70f-1e6c9d711519,SHOP_025,BEN_02611,2025-12-23 08:03:00.322714,Sugar,3,60.0,28.624929,77.222474,Central Delhi,0,45171.0,8,False,False,False,True,False,1,0.41020638835644896
2b70d269-e2ac-441a-b50d-28cf531d8590,SHOP_025,BEN_01873,2025-12-23 10:16:08.322714,Oil,1,50.0,28.624929,77.222474,Central Delhi,0,7988.0,10,False,True,False,False,False,1,0.21644323900049317
bfcc3485-0d8f-489f-8b37-47fc4a7e70fd,SHOP_025,BEN_00028,2025-12-23 11:24:40.322714,Rice,6,18.0,28.624929,77.222474,Central Delhi,0,4112.0,11,False,False,True,False,False,1,0.20300815318111703
00f5ad82-7c5d-46f7-bfe7-fb954aaf383f,SHOP_025,BEN_01874,2025-12-23 11:37:41.322714,Kerosene,1,25.0,28.624929,77.222474,Central Delhi,0,781.0,11,True,False,False,False,False,1,0.2983796715323639
d3d74bed-428f-4d72-bbb3-660aca166774,SHOP_025,BEN_00921,2025-12-23 17:16:28.322714,Wheat,13,26.0,28.624929,77.222474,Central Delhi,0,20327.0,17,False,False,False,False,True,1,0.2781263385916981
37fd25b5-cc28-44e9-832a-cb0593213b71,SHOP_025,BEN_01470,2025-12-23 17:58:30.322714,Kerosene,1,25.0,28.624929,77.222474,Central Delhi,0,2522.0,17,True,False,False,False,False,1,0.21391474652529963
ba9e54be-799d-4a38-858b-7acf3ff3a588,SHOP_025,BEN_00909,2025-12-23 18:58:10.322714,Oil,1,50.0,28.624929,77.222474,Central Delhi,0,3580.0,18,False,True,False,False,False,1,0.20454201480771894
d4980949-c94f-40d2-ac72-419ed6208822,SHOP_025,BEN_01203,2025-12-24 11:10:24.322714,Wheat,14,28.0,28.624929,77.222474,Central Delhi,0,58334.0,11,False,False,False,False,True,1,0.3919989671495372
b05ff789-6b4d-463e-8843-cfec89ed891a,SHOP_025,BEN_01630,2025-12-24 13:34:05.322714,Kerosene,3,75.0,28.624929,77.222474,Central Delhi,0,8621.0,13,True,False,False,False,False,1,0.18315654083559285
783a0e2d-4031-4d0a-860b-7cbd3ae2900b,SHOP_025,BEN_02846,2025-12-24 19:38:36.322714,Wheat,20,40.0,28.624929,77.222474,Central Delhi,0,21871.0,19,False,False,False,False,True,1,0.5560248376512577
daaf7489-1c8a-44f7-9273-52abac58fa73,SHOP_025,BEN_02379,2025-12-25 10:24:06.322714,Oil,1,50.0,28.624929,77.222474,Central Delhi,0,53130.0,10,False,True,False,False,False,1,0.3198714414277414
ed63d65e-a91f-4a45-8587-2f0164534e43,SHOP_025,BEN_01100,2025-12-25 10:33:24.322714,Sugar,1,20.0,28.624929,77.222474,Central Delhi,0,558.0,10,False,False,False,True,False,1,0.32084940542348495
72283e4e-36fe-47cc-b137-47bf282841f7,SHOP_025,BEN_01483,2025-12-25 14:02:36.322714,Sugar,2,40.0,28.624929,77.222474,Central Delhi,0,12552.0,14,False,False,False,True,False,1,0.07863439136626627
c6ad77a7-5ccb-4295-9177-6568baa17a5c,SHOP_025,BEN_01892,2025-12-26 11:00:16.322714,Wheat,15,30.0,28.624929,77.222474,Central Delhi,0,75460.0,11,False,False,False,False,True,1,0.5000422194319638
beae7e5b-084f-45ac-a03d-ed4a196a2688,SHOP_025,BEN_02947,2025-12-26 12:51:17.322714,Rice,16,48.0,28.624929,77.222474,Central Delhi,0,6661.0,12,False,False,True,False,False,1,0.19065307952043636
6eeac109-0198-4b40-ba8a-6d7cd3d99e6c,SHOP_025,BEN_00375,2025-12-26 15:45:42.322714,Kerosene,3,75.0,28.624929,77.222474,Central Delhi,0,10465.0,15,True,False,False,False,False,1,0.1502198097294234
d94629b4-6194-41e3-ac4c-bca70219ff4a,SHOP_025,BEN_01898,2025-12-27 11:29:39.322714,Wheat,9,18.0,28.624929,77.222474,Central Delhi,0,71037.0,11,False,False,False,False,True,1,0.4902627119733548
fd94ea06-a1dc-4925-a1cb-c027d1467bae,SHOP_025,BEN_02462,2025-12-27 13:26:06.322714,Oil,1,50.0,28.624929,77.222474,Central Delhi,0,6987.0,13,False,True,False,False,False,1,0.12612329627733854
b61a7cf4-3e5e-4e0c-a967-1fff18494377,SHOP_025,BEN_01753,2025-12-27 14:41:47.322714,Wheat,7,14.0,28.624929,77.222474,Central Delhi,0,4541.0,14,False,False,False,False,True,1,0.13998224223667594
ac305d5f-7d48-4dba-a7c2-c2d4eef27b86,SHOP_025,BEN_01762,2025-12-27 17:09:22.322714,Wheat,17,34.0,28.624929,77.222474,Central Delhi,0,8855.0,17,False,False,False,False,True,1,0.24754978015749857
ae3f668f-0972-421d-8495-62bafe40740a,SHOP_025,BEN_00687,2025-12-28 10:19:18.322714,Sugar,3,60.0,28.624929,77.222474,Central Delhi,0,61796.0,10,False,False,False,True,False,1,0.28593282461699204
7fd0828b-2151-4896-815f-e55bf7023dbb,SHOP_025,BEN_01533,2025-12-28 16:25:33.322714,Wheat,5,10.0,28.624929,77.222474,Central Delhi,0,21975.0,16,False,False,False,False,True,1,0.38972170811337337
2523f658-c9e1-4cdf-b385-66a921affc08,SHOP_025,BEN_01239,2025-12-29 17:09:37.322714,Wheat,15,30.0,28.624929,77.222474,Central Delhi,0,89044.0,17,False,False,False,False,True,-1,0.7032275558812583
3c8f7372-c0ee-46f7-a34f-de1d8e9c923b,SHOP_025,BEN_02644,2025-12-30 10:11:37.322714,Oil,2,100.0,28.624929,77.222474,Central Delhi,0,61320.0,10,False,True,False,False,False,1,0.30715923801068334
444525f4-df3c-44ff-87ad-aa08a59ffdc4,SHOP_025,BEN_02183,2025-12-30 18:50:55.322714,Rice,5,15.0,28.624929,77.222474,Central Delhi,0,31158.0,18,False,False,True,False,False,1,0.46044701625838524
aab0142a-f986-404a-b372-528662cad8b3,SHOP_025,BEN_00763,2025-12-31 08:22:46.322714,Wheat,12,24.0,28.624929,77.222474,Central Delhi,0,48711.0,8,False,False,False,False,True,1,0.5238459441815568
c8d28a00-c14a-40ad-a4f9-f6fc672b06ee,SHOP_025,BEN_02921,2025-12-31 09:32:26.322714,Sugar,1,20.0,28.624929,77.222474,Central Delhi,0,4180.0,9,False,False,False,True,False,1,0.3450515505041706
e49a3828-e887-4f14-9e2e-a7735b5550b6,SHOP_025,BEN_01097,2025-12-31 15:36:22.322714,Oil,2,100.0,28.624929,77.222474,Central Delhi,0,21836.0,15,False,True,False,False,False,1,0.14247868065072783
6254ec2d-530d-479a-907d-a5003bfd4f3f,SHOP_025,BEN_01566,2026-01-01 14:10:55.322714,Kerosene,3,75.0,28.624929,77.222474,Central Delhi,0,81273.0,14,True,False,False,False,False,1,0.5045598250550071
fa0df0ea-cc33-49fb-b52d-4a668b17ef49,SHOP_025,BEN_02372,2026-01-02 14:08:15.322714,Wheat,6,12.0,28.624929,77.222474,Central Delhi,0,86240.0,14,False,False,False,False,True,-1,0.6478142609412746
880b5d15-3fec-48a6-8eae-fd20b7729956,SHOP_025,BEN_00108,2026-01-02 16:01:29.322714,Sugar,1,20.0,28.624929,77.222474,Central Delhi,0,6794.0,16,False,False,False,True,False,1,0.1381065371639404
7f097565-14f1-4497-8535-726bb003dd12,SHOP_025,BEN_00562,2026-01-02 16:03:51.322714,Wheat,15,30.0,28.624929,77.222474,Central Delhi,0,142.0,16,False,False,False,False,True,1,0.24564475247787626
feadaafb-aaed-4111-a7dd-b866d1d31313,SHOP_025,BEN_01076,2026-01-02 17:20:31.322714,Oil,2,100.0,28.624929,77.222474,Central Delhi,0,4600.0,17,False,True,False,False,False,1,0.08325704938412604
6df508b1-3eb5-4429-9abd-0476f70f3ceb,SHOP_025,BEN_00415,2026-01-03 12:54:07.322714,Sugar,1,20.0,28.624929,77.222474,Central Delhi,0,70416.0,12,False,False,False,True,False,1,0.3617659917320699
5a3ea058-c8c8-4467-8b88-c22d19a9d1cd,SHOP_025,BEN_01509,2026-01-03 15:26:33.322714,Wheat,12,24.0,28.624929,77.222474,Central Delhi,0,9146.0,15,False,False,False,False,True,1,0.11138690199448825
807f872e-927a-4dc3-b4a9-1cace7ce0093,SHOP_025,BEN_00614,2026-01-04 16:29:06.322714,Rice,10,30.0,28.624929,77.222474,Central Delhi,0,90153.0,16,False,False,True,False,False,-1,0.6077850189052322
cc6be05b-5c5c-4979-8ede-e82e64c47e79,SHOP_025,BEN_02916,2026-01-05 10:59:49.322714,Oil,2,100.0,28.624929,77.222474,Central Delhi,0,66643.0,10,False,True,False,False,False,1,0.3484187155693452
12739d88-7e10-4d9d-ae5a-eeb596df55b3,SHOP_025,BEN_00594,2026-01-05 19:08:31.322714,Rice,19,57.0,28.624929,77.222474,Central Delhi,0,29322.0,19,False,False,True,False,False,1,0.5713819713406147
fc67c19a-385d-462b-b005-aeb94ed468e7,SHOP_025,BEN_01648,2026-01-06 08:37:11.322714,Wheat,10,20.0,28.624929,77.222474,Central Delhi,0,48520.0,8,False,False,False,False,True,1,0.5275043658343838
91a1337e-b203-4460-8931-e43d0a1e0bb5,SHOP_025,BEN_02829,2026-01-06 08:40:42.322714,Sugar,3,60.0,28.624929,77.222474,Central Delhi,0,211.0,8,False,False,False,True,False,1,0.4703250682393142
42a1fcaf-856f-4c9c-a6f5-74f3a6943d75,SHOP_025,BEN_02851,2026-01-06 10:00:56.322714,Wheat,9,18.0,28.624929,77.222474,Central Delhi,0,4814.0,10,False,False,False,False,True,1,0.25951094527597324
9ecca5ad-178b-4cd4-808d-2338ff609961,SHOP_025,BEN_02637,2026-01-06 14:14:17.322714,Sugar,2,40.0,28.624929,77.222474,Central Delhi,0,15201.0,14,False,False,False,True,False,1,0.09022860117110648
adbbd905-044c-4710-83eb-29995ab9433b,SHOP_025,BEN_00877,2026-01-06 18:13:27.322714,Sugar,3,60.0,28.624929,77.222474,Central Delhi,0,14350.0,18,False,False,False,True,False,1,0.24892619726568266
3e1ff6ac-c61e-43fb-ad04-ac0b2edd11aa,SHOP_025,BEN_00749,2026-01-07 08:34:38.322714,Rice,18,54.0,28.624929,77.222474,Central Delhi,0,51671.0,8,False,False,True,False,False,1,0.5041853047362523
8ccb1ecc-f3e2-40ba-992d-269a5af04bc0,SHOP_025,BEN_01871,2026-01-07 09:31:00.322714,Rice,17,51.0,28.624929,77.222474,Central Delhi,0,3382.0,9,False,False,True,False,False,1,0.3587320156648663
d3c3d076-2a6a-4ef1-8148-6bb30cabbf5c,SHOP_025,BEN_01117,2026-01-07 10:13:30.322714,Kerosene,2,50.0,28.624929,77.222474,Central Delhi,0,2550.0,10,True,False,False,False,False,1,0.23565667175257865
605f72d7-cacd-4028-8b17-22415f77efa9,SHOP_025,BEN_01303,2026-01-07 13:25:10.322714,Wheat,9,18.0,28.624929,77.222474,Central Delhi,0,11500.0,13,False,False,False,False,True,1,0.16223405442862504
b431f05b-6dfa-4c6b-8be6-b86af183f3e0,SHOP_025,BEN_01917,2026-01-07 14:05:18.322714,Oil,2,100.0,28.624929,77.222474,Central Delhi,0,2408.0,14,False,True,False,False,False,1,0.06771578525701893
20428ff6-77f8-44b0-9117-4199d6c58c9e,SHOP_025,BEN_02334,2026-01-07 16:43:00.322714,Oil,1,50.0,28.624929,77.222474,Central Delhi,0,9462.0,16,False,True,False,False,False,1,0.09483123091163065
aafd14ae-1f80-4bc5-8bc8-290e88123ae5,SHOP_025,BEN_02845,2026-01-08 08:56:30.322714,Oil,2,100.0,28.624929,77.222474,Central Delhi,0,58410.0,8,False,True,False,False,False,1,0.36596802697285863
8fc9fc70-9119-49c7-87d9-49b54dcd2827,SHOP_025,BEN_01026,2026-01-08 11:10:28.322714,Sugar,1,20.0,28.624929,77.222474,Central Delhi,0,8038.0,11,False,False,False,True,False,1,0.19855360970500557
bb49aa9b-473a-4e4f-b21f-eafd65604a01,SHOP_025,BEN_02759,2026-01-08 11:30:14.322714,Sugar,3,60.0,28.624929,77.222474,Central Delhi,0,1186.0,11,False,False,False,True,False,1,0.2523259982056993
52af2897-2f35-44cc-8e32-5b709cdc91cd,SHOP_025,BEN_01518,2026-01-08 12:25:53.322714,Rice,11,33.0,28.624929,77.222474,Central Delhi,0,3339.0,12,False,False,True,False,False,1,0.13447215990672612
b2f88e4d-5f0a-42f1-871d-2d6bc3662334,SHOP_025,BEN_02132,2026-01-08 12:31:48.322714,Wheat,14,28.0,28.624929,77.222474,Central Delhi,0,355.0,12,False,False,False,False,True,1,0.25318653389228823
63516fee-1d7c-4958-ba26-f72da8fdfc22,SHOP_025,BEN_00243,2026-01-09 13:22:12.322714,Sugar,3,60.0,28.624929,77.222474,Central Delhi,0,89424.0,13,False,False,False,True,False,1,0.4922971088393071
55ace1c6-c933-47d5-beda-e7b8381ba148,SHOP_025,BEN_02360,2026-01-09 15:44:04.322714,Wheat,8,16.0,28.624929,77.222474,Central Delhi,0,8512.0,15,False,False,False,False,True,1,0.14143048624048982
bfe90ce1-59e7-4061-a306-e121c5461190,SHOP_025,BEN_01008,2026-01-10 09:25:29.322714,Wheat,13,26.0,28.624929,77.222474,Central Delhi,0,63685.0,9,False,False,False,False,True,1,0.4895842138944615
254006c6-665a-4733-9984-8f068a39e382,SHOP_025,BEN_02109,2026-01-10 10:01:37.322714,Kerosene,3,75.0,28.624929,77.222474,Central Delhi,0,2168.0,10,True,False,False,False,False,1,0.26019925604763394
24d9941a-4568-48b8-a2bb-f5df3329cc78,SHOP_025,BEN_01847,2026-01-11 08:59:41.322714,Oil,2,100.0,28.624929,77.222474,Central Delhi,0,82684.0,8,False,True,False,False,False,1,0.5519879430467416
06b5f06c-3b69-411a-86d8-4e11f22264fe,SHOP_025,BEN_02012,2026-01-12 10:23:12.322714,Oil,1,50.0,28.624929,77.222474,Central Delhi,0,91411.0,10,False,True,False,False,False,1,0.5318977461849803
18cf7c60-dc94-48f6-91e7-be2041368fa2,SHOP_025,BEN_00539,2026-01-12 18:38:54.322714,Oil,1,50.0,28.624929,77.222474,Central Delhi,0,29742.0,18,False,True,False,False,False,1,0.4104520998680121
59f575fe-1059-455f-ae3c-db54597b2b0d,SHOP_025,BEN_01153,2026-01-12 18:40:26.322714,Wheat,9,18.0,28.624929,77.222474,Central Delhi,0,92.0,18,False,False,False,False,True,1,0.3177424808102179
cd5f1611-572f-4e31-9187-49fd0baee6a1,SHOP_025,BEN_01813,2026-01-14 08:15:09.322714,Wheat,20,40.0,28.624929,77.222474,Central Delhi,0,135283.0,8,False,False,False,False,True,-1,0.9723269484823881
2f18b73c-a3b0-4497-ba6e-95d484f7efe9,SHOP_025,BEN_02555,2026-01-14 15:51:28.322714,Sugar,2,40.0,28.624929,77.222474,Central Delhi,0,27379.0,15,False,False,False,True,False,1,0.21434285707284917
ca637d6a-8b9f-4c81-a706-588ddc25c91d,SHOP_025,BEN_00110,2026-01-15 13:19:51.322714,Oil,2,100.0,28.624929,77.222474,Central Delhi,0,77303.0,13,False,True,False,False,False,1,0.4571001080381293
890d7690-9d4e-4ebb-851a-afb53c7cda67,SHOP_025,BEN_02563,2026-01-15 15:23:57.322714,Sugar,3,60.0,28.624929,77.222474,Central Delhi,0,7446.0,15,False,False,False,True,False,1,0.10615297697368498
83ea0b5b-050a-4709-bcb5-bad091762d85,SHOP_026,BEN_02575,2025-12-16 17:40:09.322714,Oil,2,100.0,28.645158,77.323228,East Delhi,0,9999.0,17,False,True,False,False,False,1,0.10752292994677165
55ca90dd-a118-40ef-bb59-05c80496a5df,SHOP_026,BEN_02311,2025-12-16 19:08:10.322714,Sugar,2,40.0,28.645158,77.323228,East Delhi,0,5281.0,19,False,False,False,True,False,1,0.27196924984902354
d665efa0-be99-4d13-9876-86ea12490078,SHOP_026,BEN_01878,2025-12-16 19:43:02.322714,Kerosene,3,75.0,28.645158,77.323228,East Delhi,0,2092.0,19,True,False,False,False,False,1,0.28592775761897066
ff879a59-ee58-438e-8219-e780f1484ebd,SHOP_026,BEN_02983,2025-12-17 08:30:49.322714,Sugar,2,40.0,28.645158,77.323228,East Delhi,0,46067.0,8,False,False,False,True,False,1,0.35863261812380387
b55ea773-6d23-4136-a7e2-a1fa4ebe2dce,SHOP_026,BEN_02177,2025-12-18 08:56:50.322714,Rice,19,57.0,28.645158,77.323228,East Delhi,0,87961.0,8,False,False,True,False,False,-1,0.7471965934592557
2c03a57d-84cf-4e44-bfd9-cc503eed03d0,SHOP_026,BEN_01977,2025-12-18 13:00:45.322714,Sugar,1,20.0,28.645158,77.323228,East Delhi,0,14635.0,13,False,False,False,True,False,1,0.17044617786427724
747c019b-ef47-4a74-92bc-44612c498f2e,SHOP_026,BEN_00199,2025-12-19 09:37:08.322714,Wheat,10,20.0,28.645158,77.323228,East Delhi,0,74183.0,9,False,False,False,False,True,1,0.5308852836946096
0fc66d24-ffbf-4354-a693-fd7f6c75f3e9,SHOP_026,BEN_02889,2025-12-19 10:54:18.322714,Sugar,1,20.0,28.645158,77.323228,East Delhi,0,4630.0,10,False,False,False,True,False,1,0.25137020434821994
dee1dbbf-a35b-4c2c-ba35-c803c3b93364,SHOP_026,BEN_02122,2025-12-19 12:08:14.322714,Wheat,16,32.0,28.645158,77.323228,East Delhi,0,4436.0,12,False,False,False,False,True,1,0.17313701186511277
10ddcf9c-cb97-4b67-9436-07210a88a0b0,SHOP_026,BEN_02116,2025-12-19 19:25:37.322714,Sugar,2,40.0,28.645158,77.323228,East Delhi,0,26243.0,19,False,False,False,True,False,1,0.4029493187734279
dd0b89b3-e6b4-4192-8fd0-42d4bb5750ca,SHOP_026,BEN_01976,2025-12-20 13:17:07.322714,Rice,19,57.0,28.645158,77.323228,East Delhi,0,64290.0,13,False,False,True,False,False,1,0.475728956780103
8dea71c2-b5c3-4448-afd7-39299a73e917,SHOP_026,BEN_01435,2025-12-20 19:33:08.322714,Wheat,15,30.0,28.645158,77.323228,East Delhi,0,22561.0,19,False,False,False,False,True,1,0.41480639773298444
196f3ed3-c2f7-4695-8913-8ede98518116,SHOP_026,BEN_01130,2025-12-21 09:50:32.322714,Sugar,3,60.0,28.645158,77.323228,East Delhi,0,51444.0,9,False,False,False,True,False,1,0.3261449029964715
3d80cfad-3aa3-46fc-a535-b7d555391b15,SHOP_026,BEN_00591,2025-12-21 12:34:34.322714,Kerosene,3,75.0,28.645158,77.323228,East Delhi,0,9842.0,12,True,False,False,False,False,1,0.20635606458801964
90f39275-8596-4e22-8d25-9087a83a0981,SHOP_026,BEN_01366,2025-12-21 13:18:14.322714,Wheat,10,20.0,28.645158,77.323228,East Delhi,0,2620.0,13,False,False,False,False,True,1,0.15549120878285105
70e9e8dc-a708-406f-be6c-8557f33defc8,SHOP_026,BEN_01627,2025-12-21 15:16:10.322714,Sugar,1,20.0,28.645158,77.323228,East Delhi,0,7076.0,15,False,False,False,True,False,1,0.11166584801333729
3594da76-2842-4dc9-81e4-f218fc919874,SHOP_026,BEN_00830,2025-12-22 10:14:30.322714,Rice,9,27.0,28.645158,77.323228,East Delhi,0,68300.0,10,False,False,True,False,False,1,0.4251547573486062
97851aea-3970-434e-bb26-95facbc4f1fc,SHOP_026,BEN_02063,2025-12-22 14:22:58.322714,Wheat,16,32.0,28.645158,77.323228,East Delhi,0,14908.0,14,False,False,False,False,True,1,0.16671224644904242
e4d02974-86d6-4ffa-8de7-ed533d56f698,SHOP_026,BEN_02178,2025-12-22 19:00:28.322714,Wheat,8,16.0,28.645158,77.323228,East Delhi,0,16650.0,19,False,False,False,False,True,1,0.3839254428552512
ed88acf8-043a-4750-a0e0-e8aa84aa2eb3,SHOP_026,BEN_02311,2025-12-23 14:57:28.322714,Rice,18,54.0,28.645158,77.323228,East Delhi,0,71820.0,14,False,False,True,False,False,1,0.5054261356399551
d172ffe3-2d34-469a-9fe3-bf7cda879c36,SHOP_026,BEN_00140,2025-12-23 19:33:35.322714,Wheat,6,12.0,28.645158,77.323228,East Delhi,0,16567.0,19,False,False,False,False,True,1,0.40437369019439945
8a530a77-326e-4649-afeb-0c2fc1198b2c,SHOP_026,BEN_00907,2025-12-24 10:59:18.322714,Wheat,10,20.0,28.645158,77.323228,East Delhi,0,55543.0,10,False,False,False,False,True,1,0.41783778829823415
7d0c0126-ad79-46b7-ac64-2e7dc3cdb6d9,SHOP_026,BEN_00401,2025-12-24 11:57:33.322714,Wheat,20,40.0,28.645158,77.323228,East Delhi,0,3495.0,11,False,False,False,False,True,1,0.3877928464233765
00cd1c9e-2800-4d36-aa7e-aa01ff3af795,SHOP_026,BEN_01278,2025-12-24 12:07:51.322714,Sugar,1,20.0,28.645158,77.323228,East Delhi,0,618.0,12,False,False,False,True,False,1,0.19602606080181245
88bcbe08-97ca-4d40-940a-1a94b4975bf6,SHOP_026,BEN_02339,2025-12-24 16:55:52.322714,Kerosene,3,75.0,28.645158,77.323228,East Delhi,0,17281.0,16,True,False,False,False,False,1,0.1833400064210735
6342c25d-fdf5-42d3-96d7-281cabf278fc,SHOP_026,BEN_01780,2025-12-24 18:45:56.322714,Wheat,8,16.0,28.645158,77.323228,East Delhi,0,6604.0,18,False,False,False,False,True,1,0.2634166843634407
871f7a12-1243-4a24-b99c-4a3ecb833315,SHOP_026,BEN_00514,2025-12-25 11:41:27.322714,Sugar,2,40.0,28.645158,77.323228,East Delhi,0,60931.0,11,False,False,False,True,False,1,0.23083964655456424
cb050552-8417-4594-98c0-df0203ea36a2,SHOP_026,BEN_01904,2025-12-25 19:21:51.322714,Oil,1,50.0,28.645158,77.323228,East Delhi,0,27624.0,19,False,True,False,False,False,1,0.45570676540136834
964ab6bc-f03b-452f-83bb-30f6130eef3f,SHOP_026,BEN_02530,2025-12-26 19:38:23.322714,Rice,7,21.0,28.645158,77.323228,East Delhi,0,87392.0,19,False,False,True,False,False,-1,0.6991861368876291
de0e5c83-a1bb-4114-a1c9-b4fc9a0140c6,SHOP_026,BEN_01164,2025-12-27 10:19:12.322714,Sugar,2,40.0,28.645158,77.323228,East Delhi,0,52849.0,10,False,False,False,True,False,1,0.2387923730369247
dc51146e-3185-4b76-81fa-22292bf320b5,SHOP_026,BEN_01661,2025-12-27 13:22:57.322714,Wheat,12,24.0,28.645158,77.323228,East Delhi,0,11025.0,13,False,False,False,False,True,1,0.1291438101698018
007711dc-c3ac-47d2-8eae-4da8aa08f2cb,SHOP_026,BEN_01887,2025-12-27 16:28:13.322714,Rice,15,45.0,28.645158,77.323228,East Delhi,0,11116.0,16,False,False,True,False,False,1,0.16212322852306094
c66884dd-f1a4-4249-ab2e-0c94af4df5b1,SHOP_026,BEN_01797,2025-12-28 13:14:35.322714,Wheat,9,18.0,28.645158,77.323228,East Delhi,0,74782.0,13,False,False,False,False,True,1,0.53867668468805
28ae19fb-c220-4c62-bb32-4dbbf8d1768b,SHOP_026,BEN_02972,2025-12-28 14:26:26.322714,Wheat,10,20.0,28.645158,77.323228,East Delhi,0,4311.0,14,False,False,False,False,True,1,0.12349224012745735
afacd741-09e5-4809-bb2a-0218bebb1e5c,SHOP_026,BEN_02785,2025-12-28 15:01:07.322714,Kerosene,2,50.0,28.645158,77.323228,East Delhi,0,2081.0,15,True,False,False,False,False,1,0.11113731609610594
12472fa1-8a31-4485-a549-bcbe41bc982a,SHOP_026,BEN_00733,2025-12-28 16:55:11.322714,Rice,12,36.0,28.645158,77.323228,East Delhi,0,6844.0,16,False,False,True,False,False,1,0.15431332362088607
242ea94e-c3a2-4a9c-b5bb-18cbac3951f8,SHOP_026,BEN_00762,2025-12-28 19:09:22.322714,Rice,8,24.0,28.645158,77.323228,East Delhi,0,8051.0,19,False,False,True,False,False,1,0.3581179522217558
5dbf55a9-0682-4294-90bb-047f1a326dc8,SHOP_026,BEN_01033,2025-12-29 12:52:43.322714,Rice,18,54.0,28.645158,77.323228,East Delhi,0,63801.0,12,False,False,True,False,False,1,0.43614923160353003
5fea211f-0d28-48f0-be1e-f5bbae7c514f,SHOP_026,BEN_00084,2025-12-29 16:40:28.322714,Oil,1,50.0,28.645158,77.323228,East Delhi,0,13665.0,16,False,True,False,False,False,1,0.13542835527561486
87295b28-cadc-4eb9-ac33-c6e5b903e785,SHOP_026,BEN_02353,2025-12-30 08:39:36.322714,Sugar,3,60.0,28.645158,77.323228,East Delhi,0,57548.0,8,False,False,False,True,False,1,0.4076532497164246
e4628ae5-da0c-48b4-9948-1a283678bbbe,SHOP_026,BEN_02789,2025-12-30 10:15:45.322714,Oil,1,50.0,28.645158,77.323228,East Delhi,0,5769.0,10,False,True,False,False,False,1,0.1961587438953571
173dd99d-0d34-485c-89a2-1c500ee22b42,SHOP_026,BEN_01358,2025-12-30 11:51:19.322714,Wheat,8,16.0,28.645158,77.323228,East Delhi,0,5734.0,11,False,False,False,False,True,1,0.22268649204178909
a5e075b8-eb8d-4274-9803-8dd8524d62e5,SHOP_026,BEN_00407,2025-12-31 10:25:10.322714,Oil,1,50.0,28.645158,77.323228,East Delhi,0,81231.0,10,False,True,False,False,False,1,0.46375741850993724
2a1b52b6-3bc6-44f5-b0cb-65ac65fd1f29,SHOP_026,BEN_00263,2025-12-31 15:43:22.322714,Rice,18,54.0,28.645158,77.323228,East Delhi,0,19092.0,15,False,False,True,False,False,1,0.2746602110185637
8d4e8af8-5209-43a1-9c41-c6eb9850fd31,SHOP_026,BEN_02772,2025-12-31 15:59:27.322714,Wheat,5,10.0,28.645158,77.323228,East Delhi,0,965.0,15,False,False,False,False,True,1,0.31820155431791297
eeec28cc-9b00-41dd-929c-a70e49d09642,SHOP_026,BEN_02639,2026-01-01 12:06:06.322714,Sugar,2,40.0,28.645158,77.323228,East Delhi,0,72399.0,12,False,False,False,True,False,1,0.2899919697386988
cc3a2191-5bf6-4a05-a657-efc7925a471c,SHOP_026,BEN_01410,2026-01-01 12:14:43.322714,Rice,10,30.0,28.645158,77.323228,East Delhi,0,517.0,12,False,False,True,False,False,1,0.17639354795258272
27687774-9a66-4fc6-a584-346a205f0ee0,SHOP_026,BEN_01006,2026-01-01 13:40:17.322714,Rice,9,27.0,28.645158,77.323228,East Delhi,0,5134.0,13,False,False,True,False,False,1,0.15258873552038438
b8f549b7-f968-4704-a6e4-dc16d541a4ff,SHOP_026,BEN_00933,2026-01-01 16:39:24.322714,Wheat,6,12.0,28.645158,77.323228,East Delhi,0,10747.0,16,False,False,False,False,True,1,0.22470952264795985
c1b1396d-85a9-47cd-b09c-e153ad28be96,SHOP_026,BEN_02473,2026-01-01 18:05:04.322714,Wheat,7,14.0,28.645158,77.323228,East Delhi,0,5140.0,18,False,False,False,False,True,1,0.2537366299415422
19efead6-1236-46b6-bf95-fa12a36c9b54,SHOP_026,BEN_00884,2026-01-01 19:04:45.322714,Sugar,1,20.0,28.645158,77.323228,East Delhi,0,3581.0,19,False,False,False,True,False,1,0.30606548382898197
24b8383c-f5c6-4054-b21c-0f3e08593e8d,SHOP_026,BEN_01713,2026-01-02 09:16:12.322714,Sugar,1,20.0,28.645158,77.323228,East Delhi,0,51087.0,9,False,False,False,True,False,1,0.32347870205953716
6ce11c75-9d82-462a-9a0d-1864c7b6ceb4,SHOP_026,BEN_00444,2026-01-02 13:19:22.322714,Oil,2,100.0,28.645158,77.323228,East Delhi,0,14590.0,13,False,True,False,False,False,1,0.12521602947277527
eeeb82d3-9d2d-4dff-b03d-8d51f831b1c9,SHOP_026,BEN_02138,2026-01-02 13:27:35.322714,Rice,16,48.0,28.645158,77.323228,East Delhi,0,493.0,13,False,False,True,False,False,1,0.20501558735468484
1bafdd9a-f2f5-4541-9868-8c9dc3b74223,SHOP_026,BEN_00003,2026-01-02 14:19:03.322714,Wheat,6,12.0,28.645158,77.323228,East Delhi,0,3088.0,14,False,False,False,False,True,1,0.20877999232095362
8d40b3a6-b08e-443e-ace1-bf276caaa485,SHOP_026,BEN_01166,2026-01-02 16:55:29.322714,Wheat,20,40.0,28.645158,77.323228,East Delhi,0,9386.0,16,False,False,False,False,True,1,0.3394308480904464
b0827043-46dd-4d6b-bb47-f79f93bc0522,SHOP_026,BEN_00177,2026-01-03 09:11:44.322714,Oil,2,100.0,28.645158,77.323228,East Delhi,0,58575.0,9,False,True,False,False,False,1,0.28983154608133865
72fea77b-a0cf-4e78-a504-3fcd3f1704fd,SHOP_026,BEN_02643,2026-01-03 13:47:03.322714,Wheat,12,24.0,28.645158,77.323228,East Delhi,0,16519.0,13,False,False,False,False,True,1,0.1602028621654737
404bf52c-62f1-4c22-bced-6a79fffc0f85,SHOP_026,BEN_02483,2026-01-04 11:58:49.322714,Rice,17,51.0,28.645158,77.323228,East Delhi,0,79906.0,11,False,False,True,False,False,1,0.5276537626677681
5bfa3c8e-fceb-487a-b864-c632db1ffe52,SHOP_026,BEN_02853,2026-01-04 13:25:08.322714,Oil,2,100.0,28.645158,77.323228,East Delhi,0,5179.0,13,False,True,False,False,False,1,0.07954119950729233
aa60b69b-63a0-4d7e-bb6b-b86be8c7bc4f,SHOP_026,BEN_01899,2026-01-04 14:54:06.322714,Wheat,20,40.0,28.645158,77.323228,East Delhi,0,5338.0,14,False,False,False,False,True,1,0.31957159257848694
d9910510-4721-472e-a31b-a13460bb30f9,SHOP_026,BEN_00648,2026-01-05 12:33:44.322714,Kerosene,1,25.0,28.645158,77.323228,East Delhi,0,77978.0,12,True,False,False,False,False,1,0.5517590161230724
9117f3c6-3ded-44e2-afc3-2cab0853eb33,SHOP_026,BEN_02097,2026-01-05 18:48:02.322714,Wheat,16,32.0,28.645158,77.323228,East Delhi,0,22458.0,18,False,False,False,False,True,1,0.361156012731313
319dfe0d-13aa-4183-a14c-66b89152c4d5,SHOP_026,BEN_02308,2026-01-06 11:38:36.322714,Oil,1,50.0,28.645158,77.323228,East Delhi,0,60634.0,11,False,True,False,False,False,1,0.36578900371101686
9f8e8d1f-00d0-4ab7-9e36-0855a04a7300,SHOP_026,BEN_00863,2026-01-06 15:02:36.322714,Sugar,3,60.0,28.645158,77.323228,East Delhi,0,12240.0,15,False,False,False,True,False,1,0.13473925450416907
1553cee1-6a5a-487d-b9da-9c0c743185ff,SHOP_026,BEN_00802,2026-01-06 17:49:47.322714,Oil,2,100.0,28.645158,77.323228,East Delhi,0,10031.0,17,False,True,False,False,False,1,0.11410258587337074
c9ea038d-b78a-4412-9263-bbd7856f3300,SHOP_026,BEN_02400,2026-01-06 18:55:47.322714,Rice,18,54.0,28.645158,77.323228,East Delhi,0,3960.0,18,False,False,True,False,False,1,0.3223524915153279
7ea00bbb-24a7-4cea-bdae-615adc08a4f9,SHOP_026,BEN_01036,2026-01-06 19:45:39.322714,Kerosene,3,75.0,28.645158,77.323228,East Delhi,0,2992.0,19,True,False,False,False,False,1,0.28107585175552363
19867f42-11ac-4432-bb66-b45673ff5030,SHOP_026,BEN_00207,2026-01-07 09:01:29.322714,Oil,2,100.0,28.645158,77.323228,East Delhi,0,47750.0,9,False,True,False,False,False,1,0.28530020330780664
fcf706f3-aa12-483e-9abc-79210197fbd6,SHOP_026,BEN_02197,2026-01-07 10:13:56.322714,Oil,2,100.0,28.645158,77.323228,East Delhi,0,4347.0,10,False,True,False,False,False,1,0.17159333917002523
443f9113-de83-4ac9-986a-6154dc6852ad,SHOP_026,BEN_02230,2026-01-08 08:56:03.322714,Oil,2,100.0,28.645158,77.323228,East Delhi,0,81727.0,8,False,True,False,False,False,1,0.5273116152230917
252725c6-bea3-4ed9-a6c9-8256d9a87352,SHOP_026,BEN_01962,2026-01-08 10:31:21.322714,Kerosene,1,25.0,28.645158,77.323228,East Delhi,0,5718.0,10,True,False,False,False,False,1,0.27918157303652624
481e2197-aab3-4ded-9395-8005c33cd0a4,SHOP_026,BEN_02055,2026-01-08 15:28:42.322714,Kerosene,2,50.0,28.645158,77.323228,East Delhi,0,17841.0,15,True,False,False,False,False,1,0.13949323033123134
a8ecb8bd-5030-4837-a575-975ef5298fa5,SHOP_026,BEN_02621,2026-01-08 15:35:04.322714,Oil,2,100.0,28.645158,77.323228,East Delhi,0,382.0,15,False,True,False,False,False,1,0.10202029218324288
41d9efb6-4b6b-453a-818a-840133def844,SHOP_026,BEN_02411,2026-01-09 08:18:46.322714,Oil,2,100.0,28.645158,77.323228,East Delhi,0,60222.0,8,False,True,False,False,False,1,0.37948142227322
3c1361b5-fcce-4997-9ba2-1fc4c51b6019,SHOP_026,BEN_01951,2026-01-09 09:23:28.322714,Rice,9,27.0,28.645158,77.323228,East Delhi,0,3882.0,9,False,False,True,False,False,1,0.28163730532723075
7321c39d-907f-4eae-96a8-29d98de2a40f,SHOP_026,BEN_00843,2026-01-09 10:00:24.322714,Rice,8,24.0,28.645158,77.323228,East Delhi,0,2216.0,10,False,False,True,False,False,1,0.2285348102982806
e900545d-757e-479e-85e2-707031958864,SHOP_026,BEN_00857,2026-01-09 10:43:17.322714,Sugar,2,40.0,28.645158,77.323228,East Delhi,0,2573.0,10,False,False,False,True,False,1,0.2377836111957149
de5b3216-5370-4c4c-a840-01ec60c83233,SHOP_026,BEN_01525,2026-01-09 11:49:34.322714,Oil,1,50.0,28.645158,77.323228,East Delhi,0,3977.0,11,False,True,False,False,False,1,0.17266500368224186
0c83b7a2-8da8-492d-af79-23d18f277972,SHOP_026,BEN_01553,2026-01-09 14:59:25.322714,Wheat,15,30.0,28.645158,77.323228,East Delhi,0,11391.0,14,False,False,False,False,True,1,0.12162694414128217
e74e123f-593a-4d6f-8079-ebe48c16f2b6,SHOP_026,BEN_01715,2026-01-10 09:34:42.322714,Oil,2,100.0,28.645158,77.323228,East Delhi,0,66917.0,9,False,True,False,False,False,1,0.38382366173697824
33878ee0-232c-4228-b257-476c291abf7e,SHOP_026,BEN_00967,2026-01-11 08:58:55.322714,Rice,6,18.0,28.645158,77.323228,East Delhi,0,84253.0,8,False,False,True,False,False,-1,0.6323033123501428
eaac6585-79e9-4261-be75-85f092b742eb,SHOP_026,BEN_01441,2026-01-11 10:45:52.322714,Rice,19,57.0,28.645158,77.323228,East Delhi,0,6417.0,10,False,False,True,False,False,1,0.37489302108282685
41e5c69e-be7c-485f-964b-fa6ec2de05fa,SHOP_026,BEN_00490,2026-01-11 11:02:28.322714,Oil,2,100.0,28.645158,77.323228,East Delhi,0,996.0,11,False,True,False,False,False,1,0.18887170379391327
815f2e03-02d0-41c7-ba5a-e7aa9c1470f6,SHOP_026,BEN_01967,2026-01-12 08:03:11.322714,Rice,11,33.0,28.645158,77.323228,East Delhi,0,75643.0,8,False,False,True,False,False,1,0.5465168051606062
13ced4f0-c5ed-4493-af56-8b92b8acb9d3,SHOP_026,BEN_00297,2026-01-12 13:50:40.322714,Rice,20,60.0,28.645158,77.323228,East Delhi,0,20849.0,13,False,False,True,False,False,1,0.4057787619079616
53f00393-1c73-4ecd-b715-0a18be387140,SHOP_026,BEN_02990,2026-01-12 15:07:47.322714,Oil,1,50.0,28.645158,77.323228,East Delhi,0,4627.0,15,False,True,False,False,False,1,0.08229200474590731
49de97ab-83ff-4d45-8037-5da2aac09e16,SHOP_026,BEN_01638,2026-01-12 15:54:49.322714,Rice,6,18.0,28.645158,77.323228,East Delhi,0,2822.0,15,False,False,True,False,False,1,0.20093426525150798
3414efac-c8d8-49ff-9269-c666f626e943,SHOP_026,BEN_00353,2026-01-12 18:53:32.322714,Kerosene,3,75.0,28.645158,77.323228,East Delhi,0,10723.0,18,True,False,False,False,False,1,0.22593404617234364
a099a385-30a7-43a7-b423-358da25753f8,SHOP_026,BEN_02586,2026-01-13 10:32:57.322714,Rice,10,30.0,28.645158,77.323228,East Delhi,0,56365.0,10,False,False,True,False,False,1,0.30190764386508195
b89da592-3b2c-4951-812e-0f4a67193223,SHOP_026,BEN_01204,2026-01-14 09:59:31.322714,Kerosene,3,75.0,28.645158,77.323228,East Delhi,0,84394.0,9,True,False,False,False,False,1,0.545521388331756
cc8f496f-37e5-46ed-947e-e4b382bd6457,SHOP_026,BEN_01010,2026-01-14 13:50:24.322714,Oil,2,100.0,28.645158,77.323228,East Delhi,0,13853.0,13,False,True,False,False,False,1,0.11948631999206388
1290a2a9-db5e-4f17-974d-3bd5c0448038,SHOP_027,BEN_02032,2025-12-16 18:06:38.322714,Oil,2,100.0,28.603311,77.025358,Dwarka,0,9999.0,18,False,True,False,False,False,1,0.17362480000282304
2383dcd0-ed41-4d30-bf23-dfb903a53f8b,SHOP_027,BEN_00516,2025-12-16 18:10:51.322714,Kerosene,1,25.0,28.603311,77.025358,Dwarka,0,253.0,18,True,False,False,False,False,1,0.3064405044859799
3e61c72c-973d-439b-93b2-0e10ded6d842,SHOP_027,BEN_00302,2025-12-17 09:34:13.322714,Sugar,2,40.0,28.603311,77.025358,Dwarka,0,55402.0,9,False,False,False,True,False,1,0.27790546343751155
94254c6b-9f91-40d3-9d30-145ef0e38a8e,SHOP_027,BEN_00877,2025-12-17 10:08:38.322714,Rice,7,21.0,28.603311,77.025358,Dwarka,0,2065.0,10,False,False,True,False,False,1,0.24288115517839304
f67eaf6e-fff3-43f9-b618-76fbac94bbc6,SHOP_027,BEN_00578,2025-12-17 10:18:07.322714,Kerosene,3,75.0,28.603311,77.025358,Dwarka,0,569.0,10,True,False,False,False,False,1,0.29621444761970017
10def40c-5151-4b8a-ba6d-1c83dc10c031,SHOP_027,BEN_02498,2025-12-17 14:49:25.322714,Wheat,14,28.0,28.603311,77.025358,Dwarka,0,16278.0,14,False,False,False,False,True,1,0.1648856436883886
4c11bbf9-f75a-4e7b-a78b-e08ef7d0fdb4,SHOP_027,BEN_01709,2025-12-17 17:19:59.322714,Wheat,14,28.0,28.603311,77.025358,Dwarka,0,9034.0,17,False,False,False,False,True,1,0.16679357084162338
d64e08ce-8a37-47f1-a604-25423b18a50c,SHOP_027,BEN_00793,2025-12-18 11:22:48.322714,Sugar,2,40.0,28.603311,77.025358,Dwarka,0,64969.0,11,False,False,False,True,False,1,0.24888857663155267
c059c597-5ad8-4a46-a100-62b5a25f094a,SHOP_027,BEN_02709,2025-12-18 11:59:39.322714,Oil,2,100.0,28.603311,77.025358,Dwarka,0,2211.0,11,False,True,False,False,False,1,0.1743442739530865
dff82c9b-92b3-48ea-a61f-f133710e145a,SHOP_027,BEN_01730,2025-12-18 15:20:12.322714,Rice,6,18.0,28.603311,77.025358,Dwarka,0,12033.0,15,False,False,True,False,False,1,0.2063396404929177
7bc5066c-8abc-4e08-bc09-1daa1707d9ea,SHOP_027,BEN_02281,2025-12-18 17:22:40.322714,Wheat,18,36.0,28.603311,77.025358,Dwarka,0,7348.0,17,False,False,False,False,True,1,0.272177001025754
119e213b-53b3-4e4f-993c-ce9d9dfcdf3c,SHOP_027,BEN_02128,2025-12-19 08:47:48.322714,Oil,1,50.0,28.603311,77.025358,Dwarka,0,55508.0,8,False,True,False,False,False,1,0.39210796054282115
bf4db891-cf26-4153-967d-b76ec66b7f5c,SHOP_027,BEN_01061,2025-12-19 17:15:27.322714,Wheat,13,26.0,28.603311,77.025358,Dwarka,0,30459.0,17,False,False,False,False,True,1,0.42131791014682773
dc5038e4-0a91-45a0-a948-ca8ea7e74f28,SHOP_027,BEN_01521,2025-12-20 09:10:27.322714,Kerosene,3,75.0,28.603311,77.025358,Dwarka,0,57300.0,9,True,False,False,False,False,1,0.40015035057412096
87eefcfb-708b-49e2-8ce6-11dfd1bff41e,SHOP_027,BEN_02258,2025-12-20 09:13:51.322714,Oil,1,50.0,28.603311,77.025358,Dwarka,0,204.0,9,False,True,False,False,False,1,0.3015058132173472
c8a0eba3-f2f1-4ec5-a0e1-46f5784f6617,SHOP_027,BEN_00548,2025-12-20 18:36:29.322714,Oil,1,50.0,28.603311,77.025358,Dwarka,0,33758.0,18,False,True,False,False,False,1,0.45704918691481267
f4955382-92c3-46d8-99b9-534847a08ebb,SHOP_027,BEN_00317,2025-12-21 16:36:11.322714,Oil,2,100.0,28.603311,77.025358,Dwarka,0,79182.0,16,False,True,False,False,False,1,0.500520126194465
207b148a-7a47-4ae4-8259-0b8367513935,SHOP_027,BEN_00327,2025-12-21 19:19:15.322714,Rice,13,39.0,28.603311,77.025358,Dwarka,0,9784.0,19,False,False,True,False,False,1,0.353779599212688
e36b82e0-1658-4c70-af03-64c1bd43b247,SHOP_027,BEN_00596,2025-12-22 09:58:58.322714,Oil,2,100.0,28.603311,77.025358,Dwarka,0,52783.0,9,False,True,False,False,False,1,0.269897013814914
15341815-1530-4542-b1d9-2b2083aaeefe,SHOP_027,BEN_01406,2025-12-22 10:07:56.322714,Rice,11,33.0,28.603311,77.025358,Dwarka,0,538.0,10,False,False,True,False,False,1,0.24642321913220078
4b4f4dcb-399a-4ec6-aa2f-bc259c86119d,SHOP_027,BEN_01319,2025-12-22 13:11:57.322714,Rice,14,42.0,28.603311,77.025358,Dwarka,0,11041.0,13,False,False,True,False,False,1,0.17404860369610736
95a0e443-1f57-4ccd-98f2-3230fdbbff7b,SHOP_027,BEN_02631,2025-12-22 14:33:06.322714,Wheat,15,30.0,28.603311,77.025358,Dwarka,0,4869.0,14,False,False,False,False,True,1,0.10874723375349793
0f97cfd7-faa6-4226-8628-efe3044bf93d,SHOP_027,BEN_01551,2025-12-22 16:56:03.322714,Kerosene,1,25.0,28.603311,77.025358,Dwarka,0,8577.0,16,True,False,False,False,False,1,0.15321223528768302
a1c8b192-1f11-48b2-bec3-98bbf3c6dfe4,SHOP_027,BEN_02694,2025-12-22 18:21:19.322714,Kerosene,1,25.0,28.603311,77.025358,Dwarka,0,5116.0,18,True,False,False,False,False,1,0.20128180474752322
0fb7175b-9db1-438a-806c-aadb715c4879,SHOP_027,BEN_02153,2025-12-22 19:07:35.322714,Rice,5,15.0,28.603311,77.025358,Dwarka,0,2776.0,19,False,False,True,False,False,1,0.3897080718149315
914cfcce-060a-40ba-94f7-e0b64bd677ec,SHOP_027,BEN_01365,2025-12-23 10:59:45.322714,Sugar,2,40.0,28.603311,77.025358,Dwarka,0,57130.0,10,False,False,False,True,False,1,0.25851273966988686
7dc2c317-5874-4896-ad7e-62f5210b9007,SHOP_027,BEN_00257,2025-12-23 14:16:02.322714,Sugar,3,60.0,28.603311,77.025358,Dwarka,0,11777.0,14,False,False,False,True,False,1,0.13269794931328566
0e14d0e3-4691-4a65-93cf-16567aacbdcd,SHOP_027,BEN_02085,2025-12-23 19:35:13.322714,Rice,7,21.0,28.603311,77.025358,Dwarka,0,19151.0,19,False,False,True,False,False,1,0.38402918090806226
e2784268-20fc-440c-86e5-eab85493dd8f,SHOP_027,BEN_00812,2025-12-23 19:59:38.322714,Sugar,1,20.0,28.603311,77.025358,Dwarka,0,1465.0,19,False,False,False,True,False,1,0.352694844186933
3e4db322-f910-4496-ab8a-de19ded8d07b,SHOP_027,BEN_01912,2025-12-24 08:16:40.322714,Wheat,10,20.0,28.603311,77.025358,Dwarka,0,44222.0,8,False,False,False,False,True,1,0.5292818030570217
19ea6b1a-fc66-4401-87df-fdcc3a8ff524,SHOP_027,BEN_00794,2025-12-24 09:30:30.322714,Kerosene,2,50.0,28.603311,77.025358,Dwarka,0,4430.0,9,True,False,False,False,False,1,0.3180449509345086
50958c51-c5a3-450c-8eab-9aa4e90e02c0,SHOP_027,BEN_02113,2025-12-24 18:00:42.322714,Oil,2,100.0,28.603311,77.025358,Dwarka,0,30612.0,18,False,True,False,False,False,1,0.36968172079602013
85a568ef-f689-4a32-95ac-65ecab0049e2,SHOP_027,BEN_00248,2025-12-24 18:34:34.322714,Rice,5,15.0,28.603311,77.025358,Dwarka,0,2032.0,18,False,False,True,False,False,1,0.32790284668795955
d91768a5-db86-4329-8c6d-b2f7e315a568,SHOP_027,BEN_02001,2025-12-25 09:43:52.322714,Oil,1,50.0,28.603311,77.025358,Dwarka,0,54558.0,9,False,True,False,False,False,1,0.294006662530903
1c19a505-6ddb-4bee-aa10-5a0df689f18d,SHOP_027,BEN_00644,2025-12-25 11:42:07.322714,Kerosene,2,50.0,28.603311,77.025358,Dwarka,0,7095.0,11,True,False,False,False,False,1,0.20284779641624973
0a37001d-e6a8-468d-a4e1-46cc57aa35c0,SHOP_027,BEN_02074,2025-12-25 14:59:29.322714,Wheat,15,30.0,28.603311,77.025358,Dwarka,0,11842.0,14,False,False,False,False,True,1,0.12445659200691384
5e55d783-89f8-4bfd-9738-ba28a47a6304,SHOP_027,BEN_00718,2025-12-26 08:00:08.322714,Sugar,1,20.0,28.603311,77.025358,Dwarka,0,61239.0,8,False,False,False,True,False,1,0.4132373692822757
ac465b4e-ace3-43bd-9e65-7a561ff9b8db,SHOP_027,BEN_02319,2025-12-26 11:03:49.322714,Rice,12,36.0,28.603311,77.025358,Dwarka,0,11021.0,11,False,False,True,False,False,1,0.2226412433668516
22d16222-77d1-4a11-9743-c95794b589e3,SHOP_027,BEN_02399,2025-12-26 13:25:46.322714,Wheat,10,20.0,28.603311,77.025358,Dwarka,0,8517.0,13,False,False,False,False,True,1,0.11872349243286101
990c156c-d00d-4c0f-9656-4b2ee7049fbd,SHOP_027,BEN_02590,2025-12-26 16:11:59.322714,Kerosene,2,50.0,28.603311,77.025358,Dwarka,0,9973.0,16,True,False,False,False,False,1,0.10368977785012351
82ff739c-956d-4219-b121-0e249d55c111,SHOP_027,BEN_00870,2025-12-26 16:58:43.322714,Sugar,2,40.0,28.603311,77.025358,Dwarka,0,2804.0,16,False,False,False,True,False,1,0.07654935151077946
f30b434d-efc4-4702-ada5-bd37f901ea3d,SHOP_027,BEN_02720,2025-12-27 08:04:34.322714,Rice,10,30.0,28.603311,77.025358,Dwarka,0,54351.0,8,False,False,True,False,False,1,0.41350537674553467
a5e03e62-ced3-44b8-9f8d-de4e3b624bf2,SHOP_027,BEN_02981,2025-12-27 15:10:32.322714,Kerosene,2,50.0,28.603311,77.025358,Dwarka,0,25558.0,15,True,False,False,False,False,1,0.20909976924583068
041dfb06-1530-4e63-b16a-29e007c27867,SHOP_027,BEN_02736,2025-12-27 16:12:43.322714,Rice,11,33.0,28.603311,77.025358,Dwarka,0,3731.0,16,False,False,True,False,False,1,0.1404213942094259
a3e61471-ab74-48b0-8772-e1d811890754,SHOP_027,BEN_00835,2025-12-27 19:26:18.322714,Sugar,2,40.0,28.603311,77.025358,Dwarka,0,11615.0,19,False,False,False,True,False,1,0.2845939102769588
d78390b9-ab5f-45f5-88e6-6f4e10e50d53,SHOP_027,BEN_01674,2025-12-29 14:49:00.322714,Sugar,3,60.0,28.603311,77.025358,Dwarka,0,156162.0,14,False,False,False,True,False,-1,0.8164110565539624
c53e4947-0d4d-434b-96dd-76a4fcf4cdb9,SHOP_027,BEN_01209,2025-12-29 17:10:24.322714,Oil,2,100.0,28.603311,77.025358,Dwarka,0,8484.0,17,False,True,False,False,False,1,0.08793916401489249
29c3db58-f7b4-4224-bd7b-c11a2933dc70,SHOP_027,BEN_01158,2025-12-30 14:00:22.322714,Rice,14,42.0,28.603311,77.025358,Dwarka,0,74998.0,14,False,False,True,False,False,1,0.480155963807214
8a382033-bac4-4419-8830-9449bb1b27a0,SHOP_027,BEN_01812,2025-12-31 08:42:04.322714,Oil,2,100.0,28.603311,77.025358,Dwarka,0,67302.0,8,False,True,False,False,False,1,0.46096199864382015
50fda22c-c14c-4a80-bbb0-772aafe807ff,SHOP_027,BEN_01556,2025-12-31 11:07:42.322714,Sugar,1,20.0,28.603311,77.025358,Dwarka,0,8738.0,11,False,False,False,True,False,1,0.19752327268302144
5af0a04e-5061-4f26-a10f-cee36056edac,SHOP_027,BEN_01625,2025-12-31 13:16:56.322714,Oil,2,100.0,28.603311,77.025358,Dwarka,0,7754.0,13,False,True,False,False,False,1,0.06640958836189514
62aac746-b642-41fb-bd01-baf5667183db,SHOP_027,BEN_00942,2025-12-31 18:00:50.322714,Sugar,3,60.0,28.603311,77.025358,Dwarka,0,17034.0,18,False,False,False,True,False,1,0.2908843442460613
f79eb6b7-30f7-41ae-8feb-e165318e0882,SHOP_027,BEN_00080,2025-12-31 18:30:21.322714,Kerosene,2,50.0,28.603311,77.025358,Dwarka,0,1771.0,18,True,False,False,False,False,1,0.1728942160300211
b5e78f95-d577-4a6e-ba5a-6159724d684c,SHOP_027,BEN_00463,2025-12-31 19:46:35.322714,Wheat,20,40.0,28.603311,77.025358,Dwarka,0,4574.0,19,False,False,False,False,True,1,0.4904171540287517
35193e8f-9dad-4aba-ad52-cf360db3e396,SHOP_027,BEN_01332,2025-12-31 19:55:03.322714,Wheat,13,26.0,28.603311,77.025358,Dwarka,0,508.0,19,False,False,False,False,True,1,0.37739026146960597
f41ae456-417a-43d7-a010-5658fab2cb9b,SHOP_027,BEN_02255,2026-01-01 11:42:43.322714,Sugar,1,20.0,28.603311,77.025358,Dwarka,0,56860.0,11,False,False,False,True,False,1,0.30067230491103397
4a04fac9-2c59-4a54-8294-3e2175971b86,SHOP_027,BEN_02163,2026-01-01 13:28:47.322714,Wheat,7,14.0,28.603311,77.025358,Dwarka,0,6364.0,13,False,False,False,False,True,1,0.16311785222019493
b22b9580-aa96-4097-b8bf-4bb505429599,SHOP_027,BEN_02470,2026-01-02 10:35:19.322714,Wheat,16,32.0,28.603311,77.025358,Dwarka,0,75992.0,10,False,False,False,False,True,1,0.5208311401562449
f598641e-5f88-4ec4-8c7a-19d12b11372e,SHOP_027,BEN_02775,2026-01-02 13:16:13.322714,Kerosene,2,50.0,28.603311,77.025358,Dwarka,0,9654.0,13,True,False,False,False,False,1,0.1526806000610072
b54ca584-c103-4dc5-b7b0-1ab56383bebd,SHOP_027,BEN_00761,2026-01-02 18:25:08.322714,Kerosene,3,75.0,28.603311,77.025358,Dwarka,0,18535.0,18,True,False,False,False,False,1,0.2410838261521731
7bab59c1-90f1-48ce-8a63-b4dad76642ad,SHOP_027,BEN_00865,2026-01-03 13:21:15.322714,Rice,12,36.0,28.603311,77.025358,Dwarka,0,68167.0,13,False,False,True,False,False,1,0.42418104489376757
73c898f4-385d-4a44-afca-ebfe770cb13b,SHOP_027,BEN_02580,2026-01-03 15:07:44.322714,Kerosene,1,25.0,28.603311,77.025358,Dwarka,0,6389.0,15,True,False,False,False,False,1,0.1254271205585863
90758cc1-6d66-4610-b7b2-ba62822db224,SHOP_027,BEN_02419,2026-01-03 18:19:09.322714,Kerosene,3,75.0,28.603311,77.025358,Dwarka,0,11485.0,18,True,False,False,False,False,1,0.2199520662437468
08e265ff-1870-4f13-98f7-f1b64a81b150,SHOP_027,BEN_02875,2026-01-03 19:10:07.322714,Oil,2,100.0,28.603311,77.025358,Dwarka,0,3058.0,19,False,True,False,False,False,1,0.2503768314929114
4d063b4e-b3e8-49e9-a21c-6a2ae77c14e7,SHOP_027,BEN_01395,2026-01-05 18:53:46.322714,Kerosene,3,75.0,28.603311,77.025358,Dwarka,0,171819.0,18,True,False,False,False,False,-1,0.941899105377943
9351250f-294c-4995-bf9d-76d98fca4434,SHOP_027,BEN_02585,2026-01-05 18:56:38.322714,Rice,12,36.0,28.603311,77.025358,Dwarka,0,172.0,18,False,False,True,False,False,1,0.2810702068133766
8717d41d-a2f5-4927-ba61-8e353020476a,SHOP_027,BEN_00251,2026-01-06 17:20:56.322714,Oil,1,50.0,28.603311,77.025358,Dwarka,0,80658.0,17,False,True,False,False,False,-1,0.6377691052416651
97596a89-9024-4b9f-8613-ced69c03a286,SHOP_027,BEN_02644,2026-01-06 19:22:07.322714,Rice,16,48.0,28.603311,77.025358,Dwarka,0,7271.0,19,False,False,True,False,False,1,0.3588734279898283
226a4c92-7b47-4daf-859b-ff78ca202f51,SHOP_027,BEN_00802,2026-01-07 08:19:22.322714,Wheat,6,12.0,28.603311,77.025358,Dwarka,0,46635.0,8,False,False,False,False,True,1,0.5672534050549629
b1026915-5035-4d9a-83d7-ef60a0fc13b4,SHOP_027,BEN_00076,2026-01-07 09:00:41.322714,Kerosene,3,75.0,28.603311,77.025358,Dwarka,0,2479.0,9,True,False,False,False,False,1,0.35324933458031516
9f24a6e0-e9df-4141-8089-007afa4a580d,SHOP_027,BEN_01049,2026-01-07 09:52:59.322714,Oil,2,100.0,28.603311,77.025358,Dwarka,0,3138.0,9,False,True,False,False,False,1,0.26158673894943385
a5fb7a28-71f4-410a-94ca-b60705da9b26,SHOP_027,BEN_02861,2026-01-07 13:35:52.322714,Rice,19,57.0,28.603311,77.025358,Dwarka,0,13373.0,13,False,False,True,False,False,1,0.27541617165300203
f7dde39c-344d-4283-b5f3-6aa905086d16,SHOP_027,BEN_02008,2026-01-07 14:34:17.322714,Sugar,3,60.0,28.603311,77.025358,Dwarka,0,3505.0,14,False,False,False,True,False,1,0.11722284216531498
bf3f2ba9-6cc5-490d-a834-aa38969f5c1c,SHOP_027,BEN_00709,2026-01-07 16:13:47.322714,Kerosene,3,75.0,28.603311,77.025358,Dwarka,0,5970.0,16,True,False,False,False,False,1,0.1373885414728493
e9f1fd08-6d11-466f-a14b-80aa4acbfe86,SHOP_027,BEN_01597,2026-01-07 17:50:25.322714,Sugar,1,20.0,28.603311,77.025358,Dwarka,0,5798.0,17,False,False,False,True,False,1,0.1643584262062016
5c751d54-f9a8-44ff-816d-dd3eb5119a6d,SHOP_027,BEN_01289,2026-01-07 18:04:43.322714,Rice,20,60.0,28.603311,77.025358,Dwarka,0,858.0,18,False,False,True,False,False,1,0.5053857479664245
e227bc52-79ee-46a4-9208-57150cc4329e,SHOP_027,BEN_00615,2026-01-08 14:46:16.322714,Wheat,8,16.0,28.603311,77.025358,Dwarka,0,74493.0,14,False,False,False,False,True,1,0.5532912323878508
2451ddff-ed36-4def-821a-ad0fb78e864f,SHOP_027,BEN_01946,2026-01-08 15:27:36.322714,Rice,11,33.0,28.603311,77.025358,Dwarka,0,2480.0,15,False,False,True,False,False,1,0.1720019648197193
2859ad1c-5360-4959-bace-b7a15e6a2054,SHOP_027,BEN_00343,2026-01-08 15:36:50.322714,Sugar,3,60.0,28.603311,77.025358,Dwarka,0,554.0,15,False,False,False,True,False,1,0.16496389353237406
2f15112d-a506-4a9e-aed9-28f16d379e2b,SHOP_027,BEN_01341,2026-01-08 16:40:59.322714,Sugar,2,40.0,28.603311,77.025358,Dwarka,0,3849.0,16,False,False,False,True,False,1,0.07308933773802406
28edfae2-9a2e-4951-aa42-27ff88e7ee89,SHOP_027,BEN_01281,2026-01-08 17:30:43.322714,Sugar,3,60.0,28.603311,77.025358,Dwarka,0,2984.0,17,False,False,False,True,False,1,0.16701635508716034
c404c3bf-740b-4921-9a0c-7a3089fa0155,SHOP_027,BEN_00543,2026-01-08 18:46:53.322714,Rice,6,18.0,28.603311,77.025358,Dwarka,0,4570.0,18,False,False,True,False,False,1,0.2556523566594847
9e5239f5-ddf5-4ed5-930a-7f4cf2c4460f,SHOP_027,BEN_02332,2026-01-09 11:23:45.322714,Oil,1,50.0,28.603311,77.025358,Dwarka,0,59812.0,11,False,True,False,False,False,1,0.35945672624943137
11666a26-d1e0-4062-b051-b26c27bd7e41,SHOP_027,BEN_01205,2026-01-09 11:57:08.322714,Kerosene,1,25.0,28.603311,77.025358,Dwarka,0,2003.0,11,True,False,False,False,False,1,0.2619960358344452
769a9438-5442-475d-b9de-f737b376141f,SHOP_027,BEN_01890,2026-01-09 14:52:31.322714,Rice,19,57.0,28.603311,77.025358,Dwarka,0,10523.0,14,False,False,True,False,False,1,0.2629030944092945
1feee4fa-10ac-4498-b0a9-090dd48b8534,SHOP_027,BEN_01185,2026-01-10 12:41:07.322714,Wheat,12,24.0,28.603311,77.025358,Dwarka,0,78516.0,12,False,False,False,False,True,1,0.5619923790311191
62a3be11-f95a-4db6-977b-57362a8465ec,SHOP_027,BEN_02289,2026-01-10 16:09:12.322714,Rice,18,54.0,28.603311,77.025358,Dwarka,0,12485.0,16,False,False,True,False,False,1,0.2343550109320805
6846fe60-37f7-40e1-bb3d-f0fc0b10f4e5,SHOP_027,BEN_02183,2026-01-10 18:36:43.322714,Wheat,11,22.0,28.603311,77.025358,Dwarka,0,8851.0,18,False,False,False,False,True,1,0.22275175712454504
add9f16d-42c8-4e52-a213-274f9fe81ca9,SHOP_027,BEN_00325,2026-01-10 19:01:11.322714,Kerosene,1,25.0,28.603311,77.025358,Dwarka,0,1468.0,19,True,False,False,False,False,1,0.33050587816092164
9b770b5f-ab2c-4ef9-aa4c-26e62481f92e,SHOP_027,BEN_00834,2026-01-11 08:58:08.322714,Wheat,15,30.0,28.603311,77.025358,Dwarka,0,50217.0,8,False,False,False,False,True,1,0.508964502751934
4a2f4dd1-790d-4208-a8ea-2c74958c71f5,SHOP_027,BEN_01204,2026-01-11 09:31:41.322714,Oil,2,100.0,28.603311,77.025358,Dwarka,0,2013.0,9,False,True,False,False,False,1,0.27941391289643575
15c1e8e2-3123-4be8-8e28-ed184c6c1431,SHOP_027,BEN_00676,2026-01-11 15:25:19.322714,Sugar,2,40.0,28.603311,77.025358,Dwarka,0,21218.0,15,False,False,False,True,False,1,0.17362420335805845
7119a469-fe4b-4d1b-9edb-7c1e266369e9,SHOP_027,BEN_01489,2026-01-11 16:38:27.322714,Wheat,19,38.0,28.603311,77.025358,Dwarka,0,4388.0,16,False,False,False,False,True,1,0.2927329406668512
30be6951-4fb5-41a3-9c8f-380109e4583f,SHOP_027,BEN_00725,2026-01-12 14:18:47.322714,Rice,19,57.0,28.603311,77.025358,Dwarka,0,78020.0,14,False,False,True,False,False,1,0.5487380519000485
90ad4d4b-f16f-41b0-867a-b4fa786ea675,SHOP_027,BEN_02462,2026-01-12 19:10:34.322714,Sugar,2,40.0,28.603311,77.025358,Dwarka,0,17507.0,19,False,False,False,True,False,1,0.3332455887267691
56146198-2d44-4706-b304-a8fb70bbd558,SHOP_027,BEN_01034,2026-01-13 14:26:57.322714,Sugar,2,40.0,28.603311,77.025358,Dwarka,0,69383.0,14,False,False,False,True,False,1,0.31380081541396837
cf7b970c-a38b-4f69-8501-18230dd99902,SHOP_027,BEN_02034,2026-01-13 15:19:29.322714,Kerosene,1,25.0,28.603311,77.025358,Dwarka,0,3152.0,15,True,False,False,False,False,1,0.13462108671934359
b5c6536a-8399-4be9-9618-64bcd3430c67,SHOP_027,BEN_01109,2026-01-13 17:33:07.322714,Oil,2,100.0,28.603311,77.025358,Dwarka,0,8018.0,17,False,True,False,False,False,1,0.08934106114208423
4d6d3e85-c0b0-4901-a9b1-e3f7169bbad4,SHOP_027,BEN_02900,2026-01-14 09:01:20.322714,Rice,10,30.0,28.603311,77.025358,Dwarka,0,55693.0,9,False,False,True,False,False,1,0.3198285979192056
725a7379-1fd1-4287-9eef-3fb0ff65dbb7,SHOP_027,BEN_01569,2026-01-14 11:17:56.322714,Oil,1,50.0,28.603311,77.025358,Dwarka,0,8196.0,11,False,True,False,False,False,1,0.1955737136780954
8cd054a1-d396-400f-8558-6781ac5194d5,SHOP_027,BEN_02428,2026-01-14 12:53:40.322714,Wheat,13,26.0,28.603311,77.025358,Dwarka,0,5744.0,12,False,False,False,False,True,1,0.17255461520377224
bf6e6b18-2c47-445e-a6bd-73e404890487,SHOP_027,BEN_01300,2026-01-14 13:04:09.322714,Kerosene,1,25.0,28.603311,77.025358,Dwarka,0,629.0,13,True,False,False,False,False,1,0.23193862761008105
cf6f99ef-09cc-4f7d-8f8c-cc9e5150e8af,SHOP_027,BEN_00206,2026-01-14 15:25:15.322714,Wheat,18,36.0,28.603311,77.025358,Dwarka,0,8466.0,15,False,False,False,False,True,1,0.2120657006701222
8f6f7393-3e92-4d42-8afe-2e152d9def18,SHOP_027,BEN_02999,2026-01-14 18:08:36.322714,Oil,2,100.0,28.603311,77.025358,Dwarka,0,9801.0,18,False,True,False,False,False,1,0.17414348557186732
7583a3d2-caf9-4706-ae5b-bc83a3620f31,SHOP_027,BEN_02667,2026-01-15 08:07:08.322714,Sugar,3,60.0,28.603311,77.025358,Dwarka,0,50312.0,8,False,False,False,True,False,1,0.3994407763673043
8644fe7d-fa9c-4bd8-83b9-68675e4917bb,SHOP_027,BEN_00371,2026-01-15 11:33:00.322714,Rice,9,27.0,28.603311,77.025358,Dwarka,0,12352.0,11,False,False,True,False,False,1,0.224525036034657
a66f54cf-1552-42d8-be05-a908f18707a6,SHOP_027,BEN_01312,2026-01-15 15:21:25.322714,Kerosene,1,25.0,28.603311,77.025358,Dwarka,0,13705.0,15,True,False,False,False,False,1,0.1606170550448025
eac33436-edc4-42c8-a7f2-e73f46660b0b,SHOP_028,BEN_00453,2025-12-16 17:50:14.322714,Sugar,1,20.0,28.644078,77.187159,Central Delhi,0,9999.0,17,False,False,False,True,False,1,0.18682030604777677
a0e0b8ad-c52d-4741-b942-f2e420b7adfb,SHOP_028,BEN_01261,2025-12-17 11:06:42.322714,Oil,2,100.0,28.644078,77.187159,Central Delhi,0,62188.0,11,False,True,False,False,False,1,0.34151114372993485
8dffa28d-3449-43c4-863d-18d604f34b7f,SHOP_028,BEN_02642,2025-12-17 13:44:03.322714,Kerosene,1,25.0,28.644078,77.187159,Central Delhi,0,9441.0,13,True,False,False,False,False,1,0.15945867743630882
6b79ab07-5925-495c-b87d-78524b383675,SHOP_028,BEN_00895,2025-12-17 16:09:56.322714,Wheat,8,16.0,28.644078,77.187159,Central Delhi,0,8753.0,16,False,False,False,False,True,1,0.17540155188723078
0927f984-3ae4-4dee-b560-b5167bce9d36,SHOP_028,BEN_01359,2025-12-17 18:00:28.322714,Kerosene,3,75.0,28.644078,77.187159,Central Delhi,0,6632.0,18,True,False,False,False,False,1,0.20440215574361997
939b80d8-6b58-4693-b1e4-1c35a9839b07,SHOP_028,BEN_01554,2025-12-17 18:03:12.322714,Oil,1,50.0,28.644078,77.187159,Central Delhi,0,164.0,18,False,True,False,False,False,1,0.2622983336803825
ce3d2529-f302-4c52-92b2-1ca741ed5182,SHOP_028,BEN_02358,2025-12-18 08:40:55.322714,Wheat,19,38.0,28.644078,77.187159,Central Delhi,0,52663.0,8,False,False,False,False,True,-1,0.6401392346010703
35d8d923-dbf8-4d09-a38a-001c8332eb98,SHOP_028,BEN_02040,2025-12-18 10:00:49.322714,Rice,13,39.0,28.644078,77.187159,Central Delhi,0,4794.0,10,False,False,True,False,False,1,0.24143416502495413
58cb1b09-8004-46ce-88c3-d1ebcb641329,SHOP_028,BEN_01082,2025-12-18 12:38:33.322714,Sugar,3,60.0,28.644078,77.187159,Central Delhi,0,9464.0,12,False,False,False,True,False,1,0.17112473831745
3f5f21df-5334-4caf-b3c8-f40b250bec44,SHOP_028,BEN_02959,2025-12-19 11:30:40.322714,Kerosene,3,75.0,28.644078,77.187159,Central Delhi,0,82327.0,11,True,False,False,False,False,1,0.5391485430864145
e0592992-6987-4abc-ae41-901843e78dce,SHOP_028,BEN_01066,2025-12-20 09:15:25.322714,Sugar,3,60.0,28.644078,77.187159,Central Delhi,0,78285.0,9,False,False,False,True,False,1,0.4507819329539643
d45a3917-b4d5-45a8-b390-e5f211a063e0,SHOP_028,BEN_01650,2025-12-20 12:25:29.322714,Sugar,1,20.0,28.644078,77.187159,Central Delhi,0,11404.0,12,False,False,False,True,False,1,0.17009829404311572
189df9c2-a407-42d3-b2b6-8b5756018d54,SHOP_028,BEN_01944,2025-12-20 13:47:17.322714,Sugar,3,60.0,28.644078,77.187159,Central Delhi,0,4908.0,13,False,False,False,True,False,1,0.12964002659443324
8806c2df-dc9c-4bd4-95c8-d55ecb4f9d45,SHOP_028,BEN_02425,2025-12-20 13:50:04.322714,Sugar,1,20.0,28.644078,77.187159,Central Delhi,0,167.0,13,False,False,False,True,False,1,0.19333161806220844
ce7c00dc-69e1-41fc-9d94-1aa99311b267,SHOP_028,BEN_02446,2025-12-20 15:24:40.322714,Wheat,11,22.0,28.644078,77.187159,Central Delhi,0,5676.0,15,False,False,False,False,True,1,0.09827344828261503
4f8a7b56-deb0-477c-8206-789ef543b412,SHOP_028,BEN_02412,2025-12-20 15:24:51.322714,Wheat,8,16.0,28.644078,77.187159,Central Delhi,0,11.0,15,False,False,False,False,True,1,0.2632562070511043
e2205627-f5ed-4d05-b1e5-83b89532834a,SHOP_028,BEN_00816,2025-12-20 18:28:36.322714,Wheat,18,36.0,28.644078,77.187159,Central Delhi,0,11025.0,18,False,False,False,False,True,1,0.32792163612952224
e66dc22d-78ce-47e7-ae85-dea492b4257d,SHOP_028,BEN_01241,2025-12-21 14:21:33.322714,Rice,16,48.0,28.644078,77.187159,Central Delhi,0,71577.0,14,False,False,True,False,False,1,0.4736098630295838
d6b8627c-155b-413e-b396-6a1e0016585a,SHOP_028,BEN_01384,2025-12-21 14:23:02.322714,Wheat,9,18.0,28.644078,77.187159,Central Delhi,0,89.0,14,False,False,False,False,True,1,0.22158955012667425
2899abd4-aabc-4d33-89c9-726f3866fded,SHOP_028,BEN_02507,2025-12-21 19:31:00.322714,Oil,1,50.0,28.644078,77.187159,Central Delhi,0,18478.0,19,False,True,False,False,False,1,0.3356394572189265
33cafa7d-3a8a-4d4f-b210-3d8c084c8451,SHOP_028,BEN_00747,2025-12-22 10:04:52.322714,Oil,2,100.0,28.644078,77.187159,Central Delhi,0,52432.0,10,False,True,False,False,False,1,0.270898219821532
133bcb2d-d291-453d-8b5b-ae9a31ae835c,SHOP_028,BEN_00869,2025-12-22 11:54:40.322714,Sugar,2,40.0,28.644078,77.187159,Central Delhi,0,6588.0,11,False,False,False,True,False,1,0.17383669046669425
175560a4-59e6-48b7-913c-c1d9b0b022b5,SHOP_028,BEN_01208,2025-12-22 12:32:10.322714,Kerosene,1,25.0,28.644078,77.187159,Central Delhi,0,2250.0,12,True,False,False,False,False,1,0.1993642840326344
b543c991-bba9-432d-a33b-e5bbd79c171f,SHOP_028,BEN_00870,2025-12-22 18:28:58.322714,Wheat,8,16.0,28.644078,77.187159,Central Delhi,0,21408.0,18,False,False,False,False,True,1,0.41281789808140046
bf8c9301-2fd8-44b2-8ea1-4682e19486d7,SHOP_028,BEN_02441,2025-12-23 08:43:34.322714,Wheat,15,30.0,28.644078,77.187159,Central Delhi,0,51276.0,8,False,False,False,False,True,1,0.5073162610757939
7a91aaa2-e591-4be6-9808-b43bc1d0f4d4,SHOP_028,BEN_01774,2025-12-23 11:10:26.322714,Kerosene,2,50.0,28.644078,77.187159,Central Delhi,0,8812.0,11,True,False,False,False,False,1,0.2160363678088152
d053f156-d064-4114-89da-a891550324b6,SHOP_028,BEN_02922,2025-12-23 12:53:33.322714,Rice,9,27.0,28.644078,77.187159,Central Delhi,0,6187.0,12,False,False,True,False,False,1,0.14099347495980408
dafc8559-67f5-42c9-a599-82e645961cd2,SHOP_028,BEN_02292,2025-12-23 15:31:26.322714,Rice,19,57.0,28.644078,77.187159,Central Delhi,0,9473.0,15,False,False,True,False,False,1,0.27641352889734666
48ca5796-1678-47f4-95e1-8c650e457375,SHOP_028,BEN_00321,2025-12-23 19:55:21.322714,Kerosene,3,75.0,28.644078,77.187159,Central Delhi,0,15835.0,19,True,False,False,False,False,1,0.2984607658441908
7a0af332-846a-4f1d-a724-7f3249fd5129,SHOP_028,BEN_02401,2025-12-24 15:45:17.322714,Rice,5,15.0,28.644078,77.187159,Central Delhi,0,71396.0,15,False,False,True,False,False,1,0.5298067785686713
9b13760a-2d66-4c9a-858c-2911c5b8fb9e,SHOP_028,BEN_00199,2025-12-25 16:11:13.322714,Kerosene,3,75.0,28.644078,77.187159,Central Delhi,0,87956.0,16,True,False,False,False,False,-1,0.6218009681660327
a9d88d5f-87cc-42cd-bffb-bad3cc7bc85e,SHOP_028,BEN_02004,2025-12-25 17:37:25.322714,Kerosene,3,75.0,28.644078,77.187159,Central Delhi,0,5172.0,17,True,False,False,False,False,1,0.18399462458888882
83904b1c-25d5-464c-aca1-aed4c7834073,SHOP_028,BEN_00389,2025-12-25 18:29:44.322714,Wheat,8,16.0,28.644078,77.187159,Central Delhi,0,3139.0,18,False,False,False,False,True,1,0.27616934441251284
562ca816-1a5f-4b5d-8089-e00441935437,SHOP_028,BEN_01885,2025-12-25 19:43:21.322714,Oil,1,50.0,28.644078,77.187159,Central Delhi,0,4417.0,19,False,True,False,False,False,1,0.2808375121835273
57920f76-674c-4c5c-bb9d-7816a67c3bf7,SHOP_028,BEN_00795,2025-12-26 08:27:33.322714,Rice,16,48.0,28.644078,77.187159,Central Delhi,0,45852.0,8,False,False,True,False,False,1,0.4985637015346515
3164e6a8-14b2-4936-ad77-425b94f03b1b,SHOP_028,BEN_02580,2025-12-26 10:53:06.322714,Wheat,5,10.0,28.644078,77.187159,Central Delhi,0,8733.0,10,False,False,False,False,True,1,0.33855023908809206
16ead064-8b1c-4757-99ca-a76bc6727e1f,SHOP_028,BEN_00776,2025-12-26 16:19:22.322714,Wheat,19,38.0,28.644078,77.187159,Central Delhi,0,19576.0,16,False,False,False,False,True,1,0.35592341067431543
81180b97-bd96-41ad-9e30-d74bae68800b,SHOP_028,BEN_00035,2025-12-26 16:23:51.322714,Oil,1,50.0,28.644078,77.187159,Central Delhi,0,269.0,16,False,True,False,False,False,1,0.13025870577524534
1d9775c8-a7ff-4dd4-b8a4-1f65bd10862d,SHOP_028,BEN_01285,2025-12-26 18:53:44.322714,Rice,19,57.0,28.644078,77.187159,Central Delhi,0,8993.0,18,False,False,True,False,False,1,0.3525449789289442
b41a7288-d194-41c5-b40b-0521f23375a5,SHOP_028,BEN_01214,2025-12-27 08:27:41.322714,Kerosene,1,25.0,28.644078,77.187159,Central Delhi,0,48837.0,8,True,False,False,False,False,1,0.485318579546591
1b28c4f3-9271-41a7-8352-01b1ef33667b,SHOP_028,BEN_00674,2025-12-27 08:51:43.322714,Kerosene,2,50.0,28.644078,77.187159,Central Delhi,0,1442.0,8,True,False,False,False,False,1,0.40640371191878477
d61b19af-c392-4b0e-bab0-921772fbd6a9,SHOP_028,BEN_01897,2025-12-27 09:03:22.322714,Kerosene,3,75.0,28.644078,77.187159,Central Delhi,0,699.0,9,True,False,False,False,False,1,0.3969371628992151
22d1fe3c-a759-4c57-a458-5b74dc270cdd,SHOP_028,BEN_01745,2025-12-27 11:33:05.322714,Oil,1,50.0,28.644078,77.187159,Central Delhi,0,8983.0,11,False,True,False,False,False,1,0.19260298362593842
781a69bd-ffe7-4e4c-ba6b-3a90c3103700,SHOP_028,BEN_01419,2025-12-27 15:12:13.322714,Sugar,3,60.0,28.644078,77.187159,Central Delhi,0,13148.0,15,False,False,False,True,False,1,0.13991586088154018
3d66bd1c-885d-4574-9355-80f5f403de78,SHOP_028,BEN_00446,2025-12-27 18:08:53.322714,Rice,20,60.0,28.644078,77.187159,Central Delhi,0,10600.0,18,False,False,True,False,False,1,0.440703640343417
439e9fa0-bcd2-4d18-9ff4-5ffcd4486cb5,SHOP_028,BEN_02027,2025-12-28 08:47:19.322714,Wheat,10,20.0,28.644078,77.187159,Central Delhi,0,52706.0,8,False,False,False,False,True,1,0.5231165103213508
dd6185e8-23e1-4827-974d-b011080fb2b0,SHOP_028,BEN_02931,2025-12-28 09:42:36.322714,Oil,1,50.0,28.644078,77.187159,Central Delhi,0,3317.0,9,False,True,False,False,False,1,0.2682244686051053
790a450a-7953-48e5-aac4-3632c16ae9aa,SHOP_028,BEN_02067,2025-12-28 18:42:32.322714,Oil,1,50.0,28.644078,77.187159,Central Delhi,0,32396.0,18,False,True,False,False,False,1,0.4464372486405076
ba33dcee-1a2e-44ef-b295-ca74d46c6553,SHOP_028,BEN_02833,2025-12-29 09:59:16.322714,Rice,18,54.0,28.644078,77.187159,Central Delhi,0,55004.0,9,False,False,True,False,False,1,0.45802198331743627
35eedd98-8f6f-4468-9fa6-d71c42bd4cdd,SHOP_028,BEN_01658,2025-12-30 08:50:13.322714,Oil,1,50.0,28.644078,77.187159,Central Delhi,0,82257.0,8,False,True,False,False,False,1,0.5552345313088463
c8d4cc9c-77ab-4d52-ba23-bec69982eefb,SHOP_028,BEN_02614,2025-12-30 09:35:15.322714,Oil,1,50.0,28.644078,77.187159,Central Delhi,0,2702.0,9,False,True,False,False,False,1,0.27636419558401043
29825e7b-7d55-4696-95ad-86bc71b6381f,SHOP_028,BEN_02471,2025-12-30 14:47:17.322714,Wheat,19,38.0,28.644078,77.187159,Central Delhi,0,18722.0,14,False,False,False,False,True,1,0.34653133410440495
8e241b20-3ceb-4ce2-98b2-615ac2b6717b,SHOP_028,BEN_02120,2025-12-30 16:32:05.322714,Sugar,3,60.0,28.644078,77.187159,Central Delhi,0,6288.0,16,False,False,False,True,False,1,0.12169860104490943
f24935b7-88e9-4c0b-ba3f-398e701abe3f,SHOP_028,BEN_02493,2025-12-30 17:11:42.322714,Oil,1,50.0,28.644078,77.187159,Central Delhi,0,2377.0,17,False,True,False,False,False,1,0.19588535929697592
99babfb6-ad40-4063-9580-bf6e7bc49a5c,SHOP_028,BEN_01464,2025-12-30 18:56:14.322714,Rice,15,45.0,28.644078,77.187159,Central Delhi,0,6272.0,18,False,False,True,False,False,1,0.23986434879821933
e7e32518-6432-4cde-908f-0095752a5bc0,SHOP_028,BEN_01894,2025-12-31 17:00:00.322714,Rice,18,54.0,28.644078,77.187159,Central Delhi,0,79426.0,17,False,False,True,False,False,-1,0.6242837181892171
5acd3ae9-4ade-4356-b452-44dc0df8082e,SHOP_028,BEN_00037,2025-12-31 19:27:08.322714,Wheat,9,18.0,28.644078,77.187159,Central Delhi,0,8828.0,19,False,False,False,False,True,1,0.29972692999278616
7eb30527-f164-432a-a1ef-fd3df1cdaefb,SHOP_028,BEN_02850,2026-01-01 12:23:51.322714,Wheat,9,18.0,28.644078,77.187159,Central Delhi,0,61003.0,12,False,False,False,False,True,1,0.4707752622888609
fd427dfb-2f75-412e-9158-4f259aebf99a,SHOP_028,BEN_01688,2026-01-01 19:55:01.322714,Wheat,19,38.0,28.644078,77.187159,Central Delhi,0,27070.0,19,False,False,False,False,True,1,0.5807924444504519
a3774850-382f-404b-b727-05663e33c49d,SHOP_028,BEN_00289,2026-01-02 13:45:57.322714,Sugar,2,40.0,28.644078,77.187159,Central Delhi,0,64256.0,13,False,False,False,True,False,1,0.27063694017180034
4dac2d71-2580-4154-9d54-14b539fd64bb,SHOP_028,BEN_02345,2026-01-02 16:22:45.322714,Oil,1,50.0,28.644078,77.187159,Central Delhi,0,9408.0,16,False,True,False,False,False,1,0.09483123091163065
faa0c97c-2271-4a8b-99bd-59a2d8eaf29e,SHOP_028,BEN_00859,2026-01-02 16:24:51.322714,Sugar,3,60.0,28.644078,77.187159,Central Delhi,0,126.0,16,False,False,False,True,False,1,0.17908183395555616
175f8d8d-25a7-4246-90ab-8d9b87e3ff49,SHOP_028,BEN_00286,2026-01-03 18:41:03.322714,Sugar,2,40.0,28.644078,77.187159,Central Delhi,0,94572.0,18,False,False,False,True,False,-1,0.6167492462207306
cab7bd5c-c742-42b0-8cf4-8ccf3c9c2bd1,SHOP_028,BEN_00852,2026-01-05 13:44:55.322714,Rice,16,48.0,28.644078,77.187159,Central Delhi,0,155032.0,13,False,False,True,False,False,-1,0.8310134597572356
940a7234-b144-46b7-a903-a25e7b56a1a9,SHOP_028,BEN_01549,2026-01-05 16:04:25.322714,Wheat,9,18.0,28.644078,77.187159,Central Delhi,0,8370.0,16,False,False,False,False,True,1,0.1517153555798617
4ae2e56a-cf0b-4f14-9602-b0a91980aac1,SHOP_028,BEN_00395,2026-01-06 08:36:11.322714,Sugar,1,20.0,28.644078,77.187159,Central Delhi,0,59506.0,8,False,False,False,True,False,1,0.40209153274086035
c02f31e8-4623-4d27-afed-e9e5dc530a0d,SHOP_028,BEN_00302,2026-01-06 12:23:06.322714,Rice,9,27.0,28.644078,77.187159,Central Delhi,0,13615.0,12,False,False,True,False,False,1,0.18106842722168232
e711da50-1fb1-4587-b697-c54a3f5b36ca,SHOP_028,BEN_02013,2026-01-06 14:22:43.322714,Wheat,7,14.0,28.644078,77.187159,Central Delhi,0,7177.0,14,False,False,False,False,True,1,0.1530271082149719
38d8d89f-b94f-42f0-ba22-4a34dc6884a2,SHOP_028,BEN_01510,2026-01-06 15:46:44.322714,Wheat,9,18.0,28.644078,77.187159,Central Delhi,0,5041.0,15,False,False,False,False,True,1,0.1006461578714149
8fe90db6-276d-4f30-bb25-df55279f6555,SHOP_028,BEN_01398,2026-01-06 16:31:40.322714,Sugar,2,40.0,28.644078,77.187159,Central Delhi,0,2696.0,16,False,False,False,True,False,1,0.08841315645383718
c013925c-11cb-4695-a93c-49490eedebfa,SHOP_028,BEN_00394,2026-01-07 13:19:28.322714,Wheat,11,22.0,28.644078,77.187159,Central Delhi,0,74868.0,13,False,False,False,False,True,1,0.48293715321483044
5100fdf5-a1e6-4f69-b709-773409cba57a,SHOP_028,BEN_02918,2026-01-07 16:00:58.322714,Rice,7,21.0,28.644078,77.187159,Central Delhi,0,9690.0,16,False,False,True,False,False,1,0.22116344113345948
78c48a85-3099-4444-a67b-92400b1f5cd7,SHOP_028,BEN_00325,2026-01-07 16:08:28.322714,Kerosene,3,75.0,28.644078,77.187159,Central Delhi,0,450.0,16,True,False,False,False,False,1,0.2036172189807472
ea523a89-07a5-417d-a3c7-8688cc4beeeb,SHOP_028,BEN_00148,2026-01-07 17:48:24.322714,Wheat,5,10.0,28.644078,77.187159,Central Delhi,0,5996.0,17,False,False,False,False,True,1,0.27367203206570395
2c2d9315-62ce-4f49-92db-e49188b714ea,SHOP_028,BEN_00293,2026-01-08 09:14:46.322714,Oil,2,100.0,28.644078,77.187159,Central Delhi,0,55582.0,9,False,True,False,False,False,1,0.2765858622618411
4e78b052-c0f7-4ae5-b5c3-3e5995ff0afd,SHOP_028,BEN_02764,2026-01-08 11:00:51.322714,Kerosene,2,50.0,28.644078,77.187159,Central Delhi,0,6365.0,11,True,False,False,False,False,1,0.2001183048004503
a37f3f69-9f5a-4ea9-8d88-96045d0954da,SHOP_028,BEN_00640,2026-01-08 12:44:21.322714,Sugar,3,60.0,28.644078,77.187159,Central Delhi,0,6210.0,12,False,False,False,True,False,1,0.16993789182207708
c39cde0d-3dbc-4b59-9f15-56ea54b30d06,SHOP_028,BEN_01706,2026-01-08 14:21:50.322714,Oil,1,50.0,28.644078,77.187159,Central Delhi,0,5849.0,14,False,True,False,False,False,1,0.11221581123458813
c8a0cf26-e3fc-4d18-a9a3-167bec9707cd,SHOP_028,BEN_01290,2026-01-08 14:45:16.322714,Sugar,2,40.0,28.644078,77.187159,Central Delhi,0,1406.0,14,False,False,False,True,False,1,0.08656567633037882
a437ee97-60d7-4cbb-9bd3-f31f6a6aa26f,SHOP_028,BEN_01443,2026-01-08 16:29:37.322714,Wheat,18,36.0,28.644078,77.187159,Central Delhi,0,6261.0,16,False,False,False,False,True,1,0.23237348113691192
23f27cbb-e1e7-475b-ad53-19093fdb16d3,SHOP_028,BEN_02463,2026-01-08 18:55:09.322714,Wheat,5,10.0,28.644078,77.187159,Central Delhi,0,8732.0,18,False,False,False,False,True,1,0.30131729156755926
5adeaa99-2e81-4cea-ae6f-083233246b24,SHOP_028,BEN_01287,2026-01-08 19:10:51.322714,Wheat,6,12.0,28.644078,77.187159,Central Delhi,0,942.0,19,False,False,False,False,True,1,0.4285655278854271
47764dd5-ef40-49a8-b7df-f5cdb1b0cf64,SHOP_028,BEN_01750,2026-01-08 19:33:21.322714,Kerosene,3,75.0,28.644078,77.187159,Central Delhi,0,1350.0,19,True,False,False,False,False,1,0.2998103109909349
18629bbd-1350-476d-afb2-2f621dcbcf29,SHOP_028,BEN_01640,2026-01-09 08:45:43.322714,Oil,2,100.0,28.644078,77.187159,Central Delhi,0,47542.0,8,False,True,False,False,False,1,0.3717139419081906
cfaa75a9-eb4f-4be4-8aa7-f65d37217f22,SHOP_028,BEN_00231,2026-01-09 12:04:34.322714,Sugar,2,40.0,28.644078,77.187159,Central Delhi,0,11931.0,12,False,False,False,True,False,1,0.12121325709450387
9765571d-3976-4416-8eeb-375ebd4c1cbc,SHOP_028,BEN_00099,2026-01-09 13:37:11.322714,Rice,5,15.0,28.644078,77.187159,Central Delhi,0,5557.0,13,False,False,True,False,False,1,0.22476125325496926
d060090f-b6d7-411c-9e4f-c627591c1fb5,SHOP_028,BEN_00777,2026-01-09 14:19:24.322714,Sugar,2,40.0,28.644078,77.187159,Central Delhi,0,2533.0,14,False,False,False,True,False,1,0.061021417731032535
052865b3-3878-49fb-9c1f-b8b95d74927d,SHOP_028,BEN_01911,2026-01-09 14:49:13.322714,Rice,7,21.0,28.644078,77.187159,Central Delhi,0,1789.0,14,False,False,True,False,False,1,0.1978691564895677
6fd92200-794c-4bf7-926a-ec49d608ef79,SHOP_028,BEN_00650,2026-01-09 17:16:09.322714,Oil,2,100.0,28.644078,77.187159,Central Delhi,0,8816.0,17,False,True,False,False,False,1,0.0909862530963414
047f3857-19fe-4f07-8242-254c70fb6438,SHOP_028,BEN_00043,2026-01-09 17:28:17.322714,Wheat,6,12.0,28.644078,77.187159,Central Delhi,0,728.0,17,False,False,False,False,True,1,0.3226770026685129
74b2e466-7a6f-4386-b696-b0a22822148d,SHOP_028,BEN_00371,2026-01-10 11:45:27.322714,Wheat,13,26.0,28.644078,77.187159,Central Delhi,0,65830.0,11,False,False,False,False,True,1,0.4510041253382091
d582c39a-d75e-4e36-b45c-72a595570b3b,SHOP_028,BEN_01996,2026-01-10 15:27:18.322714,Wheat,12,24.0,28.644078,77.187159,Central Delhi,0,13311.0,15,False,False,False,False,True,1,0.12824741438856985
f478d315-7f6f-4091-a671-60aa5553933c,SHOP_028,BEN_00042,2026-01-10 17:11:19.322714,Wheat,16,32.0,28.644078,77.187159,Central Delhi,0,6241.0,17,False,False,False,False,True,1,0.21698784188694886
34a3e27b-ff75-4210-b192-42c10218d745,SHOP_028,BEN_02614,2026-01-11 11:12:55.322714,Wheat,5,10.0,28.644078,77.187159,Central Delhi,0,64896.0,11,False,False,False,False,True,1,0.5353551774609449
cb0b2c7e-71b4-4cea-982d-95bbca80f9a4,SHOP_028,BEN_01439,2026-01-11 13:22:00.322714,Wheat,5,10.0,28.644078,77.187159,Central Delhi,0,7745.0,13,False,False,False,False,True,1,0.25378745112937
e9c719b8-a8b3-4b6b-ab2c-748f2324105f,SHOP_028,BEN_00532,2026-01-11 13:50:17.322714,Sugar,1,20.0,28.644078,77.187159,Central Delhi,0,1697.0,13,False,False,False,True,False,1,0.15877374771437897
33864768-78c4-402d-b8af-914f53512e6a,SHOP_028,BEN_00583,2026-01-11 15:21:47.322714,Oil,2,100.0,28.644078,77.187159,Central Delhi,0,5490.0,15,False,True,False,False,False,1,0.00860772230774054
8ab81ccf-0a58-4e90-b373-68acd2cdb2ba,SHOP_028,BEN_02810,2026-01-11 17:46:10.322714,Rice,16,48.0,28.644078,77.187159,Central Delhi,0,8663.0,17,False,False,True,False,False,1,0.20915837469662768
48f4dd42-8fd6-4e41-b905-f6f57679229a,SHOP_028,BEN_02788,2026-01-11 19:55:41.322714,Sugar,1,20.0,28.644078,77.187159,Central Delhi,0,7771.0,19,False,False,False,True,False,1,0.3115681271459826
45162552-6c6b-4cfc-ada5-f4bf0214c959,SHOP_028,BEN_02820,2026-01-12 14:41:58.322714,Oil,2,100.0,28.644078,77.187159,Central Delhi,0,67577.0,14,False,True,False,False,False,1,0.4079210442090043
d487702b-c389-4031-b30d-be5e98a68fe2,SHOP_028,BEN_01241,2026-01-13 08:54:28.322714,Sugar,2,40.0,28.644078,77.187159,Central Delhi,0,65550.0,8,False,False,False,True,False,1,0.3934085983548853
929e8b85-2a76-485a-bc2e-1a253f666145,SHOP_028,BEN_02434,2026-01-13 11:36:01.322714,Oil,1,50.0,28.644078,77.187159,Central Delhi,0,9693.0,11,False,True,False,False,False,1,0.19959668379221607
7ee4f86f-8f11-45a9-9e7b-a6d4027b4939,SHOP_028,BEN_00113,2026-01-14 16:16:45.322714,Rice,11,33.0,28.644078,77.187159,Central Delhi,0,103244.0,16,False,False,True,False,False,-1,0.7011624155265174
df226e24-d109-4540-900f-e15157e691f5,SHOP_028,BEN_02394,2026-01-15 09:47:19.322714,Wheat,9,18.0,28.644078,77.187159,Central Delhi,0,63034.0,9,False,False,False,False,True,1,0.49402920145022045
ada72211-f048-461b-bcae-19082d44940a,SHOP_028,BEN_00538,2026-01-15 09:55:15.322714,Kerosene,1,25.0,28.644078,77.187159,Central Delhi,0,476.0,9,True,False,False,False,False,1,0.42387723975372266
b85d937d-843c-440d-b848-d38c1fdc8434,SHOP_028,BEN_02476,2026-01-15 14:32:54.322714,Sugar,3,60.0,28.644078,77.187159,Central Delhi,0,16659.0,14,False,False,False,True,False,1,0.17029726360985448
673a450d-7f3f-4845-82e2-aa70934c2956,SHOP_029,BEN_00186,2025-12-17 08:26:00.322714,Sugar,2,40.0,28.583723,77.064561,Dwarka,0,9999.0,8,False,False,False,True,False,1,0.38476145251205135
3da297dd-c826-47f1-b3a2-b4ca14786260,SHOP_029,BEN_00336,2025-12-17 09:48:07.322714,Rice,12,36.0,28.583723,77.064561,Dwarka,0,4927.0,9,False,False,True,False,False,1,0.2937629753873367
ed414ef8-9ada-4865-9188-223804b8d495,SHOP_029,BEN_01434,2025-12-17 11:33:24.322714,Sugar,3,60.0,28.583723,77.064561,Dwarka,0,6317.0,11,False,False,False,True,False,1,0.22855295282901972
99c0ba17-2114-420e-85c6-c97d8afd3442,SHOP_029,BEN_01166,2025-12-17 15:39:04.322714,Oil,1,50.0,28.583723,77.064561,Dwarka,0,14740.0,15,False,True,False,False,False,1,0.1257164738019505
6fb8b399-a426-43f4-b8ad-e7a4c2cb05db,SHOP_029,BEN_02079,2025-12-17 18:08:55.322714,Wheat,18,36.0,28.583723,77.064561,Dwarka,0,8991.0,18,False,False,False,False,True,1,0.32162596050278514
eb9cd0c3-d877-4d96-bc2c-28d50b0aeeac,SHOP_029,BEN_02536,2025-12-18 13:14:42.322714,Kerosene,1,25.0,28.583723,77.064561,Dwarka,0,68747.0,13,True,False,False,False,False,1,0.5017778714748172
0f88ba77-6f77-4906-8498-62b1db74863c,SHOP_029,BEN_01302,2025-12-19 09:53:06.322714,Kerosene,2,50.0,28.583723,77.064561,Dwarka,0,74304.0,9,True,False,False,False,False,1,0.4729797671849133
22aed1d6-60d4-4b57-8522-df33674fba05,SHOP_029,BEN_00953,2025-12-19 10:02:00.322714,Kerosene,2,50.0,28.583723,77.064561,Dwarka,0,534.0,10,True,False,False,False,False,1,0.2785207316033528
195b7b36-6975-48c9-a1c8-921c5135d112,SHOP_029,BEN_02004,2025-12-19 13:43:05.322714,Kerosene,3,75.0,28.583723,77.064561,Dwarka,0,13265.0,13,True,False,False,False,False,1,0.19858937472319665
28ead5e4-cece-4810-b0f6-d370cf19b6c9,SHOP_029,BEN_00645,2025-12-19 16:56:55.322714,Wheat,9,18.0,28.583723,77.064561,Dwarka,0,11630.0,16,False,False,False,False,True,1,0.1808480396661729
0e36aa18-b06c-4b22-a8f0-5e33de01c763,SHOP_029,BEN_00219,2025-12-19 17:08:13.322714,Rice,13,39.0,28.583723,77.064561,Dwarka,0,678.0,17,False,False,True,False,False,1,0.22828223337894632
5fdf9c9a-de78-4923-9fae-70cdde1ae685,SHOP_029,BEN_01816,2025-12-20 09:39:27.322714,Wheat,18,36.0,28.583723,77.064561,Dwarka,0,59474.0,9,False,False,False,False,True,1,0.5231333866692934
660ad663-373c-442c-bf47-f2af41027bd8,SHOP_029,BEN_00844,2025-12-20 13:08:58.322714,Kerosene,3,75.0,28.583723,77.064561,Dwarka,0,12571.0,13,True,False,False,False,False,1,0.20182414672769583
860c19c5-5a93-4685-af25-627523885bd1,SHOP_029,BEN_00489,2025-12-20 15:42:33.322714,Oil,2,100.0,28.583723,77.064561,Dwarka,0,9215.0,15,False,True,False,False,False,1,0.025117864534590084
6fcac7c5-69f2-46c7-b9a9-dd4da53fef7e,SHOP_029,BEN_00196,2025-12-20 19:25:55.322714,Rice,7,21.0,28.583723,77.064561,Dwarka,0,13402.0,19,False,False,True,False,False,1,0.3562554771803794
12d806fe-cd77-4935-9f45-8cdc54878ab8,SHOP_029,BEN_02323,2025-12-21 09:37:41.322714,Rice,6,18.0,28.583723,77.064561,Dwarka,0,51106.0,9,False,False,True,False,False,1,0.34921844178355166
40e3e195-2181-42ae-b1e2-f04026d75d8c,SHOP_029,BEN_00507,2025-12-21 16:06:47.322714,Wheat,14,28.0,28.583723,77.064561,Dwarka,0,23346.0,16,False,False,False,False,True,1,0.26804416804577597
88dd5c3e-100b-40d7-b506-a88b5f178e6b,SHOP_029,BEN_02102,2025-12-21 18:47:54.322714,Wheat,19,38.0,28.583723,77.064561,Dwarka,0,9667.0,18,False,False,False,False,True,1,0.37079613223060365
4223f663-4326-403a-9e35-457595bdbb45,SHOP_029,BEN_02039,2025-12-23 09:31:41.322714,Oil,1,50.0,28.583723,77.064561,Dwarka,0,139427.0,9,False,True,False,False,False,-1,0.7494685622099568
79c4168e-14f8-45dc-9f8a-5fbf8d9513a1,SHOP_029,BEN_00699,2025-12-23 14:11:23.322714,Wheat,8,16.0,28.583723,77.064561,Dwarka,0,16782.0,14,False,False,False,False,True,1,0.22269049362860638
3258e19d-0257-443d-987b-19e07bb87e07,SHOP_029,BEN_01764,2025-12-23 15:51:32.322714,Kerosene,1,25.0,28.583723,77.064561,Dwarka,0,6009.0,15,True,False,False,False,False,1,0.13549168192791128
d1ebebf0-04d8-414a-8762-70f9f329549e,SHOP_029,BEN_00375,2025-12-23 16:42:55.322714,Oil,2,100.0,28.583723,77.064561,Dwarka,0,3083.0,16,False,True,False,False,False,1,0.037617410236802984
320c3396-344a-4765-bc69-fa989b63d1cd,SHOP_029,BEN_00477,2025-12-24 09:14:50.322714,Sugar,2,40.0,28.583723,77.064561,Dwarka,0,59515.0,9,False,False,False,True,False,1,0.29771332298270187
13546f52-5a66-4bd7-9b92-0c7046da2fce,SHOP_029,BEN_01999,2025-12-24 09:29:59.322714,Rice,5,15.0,28.583723,77.064561,Dwarka,0,909.0,9,False,False,True,False,False,1,0.3746139333339439
7c7772be-fa71-4d99-8852-cb9f3ab90e0a,SHOP_029,BEN_00356,2025-12-24 13:26:22.322714,Kerosene,1,25.0,28.583723,77.064561,Dwarka,0,14183.0,13,True,False,False,False,False,1,0.1883943458717281
1176fea2-3cd2-4585-ad33-4a0d7fcb8d77,SHOP_029,BEN_00927,2025-12-24 14:36:38.322714,Wheat,14,28.0,28.583723,77.064561,Dwarka,0,4216.0,14,False,False,False,False,True,1,0.11102120501672708
407193a6-72dc-473b-9e44-7205802bdaff,SHOP_029,BEN_01983,2025-12-24 15:21:21.322714,Oil,1,50.0,28.583723,77.064561,Dwarka,0,2683.0,15,False,True,False,False,False,1,0.08382942711033348
b1a8b712-cf63-4094-b8dd-75e405449859,SHOP_029,BEN_01565,2025-12-24 17:48:02.322714,Oil,2,100.0,28.583723,77.064561,Dwarka,0,8801.0,17,False,True,False,False,False,1,0.089462193150943
ebc6b4dd-6e93-4e3f-8ad5-e73049b13fcb,SHOP_029,BEN_02676,2025-12-25 08:18:55.322714,Rice,16,48.0,28.583723,77.064561,Dwarka,0,52253.0,8,False,False,True,False,False,1,0.47964350291492286
adea0afa-c733-4213-af2e-15dab26b8ab5,SHOP_029,BEN_02162,2025-12-25 08:44:28.322714,Wheat,12,24.0,28.583723,77.064561,Dwarka,0,1533.0,8,False,False,False,False,True,1,0.4933273236635467
443fe279-1571-4268-9db0-e19fbb9edb8b,SHOP_029,BEN_01405,2025-12-25 16:46:33.322714,Rice,5,15.0,28.583723,77.064561,Dwarka,0,28925.0,16,False,False,True,False,False,1,0.3771964940071725
0a072f03-d0cb-4850-92b7-d1beaf1183a1,SHOP_029,BEN_02309,2025-12-25 19:36:42.322714,Kerosene,3,75.0,28.583723,77.064561,Dwarka,0,10209.0,19,True,False,False,False,False,1,0.29074678790910685
de32c384-7064-4691-a5f9-493e61997686,SHOP_029,BEN_00031,2025-12-26 10:05:40.322714,Sugar,2,40.0,28.583723,77.064561,Dwarka,0,52138.0,10,False,False,False,True,False,1,0.24808118303516635
13d1d3d5-0d2a-4499-8ba4-0e5fb3f071d3,SHOP_029,BEN_02710,2025-12-26 16:22:13.322714,Rice,11,33.0,28.583723,77.064561,Dwarka,0,22593.0,16,False,False,True,False,False,1,0.24083696924463927
2def4d13-a0cc-4e19-90bc-3a39f289fec8,SHOP_029,BEN_02877,2025-12-26 16:44:55.322714,Oil,2,100.0,28.583723,77.064561,Dwarka,0,1362.0,16,False,True,False,False,False,1,0.08953723640391259
d9d87fcb-702f-4b46-905f-17d944093e1e,SHOP_029,BEN_00200,2025-12-28 08:04:28.322714,Kerosene,3,75.0,28.583723,77.064561,Dwarka,0,141573.0,8,True,False,False,False,False,-1,0.7997650929274571
a2f73c35-caee-4dba-ba3b-2cbc9f3f8c4c,SHOP_029,BEN_00963,2025-12-28 08:07:39.322714,Rice,7,21.0,28.583723,77.064561,Dwarka,0,191.0,8,False,False,True,False,False,1,0.4452401918458825
ecb5a090-4294-499b-a7e1-d03be2735532,SHOP_029,BEN_00128,2025-12-28 14:59:35.322714,Kerosene,3,75.0,28.583723,77.064561,Dwarka,0,24716.0,14,True,False,False,False,False,1,0.25901186445246915
310ccd8c-1a13-42f5-8e5e-924c20f064fc,SHOP_029,BEN_02777,2025-12-28 16:23:22.322714,Oil,2,100.0,28.583723,77.064561,Dwarka,0,5027.0,16,False,True,False,False,False,1,0.016463574548462145
ab9cc121-7083-45ef-948c-34b57dabe367,SHOP_029,BEN_00957,2025-12-28 16:39:58.322714,Wheat,12,24.0,28.583723,77.064561,Dwarka,0,996.0,16,False,False,False,False,True,1,0.22943468766040476
d83741ca-423a-4cb7-adbc-f545a2a8da54,SHOP_029,BEN_02928,2025-12-28 16:44:53.322714,Oil,1,50.0,28.583723,77.064561,Dwarka,0,295.0,16,False,True,False,False,False,1,0.13025870577524534
e12b5d40-aa74-4067-a626-d954716840c7,SHOP_029,BEN_00908,2025-12-28 19:06:28.322714,Sugar,3,60.0,28.583723,77.064561,Dwarka,0,8495.0,19,False,False,False,True,False,1,0.32405202564926056
b01e4265-f24b-49f8-9c50-b14757f130ad,SHOP_029,BEN_02071,2025-12-28 19:49:40.322714,Kerosene,1,25.0,28.583723,77.064561,Dwarka,0,2592.0,19,True,False,False,False,False,1,0.3035890143648392
3db575ef-7c2a-4c52-95c6-ab5dcbf1189d,SHOP_029,BEN_02109,2025-12-29 09:41:33.322714,Oil,2,100.0,28.583723,77.064561,Dwarka,0,49913.0,9,False,True,False,False,False,1,0.27975475413587386
3e67d459-73b7-4431-943d-6b78c8c13393,SHOP_029,BEN_02009,2025-12-29 13:29:47.322714,Wheat,17,34.0,28.583723,77.064561,Dwarka,0,13694.0,13,False,False,False,False,True,1,0.21399795588517773
0632159e-d8e1-46e1-8bdc-e9bc557338f2,SHOP_029,BEN_01375,2025-12-30 09:55:53.322714,Rice,9,27.0,28.583723,77.064561,Dwarka,0,73566.0,9,False,False,True,False,False,1,0.4800224017947914
28397615-4ede-434a-aeba-f9456f656b9c,SHOP_029,BEN_01965,2026-01-01 10:04:34.322714,Rice,12,36.0,28.583723,77.064561,Dwarka,0,173321.0,10,False,False,True,False,False,-1,0.8446520927007262
d536cad2-9a22-4fce-9685-66cffca8b763,SHOP_029,BEN_02847,2026-01-01 18:36:21.322714,Kerosene,2,50.0,28.583723,77.064561,Dwarka,0,30707.0,18,True,False,False,False,False,1,0.33218258686764257
51621c39-a768-4f1d-9907-cdfa50187d6e,SHOP_029,BEN_01947,2026-01-01 19:54:42.322714,Oil,2,100.0,28.583723,77.064561,Dwarka,0,4701.0,19,False,True,False,False,False,1,0.24830194656737553
fcbe457f-195e-402f-bb2b-75555668f973,SHOP_029,BEN_00974,2026-01-02 10:33:42.322714,Sugar,3,60.0,28.583723,77.064561,Dwarka,0,52740.0,10,False,False,False,True,False,1,0.2696578938104258
fcf6a922-c89a-45b5-afef-06c849c019b5,SHOP_029,BEN_01496,2026-01-02 10:40:48.322714,Rice,14,42.0,28.583723,77.064561,Dwarka,0,426.0,10,False,False,True,False,False,1,0.28887685100224986
0cdfae29-0c2c-42b4-8f0a-8ec54d8b26d3,SHOP_029,BEN_01524,2026-01-02 15:50:02.322714,Rice,16,48.0,28.583723,77.064561,Dwarka,0,18554.0,15,False,False,True,False,False,1,0.2117647667167501
7b199a2e-e102-4504-a079-8644fe66dcac,SHOP_029,BEN_02685,2026-01-02 16:33:09.322714,Oil,1,50.0,28.583723,77.064561,Dwarka,0,2587.0,16,False,True,False,False,False,1,0.10123971383195374
dca57ae9-2248-4ae9-b9af-24aa132dba9d,SHOP_029,BEN_00008,2026-01-03 18:16:01.322714,Sugar,2,40.0,28.583723,77.064561,Dwarka,0,92572.0,18,False,False,False,True,False,-1,0.5859795425708341
ed8d78da-dba4-4bf4-82fa-07c6156aa8c7,SHOP_029,BEN_01294,2026-01-04 09:03:34.322714,Rice,14,42.0,28.583723,77.064561,Dwarka,0,53253.0,9,False,False,True,False,False,1,0.37951469480737293
aeece534-9d28-4cf4-b20f-cef63ba7e78f,SHOP_029,BEN_00292,2026-01-04 11:02:37.322714,Kerosene,1,25.0,28.583723,77.064561,Dwarka,0,7143.0,11,True,False,False,False,False,1,0.23663614832501323
fea3d68a-41dc-4e3e-ae90-9e156e24418e,SHOP_029,BEN_00600,2026-01-04 12:19:26.322714,Rice,17,51.0,28.583723,77.064561,Dwarka,0,4609.0,12,False,False,True,False,False,1,0.20057312434042235
4cdfb0a7-0edb-420b-a48a-3b42bab0bb37,SHOP_029,BEN_02816,2026-01-04 15:13:52.322714,Kerosene,1,25.0,28.583723,77.064561,Dwarka,0,10466.0,15,True,False,False,False,False,1,0.1567097689237817
385d9bde-e5dd-45ac-aa35-a78e7d91fc3f,SHOP_029,BEN_00564,2026-01-04 19:05:02.322714,Wheat,9,18.0,28.583723,77.064561,Dwarka,0,13870.0,19,False,False,False,False,True,1,0.3202757852316667
09eacf4a-dbb1-4247-bd5a-18bd629c281e,SHOP_029,BEN_02093,2026-01-05 11:50:38.322714,Oil,1,50.0,28.583723,77.064561,Dwarka,0,60336.0,11,False,True,False,False,False,1,0.36407907886912105
bb5bbd3c-5f83-49a6-9c4d-3ce183934466,SHOP_029,BEN_02141,2026-01-05 15:09:45.322714,Oil,1,50.0,28.583723,77.064561,Dwarka,0,11947.0,15,False,True,False,False,False,1,0.11376297328462631
044fb930-4849-421c-a26e-dccc495e4b2d,SHOP_029,BEN_01998,2026-01-06 09:46:24.322714,Oil,1,50.0,28.583723,77.064561,Dwarka,0,66999.0,9,False,True,False,False,False,1,0.4049044249672089
2c26a728-26b8-4d28-bbc9-14cd41f45885,SHOP_029,BEN_00996,2026-01-07 09:38:35.322714,Wheat,16,32.0,28.583723,77.064561,Dwarka,0,85931.0,9,False,False,False,False,True,-1,0.6556693058250702
e458453b-7803-49e9-9d16-5e9b82ea3ece,SHOP_029,BEN_00963,2026-01-07 11:56:44.322714,Sugar,3,60.0,28.583723,77.064561,Dwarka,0,8289.0,11,False,False,False,True,False,1,0.21682050693988586
933894ab-79e6-4b14-a33c-7d8f70570b1a,SHOP_029,BEN_00811,2026-01-07 12:31:10.322714,Rice,6,18.0,28.583723,77.064561,Dwarka,0,2066.0,12,False,False,True,False,False,1,0.18188043839021606
03ad453f-f967-4729-aef8-b806eae5e288,SHOP_029,BEN_00039,2026-01-08 08:12:10.322714,Rice,15,45.0,28.583723,77.064561,Dwarka,0,70860.0,8,False,False,True,False,False,-1,0.5886908649863258
c0a0ce0b-cd06-4621-aba4-e89c1151fa66,SHOP_029,BEN_00459,2026-01-08 13:02:43.322714,Sugar,1,20.0,28.583723,77.064561,Dwarka,0,17433.0,13,False,False,False,True,False,1,0.1921688263731356
621db6ef-9ad9-4c7f-a412-0bf20a3c6523,SHOP_029,BEN_01995,2026-01-08 15:33:17.322714,Sugar,3,60.0,28.583723,77.064561,Dwarka,0,9034.0,15,False,False,False,True,False,1,0.10326568231154787
5848fdfd-f765-4894-ac49-246a8a6520b4,SHOP_029,BEN_00067,2026-01-08 16:59:50.322714,Rice,10,30.0,28.583723,77.064561,Dwarka,0,5193.0,16,False,False,True,False,False,1,0.15154296167615544
b6b69739-139f-442b-967e-9e1f5124df89,SHOP_029,BEN_02332,2026-01-09 08:53:03.322714,Oil,2,100.0,28.583723,77.064561,Dwarka,0,57193.0,8,False,True,False,False,False,1,0.365951303014576
0a99230c-496d-45af-876f-fd0f55ad9972,SHOP_029,BEN_00264,2026-01-09 10:16:02.322714,Wheat,13,26.0,28.583723,77.064561,Dwarka,0,4979.0,10,False,False,False,False,True,1,0.2445917900387275
56e4aa13-92bd-4a38-bfc2-437fcd5237b6,SHOP_029,BEN_01914,2026-01-10 08:09:42.322714,Kerosene,2,50.0,28.583723,77.064561,Dwarka,0,78820.0,8,True,False,False,False,False,1,0.5497949047331612
2e2039c6-5bbf-4c38-beb1-50b3b0401ad2,SHOP_029,BEN_00405,2026-01-10 10:45:10.322714,Kerosene,3,75.0,28.583723,77.064561,Dwarka,0,9328.0,10,True,False,False,False,False,1,0.2742617321313084
d05ab6cc-feab-4e9e-a972-2ad5d4461a3e,SHOP_029,BEN_02858,2026-01-10 11:13:47.322714,Rice,15,45.0,28.583723,77.064561,Dwarka,0,1717.0,11,False,False,True,False,False,1,0.2510291421173793
6bc7fd5f-4ae6-4a87-ad63-66e594512628,SHOP_029,BEN_02214,2026-01-10 17:15:12.322714,Rice,5,15.0,28.583723,77.064561,Dwarka,0,21685.0,17,False,False,True,False,False,1,0.34172529240034816
b87da12d-7adf-4673-af2f-17cd1269e427,SHOP_029,BEN_01513,2026-01-11 08:00:28.322714,Kerosene,3,75.0,28.583723,77.064561,Dwarka,0,53116.0,8,True,False,False,False,False,1,0.43558636935659917
b24b3aac-9397-4ded-8ec9-7fb6deb9f45b,SHOP_029,BEN_02780,2026-01-11 08:35:21.322714,Rice,19,57.0,28.583723,77.064561,Dwarka,0,2093.0,8,False,False,True,False,False,1,0.5381170052243324
6933aa4f-7a71-4e0f-bd00-045307b041ab,SHOP_029,BEN_00749,2026-01-11 09:31:28.322714,Rice,15,45.0,28.583723,77.064561,Dwarka,0,3367.0,9,False,False,True,False,False,1,0.335031466408513
3ad4c724-32bd-4b3a-8269-2e696eff59e1,SHOP_029,BEN_00175,2026-01-11 10:17:45.322714,Kerosene,2,50.0,28.583723,77.064561,Dwarka,0,2777.0,10,True,False,False,False,False,1,0.2312692807883856
cc49b096-cb48-46f0-b3da-7d173ab2d535,SHOP_029,BEN_01680,2026-01-11 17:27:49.322714,Wheat,8,16.0,28.583723,77.064561,Dwarka,0,25804.0,17,False,False,False,False,True,1,0.43837236284823977
3a7a1d4a-e589-42ab-8206-2efb9c668df3,SHOP_029,BEN_02988,2026-01-12 10:11:53.322714,Kerosene,2,50.0,28.583723,77.064561,Dwarka,0,60244.0,10,True,False,False,False,False,1,0.3332633854846647
8d288d83-aab3-45ec-b149-123e839bbfa0,SHOP_029,BEN_02698,2026-01-12 16:01:49.322714,Kerosene,1,25.0,28.583723,77.064561,Dwarka,0,20996.0,16,True,False,False,False,False,1,0.277506164363881
a492d6ca-4d2d-43a8-9163-4310fd535bb9,SHOP_029,BEN_00930,2026-01-12 16:18:41.322714,Oil,1,50.0,28.583723,77.064561,Dwarka,0,1012.0,16,False,True,False,False,False,1,0.12577991544169753
7dbee505-5a08-4a8d-a182-7ec6acfae2f8,SHOP_029,BEN_00022,2026-01-13 09:31:36.322714,Sugar,2,40.0,28.583723,77.064561,Dwarka,0,61975.0,9,False,False,False,True,False,1,0.30767529985948666
a46e9394-6557-4fba-bb71-c486164be5db,SHOP_029,BEN_00987,2026-01-13 14:51:22.322714,Wheat,16,32.0,28.583723,77.064561,Dwarka,0,19186.0,14,False,False,False,False,True,1,0.23400612776568253
4071f8bf-2612-4e45-b3d3-27f62542f2b8,SHOP_029,BEN_02797,2026-01-14 08:46:10.322714,Wheat,10,20.0,28.583723,77.064561,Dwarka,0,64488.0,8,False,False,False,False,True,1,0.5413684493024812
335420bb-1a75-423b-8218-8f4d3680dbc8,SHOP_029,BEN_01009,2026-01-14 11:15:33.322714,Oil,2,100.0,28.583723,77.064561,Dwarka,0,8963.0,11,False,True,False,False,False,1,0.16819050212043252
f6fdf2dc-bf98-49ac-befe-96d5d5d3575b,SHOP_029,BEN_02465,2026-01-14 12:04:18.322714,Sugar,3,60.0,28.583723,77.064561,Dwarka,0,2925.0,12,False,False,False,True,False,1,0.1604867389672377
1508aae8-7128-43b2-bfff-07b49d45fdc1,SHOP_029,BEN_01527,2026-01-14 16:55:31.322714,Wheat,12,24.0,28.583723,77.064561,Dwarka,0,17473.0,16,False,False,False,False,True,1,0.1806628938955835
0775a815-421f-4d22-bd4e-3f3fcff6eea4,SHOP_029,BEN_00751,2026-01-15 08:33:51.322714,Sugar,3,60.0,28.583723,77.064561,Dwarka,0,56300.0,8,False,False,False,True,False,1,0.39639258714388836
c1a96920-03e3-4594-a80d-2b5f435aed1e,SHOP_029,BEN_00470,2026-01-15 11:25:56.322714,Sugar,2,40.0,28.583723,77.064561,Dwarka,0,10325.0,11,False,False,False,True,False,1,0.16815869794432048
a74bd284-fa75-4383-81cb-7e59025f014a,SHOP_029,BEN_02753,2026-01-15 11:34:38.322714,Oil,2,100.0,28.583723,77.064561,Dwarka,0,522.0,11,False,True,False,False,False,1,0.1999401096856509
159e56cb-1be1-432c-8db0-24c81910f3c1,SHOP_030,BEN_02617,2025-12-16 16:25:44.322714,Rice,16,48.0,28.656014,77.071143,West Delhi,0,9999.0,16,False,False,True,False,False,1,0.17542663946459014
23f5dcce-0ef7-47b1-91a2-23aa27eaa071,SHOP_030,BEN_02377,2025-12-16 19:19:29.322714,Wheat,10,20.0,28.656014,77.071143,West Delhi,0,10425.0,19,False,False,False,False,True,1,0.30750802702114627
92e306d7-179c-4679-9529-9061fd779dd0,SHOP_030,BEN_00442,2025-12-17 09:05:21.322714,Rice,17,51.0,28.656014,77.071143,West Delhi,0,49552.0,9,False,False,True,False,False,1,0.4374048270712033
b72bad2f-df39-4508-ba66-2e58e1ebeb90,SHOP_030,BEN_02189,2025-12-17 10:38:20.322714,Oil,1,50.0,28.656014,77.071143,West Delhi,0,5579.0,10,False,True,False,False,False,1,0.19114821590704656
572bda39-ded6-4c95-8a3a-0c33b7cb5633,SHOP_030,BEN_01582,2025-12-17 15:26:51.322714,Oil,1,50.0,28.656014,77.071143,West Delhi,0,17311.0,15,False,True,False,False,False,1,0.14916794905859077
a32fa1f5-d9db-44b7-931c-25b175e90270,SHOP_030,BEN_01323,2025-12-17 18:46:32.322714,Rice,6,18.0,28.656014,77.071143,West Delhi,0,11981.0,18,False,False,True,False,False,1,0.2772664810581066
d83f34e1-80b5-4fc4-a28a-013bf67d357a,SHOP_030,BEN_02971,2025-12-17 18:55:23.322714,Rice,16,48.0,28.656014,77.071143,West Delhi,0,531.0,18,False,False,True,False,False,1,0.3144241584081468
e1c36244-2e2c-41bd-95d6-90e5161048ac,SHOP_030,BEN_02597,2025-12-17 19:08:37.322714,Wheat,15,30.0,28.656014,77.071143,West Delhi,0,794.0,19,False,False,False,False,True,1,0.3778061637490705
2dc43fa0-01fa-41bf-859e-b0de435e0024,SHOP_030,BEN_01202,2025-12-18 10:27:06.322714,Oil,1,50.0,28.656014,77.071143,West Delhi,0,55109.0,10,False,True,False,False,False,1,0.3074979539954114
d50524e4-cc48-416c-b0b9-89092460b672,SHOP_030,BEN_01248,2025-12-18 18:21:19.322714,Sugar,2,40.0,28.656014,77.071143,West Delhi,0,28453.0,18,False,False,False,True,False,1,0.37205898460578185
94032173-01cd-40e9-a21c-c33b09aa12a6,SHOP_030,BEN_02540,2025-12-19 08:52:22.322714,Kerosene,3,75.0,28.656014,77.071143,West Delhi,0,52263.0,8,True,False,False,False,False,1,0.43075907749244147
bcf005ab-304a-41d2-ab82-443f4e092676,SHOP_030,BEN_01111,2025-12-19 12:22:18.322714,Oil,2,100.0,28.656014,77.071143,West Delhi,0,12596.0,12,False,True,False,False,False,1,0.14903980443844544
755ec8d2-3420-41a5-8bc9-6bbb41f27a6a,SHOP_030,BEN_02584,2025-12-19 16:21:35.322714,Rice,8,24.0,28.656014,77.071143,West Delhi,0,14357.0,16,False,False,True,False,False,1,0.21203191007316757
d2c38cff-700a-4347-87a1-ad6e5f2cca7f,SHOP_030,BEN_01221,2025-12-19 18:40:44.322714,Kerosene,1,25.0,28.656014,77.071143,West Delhi,0,8349.0,18,True,False,False,False,False,1,0.2161280272540244
c210229e-06a7-4680-98dd-0970c89c5a79,SHOP_030,BEN_02497,2025-12-20 12:15:17.322714,Rice,10,30.0,28.656014,77.071143,West Delhi,0,63273.0,12,False,False,True,False,False,1,0.3268595368977272
af7597ae-8a5e-44c8-922e-6b5560cfe988,SHOP_030,BEN_02951,2025-12-20 16:32:33.322714,Wheat,7,14.0,28.656014,77.071143,West Delhi,0,15436.0,16,False,False,False,False,True,1,0.2299418475968386
b20623b4-1cc6-454b-aab0-83abad0b5c6a,SHOP_030,BEN_02571,2025-12-21 08:04:38.322714,Wheat,6,12.0,28.656014,77.071143,West Delhi,0,55925.0,8,False,False,False,False,True,1,0.5613678287277664
9c2b0bcd-abc0-48cb-94b0-3cf7bab3afff,SHOP_030,BEN_02249,2025-12-21 08:46:03.322714,Kerosene,1,25.0,28.656014,77.071143,West Delhi,0,2485.0,8,True,False,False,False,False,1,0.459475918630969
4e630a08-b70b-4fe5-9337-630f7ba3c9e6,SHOP_030,BEN_02740,2025-12-21 15:36:22.322714,Oil,2,100.0,28.656014,77.071143,West Delhi,0,24619.0,15,False,True,False,False,False,1,0.17845097808002064
b04b8cf5-bd98-4417-9436-7060d03d8e92,SHOP_030,BEN_00282,2025-12-21 17:06:16.322714,Oil,2,100.0,28.656014,77.071143,West Delhi,0,5394.0,17,False,True,False,False,False,1,0.08202257164644566
2340db5b-29bc-40a5-9cce-22e25cd5030a,SHOP_030,BEN_01131,2025-12-22 13:04:40.322714,Sugar,3,60.0,28.656014,77.071143,West Delhi,0,71904.0,13,False,False,False,True,False,1,0.40296072542674294
22133dcc-5947-41d5-84c8-8dc7ea9ae693,SHOP_030,BEN_00055,2025-12-22 15:13:57.322714,Oil,1,50.0,28.656014,77.071143,West Delhi,0,7757.0,15,False,True,False,False,False,1,0.06671590798874094
0b0f654b-d171-4ea2-9401-5896ad3295cf,SHOP_030,BEN_02890,2025-12-22 19:44:55.322714,Kerosene,2,50.0,28.656014,77.071143,West Delhi,0,16258.0,19,True,False,False,False,False,1,0.24382071562254076
fb1822f1-12c7-44e4-898f-4e386d4a6473,SHOP_030,BEN_01118,2025-12-23 16:47:13.322714,Sugar,2,40.0,28.656014,77.071143,West Delhi,0,75738.0,16,False,False,False,True,False,1,0.39986872320496836
6218b28d-8ac5-4f10-bdb8-1f67a9921c91,SHOP_030,BEN_00860,2025-12-24 09:37:58.322714,Kerosene,3,75.0,28.656014,77.071143,West Delhi,0,60645.0,9,True,False,False,False,False,1,0.4258367757089884
f5e1b916-aff8-4366-b0ae-51db15ef7d5c,SHOP_030,BEN_00165,2025-12-24 14:03:24.322714,Wheat,11,22.0,28.656014,77.071143,West Delhi,0,15926.0,14,False,False,False,False,True,1,0.16612076867260722
247f748a-1d46-44b7-8288-26338803a98d,SHOP_030,BEN_02070,2025-12-24 16:07:39.322714,Sugar,3,60.0,28.656014,77.071143,West Delhi,0,7455.0,16,False,False,False,True,False,1,0.11766623940023346
587401ed-5037-4069-bef4-cfd7beadea1d,SHOP_030,BEN_02493,2025-12-25 08:23:56.322714,Kerosene,2,50.0,28.656014,77.071143,West Delhi,0,58577.0,8,True,False,False,False,False,1,0.41337579625605714
1fe6be79-93da-4afc-a90b-12dab1db6af3,SHOP_030,BEN_00118,2025-12-25 09:12:14.322714,Kerosene,3,75.0,28.656014,77.071143,West Delhi,0,2898.0,9,True,False,False,False,False,1,0.3553051791488637
36e07cb1-f982-464e-a545-e343c57819c0,SHOP_030,BEN_02566,2025-12-25 10:46:34.322714,Oil,2,100.0,28.656014,77.071143,West Delhi,0,5660.0,10,False,True,False,False,False,1,0.17594265382648433
8d8560e6-8a54-4420-8e13-4685d4c38439,SHOP_030,BEN_01710,2025-12-26 09:44:49.322714,Wheat,9,18.0,28.656014,77.071143,West Delhi,0,82695.0,9,False,False,False,False,True,-1,0.6126589252365036
c765684e-b951-42ea-92d0-c702eaa86142,SHOP_030,BEN_01681,2025-12-26 15:54:31.322714,Kerosene,1,25.0,28.656014,77.071143,West Delhi,0,22182.0,15,True,False,False,False,False,1,0.25953713025741415
2f4f78cd-c574-431b-a49e-012572c80ea3,SHOP_030,BEN_00621,2025-12-27 12:53:58.322714,Oil,2,100.0,28.656014,77.071143,West Delhi,0,75567.0,12,False,True,False,False,False,1,0.4349192417252661
6229d365-487e-40f3-a32e-c6cc224e6ce7,SHOP_030,BEN_01594,2025-12-28 08:52:46.322714,Sugar,3,60.0,28.656014,77.071143,West Delhi,0,71928.0,8,False,False,False,True,False,1,0.4832483281514587
499cf0ef-47be-4321-82bc-41c457749bda,SHOP_030,BEN_02153,2025-12-28 09:42:55.322714,Sugar,2,40.0,28.656014,77.071143,West Delhi,0,3009.0,9,False,False,False,True,False,1,0.326867016860678
3044bdf6-7fc4-4c51-a8e5-61fc0e6dab02,SHOP_030,BEN_02350,2025-12-28 13:53:33.322714,Wheat,6,12.0,28.656014,77.071143,West Delhi,0,15038.0,13,False,False,False,False,True,1,0.24326882339523087
1516d21d-1055-41fc-ae7d-7473095c9b5b,SHOP_030,BEN_01832,2025-12-28 15:46:19.322714,Sugar,1,20.0,28.656014,77.071143,West Delhi,0,6766.0,15,False,False,False,True,False,1,0.11012780126918881
0eccf00b-375c-404b-81bc-3fd550cba768,SHOP_030,BEN_02267,2025-12-28 17:34:06.322714,Sugar,1,20.0,28.656014,77.071143,West Delhi,0,6467.0,17,False,False,False,True,False,1,0.1717433738860164
fec07767-fef1-4648-ab0c-d9a55ff92cbb,SHOP_030,BEN_02268,2025-12-30 15:13:32.322714,Sugar,2,40.0,28.656014,77.071143,West Delhi,0,164366.0,15,False,False,False,True,False,-1,0.7947382528643526
1c75f178-8ef2-4c99-b326-737827b7872f,SHOP_030,BEN_01161,2025-12-30 16:10:21.322714,Rice,14,42.0,28.656014,77.071143,West Delhi,0,3409.0,16,False,False,True,False,False,1,0.1698149694146569
097e5f2c-db8a-477e-b6ab-b7de67e8bdd6,SHOP_030,BEN_02809,2025-12-30 18:40:37.322714,Wheat,10,20.0,28.656014,77.071143,West Delhi,0,9016.0,18,False,False,False,False,True,1,0.23015232816291098
668b5ad5-8ffa-4b6c-b479-102a3f08977e,SHOP_030,BEN_00728,2025-12-31 09:52:31.322714,Sugar,2,40.0,28.656014,77.071143,West Delhi,0,54714.0,9,False,False,False,True,False,1,0.2833237372482233
7741a555-9ae4-46d9-ab44-ebff0b466347,SHOP_030,BEN_01655,2026-01-01 08:22:29.322714,Kerosene,1,25.0,28.656014,77.071143,West Delhi,0,80998.0,8,True,False,False,False,False,-1,0.6239604240171843
f891b57a-259f-4110-a751-df5045c92668,SHOP_030,BEN_02092,2026-01-01 09:21:56.322714,Sugar,3,60.0,28.656014,77.071143,West Delhi,0,3567.0,9,False,False,False,True,False,1,0.3755469873084598
c528a774-4d9d-4c94-ba9e-5d5376b91c0f,SHOP_030,BEN_00724,2026-01-01 10:19:20.322714,Rice,6,18.0,28.656014,77.071143,West Delhi,0,3444.0,10,False,False,True,False,False,1,0.23656511048773182
ead873f4-4aa3-43fe-b4ab-2b297ce20486,SHOP_030,BEN_00132,2026-01-01 12:08:37.322714,Rice,5,15.0,28.656014,77.071143,West Delhi,0,6557.0,12,False,False,True,False,False,1,0.23950527358413304
f91720dc-209b-4b16-96f5-1540e078eeb6,SHOP_030,BEN_00513,2026-01-01 12:48:26.322714,Wheat,6,12.0,28.656014,77.071143,West Delhi,0,2389.0,12,False,False,False,False,True,1,0.2713138467562931
ac6c90f6-2ed7-4c51-a577-a9a45b894201,SHOP_030,BEN_00629,2026-01-01 13:42:31.322714,Sugar,3,60.0,28.656014,77.071143,West Delhi,0,3245.0,13,False,False,False,True,False,1,0.13413311972056202
a3492d58-f17b-49f2-96f8-ace143910e56,SHOP_030,BEN_02299,2026-01-01 14:13:14.322714,Oil,2,100.0,28.656014,77.071143,West Delhi,0,1843.0,14,False,True,False,False,False,1,0.07983381993794603
e52fe4a2-d35a-478c-9b37-1b6dd35d4fd1,SHOP_030,BEN_02000,2026-01-02 10:21:39.322714,Oil,1,50.0,28.656014,77.071143,West Delhi,0,72505.0,10,False,True,False,False,False,1,0.421458394145117
c849fa03-5c1c-4c44-9e0b-3a53709f40db,SHOP_030,BEN_01409,2026-01-02 11:16:16.322714,Rice,10,30.0,28.656014,77.071143,West Delhi,0,3277.0,11,False,False,True,False,False,1,0.18512059305622275
2a3dfc1b-17e9-4464-994c-bd265ffeaf4f,SHOP_030,BEN_02514,2026-01-02 16:15:24.322714,Oil,1,50.0,28.656014,77.071143,West Delhi,0,17948.0,16,False,True,False,False,False,1,0.15584644916905255
f0ba489c-55c4-424a-8488-c323a27b84e8,SHOP_030,BEN_01922,2026-01-02 18:04:47.322714,Wheat,12,24.0,28.656014,77.071143,West Delhi,0,6563.0,18,False,False,False,False,True,1,0.23170182571674086
fd019e77-11eb-4161-bb51-232e35cb5fd6,SHOP_030,BEN_01865,2026-01-02 18:19:20.322714,Sugar,1,20.0,28.656014,77.071143,West Delhi,0,873.0,18,False,False,False,True,False,1,0.29292431038894085
cd17ce29-6b6e-4baf-be70-ee0d8294e287,SHOP_030,BEN_00249,2026-01-03 08:16:25.322714,Wheat,12,24.0,28.656014,77.071143,West Delhi,0,50225.0,8,False,False,False,False,True,1,0.5256640016745354
d9791d05-6b5b-4b82-98b0-5ab4ed813434,SHOP_030,BEN_02494,2026-01-03 16:29:51.322714,Rice,18,54.0,28.656014,77.071143,West Delhi,0,29606.0,16,False,False,True,False,False,1,0.3743442487045752
0084a17d-2e35-4530-985f-663700f79f07,SHOP_030,BEN_01759,2026-01-03 17:40:28.322714,Sugar,1,20.0,28.656014,77.071143,West Delhi,0,4237.0,17,False,False,False,True,False,1,0.1726584130468224
96e01878-d3a7-437e-934a-f1a5d8fcdc3a,SHOP_030,BEN_01959,2026-01-03 19:25:33.322714,Sugar,1,20.0,28.656014,77.071143,West Delhi,0,6305.0,19,False,False,False,True,False,1,0.3186131630776162
e6ad39f2-14b9-4c74-8f6d-b143459083a6,SHOP_030,BEN_02641,2026-01-04 13:01:52.322714,Wheat,11,22.0,28.656014,77.071143,West Delhi,0,63379.0,13,False,False,False,False,True,1,0.4373769538621064
c78c6afb-21cd-445d-986c-f13a88e00e78,SHOP_030,BEN_02326,2026-01-04 15:00:07.322714,Kerosene,2,50.0,28.656014,77.071143,West Delhi,0,7095.0,15,True,False,False,False,False,1,0.09145536979354024
09e98351-502f-4367-b251-073f669632cc,SHOP_030,BEN_01000,2026-01-04 16:52:02.322714,Rice,5,15.0,28.656014,77.071143,West Delhi,0,6715.0,16,False,False,True,False,False,1,0.24871460069038032
29e436f6-20bd-4d3c-997a-1a4b61e111eb,SHOP_030,BEN_01614,2026-01-05 09:47:01.322714,Kerosene,1,25.0,28.656014,77.071143,West Delhi,0,60899.0,9,True,False,False,False,False,1,0.45243353870925984
97a64032-25b9-4602-916c-8ce80f1fe89a,SHOP_030,BEN_00495,2026-01-05 12:42:56.322714,Rice,15,45.0,28.656014,77.071143,West Delhi,0,10555.0,12,False,False,True,False,False,1,0.2006051921575388
4f35bda4-5be9-4ed5-bdcf-3e20a30c0be6,SHOP_030,BEN_00040,2026-01-05 13:32:05.322714,Oil,2,100.0,28.656014,77.071143,West Delhi,0,2949.0,13,False,True,False,False,False,1,0.09628827346585384
938771c3-671c-4ffd-9a53-96805222cd9b,SHOP_030,BEN_01418,2026-01-05 15:33:38.322714,Rice,17,51.0,28.656014,77.071143,West Delhi,0,7293.0,15,False,False,True,False,False,1,0.1976559250993351
43b8c79e-cf86-499c-b2d6-82178534a842,SHOP_030,BEN_02845,2026-01-05 17:21:28.322714,Sugar,3,60.0,28.656014,77.071143,West Delhi,0,6470.0,17,False,False,False,True,False,1,0.14769720362649796
8a30bf77-7cf1-421a-ae14-c86982577b4a,SHOP_030,BEN_00523,2026-01-06 08:24:41.322714,Sugar,3,60.0,28.656014,77.071143,West Delhi,0,54193.0,8,False,False,False,True,False,1,0.3928362022673072
d73e518c-1bb1-482b-ad72-c6612424f533,SHOP_030,BEN_01626,2026-01-06 13:06:15.322714,Wheat,6,12.0,28.656014,77.071143,West Delhi,0,16894.0,13,False,False,False,False,True,1,0.25890039023714984
c1c37fcb-c196-4641-8035-ce6d9945d96b,SHOP_030,BEN_01916,2026-01-06 13:07:02.322714,Wheat,17,34.0,28.656014,77.071143,West Delhi,0,47.0,13,False,False,False,False,True,1,0.2746089749295021
095c868b-b0b9-4929-8e4e-e254e6159ed2,SHOP_030,BEN_00628,2026-01-06 13:13:01.322714,Oil,1,50.0,28.656014,77.071143,West Delhi,0,359.0,13,False,True,False,False,False,1,0.17680655245639698
e7642765-83f1-45db-af82-8993c009a141,SHOP_030,BEN_00991,2026-01-07 09:29:40.322714,Kerosene,2,50.0,28.656014,77.071143,West Delhi,0,72999.0,9,True,False,False,False,False,1,0.4729797671849133
5226a81a-d9bd-406b-99e5-47898ce6deae,SHOP_030,BEN_01520,2026-01-09 09:58:33.322714,Oil,2,100.0,28.656014,77.071143,West Delhi,0,174533.0,9,False,True,False,False,False,-1,0.8356075324895715
010b1d7e-b40d-4b5d-bb70-7b55025be343,SHOP_030,BEN_01157,2026-01-09 11:01:18.322714,Kerosene,1,25.0,28.656014,77.071143,West Delhi,0,3765.0,11,True,False,False,False,False,1,0.2223018507139059
3a96100e-cc2b-47c2-8024-6a2aa7759ec0,SHOP_030,BEN_00602,2026-01-09 14:02:57.322714,Sugar,3,60.0,28.656014,77.071143,West Delhi,0,10899.0,14,False,False,False,True,False,1,0.13817625060569355
ef4f1b9a-0bfe-47cf-acfe-5bf597be5506,SHOP_030,BEN_02261,2026-01-09 14:36:55.322714,Rice,19,57.0,28.656014,77.071143,West Delhi,0,2038.0,14,False,False,True,False,False,1,0.29657953247982705
e169b249-48a3-416d-a7d4-16fc89460402,SHOP_030,BEN_00141,2026-01-09 17:02:09.322714,Rice,17,51.0,28.656014,77.071143,West Delhi,0,8714.0,17,False,False,True,False,False,1,0.21646561729082642
901fedf3-60d6-43af-877d-b1330599e4ad,SHOP_030,BEN_02012,2026-01-10 08:23:30.322714,Rice,9,27.0,28.656014,77.071143,West Delhi,0,55281.0,8,False,False,True,False,False,1,0.42039984475640146
29036ef3-cd3d-41c5-a419-2fa118467e02,SHOP_030,BEN_02076,2026-01-10 12:41:06.322714,Oil,2,100.0,28.656014,77.071143,West Delhi,0,15456.0,12,False,True,False,False,False,1,0.17274241770383653
1f968e08-a53f-475c-8f9e-414c45e7cbb9,SHOP_030,BEN_02897,2026-01-10 14:05:47.322714,Sugar,3,60.0,28.656014,77.071143,West Delhi,0,5081.0,14,False,False,False,True,False,1,0.11781788218622058
a81f2e5c-8b79-4503-9eff-4afd53c3cdaa,SHOP_030,BEN_00681,2026-01-10 18:57:47.322714,Oil,1,50.0,28.656014,77.071143,West Delhi,0,17520.0,18,False,True,False,False,False,1,0.25109041028319407
35676f17-03e0-4431-a9c8-7933b98c25bd,SHOP_030,BEN_01621,2026-01-11 15:58:33.322714,Oil,1,50.0,28.656014,77.071143,West Delhi,0,75646.0,15,False,True,False,False,False,1,0.5441665113162608
d1ec2b5f-0513-499b-a90d-d33904774229,SHOP_030,BEN_01208,2026-01-11 19:45:12.322714,Sugar,1,20.0,28.656014,77.071143,West Delhi,0,13599.0,19,False,False,False,True,False,1,0.3523482735750791
b07e0503-cc17-4b84-ae81-099ffb56ddad,SHOP_030,BEN_00339,2026-01-12 12:33:11.322714,Kerosene,3,75.0,28.656014,77.071143,West Delhi,0,60479.0,12,True,False,False,False,False,1,0.4089903296900066
6cfd4606-1e8a-4a1c-bf5b-d401e4e9cac8,SHOP_030,BEN_02482,2026-01-12 19:30:53.322714,Rice,18,54.0,28.656014,77.071143,West Delhi,0,25062.0,19,False,False,True,False,False,1,0.5016443354611619
c2f7d382-09b5-4f39-9c46-1163a8ffe3f2,SHOP_030,BEN_01066,2026-01-13 10:55:17.322714,Kerosene,1,25.0,28.656014,77.071143,West Delhi,0,55464.0,10,True,False,False,False,False,1,0.3872642772193241
55716835-4188-4bed-9f9e-9806065bf17f,SHOP_030,BEN_00036,2026-01-13 15:42:14.322714,Rice,7,21.0,28.656014,77.071143,West Delhi,0,17217.0,15,False,False,True,False,False,1,0.2273384406477021
61b0c33a-6c4f-4d52-94e5-bb2b7c92a9fe,SHOP_030,BEN_00258,2026-01-13 17:31:25.322714,Wheat,6,12.0,28.656014,77.071143,West Delhi,0,6551.0,17,False,False,False,False,True,1,0.23258350176093728
8a7ef563-4cc3-4176-afa3-518dfee4afc0,SHOP_030,BEN_02077,2026-01-13 18:28:11.322714,Kerosene,2,50.0,28.656014,77.071143,West Delhi,0,3406.0,18,True,False,False,False,False,1,0.1592903084242524
4e786ac2-cf17-4b51-8835-f54c8b5eb673,SHOP_030,BEN_01659,2026-01-14 09:15:33.322714,Sugar,1,20.0,28.656014,77.071143,West Delhi,0,53242.0,9,False,False,False,True,False,1,0.316471423463885
58bad5cd-7714-46bf-a1a1-f5e2162c4a7c,SHOP_030,BEN_00397,2026-01-14 15:22:04.322714,Sugar,1,20.0,28.656014,77.071143,West Delhi,0,21991.0,15,False,False,False,True,False,1,0.2482557901202117
ea5972cb-2ac1-4216-80ab-bf03394345fb,SHOP_030,BEN_01760,2026-01-15 08:45:17.322714,Oil,1,50.0,28.656014,77.071143,West Delhi,0,62593.0,8,False,True,False,False,False,1,0.4515789071643717
f25a05bc-3248-4210-865e-9c41e88a010c,SHOP_030,BEN_00275,2026-01-15 09:06:22.322714,Sugar,2,40.0,28.656014,77.071143,West Delhi,0,1265.0,9,False,False,False,True,False,1,0.3641521093411021
217a5b09-9d77-44b0-86fa-0f01987cace3,SHOP_030,BEN_01815,2026-01-15 11:47:56.322714,Wheat,12,24.0,28.656014,77.071143,West Delhi,0,9694.0,11,False,False,False,False,True,1,0.18598269327973999
b2f548d6-1ea6-48d7-95de-ec68bb073d13,SHOP_030,BEN_02879,2026-01-15 13:56:28.322714,Oil,2,100.0,28.656014,77.071143,West Delhi,0,7712.0,13,False,True,False,False,False,1,0.06640958836189514
1f5c7723-3c00-4b7c-b3c7-2652288d3f0f,SHOP_031,BEN_01981,2025-12-17 13:12:31.322714,Sugar,1,20.0,28.727982,77.18544,North Delhi,0,9999.0,13,False,False,False,True,False,1,0.13635086889297832
7820e6e5-4cc6-4df9-a2dd-d3b6ffe50185,SHOP_031,BEN_01436,2025-12-17 18:36:59.322714,Rice,6,18.0,28.727982,77.18544,North Delhi,0,19468.0,18,False,False,True,False,False,1,0.3229682955311195
134ce276-6149-4bb4-950c-e169b8296c9d,SHOP_031,BEN_00121,2025-12-17 19:38:19.322714,Rice,15,45.0,28.727982,77.18544,North Delhi,0,3680.0,19,False,False,True,False,False,1,0.3416031700948776
994b6b08-e30a-4242-ab02-3b0f2cc721ca,SHOP_031,BEN_02568,2025-12-17 19:57:50.322714,Oil,2,100.0,28.727982,77.18544,North Delhi,0,1171.0,19,False,True,False,False,False,1,0.3076599155001035
03eec1f8-5a26-44c0-a796-e56fed1e4f3b,SHOP_031,BEN_02883,2025-12-18 11:00:46.322714,Rice,13,39.0,28.727982,77.18544,North Delhi,0,54176.0,11,False,False,True,False,False,1,0.3326438406343486
b058a531-8db1-4fa8-93c0-dab5634ec465,SHOP_031,BEN_02708,2025-12-19 13:31:26.322714,Wheat,19,38.0,28.727982,77.18544,North Delhi,0,95440.0,13,False,False,False,False,True,-1,0.7403221770426693
cc12122a-2920-43f7-94b5-3b614fce37f5,SHOP_031,BEN_02526,2025-12-19 14:13:08.322714,Wheat,14,28.0,28.727982,77.18544,North Delhi,0,2502.0,14,False,False,False,False,True,1,0.13475827093069281
e7d77207-36ee-4513-a8d1-15806f1220f6,SHOP_031,BEN_00551,2025-12-19 16:41:14.322714,Wheat,11,22.0,28.727982,77.18544,North Delhi,0,8886.0,16,False,False,False,False,True,1,0.13256608747193682
9efc30a0-1662-472d-9f4a-60c740ca6923,SHOP_031,BEN_02414,2025-12-20 15:03:01.322714,Kerosene,2,50.0,28.727982,77.18544,North Delhi,0,80507.0,15,True,False,False,False,False,1,0.48938787839580256
46931a65-ee84-4041-b554-7e4643180f99,SHOP_031,BEN_02710,2025-12-20 17:03:06.322714,Kerosene,1,25.0,28.727982,77.18544,North Delhi,0,7205.0,17,True,False,False,False,False,1,0.20467920035327697
deecbede-19c0-4847-a2d7-16586ab77f3c,SHOP_031,BEN_01099,2025-12-20 18:06:21.322714,Wheat,18,36.0,28.727982,77.18544,North Delhi,0,3795.0,18,False,False,False,False,True,1,0.32233387778933004
44fc2271-f186-4399-9897-ae89e4aee134,SHOP_031,BEN_01769,2025-12-21 13:07:31.322714,Kerosene,3,75.0,28.727982,77.18544,North Delhi,0,68470.0,13,True,False,False,False,False,1,0.4516371966128566
54274f58-312a-44a5-bb39-4e20164ac210,SHOP_031,BEN_01245,2025-12-21 13:34:25.322714,Wheat,12,24.0,28.727982,77.18544,North Delhi,0,1614.0,13,False,False,False,False,True,1,0.17923302386886275
ac2a26df-2b9b-4f78-bdd3-c063cef1fccf,SHOP_031,BEN_02204,2025-12-21 13:51:38.322714,Oil,2,100.0,28.727982,77.18544,North Delhi,0,1033.0,13,False,True,False,False,False,1,0.13295740245236737
a691fe36-fd44-4f52-9d0a-f9fc4cc0855c,SHOP_031,BEN_02133,2025-12-21 14:55:12.322714,Rice,16,48.0,28.727982,77.18544,North Delhi,0,3814.0,14,False,False,True,False,False,1,0.16048063402085394
a29fe5e6-0950-4ec5-89a5-7fd67e3ac815,SHOP_031,BEN_02747,2025-12-21 15:41:30.322714,Rice,17,51.0,28.727982,77.18544,North Delhi,0,2778.0,15,False,False,True,False,False,1,0.2273782384274337
71cf10ce-c5ae-4ec0-be70-ec95aaf35f2b,SHOP_031,BEN_01042,2025-12-22 10:50:12.322714,Sugar,1,20.0,28.727982,77.18544,North Delhi,0,68922.0,10,False,False,False,True,False,1,0.3676471996857395
8fa3df81-294b-4eb2-9dd1-70b8bcf4555f,SHOP_031,BEN_01913,2025-12-22 17:12:33.322714,Kerosene,3,75.0,28.727982,77.18544,North Delhi,0,22941.0,17,True,False,False,False,False,1,0.2664790911337218
71249f31-ae46-4603-82a3-6df8905c945e,SHOP_031,BEN_01104,2025-12-22 17:36:19.322714,Sugar,1,20.0,28.727982,77.18544,North Delhi,0,1426.0,17,False,False,False,True,False,1,0.24133963170451267
432f3046-fd3d-4db0-a2eb-a5cef3eb62b3,SHOP_031,BEN_01316,2025-12-23 16:44:36.322714,Oil,2,100.0,28.727982,77.18544,North Delhi,0,83297.0,16,False,True,False,False,False,1,0.5444812969986692
5e865b32-6c21-4106-a21e-eaf8207832b8,SHOP_031,BEN_02713,2025-12-23 17:58:33.322714,Kerosene,1,25.0,28.727982,77.18544,North Delhi,0,4437.0,17,True,False,False,False,False,1,0.193632799736008
4518e438-bb01-447a-8a4e-7c469550007c,SHOP_031,BEN_00509,2025-12-24 08:12:18.322714,Wheat,17,34.0,28.727982,77.18544,North Delhi,0,51225.0,8,False,False,False,False,True,1,0.5731692858101449
5ccf102c-578b-412e-a1c9-9c063f421494,SHOP_031,BEN_02021,2025-12-24 10:12:25.322714,Wheat,11,22.0,28.727982,77.18544,North Delhi,0,7207.0,10,False,False,False,False,True,1,0.2394615000988618
1df2de79-6c3d-47c3-bc1b-c23929877f34,SHOP_031,BEN_02413,2025-12-24 10:14:12.322714,Sugar,2,40.0,28.727982,77.18544,North Delhi,0,107.0,10,False,False,False,True,False,1,0.2723922881173226
4550efe5-0a35-46c7-8f32-85d4815b9497,SHOP_031,BEN_02982,2025-12-24 10:39:21.322714,Oil,1,50.0,28.727982,77.18544,North Delhi,0,1509.0,10,False,True,False,False,False,1,0.2118641172583557
9403dab5-16e0-493e-b242-9e1fa4eb187e,SHOP_031,BEN_00494,2025-12-24 11:46:07.322714,Kerosene,2,50.0,28.727982,77.18544,North Delhi,0,4006.0,11,True,False,False,False,False,1,0.20223809801938375
8186d59b-63a6-4cea-9527-825182d85965,SHOP_031,BEN_00818,2025-12-24 13:41:39.322714,Wheat,15,30.0,28.727982,77.18544,North Delhi,0,6932.0,13,False,False,False,False,True,1,0.09320235566318252
1b529418-b0ea-431a-b89c-894e35961abe,SHOP_031,BEN_00025,2025-12-24 16:35:51.322714,Kerosene,2,50.0,28.727982,77.18544,North Delhi,0,10452.0,16,True,False,False,False,False,1,0.11237827861551458
f9705b77-dec3-4dfd-a48c-a56d61a7afaf,SHOP_031,BEN_01963,2025-12-24 18:16:31.322714,Sugar,2,40.0,28.727982,77.18544,North Delhi,0,6040.0,18,False,False,False,True,False,1,0.18723189693125197
d6e17924-a6fb-4427-837b-591aad9c1301,SHOP_031,BEN_01955,2025-12-25 09:33:05.322714,Wheat,14,28.0,28.727982,77.18544,North Delhi,0,54994.0,9,False,False,False,False,True,1,0.47627140703855353
891b99dc-2e38-42d6-bffc-3f1c88343831,SHOP_031,BEN_00448,2025-12-25 09:40:35.322714,Kerosene,2,50.0,28.727982,77.18544,North Delhi,0,450.0,9,True,False,False,False,False,1,0.38038277807860843
61ffea10-d8f6-4cd3-8f57-731596067397,SHOP_031,BEN_01770,2025-12-25 09:52:10.322714,Oil,2,100.0,28.727982,77.18544,North Delhi,0,695.0,9,False,True,False,False,False,1,0.2949393497067388
092766fc-9b1c-4e20-bdb3-1b7d5e594624,SHOP_031,BEN_00433,2025-12-25 17:05:36.322714,Oil,2,100.0,28.727982,77.18544,North Delhi,0,26006.0,17,False,True,False,False,False,1,0.23260066762525483
e58e34ba-211a-4270-965a-400a7ad5c067,SHOP_031,BEN_01950,2025-12-25 17:58:10.322714,Kerosene,3,75.0,28.727982,77.18544,North Delhi,0,3154.0,17,True,False,False,False,False,1,0.1951608780914319
97feebaf-7b65-4a6e-b278-3595f4f3107e,SHOP_031,BEN_00346,2025-12-25 18:10:33.322714,Rice,14,42.0,28.727982,77.18544,North Delhi,0,743.0,18,False,False,True,False,False,1,0.28188366032910145
95285619-f339-4755-9ede-32b457c8e04d,SHOP_031,BEN_02534,2025-12-25 19:57:40.322714,Rice,8,24.0,28.727982,77.18544,North Delhi,0,6427.0,19,False,False,True,False,False,1,0.3659025259250501
5fbc8ab1-e125-492a-8c37-a72cc870100f,SHOP_031,BEN_00901,2025-12-26 11:11:17.322714,Wheat,7,14.0,28.727982,77.18544,North Delhi,0,54817.0,11,False,False,False,False,True,1,0.4390651744258548
b418dd88-1abd-4bb8-adfc-bfed21aec186,SHOP_031,BEN_01458,2025-12-26 12:54:51.322714,Kerosene,2,50.0,28.727982,77.18544,North Delhi,0,6214.0,12,True,False,False,False,False,1,0.1585186141834395
9214e663-d451-45a4-81d3-d69443bb7860,SHOP_031,BEN_00367,2025-12-27 13:22:16.322714,Rice,6,18.0,28.727982,77.18544,North Delhi,0,88045.0,13,False,False,True,False,False,1,0.5699021235504441
3045a4eb-9652-42b5-b072-4c7d700a5ae2,SHOP_031,BEN_01926,2025-12-27 15:13:14.322714,Sugar,2,40.0,28.727982,77.18544,North Delhi,0,6658.0,15,False,False,False,True,False,1,0.0500769410080566
8bab2bfc-3603-450d-a386-96bd832cbf5c,SHOP_031,BEN_01382,2025-12-28 10:43:35.322714,Sugar,1,20.0,28.727982,77.18544,North Delhi,0,70221.0,10,False,False,False,True,False,1,0.3763731217316678
03467098-d3a8-44f5-8d11-a40837ba0990,SHOP_031,BEN_01940,2025-12-28 11:26:34.322714,Sugar,3,60.0,28.727982,77.18544,North Delhi,0,2579.0,11,False,False,False,True,False,1,0.22936912498567918
c83a8a04-9285-45ca-9ec9-6d80ee475b6c,SHOP_031,BEN_02970,2025-12-28 15:58:38.322714,Rice,9,27.0,28.727982,77.18544,North Delhi,0,16324.0,15,False,False,True,False,False,1,0.2042569065279825
9e5729b6-c24f-4efd-8d7a-50d364c61291,SHOP_031,BEN_00058,2025-12-29 08:34:52.322714,Kerosene,3,75.0,28.727982,77.18544,North Delhi,0,59774.0,8,True,False,False,False,False,1,0.47436015003003684
e04907c5-1104-4e4e-839c-4bd2875625b9,SHOP_031,BEN_00919,2025-12-29 10:33:39.322714,Kerosene,3,75.0,28.727982,77.18544,North Delhi,0,7127.0,10,True,False,False,False,False,1,0.2584454170286401
204b5aa4-fdce-45e1-8177-63eef8e2bb90,SHOP_031,BEN_02354,2025-12-29 11:03:39.322714,Oil,1,50.0,28.727982,77.18544,North Delhi,0,1800.0,11,False,True,False,False,False,1,0.19448150470713282
1ed1b210-d959-40fe-9006-10f8518ce9a1,SHOP_031,BEN_00929,2025-12-29 13:38:44.322714,Rice,8,24.0,28.727982,77.18544,North Delhi,0,9305.0,13,False,False,True,False,False,1,0.18485869209801636
bd57e6e2-fd56-4d22-a354-3af23c4dafb2,SHOP_031,BEN_02818,2025-12-29 15:49:11.322714,Kerosene,1,25.0,28.727982,77.18544,North Delhi,0,7827.0,15,True,False,False,False,False,1,0.13657201914256528
35f798d8-bcab-42e2-9fe7-e2ae0a249927,SHOP_031,BEN_02856,2025-12-29 16:06:15.322714,Sugar,3,60.0,28.727982,77.18544,North Delhi,0,1024.0,16,False,False,False,True,False,1,0.16771170541154162
7c07c8af-307c-4251-ab85-15c5b6034f47,SHOP_031,BEN_01345,2025-12-29 17:45:27.322714,Wheat,5,10.0,28.727982,77.18544,North Delhi,0,5952.0,17,False,False,False,False,True,1,0.27367203206570395
6473caf4-e134-4f47-a2cf-c1c9d5cfecfb,SHOP_031,BEN_01807,2025-12-29 19:10:23.322714,Kerosene,1,25.0,28.727982,77.18544,North Delhi,0,5096.0,19,True,False,False,False,False,1,0.260231996033715
fd2f3b7c-b162-41f8-a12c-0f12ab6d9913,SHOP_031,BEN_00105,2025-12-29 19:59:17.322714,Sugar,2,40.0,28.727982,77.18544,North Delhi,0,2934.0,19,False,False,False,True,False,1,0.26711748279168185
6a20d131-20b7-497e-8c53-0e79a59be6db,SHOP_031,BEN_01641,2025-12-30 10:30:56.322714,Kerosene,1,25.0,28.727982,77.18544,North Delhi,0,52299.0,10,True,False,False,False,False,1,0.38275842727896814
239625c1-2c36-426f-a5f5-023152e3b5c1,SHOP_031,BEN_02427,2025-12-30 11:46:24.322714,Wheat,15,30.0,28.727982,77.18544,North Delhi,0,4528.0,11,False,False,False,False,True,1,0.18239671994640994
c905b61e-f019-4c63-918f-dc17a6cc51c4,SHOP_031,BEN_02124,2025-12-30 15:11:01.322714,Wheat,12,24.0,28.727982,77.18544,North Delhi,0,12277.0,15,False,False,False,False,True,1,0.1251499386221231
f6747b2f-997a-4474-a4da-cb8a98199616,SHOP_031,BEN_01767,2025-12-31 09:07:48.322714,Oil,2,100.0,28.727982,77.18544,North Delhi,0,64607.0,9,False,True,False,False,False,1,0.3487688028075643
ec9d79b9-88b2-4da5-b69d-819a1841b947,SHOP_031,BEN_02351,2025-12-31 12:08:08.322714,Rice,12,36.0,28.727982,77.18544,North Delhi,0,10820.0,12,False,False,True,False,False,1,0.1640053751748901
e4711447-50bb-45b3-976c-9007b6847de3,SHOP_031,BEN_02556,2025-12-31 18:51:59.322714,Rice,12,36.0,28.727982,77.18544,North Delhi,0,24231.0,18,False,False,True,False,False,1,0.34293021542697805
7ee1227e-c535-498c-9446-a1d91449b2a0,SHOP_031,BEN_01258,2026-01-02 09:43:15.322714,Wheat,6,12.0,28.727982,77.18544,North Delhi,0,139876.0,9,False,False,False,False,True,-1,0.8444357433486283
e95cedac-9da9-464b-9114-1ba5efedc97c,SHOP_031,BEN_01804,2026-01-02 16:23:40.322714,Wheat,18,36.0,28.727982,77.18544,North Delhi,0,24025.0,16,False,False,False,False,True,1,0.3793788818619851
9eb05381-381b-4930-b9d1-e9681f71bd13,SHOP_031,BEN_01540,2026-01-02 19:31:47.322714,Rice,11,33.0,28.727982,77.18544,North Delhi,0,11287.0,19,False,False,True,False,False,1,0.3155326195521648
44454bf1-dec2-4fd1-ab2f-19546d5d6cb9,SHOP_031,BEN_00962,2026-01-03 14:45:01.322714,Wheat,11,22.0,28.727982,77.18544,North Delhi,0,69194.0,14,False,False,False,False,True,1,0.4633117447410523
d1df24e2-6381-40ee-bf6f-5bba762f3275,SHOP_031,BEN_00290,2026-01-03 16:10:44.322714,Kerosene,2,50.0,28.727982,77.18544,North Delhi,0,5143.0,16,True,False,False,False,False,1,0.09896697319754028
237ca3a9-2162-4c1e-b8ac-ebc746f451b0,SHOP_031,BEN_00723,2026-01-04 09:02:58.322714,Kerosene,1,25.0,28.727982,77.18544,North Delhi,0,60734.0,9,True,False,False,False,False,1,0.4426483040362367
93cf9bab-5ffa-4346-abd6-19b878a80edf,SHOP_031,BEN_01063,2026-01-04 14:34:03.322714,Kerosene,1,25.0,28.727982,77.18544,North Delhi,0,19865.0,14,True,False,False,False,False,1,0.2421858856392981
b2cf93f8-d0a4-4791-a730-38f71d3cbb20,SHOP_031,BEN_01919,2026-01-04 17:19:41.322714,Sugar,3,60.0,28.727982,77.18544,North Delhi,0,9938.0,17,False,False,False,True,False,1,0.14923398966059226
b5788f36-1914-4c55-9f79-7369ec23ae62,SHOP_031,BEN_02415,2026-01-04 18:42:06.322714,Wheat,8,16.0,28.727982,77.18544,North Delhi,0,4945.0,18,False,False,False,False,True,1,0.25767317515985666
997ae748-697e-4350-a68c-8bd1da439eaf,SHOP_031,BEN_02862,2026-01-05 08:32:34.322714,Kerosene,3,75.0,28.727982,77.18544,North Delhi,0,49828.0,8,True,False,False,False,False,1,0.44377194974420986
293bc7a0-a7cc-42f6-ad3a-9a720b5d2f42,SHOP_031,BEN_02704,2026-01-05 08:52:27.322714,Oil,1,50.0,28.727982,77.18544,North Delhi,0,1193.0,8,False,True,False,False,False,1,0.3874590121460145
54646589-60d0-4c9a-a09d-e1cb4b5d29c1,SHOP_031,BEN_00411,2026-01-05 14:30:52.322714,Rice,18,54.0,28.727982,77.18544,North Delhi,0,20305.0,14,False,False,True,False,False,1,0.2622426221557219
b601bb78-a348-4e5f-b5b2-8f177bc967bb,SHOP_031,BEN_02005,2026-01-06 17:40:39.322714,Kerosene,3,75.0,28.727982,77.18544,North Delhi,0,97787.0,17,True,False,False,False,False,-1,0.7253965912846034
b17ff5d8-d389-484c-9cbd-5f86eddf895d,SHOP_031,BEN_00743,2026-01-06 18:58:45.322714,Rice,9,27.0,28.727982,77.18544,North Delhi,0,4686.0,18,False,False,True,False,False,1,0.23520843843784717
dd8f30fc-b28d-4999-9b8f-ad987f2333b1,SHOP_031,BEN_00424,2026-01-06 19:20:34.322714,Wheat,8,16.0,28.727982,77.18544,North Delhi,0,1309.0,19,False,False,False,False,True,1,0.40107901124861894
40fd7b2d-ebf4-4fb6-985d-290e842b3bd2,SHOP_031,BEN_01558,2026-01-08 11:48:13.322714,Oil,1,50.0,28.727982,77.18544,North Delhi,0,145659.0,11,False,True,False,False,False,-1,0.8148638595867721
362d221a-36b8-4c74-bbd6-760a4591fb22,SHOP_031,BEN_02985,2026-01-08 17:30:27.322714,Oil,2,100.0,28.727982,77.18544,North Delhi,0,20534.0,17,False,True,False,False,False,1,0.1781291140961872
7ee116e4-5ca1-4cd7-9295-90a25e2a1c37,SHOP_031,BEN_00418,2026-01-09 08:36:18.322714,Sugar,1,20.0,28.727982,77.18544,North Delhi,0,54351.0,8,False,False,False,True,False,1,0.3929698019774325
c2d0ab1d-dd2a-4628-a473-ed6cf51b304e,SHOP_031,BEN_00849,2026-01-09 09:24:55.322714,Oil,2,100.0,28.727982,77.18544,North Delhi,0,2917.0,9,False,True,False,False,False,1,0.26540606124932714
4e90056e-3dfc-4498-ab4d-195b43fe5c56,SHOP_031,BEN_02777,2026-01-09 13:07:13.322714,Wheat,19,38.0,28.727982,77.18544,North Delhi,0,13338.0,13,False,False,False,False,True,1,0.2824596386732485
58f51baa-08ea-4509-896e-a9c88eaa7ae3,SHOP_031,BEN_01074,2026-01-09 13:43:29.322714,Rice,18,54.0,28.727982,77.18544,North Delhi,0,2176.0,13,False,False,True,False,False,1,0.23952660260006386
941ee5fa-ea25-41a9-bcc0-b15e17aefcf4,SHOP_031,BEN_02518,2026-01-09 18:58:49.322714,Sugar,1,20.0,28.727982,77.18544,North Delhi,0,18920.0,18,False,False,False,True,False,1,0.30278349637799423
b0e672b5-674c-47e6-9306-8b09ff11d964,SHOP_031,BEN_02544,2026-01-10 11:45:19.322714,Sugar,1,20.0,28.727982,77.18544,North Delhi,0,60390.0,11,False,False,False,True,False,1,0.30457799348140263
0cb2d959-5c63-4520-8a9c-f729b6de6429,SHOP_031,BEN_00965,2026-01-10 14:49:28.322714,Oil,1,50.0,28.727982,77.18544,North Delhi,0,11049.0,14,False,True,False,False,False,1,0.1319015662741735
3e4bb2ee-537b-4360-9811-b4a55ea7469d,SHOP_031,BEN_02638,2026-01-10 15:04:34.322714,Kerosene,1,25.0,28.727982,77.18544,North Delhi,0,906.0,15,True,False,False,False,False,1,0.21190342641553656
0e7641c0-58ff-451a-bdfc-115fd1ff6971,SHOP_031,BEN_00396,2026-01-10 15:10:02.322714,Sugar,1,20.0,28.727982,77.18544,North Delhi,0,328.0,15,False,False,False,True,False,1,0.20023451175116624
07e7cf28-9bb0-448b-9272-ed9b51dea73f,SHOP_031,BEN_01751,2026-01-10 18:50:42.322714,Kerosene,3,75.0,28.727982,77.18544,North Delhi,0,13240.0,18,True,False,False,False,False,1,0.22436761071499028
3baaec35-9d33-4744-aa25-784d4c1426ca,SHOP_031,BEN_00747,2026-01-11 09:26:24.322714,Sugar,2,40.0,28.727982,77.18544,North Delhi,0,52542.0,9,False,False,False,True,False,1,0.2902068799475729
cb4296aa-0932-4f21-899b-69bc4e47b086,SHOP_031,BEN_00556,2026-01-11 17:00:58.322714,Oil,2,100.0,28.727982,77.18544,North Delhi,0,27274.0,17,False,True,False,False,False,1,0.2789395143841438
34411602-1ab7-4d7f-ad17-4e0751709234,SHOP_031,BEN_01731,2026-01-12 09:33:18.322714,Sugar,2,40.0,28.727982,77.18544,North Delhi,0,59540.0,9,False,False,False,True,False,1,0.29771332298270187
30d4b92d-f3ef-43d8-b2ca-ec626e63bbab,SHOP_031,BEN_02465,2026-01-12 10:24:03.322714,Sugar,1,20.0,28.727982,77.18544,North Delhi,0,3045.0,10,False,False,False,True,False,1,0.2709909626415193
6be89493-40d1-40b6-af12-a5e43c2d56f9,SHOP_031,BEN_00948,2026-01-12 11:04:38.322714,Rice,16,48.0,28.727982,77.18544,North Delhi,0,2435.0,11,False,False,True,False,False,1,0.269151102399178
f0a54629-bddb-4762-8847-fadb32368568,SHOP_031,BEN_00608,2026-01-12 12:00:33.322714,Sugar,1,20.0,28.727982,77.18544,North Delhi,0,3355.0,12,False,False,False,True,False,1,0.1491518701078201
73b02fba-a541-43f8-9967-45ce6482537c,SHOP_031,BEN_01314,2026-01-12 13:27:20.322714,Oil,2,100.0,28.727982,77.18544,North Delhi,0,5207.0,13,False,True,False,False,False,1,0.07954119950729233
cbb31e1b-0c8a-4b01-a3e2-3298f9b43d7c,SHOP_031,BEN_01238,2026-01-13 08:11:01.322714,Oil,2,100.0,28.727982,77.18544,North Delhi,0,67421.0,8,False,True,False,False,False,1,0.46096199864382015
bfe1b1c9-b481-41b5-bd42-795f3c4f2be5,SHOP_031,BEN_00705,2026-01-13 11:23:35.322714,Rice,20,60.0,28.727982,77.18544,North Delhi,0,11554.0,11,False,False,True,False,False,1,0.43530990090154276
d85acc12-6155-4330-8817-27730fa10df5,SHOP_031,BEN_01800,2026-01-14 10:33:21.322714,Oil,2,100.0,28.727982,77.18544,North Delhi,0,83386.0,10,False,True,False,False,False,1,0.46365926068825136
ee078d14-7142-4979-8a69-985679c3b9fc,SHOP_031,BEN_02181,2026-01-14 11:32:38.322714,Rice,10,30.0,28.727982,77.18544,North Delhi,0,3557.0,11,False,False,True,False,False,1,0.17984234453470593
b947433b-8358-4c97-be19-2f62153d86a4,SHOP_031,BEN_01584,2026-01-14 14:51:29.322714,Oil,2,100.0,28.727982,77.18544,North Delhi,0,11931.0,14,False,True,False,False,False,1,0.08474547014763867
6db14dfd-66b9-401d-aa5c-17e0835173f0,SHOP_031,BEN_01136,2026-01-14 15:46:47.322714,Sugar,3,60.0,28.727982,77.18544,North Delhi,0,3318.0,15,False,False,False,True,False,1,0.12139674929347699
28f6049c-46fb-47c0-860e-ad2eb7cccffa,SHOP_031,BEN_00089,2026-01-15 12:45:34.322714,Wheat,20,40.0,28.727982,77.18544,North Delhi,0,75527.0,12,False,False,False,False,True,-1,0.6296198857360485
c057082b-66ea-4899-9e9f-c38f4ce5f267,SHOP_031,BEN_00331,2026-01-15 13:38:41.322714,Wheat,10,20.0,28.727982,77.18544,North Delhi,0,3187.0,13,False,False,False,False,True,1,0.15168605399470642
fe2452d3-eac5-447b-a554-e33a3f370a46,SHOP_032,BEN_02743,2025-12-17 10:00:28.322714,Sugar,2,40.0,28.708017,77.126743,Rohini,0,9999.0,10,False,False,False,True,False,1,0.23410918026539618
8f388917-b0e6-4bbd-b9cd-4bf60409257f,SHOP_032,BEN_00760,2025-12-17 11:07:58.322714,Kerosene,2,50.0,28.708017,77.126743,Rohini,0,4050.0,11,True,False,False,False,False,1,0.20223809801938375
ecaa7c8d-ded1-4b34-9a49-e6bf1628409a,SHOP_032,BEN_00011,2025-12-17 14:00:39.322714,Wheat,9,18.0,28.708017,77.126743,Rohini,0,10361.0,14,False,False,False,False,True,1,0.14654419921025486
1b5a5064-c200-49af-9aa7-cd9d3452f279,SHOP_032,BEN_02507,2025-12-17 14:13:55.322714,Sugar,2,40.0,28.708017,77.126743,Rohini,0,796.0,14,False,False,False,True,False,1,0.10311851097601188
a9a86b68-5d9f-47cf-b0e2-cf01eab0458d,SHOP_032,BEN_01563,2025-12-17 16:43:10.322714,Kerosene,1,25.0,28.708017,77.126743,Rohini,0,8955.0,16,True,False,False,False,False,1,0.1607971556467081
6df42a21-e490-42b6-85ba-3dfe8d4099ed,SHOP_032,BEN_00177,2025-12-17 17:12:14.322714,Sugar,3,60.0,28.708017,77.126743,Rohini,0,1744.0,17,False,False,False,True,False,1,0.20524700469435747
18ea30b1-cdce-4671-a64d-80e65e9ca710,SHOP_032,BEN_01428,2025-12-18 09:28:35.322714,Rice,12,36.0,28.708017,77.126743,Rohini,0,58581.0,9,False,False,True,False,False,1,0.3627868445110296
d603c931-49aa-4fb8-b5d9-f33b644eff66,SHOP_032,BEN_02693,2025-12-19 08:30:28.322714,Wheat,20,40.0,28.708017,77.126743,Rohini,0,82913.0,8,False,False,False,False,True,-1,0.7921958381836695
816571c0-4470-40aa-b522-af8b13b90033,SHOP_032,BEN_02364,2025-12-19 16:36:34.322714,Wheat,5,10.0,28.708017,77.126743,Rohini,0,29166.0,16,False,False,False,False,True,1,0.4652343653531576
d4088fd7-b739-435b-a970-72f8eb251bc8,SHOP_032,BEN_01151,2025-12-20 09:52:36.322714,Oil,1,50.0,28.708017,77.126743,Rohini,0,62162.0,9,False,True,False,False,False,1,0.3505887854973818
f8296868-6094-473c-a3fc-2545e6aa7a49,SHOP_032,BEN_01023,2025-12-20 12:20:42.322714,Kerosene,1,25.0,28.708017,77.126743,Rohini,0,8886.0,12,True,False,False,False,False,1,0.19282474825740187
7cd53c9d-7a96-4aa1-9cfd-6dce015e2f82,SHOP_032,BEN_02245,2025-12-20 12:28:46.322714,Sugar,2,40.0,28.708017,77.126743,Rohini,0,484.0,12,False,False,False,True,False,1,0.13674397896920826
8e327699-8c65-4116-a60e-4e320a7071ae,SHOP_032,BEN_00171,2025-12-20 16:49:09.322714,Wheat,20,40.0,28.708017,77.126743,Rohini,0,15623.0,16,False,False,False,False,True,1,0.3641171838341194
17f84653-e148-48ba-b727-fd59292f2a76,SHOP_032,BEN_02848,2025-12-21 13:36:13.322714,Wheat,5,10.0,28.708017,77.126743,Rohini,0,74824.0,13,False,False,False,False,True,-1,0.6040259883450574
e375afb6-7d92-4507-b399-e260426c0f85,SHOP_032,BEN_02583,2025-12-22 08:05:18.322714,Sugar,3,60.0,28.708017,77.126743,Rohini,0,66545.0,8,False,False,False,True,False,1,0.44726485318506903
9521b1f3-854b-4183-9dd8-830df6a09be2,SHOP_032,BEN_02917,2025-12-22 14:26:14.322714,Kerosene,1,25.0,28.708017,77.126743,Rohini,0,22856.0,14,True,False,False,False,False,1,0.2691153109619766
cd96287b-46d6-4e35-a3ac-1fe087630c24,SHOP_032,BEN_00978,2025-12-22 16:10:32.322714,Oil,2,100.0,28.708017,77.126743,Rohini,0,6258.0,16,False,True,False,False,False,1,0.019500474940514878
fe9f1f13-4b2a-4d6b-8b2b-685a5713e6bd,SHOP_032,BEN_00785,2025-12-23 09:08:24.322714,Oil,1,50.0,28.708017,77.126743,Rohini,0,61072.0,9,False,True,False,False,False,1,0.34200199915821294
45f31cc3-73bb-4383-93ce-91d6128d2514,SHOP_032,BEN_02867,2025-12-23 11:08:16.322714,Rice,20,60.0,28.708017,77.126743,Rohini,0,7192.0,11,False,False,True,False,False,1,0.4193781555047748
acc84888-0789-4ce5-802a-84d9e883e844,SHOP_032,BEN_01412,2025-12-23 12:29:14.322714,Rice,5,15.0,28.708017,77.126743,Rohini,0,4858.0,12,False,False,True,False,False,1,0.2132675136804385
f2daf1fb-6446-4835-92f9-be86055d42a8,SHOP_032,BEN_00203,2025-12-23 13:17:55.322714,Oil,1,50.0,28.708017,77.126743,Rohini,0,2921.0,13,False,True,False,False,False,1,0.1416806621529525
af8965e4-bcfd-4a97-97c9-4b1f3659d9a0,SHOP_032,BEN_02893,2025-12-23 14:29:37.322714,Oil,2,100.0,28.708017,77.126743,Rohini,0,4302.0,14,False,True,False,False,False,1,0.04381230131137426
1226d2a6-eb89-4b0f-b18f-cde5341e30dc,SHOP_032,BEN_02280,2025-12-24 12:56:46.322714,Rice,9,27.0,28.708017,77.126743,Rohini,0,80829.0,12,False,False,True,False,False,1,0.4644292792171054
efb45233-d7ef-422d-9a4c-a4f79f028a41,SHOP_032,BEN_00124,2025-12-24 13:30:32.322714,Sugar,1,20.0,28.708017,77.126743,Rohini,0,2026.0,13,False,False,False,True,False,1,0.15720383918979897
0a8e1563-7ee9-4fa0-a2b2-a289cca16386,SHOP_032,BEN_00316,2025-12-25 09:45:26.322714,Sugar,1,20.0,28.708017,77.126743,Rohini,0,72894.0,9,False,False,False,True,False,1,0.4245565685229863
9ec5c776-a9f6-422b-8470-4f602054d4d1,SHOP_032,BEN_00903,2025-12-25 09:51:02.322714,Wheat,11,22.0,28.708017,77.126743,Rohini,0,336.0,9,False,False,False,False,True,1,0.44116594545156057
b3d1646f-8dd9-49eb-8797-525d96d5e567,SHOP_032,BEN_01011,2025-12-26 16:45:19.322714,Sugar,2,40.0,28.708017,77.126743,Rohini,0,111257.0,16,False,False,False,True,False,-1,0.682261704422406
6dcb65ed-08e5-410b-a2a0-0b3123492349,SHOP_032,BEN_00317,2025-12-26 18:29:29.322714,Rice,14,42.0,28.708017,77.126743,Rohini,0,6250.0,18,False,False,True,False,False,1,0.24476931790860257
0c617fb4-ad29-4945-860c-ccf44a47d9ae,SHOP_032,BEN_01979,2025-12-27 16:45:59.322714,Wheat,11,22.0,28.708017,77.126743,Rohini,0,80190.0,16,False,False,False,False,True,-1,0.6042283013342895
c84c6aeb-ced1-4f2f-85e3-35cbd573b8b8,SHOP_032,BEN_00632,2025-12-27 19:37:26.322714,Wheat,18,36.0,28.708017,77.126743,Rohini,0,10287.0,19,False,False,False,False,True,1,0.3957682399242529
5eeed666-5fb0-4a9d-8186-d2120ba1e05e,SHOP_032,BEN_00874,2025-12-29 10:03:58.322714,Wheat,10,20.0,28.708017,77.126743,Rohini,0,138392.0,10,False,False,False,False,True,-1,0.8104727186489911
bfd778e2-aaf1-4c54-a507-758ebc8f65f3,SHOP_032,BEN_01118,2025-12-29 10:21:52.322714,Rice,19,57.0,28.708017,77.126743,Rohini,0,1074.0,10,False,False,True,False,False,1,0.38427560637550995
742a9a82-e0d0-40ae-9303-4b0b5f34187a,SHOP_032,BEN_01891,2025-12-29 17:17:00.322714,Rice,16,48.0,28.708017,77.126743,Rohini,0,24908.0,17,False,False,True,False,False,1,0.3280181212303599
c4b8d4fa-95c4-4d42-9f08-a49da84cd86f,SHOP_032,BEN_00189,2025-12-30 14:06:28.322714,Kerosene,3,75.0,28.708017,77.126743,Rohini,0,74968.0,14,True,False,False,False,False,1,0.45974179101555657
fa2a6bce-df03-4b72-914c-b54641d10df4,SHOP_032,BEN_02533,2025-12-30 19:02:38.322714,Wheat,12,24.0,28.708017,77.126743,Rohini,0,17770.0,19,False,False,False,False,True,1,0.340408190640376
8afe3f32-af5b-4a50-85f6-f9e790c8de27,SHOP_032,BEN_02438,2025-12-31 08:46:46.322714,Oil,1,50.0,28.708017,77.126743,Rohini,0,49448.0,8,False,True,False,False,False,1,0.40949279564413904
4636364b-a25d-4705-8871-3de342ef32cf,SHOP_032,BEN_02390,2025-12-31 12:54:26.322714,Sugar,1,20.0,28.708017,77.126743,Rohini,0,14860.0,12,False,False,False,True,False,1,0.18989408847280237
49ecb858-2b70-4c5e-9189-586535850fc1,SHOP_032,BEN_01578,2025-12-31 14:22:14.322714,Kerosene,2,50.0,28.708017,77.126743,Rohini,0,5268.0,14,True,False,False,False,False,1,0.10766292948323791
2d886f2c-d3cc-4ee2-af24-a147aad1fa25,SHOP_032,BEN_00027,2025-12-31 15:03:33.322714,Oil,1,50.0,28.708017,77.126743,Rohini,0,2479.0,15,False,True,False,False,False,1,0.08687095124396776
3bf26151-abec-4b13-8d59-58fdc56aa2ca,SHOP_032,BEN_00462,2025-12-31 19:19:25.322714,Rice,8,24.0,28.708017,77.126743,Rohini,0,15352.0,19,False,False,True,False,False,1,0.36129735329449
ab5db496-7bd3-4ce1-aed4-dcc357b05056,SHOP_032,BEN_01101,2026-01-01 08:39:16.322714,Sugar,1,20.0,28.708017,77.126743,Rohini,0,47991.0,8,False,False,False,True,False,1,0.3973308199724421
c165bdd6-8c53-4bae-bccd-c6656707aeef,SHOP_032,BEN_01430,2026-01-01 09:00:04.322714,Sugar,3,60.0,28.708017,77.126743,Rohini,0,1248.0,9,False,False,False,True,False,1,0.404970125562541
fa5d1522-d2d5-4235-b0b3-f836a222326f,SHOP_032,BEN_02737,2026-01-01 10:51:54.322714,Kerosene,1,25.0,28.708017,77.126743,Rohini,0,6710.0,10,True,False,False,False,False,1,0.28044196656278786
7b9d3512-88f5-4e4a-972d-ef56b38431d9,SHOP_032,BEN_02679,2026-01-01 11:21:12.322714,Wheat,20,40.0,28.708017,77.126743,Rohini,0,1758.0,11,False,False,False,False,True,1,0.4275215177091709
e74e5650-b935-4364-8bfd-9dec21c5d76d,SHOP_032,BEN_01329,2026-01-01 11:27:41.322714,Sugar,3,60.0,28.708017,77.126743,Rohini,0,389.0,11,False,False,False,True,False,1,0.26164894409640493
cba125b9-af4d-47f6-aa0f-8c76a22471c1,SHOP_032,BEN_00519,2026-01-01 13:43:32.322714,Kerosene,2,50.0,28.708017,77.126743,Rohini,0,8151.0,13,True,False,False,False,False,1,0.14684249804139565
564b7911-2307-4c98-99c8-0bed6bb355d3,SHOP_032,BEN_00032,2026-01-01 15:56:14.322714,Oil,1,50.0,28.708017,77.126743,Rohini,0,7962.0,15,False,True,False,False,False,1,0.0751365975092414
ed36fb47-60e7-431e-8e8c-f1b1118b452b,SHOP_032,BEN_02642,2026-01-02 16:53:02.322714,Sugar,3,60.0,28.708017,77.126743,Rohini,0,89808.0,16,False,False,False,True,False,1,0.550678050897116
68c1af2d-5ec2-405a-a673-5ff4dd4255fb,SHOP_032,BEN_00399,2026-01-02 18:29:53.322714,Oil,1,50.0,28.708017,77.126743,Rohini,0,5811.0,18,False,True,False,False,False,1,0.2029949805137653
ddd95732-3725-4564-9adc-9967ef9985a6,SHOP_032,BEN_00127,2026-01-03 08:48:00.322714,Wheat,12,24.0,28.708017,77.126743,Rohini,0,51487.0,8,False,False,False,False,True,1,0.5258236216016178
1781b635-d6be-4476-a5af-5c978ff58ad0,SHOP_032,BEN_01247,2026-01-03 12:42:17.322714,Wheat,7,14.0,28.708017,77.126743,Rohini,0,14057.0,12,False,False,False,False,True,1,0.2305655296014355
fef63c49-da3e-4f3e-8f28-4e47369fe9fa,SHOP_032,BEN_00883,2026-01-03 13:35:13.322714,Kerosene,1,25.0,28.708017,77.126743,Rohini,0,3176.0,13,True,False,False,False,False,1,0.14901851519264075
65f10d26-f6d6-4a7f-8bf8-51ff7e90e12f,SHOP_032,BEN_02055,2026-01-03 19:11:39.322714,Rice,16,48.0,28.708017,77.126743,Rohini,0,20186.0,19,False,False,True,False,False,1,0.39805747706253447
800624de-2ab5-45d8-be0c-8dbe6bd7bb1b,SHOP_032,BEN_02753,2026-01-04 15:38:40.322714,Rice,20,60.0,28.708017,77.126743,Rohini,0,73621.0,15,False,False,True,False,False,-1,0.6446745253353419
b2b8c685-3eaa-4f78-9c18-a9da2b9d99b1,SHOP_032,BEN_00823,2026-01-04 16:00:46.322714,Rice,9,27.0,28.708017,77.126743,Rohini,0,1326.0,16,False,False,True,False,False,1,0.20630594391068446
a160ffb5-11a7-4e2d-8a0d-d57024ef7ab7,SHOP_032,BEN_02633,2026-01-04 16:15:10.322714,Oil,1,50.0,28.708017,77.126743,Rohini,0,864.0,16,False,True,False,False,False,1,0.12577991544169753
3eda9657-fc8f-438b-9a99-52fa02fec71f,SHOP_032,BEN_01023,2026-01-04 18:25:16.322714,Kerosene,1,25.0,28.708017,77.126743,Rohini,0,7806.0,18,True,False,False,False,False,1,0.21662721551660924
e2ad9d78-51a6-4ea0-a42a-5d4aed002151,SHOP_032,BEN_00564,2026-01-05 09:43:54.322714,Rice,11,33.0,28.708017,77.126743,Rohini,0,55118.0,9,False,False,True,False,False,1,0.3172041292392886
ab97aed0-8bfc-4633-91b4-498ada0593f6,SHOP_032,BEN_00159,2026-01-05 14:31:06.322714,Oil,2,100.0,28.708017,77.126743,Rohini,0,17232.0,14,False,True,False,False,False,1,0.13213647203744722
d067d778-7179-4659-8c06-d581864862d3,SHOP_032,BEN_01787,2026-01-05 15:36:16.322714,Oil,2,100.0,28.708017,77.126743,Rohini,0,3910.0,15,False,True,False,False,False,1,0.01701813632338467
564aebb4-c24c-485b-b888-aab8740ccb3f,SHOP_032,BEN_01692,2026-01-05 16:48:47.322714,Rice,11,33.0,28.708017,77.126743,Rohini,0,4351.0,16,False,False,True,False,False,1,0.13702471214411233
38fe10f7-9b0a-40c8-a7c7-a447528e6d40,SHOP_032,BEN_02185,2026-01-05 17:33:52.322714,Oil,2,100.0,28.708017,77.126743,Rohini,0,2705.0,17,False,True,False,False,False,1,0.11371185125428962
8d8bdb86-1c6f-4992-9c22-ffe2e9c6adb5,SHOP_032,BEN_00700,2026-01-06 13:26:11.322714,Oil,2,100.0,28.708017,77.126743,Rohini,0,71539.0,13,False,True,False,False,False,1,0.45673257583204396
04cdeeaf-c625-49c9-9f45-07fac28041ba,SHOP_032,BEN_00066,2026-01-06 19:18:45.322714,Kerosene,3,75.0,28.708017,77.126743,Rohini,0,21154.0,19,True,False,False,False,False,1,0.33956056413656915
e4632394-16e4-44c6-93fc-7e5f205e6dbb,SHOP_032,BEN_01692,2026-01-06 19:54:08.322714,Oil,1,50.0,28.708017,77.126743,Rohini,0,2123.0,19,False,True,False,False,False,1,0.30173248674494935
d656c7a7-8a36-458e-87e4-72b11d308817,SHOP_032,BEN_02589,2026-01-07 08:18:09.322714,Wheat,13,26.0,28.708017,77.126743,Rohini,0,44641.0,8,False,False,False,False,True,1,0.5357494085315115
5c523da9-4fa5-4386-abd4-35574efad53b,SHOP_032,BEN_01970,2026-01-07 08:46:29.322714,Rice,16,48.0,28.708017,77.126743,Rohini,0,1700.0,8,False,False,True,False,False,1,0.4438945025701171
d2820620-3ae8-4e7a-9f11-b5ee408f3b9b,SHOP_032,BEN_02298,2026-01-07 10:01:20.322714,Oil,2,100.0,28.708017,77.126743,Rohini,0,4491.0,10,False,True,False,False,False,1,0.17294829938290224
a1830b50-51ab-4aeb-8c65-ce8b03788f2b,SHOP_032,BEN_01789,2026-01-07 10:52:27.322714,Rice,14,42.0,28.708017,77.126743,Rohini,0,3067.0,10,False,False,True,False,False,1,0.27397989728288646
52b42d04-dd1a-4289-8c6c-e5d0f1718071,SHOP_032,BEN_00567,2026-01-07 15:30:50.322714,Wheat,13,26.0,28.708017,77.126743,Rohini,0,16703.0,15,False,False,False,False,True,1,0.15282506500214377
f25bfb77-4ce2-4a80-a912-a41a1777dfe6,SHOP_032,BEN_02303,2026-01-07 15:55:48.322714,Rice,8,24.0,28.708017,77.126743,Rohini,0,1498.0,15,False,False,True,False,False,1,0.24839714253886042
7231f249-7988-4bad-9304-8e0c4fde85c4,SHOP_032,BEN_00278,2026-01-08 15:59:07.322714,Wheat,16,32.0,28.708017,77.126743,Rohini,0,86599.0,15,False,False,False,False,True,-1,0.6069518333329054
57bc8069-06f7-4d13-ba61-7147ec4d507d,SHOP_032,BEN_02752,2026-01-08 16:32:31.322714,Sugar,3,60.0,28.708017,77.126743,Rohini,0,2004.0,16,False,False,False,True,False,1,0.16040189361553325
ff263e20-2fe4-40b4-9397-61d5a18f8010,SHOP_032,BEN_02511,2026-01-08 18:26:21.322714,Rice,18,54.0,28.708017,77.126743,Rohini,0,6830.0,18,False,False,True,False,False,1,0.3036610569152433
33da7161-10c9-4cc7-b666-bf4790355043,SHOP_032,BEN_01532,2026-01-08 19:28:18.322714,Sugar,3,60.0,28.708017,77.126743,Rohini,0,3717.0,19,False,False,False,True,False,1,0.33510930911601755
a142904f-eb75-4016-9e91-c08ee053632b,SHOP_032,BEN_00629,2026-01-09 11:44:46.322714,Kerosene,3,75.0,28.708017,77.126743,Rohini,0,58588.0,11,True,False,False,False,False,1,0.391541819828093
f34413e1-c3fc-429c-8ea2-6db5a6f3b03c,SHOP_032,BEN_01802,2026-01-09 14:20:07.322714,Sugar,3,60.0,28.708017,77.126743,Rohini,0,9321.0,14,False,False,False,True,False,1,0.11782321669160356
2e8242a3-94e7-4048-90aa-577273e6b687,SHOP_032,BEN_01219,2026-01-09 17:36:10.322714,Oil,1,50.0,28.708017,77.126743,Rohini,0,11763.0,17,False,True,False,False,False,1,0.18430588172462242
7ef342b8-515a-4d2d-ac14-8de03d5ee79f,SHOP_032,BEN_00514,2026-01-10 09:21:34.322714,Oil,1,50.0,28.708017,77.126743,Rohini,0,56724.0,9,False,True,False,False,False,1,0.29566916129273024
841b0014-305f-4e51-9cf7-813ab648d24a,SHOP_032,BEN_00620,2026-01-11 10:19:09.322714,Oil,2,100.0,28.708017,77.126743,Rohini,0,89855.0,10,False,True,False,False,False,1,0.5164179563174202
bdb13ce6-9925-4c37-a176-f559666159a2,SHOP_032,BEN_01815,2026-01-11 12:40:41.322714,Rice,20,60.0,28.708017,77.126743,Rohini,0,8492.0,12,False,False,True,False,False,1,0.3677311768995611
c585e8eb-2e88-42d4-a02f-d92cf021fe9f,SHOP_032,BEN_00825,2026-01-11 13:20:13.322714,Oil,2,100.0,28.708017,77.126743,Rohini,0,2372.0,13,False,True,False,False,False,1,0.11411598665517753
2cbb93eb-f300-45ff-8919-65e04f31bc4e,SHOP_032,BEN_01960,2026-01-11 13:59:11.322714,Wheat,19,38.0,28.708017,77.126743,Rohini,0,2338.0,13,False,False,False,False,True,1,0.2892931156646777
090ec272-c4f1-4dc1-8eba-daa5db143923,SHOP_032,BEN_02148,2026-01-11 15:39:24.322714,Wheat,8,16.0,28.708017,77.126743,Rohini,0,6013.0,15,False,False,False,False,True,1,0.1407429043307884
41ff786b-b536-4e91-810f-324c98ae7fa6,SHOP_032,BEN_01133,2026-01-11 19:01:25.322714,Oil,2,100.0,28.708017,77.126743,Rohini,0,12121.0,19,False,True,False,False,False,1,0.2744132885945237
53aaa408-16da-4700-9092-117832f52a4f,SHOP_032,BEN_00493,2026-01-11 19:45:58.322714,Rice,14,42.0,28.708017,77.126743,Rohini,0,2673.0,19,False,False,True,False,False,1,0.36423608780098393
050d154a-d800-4d68-aff2-78b070acc351,SHOP_032,BEN_01032,2026-01-12 08:39:20.322714,Wheat,7,14.0,28.708017,77.126743,Rohini,0,46402.0,8,False,False,False,False,True,1,0.5697508222895139
f3c8c4bd-0eae-4bd4-bee6-67781d61dc21,SHOP_032,BEN_02768,2026-01-12 10:12:03.322714,Oil,1,50.0,28.708017,77.126743,Rohini,0,5563.0,10,False,True,False,False,False,1,0.19114821590704656
656ed226-850e-4c90-a8e7-5724daa2072c,SHOP_032,BEN_00940,2026-01-12 12:37:31.322714,Sugar,1,20.0,28.708017,77.126743,Rohini,0,8728.0,12,False,False,False,True,False,1,0.14543118474513111
0072b584-8f9b-47ac-bd56-1b1ba81f648a,SHOP_032,BEN_01746,2026-01-12 15:16:00.322714,Rice,17,51.0,28.708017,77.126743,Rohini,0,9509.0,15,False,False,True,False,False,1,0.20749701208935595
4bb75e17-583f-411a-ae2a-22b0cbf8f85b,SHOP_032,BEN_01301,2026-01-12 18:41:53.322714,Wheat,17,34.0,28.708017,77.126743,Rohini,0,12353.0,18,False,False,False,False,True,1,0.32460682080980396
93a8fdc1-8455-4acf-b6c0-7daec74fb74e,SHOP_032,BEN_02242,2026-01-13 13:37:06.322714,Oil,1,50.0,28.708017,77.126743,Rohini,0,68113.0,13,False,True,False,False,False,1,0.4710955045008437
683ce8ff-3ad3-47b5-bbdc-faadfa7052ac,SHOP_032,BEN_02468,2026-01-13 17:35:31.322714,Oil,1,50.0,28.708017,77.126743,Rohini,0,14305.0,17,False,True,False,False,False,1,0.19216678260208025
3785955c-87e0-424c-8eec-23d6f887b498,SHOP_032,BEN_00574,2026-01-14 11:51:11.322714,Rice,14,42.0,28.708017,77.126743,Rohini,0,65740.0,11,False,False,True,False,False,1,0.41745748249237447
e96604af-bf80-44df-90f3-794c7a890053,SHOP_032,BEN_01037,2026-01-14 16:22:51.322714,Kerosene,1,25.0,28.708017,77.126743,Rohini,0,16300.0,16,True,False,False,False,False,1,0.21228413238240068
2663ab66-2e44-44a6-b412-654af95a39df,SHOP_032,BEN_00917,2026-01-14 17:53:23.322714,Rice,6,18.0,28.708017,77.126743,Rohini,0,5432.0,17,False,False,True,False,False,1,0.24451509591625264
abcb5731-9699-4578-8ca5-17cacc3e9e51,SHOP_032,BEN_02458,2026-01-14 18:39:35.322714,Sugar,1,20.0,28.708017,77.126743,Rohini,0,2772.0,18,False,False,False,True,False,1,0.24557587344369347
62e49d34-fe9d-4a2f-a4d4-a551dd5d4c60,SHOP_032,BEN_02340,2026-01-15 11:15:41.322714,Rice,16,48.0,28.708017,77.126743,Rohini,0,59766.0,11,False,False,True,False,False,1,0.3918562574152915
101e047a-73e6-40c5-8245-491b2d8e1dd1,SHOP_033,BEN_02208,2025-12-16 18:44:16.322714,Kerosene,2,50.0,28.731131,77.204781,North Delhi,0,9999.0,18,True,False,False,False,False,1,0.17262982641351454
dcefd0ad-048c-4944-ae63-38bfc1734c6e,SHOP_033,BEN_01912,2025-12-17 08:11:50.322714,Rice,13,39.0,28.731131,77.204781,North Delhi,0,48454.0,8,False,False,True,False,False,1,0.45010836359525563
08a01311-517a-48bc-a901-2066da727541,SHOP_033,BEN_00598,2025-12-17 10:44:15.322714,Sugar,2,40.0,28.731131,77.204781,North Delhi,0,9145.0,10,False,False,False,True,False,1,0.23687794346043223
8cebd41e-c391-43af-8f3f-627afff3aa42,SHOP_033,BEN_00546,2025-12-17 14:56:04.322714,Oil,1,50.0,28.731131,77.204781,North Delhi,0,15109.0,14,False,True,False,False,False,1,0.16008007275096597
930c7615-c95b-44d4-87f6-fc64ce673aaf,SHOP_033,BEN_01667,2025-12-17 17:04:41.322714,Kerosene,3,75.0,28.731131,77.204781,North Delhi,0,7717.0,17,True,False,False,False,False,1,0.18335780161753806
14958ee8-94c9-42cf-b325-8ffe8097af6e,SHOP_033,BEN_02461,2025-12-18 11:20:24.322714,Oil,2,100.0,28.731131,77.204781,North Delhi,0,65743.0,11,False,True,False,False,False,1,0.3619224835727016
d6d5a8ed-e1b6-4dad-beb4-b5d62e6d474d,SHOP_033,BEN_01613,2025-12-18 13:55:51.322714,Rice,9,27.0,28.731131,77.204781,North Delhi,0,9327.0,13,False,False,True,False,False,1,0.18835102102081663
bf849bfe-0d09-401c-926c-6794fbba26ab,SHOP_033,BEN_02260,2025-12-18 14:20:51.322714,Oil,1,50.0,28.731131,77.204781,North Delhi,0,1500.0,14,False,True,False,False,False,1,0.1390302629844165
7fc71711-4b2d-4560-8832-6ddfb1bbac22,SHOP_033,BEN_00050,2025-12-18 18:56:31.322714,Oil,2,100.0,28.731131,77.204781,North Delhi,0,16540.0,18,False,True,False,False,False,1,0.20105703796712415
a1dc7818-16b5-4b02-8b28-388916e77eb1,SHOP_033,BEN_02011,2025-12-18 19:26:39.322714,Wheat,5,10.0,28.731131,77.204781,North Delhi,0,1808.0,19,False,False,False,False,True,1,0.42129979496585324
953b06cc-65f1-43c3-a122-193ea447961d,SHOP_033,BEN_01157,2025-12-19 15:14:35.322714,Wheat,10,20.0,28.731131,77.204781,North Delhi,0,71276.0,15,False,False,False,False,True,1,0.4983680889346051
48dda6ad-28ea-47ba-9673-03ff81209d18,SHOP_033,BEN_00502,2025-12-19 18:34:25.322714,Kerosene,2,50.0,28.731131,77.204781,North Delhi,0,11990.0,18,True,False,False,False,False,1,0.1703471392461941
6e8e49ca-e569-4641-b336-4dddbf306831,SHOP_033,BEN_02666,2025-12-19 19:15:29.322714,Wheat,17,34.0,28.731131,77.204781,North Delhi,0,2464.0,19,False,False,False,False,True,1,0.4274802042980806
95390a32-48df-4b97-9825-70219db74eea,SHOP_033,BEN_02520,2025-12-20 08:20:23.322714,Rice,20,60.0,28.731131,77.204781,North Delhi,0,47094.0,8,False,False,True,False,False,-1,0.6419599492836483
02dc2c5e-5f26-45c6-94e9-937c22538091,SHOP_033,BEN_00748,2025-12-20 08:28:15.322714,Rice,8,24.0,28.731131,77.204781,North Delhi,0,472.0,8,False,False,True,False,False,1,0.4291627150809314
c7457e29-14fb-4662-ac5a-f9873f7ecef1,SHOP_033,BEN_01390,2025-12-20 11:56:07.322714,Kerosene,3,75.0,28.731131,77.204781,North Delhi,0,12472.0,11,True,False,False,False,False,1,0.260463360847328
522c6615-456e-490b-8d81-f05246320b2c,SHOP_033,BEN_02021,2025-12-20 16:30:50.322714,Wheat,5,10.0,28.731131,77.204781,North Delhi,0,16483.0,16,False,False,False,False,True,1,0.3067576911538084
5b9af660-bb83-48b2-bb16-b070869fe5ef,SHOP_033,BEN_01260,2025-12-21 11:31:49.322714,Kerosene,3,75.0,28.731131,77.204781,North Delhi,0,68459.0,11,True,False,False,False,False,1,0.46191151587602386
ce6873c6-06c7-41fa-98e1-21306abb0f3e,SHOP_033,BEN_01319,2025-12-21 15:16:17.322714,Sugar,1,20.0,28.731131,77.204781,North Delhi,0,13468.0,15,False,False,False,True,False,1,0.17543223688372778
e5a3333f-f13e-4130-845a-2b6b702114a3,SHOP_033,BEN_01132,2025-12-21 17:09:05.322714,Wheat,5,10.0,28.731131,77.204781,North Delhi,0,6768.0,17,False,False,False,False,True,1,0.26763837457559597
a4e7f2de-58f6-43ca-939b-d09e3552cb35,SHOP_033,BEN_00334,2025-12-22 10:11:00.322714,Rice,11,33.0,28.731131,77.204781,North Delhi,0,61315.0,10,False,False,True,False,False,1,0.34303026949674453
74502749-b15a-4341-a5e7-f595aa6211f0,SHOP_033,BEN_01255,2025-12-22 10:18:19.322714,Wheat,16,32.0,28.731131,77.204781,North Delhi,0,439.0,10,False,False,False,False,True,1,0.3574763438602202
0f66b72e-7969-4830-acfd-e15e10d8791e,SHOP_033,BEN_00803,2025-12-22 18:45:39.322714,Rice,8,24.0,28.731131,77.204781,North Delhi,0,30440.0,18,False,False,True,False,False,1,0.4369105117247354
e323af25-50e7-4e9e-ada5-f60c548d9576,SHOP_033,BEN_02187,2025-12-23 14:44:20.322714,Oil,1,50.0,28.731131,77.204781,North Delhi,0,71921.0,14,False,True,False,False,False,1,0.5368855759892877
85e171c6-88fb-4579-b24c-d72bf8792c7e,SHOP_033,BEN_02129,2025-12-24 13:56:01.322714,Sugar,1,20.0,28.731131,77.204781,North Delhi,0,83501.0,13,False,False,False,True,False,1,0.46373240772268887
cbb23a25-956d-4c86-90d0-7c49fb6badbe,SHOP_033,BEN_02416,2025-12-24 18:58:13.322714,Sugar,1,20.0,28.731131,77.204781,North Delhi,0,18132.0,18,False,False,False,True,False,1,0.28961915708152514
e5dd665b-b629-48c4-a763-866098917999,SHOP_033,BEN_00076,2025-12-25 13:38:35.322714,Oil,2,100.0,28.731131,77.204781,North Delhi,0,67222.0,13,False,True,False,False,False,1,0.38741674093389367
f4024b1d-bc3a-4121-a13f-dfa39f37a882,SHOP_033,BEN_02742,2025-12-25 16:19:01.322714,Rice,20,60.0,28.731131,77.204781,North Delhi,0,9626.0,16,False,False,True,False,False,1,0.38534444515617733
f58009a8-c1c4-48b6-b2c1-bc49735130fd,SHOP_033,BEN_00958,2025-12-26 14:22:47.322714,Rice,19,57.0,28.731131,77.204781,North Delhi,0,79426.0,14,False,False,True,False,False,1,0.5568641120440994
7e863df7-a0da-4911-9fc7-d24a177e5f8d,SHOP_033,BEN_01054,2025-12-26 17:55:23.322714,Kerosene,1,25.0,28.731131,77.204781,North Delhi,0,12756.0,17,True,False,False,False,False,1,0.2214317603592143
09e824c1-bbd8-42f1-8369-96fb9573b369,SHOP_033,BEN_00819,2025-12-26 17:55:28.322714,Rice,20,60.0,28.731131,77.204781,North Delhi,0,5.0,17,False,False,True,False,False,1,0.45566796643945917
ded22bb7-93f7-45a4-b795-81e1aa3117c9,SHOP_033,BEN_01477,2025-12-27 10:50:18.322714,Sugar,2,40.0,28.731131,77.204781,North Delhi,0,60890.0,10,False,False,False,True,False,1,0.26210783560120554
1d56b0f0-5d07-43f1-9207-99c35e022b2b,SHOP_033,BEN_01814,2025-12-27 11:16:51.322714,Kerosene,3,75.0,28.731131,77.204781,North Delhi,0,1593.0,11,True,False,False,False,False,1,0.26003279982753846
10a83bdc-37c3-47e5-bca8-38dffc0b0212,SHOP_033,BEN_00513,2025-12-27 11:43:15.322714,Rice,19,57.0,28.731131,77.204781,North Delhi,0,1584.0,11,False,False,True,False,False,1,0.35263064749284795
e7590b82-f067-4262-84fe-4adf3f9f2bba,SHOP_033,BEN_00825,2025-12-27 12:54:18.322714,Rice,19,57.0,28.731131,77.204781,North Delhi,0,4263.0,12,False,False,True,False,False,1,0.27531803754951223
5d990a47-a616-4aec-bea1-257cd7dedaa9,SHOP_033,BEN_02557,2025-12-27 12:55:33.322714,Oil,2,100.0,28.731131,77.204781,North Delhi,0,75.0,12,False,True,False,False,False,1,0.16880307763815477
48279263-dc40-46c9-9d93-c22823d8b86e,SHOP_033,BEN_01194,2025-12-27 14:14:11.322714,Sugar,2,40.0,28.731131,77.204781,North Delhi,0,4718.0,14,False,False,False,True,False,1,0.04812486472681632
aa587563-edf9-477b-be07-fa89ae802b90,SHOP_033,BEN_01794,2025-12-27 15:46:46.322714,Oil,1,50.0,28.731131,77.204781,North Delhi,0,5555.0,15,False,True,False,False,False,1,0.0831168174261393
3a85bfd4-5c1f-44ba-bb08-619102e8051a,SHOP_033,BEN_02297,2025-12-28 09:47:27.322714,Oil,1,50.0,28.731131,77.204781,North Delhi,0,64841.0,9,False,True,False,False,False,1,0.38067631832587134
ac66466a-4da3-4235-9ef3-1d70ca82e0c6,SHOP_033,BEN_00435,2025-12-28 10:13:27.322714,Rice,9,27.0,28.731131,77.204781,North Delhi,0,1560.0,10,False,False,True,False,False,1,0.2372822763004513
d5b65002-ce66-4442-916a-00b2f1b99c43,SHOP_033,BEN_02006,2025-12-28 18:59:48.322714,Kerosene,1,25.0,28.731131,77.204781,North Delhi,0,31581.0,18,True,False,False,False,False,1,0.41753768526925306
70dbed72-d08a-4096-9d98-eade69d6b5f6,SHOP_033,BEN_00387,2025-12-29 03:43:43.322714,Kerosene,2,50.0,28.731131,77.204781,North Delhi,1,31435.0,3,True,False,False,False,False,-1,0.6373046702727819
b713317a-747a-4bf2-a09b-785a8b294280,SHOP_033,BEN_02654,2025-12-29 09:36:24.322714,Sugar,2,40.0,28.731131,77.204781,North Delhi,0,21161.0,9,False,False,False,True,False,1,0.3441937424499383
afced619-11ac-451e-9a39-207c9c3e2074,SHOP_033,BEN_00840,2025-12-29 11:34:54.322714,Oil,2,100.0,28.731131,77.204781,North Delhi,0,7110.0,11,False,True,False,False,False,1,0.15741235439797369
4f3bc2a1-cd51-452b-9575-12b53b0aebf2,SHOP_033,BEN_00984,2025-12-29 14:01:41.322714,Rice,16,48.0,28.731131,77.204781,North Delhi,0,8807.0,14,False,False,True,False,False,1,0.15723293235370128
dbd7e1d2-e0b8-4057-8245-6f4e89e33122,SHOP_033,BEN_00897,2025-12-29 15:31:13.322714,Wheat,16,32.0,28.731131,77.204781,North Delhi,0,5372.0,15,False,False,False,False,True,1,0.1459952139772035
e5faf939-e165-4c78-876b-21cd0b2a4b49,SHOP_033,BEN_00977,2025-12-29 16:17:37.322714,Kerosene,1,25.0,28.731131,77.204781,North Delhi,0,2784.0,16,True,False,False,False,False,1,0.14546810566244978
bf4c3379-61da-4f6f-b69e-2e546e734efb,SHOP_033,BEN_01197,2025-12-29 19:31:32.322714,Oil,2,100.0,28.731131,77.204781,North Delhi,0,11635.0,19,False,True,False,False,False,1,0.2688927329633593
bfb420e1-5d39-4432-ac83-87b0fcecd722,SHOP_033,BEN_00906,2025-12-30 08:45:25.322714,Wheat,18,36.0,28.731131,77.204781,North Delhi,0,47633.0,8,False,False,False,False,True,-1,0.6103505172757264
c35531c0-cd2f-4f5a-8f34-42a124d596ad,SHOP_033,BEN_01755,2025-12-30 11:08:49.322714,Oil,2,100.0,28.731131,77.204781,North Delhi,0,8604.0,11,False,True,False,False,False,1,0.1646354238139336
21e18170-f016-45f1-b349-6be44c87269b,SHOP_033,BEN_00349,2025-12-30 11:37:08.322714,Oil,2,100.0,28.731131,77.204781,North Delhi,0,1699.0,11,False,True,False,False,False,1,0.17923422106778153
e0264a67-4c8f-4756-98d0-15649a3276af,SHOP_033,BEN_00416,2025-12-30 13:55:11.322714,Sugar,2,40.0,28.731131,77.204781,North Delhi,0,8283.0,13,False,False,False,True,False,1,0.08985567482449397
5ac5f2b8-2af1-4950-b34e-bd36a422231a,SHOP_033,BEN_00260,2025-12-30 16:41:30.322714,Oil,2,100.0,28.731131,77.204781,North Delhi,0,9979.0,16,False,True,False,False,False,1,0.0502267284510719
88171617-94e0-4ed2-84a1-6217be7c4df9,SHOP_033,BEN_01165,2025-12-31 16:09:43.322714,Rice,9,27.0,28.731131,77.204781,North Delhi,0,84493.0,16,False,False,True,False,False,-1,0.5872608297271257
9cd84c8e-5984-4e51-82b8-2ebad2a841d5,SHOP_033,BEN_01424,2026-01-01 09:59:09.322714,Kerosene,3,75.0,28.731131,77.204781,North Delhi,0,64166.0,9,True,False,False,False,False,1,0.4409116620044069
02acab70-660a-4e8e-91c0-c81699e008b5,SHOP_033,BEN_02434,2026-01-01 11:34:36.322714,Sugar,3,60.0,28.731131,77.204781,North Delhi,0,5727.0,11,False,False,False,True,False,1,0.2314794699115041
9b44fa60-5fea-4462-a586-9dd02b6c3d6d,SHOP_033,BEN_02299,2026-01-01 17:30:25.322714,Kerosene,2,50.0,28.731131,77.204781,North Delhi,0,21349.0,17,True,False,False,False,False,1,0.23254770498453747
7739f4ef-a524-475a-bf08-125b384770fc,SHOP_033,BEN_01083,2026-01-01 18:41:52.322714,Wheat,17,34.0,28.731131,77.204781,North Delhi,0,4287.0,18,False,False,False,False,True,1,0.31045808438374956
322fbb82-84ea-4d17-a23a-93a07bffa5f7,SHOP_033,BEN_00833,2026-01-02 09:52:32.322714,Sugar,3,60.0,28.731131,77.204781,North Delhi,0,54640.0,9,False,False,False,True,False,1,0.320242825139309
f234ccc4-45fb-4ce1-b50d-d634b56d148a,SHOP_033,BEN_00928,2026-01-02 13:30:41.322714,Oil,2,100.0,28.731131,77.204781,North Delhi,0,13089.0,13,False,True,False,False,False,1,0.11270779598190178
78f16e86-d419-4457-8914-e79c4b6bbb3e,SHOP_033,BEN_01758,2026-01-02 15:04:22.322714,Wheat,6,12.0,28.731131,77.204781,North Delhi,0,5621.0,15,False,False,False,False,True,1,0.18170105905468364
c9017bea-bf17-4591-a934-ec956905bf36,SHOP_033,BEN_00746,2026-01-02 16:50:59.322714,Sugar,2,40.0,28.731131,77.204781,North Delhi,0,6397.0,16,False,False,False,True,False,1,0.07791837707041649
a377b18e-a280-4637-902f-f9b02d72d240,SHOP_033,BEN_00374,2026-01-02 17:45:42.322714,Wheat,19,38.0,28.731131,77.204781,North Delhi,0,3283.0,17,False,False,False,False,True,1,0.3451409988994738
b41a7eb2-7415-4008-a507-8331de832e4e,SHOP_033,BEN_02335,2026-01-02 18:11:06.322714,Rice,6,18.0,28.731131,77.204781,North Delhi,0,1524.0,18,False,False,True,False,False,1,0.29256319899008243
a213e320-71f5-44a4-8f8e-a0a34fea0ff1,SHOP_033,BEN_02873,2026-01-02 19:57:43.322714,Rice,19,57.0,28.731131,77.204781,North Delhi,0,6397.0,19,False,False,True,False,False,1,0.4480988750666194
e5204d4d-b36d-4bed-b2c9-891d27bb70ef,SHOP_033,BEN_01392,2026-01-03 09:25:10.322714,Wheat,14,28.0,28.731131,77.204781,North Delhi,0,48447.0,9,False,False,False,False,True,1,0.47816275497897476
c0d5b33f-fccf-40fe-b70e-f1ffc4950aab,SHOP_033,BEN_01015,2026-01-03 12:13:22.322714,Rice,17,51.0,28.731131,77.204781,North Delhi,0,10092.0,12,False,False,True,False,False,1,0.22345205228200676
5d21d6c1-a2f4-4cc9-9371-57865713b495,SHOP_033,BEN_02908,2026-01-03 12:33:08.322714,Kerosene,3,75.0,28.731131,77.204781,North Delhi,0,1186.0,12,True,False,False,False,False,1,0.2247102807049376
6cd093f7-7548-4456-ab43-337462c5a747,SHOP_033,BEN_02213,2026-01-04 09:33:23.322714,Kerosene,2,50.0,28.731131,77.204781,North Delhi,0,75615.0,9,True,False,False,False,False,1,0.48369967429053373
9eff1c99-5af9-4a20-9231-ed898fab4c77,SHOP_033,BEN_00382,2026-01-04 12:37:21.322714,Rice,5,15.0,28.731131,77.204781,North Delhi,0,11038.0,12,False,False,True,False,False,1,0.2461117923770194
6d4eb776-b511-4c2d-95d1-7ef3d99e092b,SHOP_033,BEN_01071,2026-01-04 18:58:34.322714,Sugar,1,20.0,28.731131,77.204781,North Delhi,0,22873.0,18,False,False,False,True,False,1,0.3324701511513227
07d3d58d-ee83-4c6a-b7bc-6c4cb82f7213,SHOP_033,BEN_00021,2026-01-04 19:48:11.322714,Oil,1,50.0,28.731131,77.204781,North Delhi,0,2977.0,19,False,True,False,False,False,1,0.27285535043241765
a45c43e2-c525-4998-8042-9724726ee8ab,SHOP_033,BEN_01568,2026-01-05 10:05:37.322714,Sugar,2,40.0,28.731131,77.204781,North Delhi,0,51446.0,10,False,False,False,True,False,1,0.24645087075849464
ca95b6bb-655a-4cee-ad2b-52603aef9c25,SHOP_033,BEN_01318,2026-01-05 14:54:16.322714,Wheat,18,36.0,28.731131,77.204781,North Delhi,0,17319.0,14,False,False,False,False,True,1,0.27643921782660713
6ce09f6e-2bda-424d-bf4f-14fee4af315d,SHOP_033,BEN_01257,2026-01-05 17:59:11.322714,Rice,14,42.0,28.731131,77.204781,North Delhi,0,11095.0,17,False,False,True,False,False,1,0.19715685138246897
7bc7d0bb-4aa4-4365-803a-0cfccf14298a,SHOP_033,BEN_01330,2026-01-06 10:25:38.322714,Sugar,3,60.0,28.731131,77.204781,North Delhi,0,59187.0,10,False,False,False,True,False,1,0.2765036425054619
5e307da8-721e-44be-982a-8a6dea6d9f07,SHOP_033,BEN_00589,2026-01-06 13:23:50.322714,Oil,2,100.0,28.731131,77.204781,North Delhi,0,10692.0,13,False,True,False,False,False,1,0.1010319668338262
1b4f5369-db82-4701-86e7-9062867db95e,SHOP_033,BEN_01100,2026-01-07 08:51:46.322714,Wheat,12,24.0,28.731131,77.204781,North Delhi,0,70076.0,8,False,False,False,False,True,1,0.5605533336732594
1e922fd7-38f6-4f5c-a9ea-7b2fa4c8d404,SHOP_033,BEN_01615,2026-01-07 15:48:56.322714,Kerosene,1,25.0,28.731131,77.204781,North Delhi,0,25030.0,15,True,False,False,False,False,1,0.26924736609100025
e63bf445-5e4f-4f7c-a1e1-3752cb0dc933,SHOP_033,BEN_00221,2026-01-08 09:01:40.322714,Kerosene,2,50.0,28.731131,77.204781,North Delhi,0,61964.0,9,True,False,False,False,False,1,0.3969525065728299
d835ea14-df2d-42df-94b1-734211460829,SHOP_033,BEN_01848,2026-01-08 18:42:20.322714,Sugar,3,60.0,28.731131,77.204781,North Delhi,0,34840.0,18,False,False,False,True,False,1,0.48344031496154116
9c09ff3c-6c57-4166-b63e-80df4fb20724,SHOP_033,BEN_00995,2026-01-08 19:47:59.322714,Wheat,20,40.0,28.731131,77.204781,North Delhi,0,3939.0,19,False,False,False,False,True,1,0.49496988322180924
813cb115-b8e8-4da5-8482-4a167900c7ae,SHOP_033,BEN_00026,2026-01-09 09:50:15.322714,Rice,19,57.0,28.731131,77.204781,North Delhi,0,50536.0,9,False,False,True,False,False,1,0.4931731912436901
7b4c478c-ceb7-4dcf-a7b0-18d4070547c3,SHOP_033,BEN_01179,2026-01-09 15:37:48.322714,Sugar,1,20.0,28.731131,77.204781,North Delhi,0,20853.0,15,False,False,False,True,False,1,0.223878375112896
53202fe0-8849-403e-9f08-cb6815bc355e,SHOP_033,BEN_01986,2026-01-09 17:53:15.322714,Kerosene,1,25.0,28.731131,77.204781,North Delhi,0,8127.0,17,True,False,False,False,False,1,0.19653073350024186
b7507682-bce3-4051-9f0a-358df36bcf55,SHOP_033,BEN_02251,2026-01-10 09:55:17.322714,Rice,8,24.0,28.731131,77.204781,North Delhi,0,57722.0,9,False,False,True,False,False,1,0.3311662246306103
48ce2d97-1b78-4cb1-97d7-025500bc445a,SHOP_033,BEN_02222,2026-01-10 11:06:08.322714,Wheat,9,18.0,28.731131,77.204781,North Delhi,0,4251.0,11,False,False,False,False,True,1,0.19874827004139112
15583aa8-3f52-43bd-95d1-63fe93e33780,SHOP_033,BEN_00739,2026-01-10 11:53:06.322714,Wheat,16,32.0,28.731131,77.204781,North Delhi,0,2818.0,11,False,False,False,False,True,1,0.22569213932869991
a139d238-167a-47f7-bec7-ec74a6d1d6a8,SHOP_033,BEN_01990,2026-01-10 15:50:39.322714,Rice,16,48.0,28.731131,77.204781,North Delhi,0,14253.0,15,False,False,True,False,False,1,0.18912859676568766
12e32e60-49b1-46e6-9af1-658c096c6ff4,SHOP_033,BEN_01836,2026-01-10 18:19:22.322714,Oil,2,100.0,28.731131,77.204781,North Delhi,0,8923.0,18,False,True,False,False,False,1,0.16092348523860978
772fd334-8f68-434d-89db-8460f1ce6317,SHOP_033,BEN_00256,2026-01-11 08:16:29.322714,Wheat,20,40.0,28.731131,77.204781,North Delhi,0,50227.0,8,False,False,False,False,True,-1,0.6889094873894884
978212a1-c34e-43f1-ba23-cda96add73b1,SHOP_033,BEN_01850,2026-01-11 14:00:47.322714,Sugar,2,40.0,28.731131,77.204781,North Delhi,0,20658.0,14,False,False,False,True,False,1,0.14731302887051495
c959e4eb-5e73-449a-8828-7c41e2d5ffbe,SHOP_033,BEN_02277,2026-01-11 16:54:42.322714,Rice,13,39.0,28.731131,77.204781,North Delhi,0,10435.0,16,False,False,True,False,False,1,0.18228256055952463
ce66c5f6-406d-41f9-b3a9-38fc9e488aa0,SHOP_033,BEN_02478,2026-01-11 16:56:18.322714,Wheat,20,40.0,28.731131,77.204781,North Delhi,0,96.0,16,False,False,False,False,True,1,0.4368905563782016
0237ef3d-a450-4b2c-a72a-19c5f3c9340a,SHOP_033,BEN_02405,2026-01-11 18:34:43.322714,Rice,18,54.0,28.731131,77.204781,North Delhi,0,5905.0,18,False,False,True,False,False,1,0.2999414169699451
9e0ee0b6-71d0-4f58-ae91-379da9cd0ce5,SHOP_033,BEN_01067,2026-01-12 15:44:38.322714,Sugar,1,20.0,28.731131,77.204781,North Delhi,0,76195.0,15,False,False,False,True,False,1,0.4633290758021094
ed7b89f7-4fef-425f-a24d-e3a4904562ef,SHOP_033,BEN_02268,2026-01-13 09:23:41.322714,Sugar,3,60.0,28.731131,77.204781,North Delhi,0,63543.0,9,False,False,False,True,False,1,0.35761088109423084
1b2a820a-cfad-47cf-9e99-01aab0aac129,SHOP_033,BEN_01038,2026-01-13 13:11:01.322714,Wheat,14,28.0,28.731131,77.204781,North Delhi,0,13640.0,13,False,False,False,False,True,1,0.13072668633706258
47ae02d2-928d-4612-a169-184cd6255830,SHOP_033,BEN_00326,2026-01-13 14:28:34.322714,Rice,6,18.0,28.731131,77.204781,North Delhi,0,4653.0,14,False,False,True,False,False,1,0.1600081233422449
fdbd513d-c97a-4b53-9fb2-cdb701b61eae,SHOP_033,BEN_00605,2026-01-13 18:32:56.322714,Oil,1,50.0,28.731131,77.204781,North Delhi,0,14662.0,18,False,True,False,False,False,1,0.2343409901487425
6fb76e0e-bbcf-44f4-850b-c00be2ff97ab,SHOP_033,BEN_00473,2026-01-13 19:37:37.322714,Rice,20,60.0,28.731131,77.204781,North Delhi,0,3881.0,19,False,False,True,False,False,1,0.5494247030558922
ccd186e1-7e47-459d-85ad-2264090f5b24,SHOP_033,BEN_01756,2026-01-14 13:42:43.322714,Sugar,2,40.0,28.731131,77.204781,North Delhi,0,65106.0,13,False,False,False,True,False,1,0.26827960445077326
c14f4e95-e623-4d1f-ae59-738ecb931cf0,SHOP_033,BEN_00012,2026-01-14 16:01:55.322714,Rice,5,15.0,28.731131,77.204781,North Delhi,0,8352.0,16,False,False,True,False,False,1,0.2427726763420478
d502e58d-a627-446d-9902-0c69032d2dfc,SHOP_033,BEN_01602,2026-01-14 17:00:05.322714,Sugar,1,20.0,28.731131,77.204781,North Delhi,0,3490.0,17,False,False,False,True,False,1,0.18354322174623228
22e8fd9f-7765-477b-b47b-071c8d6ef6a1,SHOP_033,BEN_01292,2026-01-15 08:56:36.322714,Sugar,1,20.0,28.731131,77.204781,North Delhi,0,57391.0,8,False,False,False,True,False,1,0.3967972286813253
7814363b-df00-43cc-bd09-2a1d4876fc84,SHOP_033,BEN_02756,2026-01-15 12:05:10.322714,Oil,2,100.0,28.731131,77.204781,North Delhi,0,11314.0,12,False,True,False,False,False,1,0.1365869673569058
f5411eac-e481-4851-b901-925205cdd5fe,SHOP_033,BEN_02148,2026-01-15 13:57:22.322714,Kerosene,3,75.0,28.731131,77.204781,North Delhi,0,6732.0,13,True,False,False,False,False,1,0.16385908420833573
1447af03-22ef-4423-8a09-f588f1a9223e,SHOP_033,BEN_01476,2026-01-15 15:41:53.322714,Kerosene,2,50.0,28.731131,77.204781,North Delhi,0,6271.0,15,True,False,False,False,False,1,0.09125292488502118
761cc57e-f937-4f63-8f9a-93287f45a956,SHOP_034,BEN_01092,2025-12-16 19:43:03.322714,Oil,2,100.0,28.586699,77.035213,Dwarka,0,9999.0,19,False,True,False,False,False,1,0.2673190563387711
0383b614-712a-43be-9f4f-59ac9aa5b59b,SHOP_034,BEN_02673,2025-12-17 13:54:35.322714,Wheat,15,30.0,28.586699,77.035213,Dwarka,0,65492.0,13,False,False,False,False,True,1,0.4538383773399266
5e9a8626-e35e-4311-8097-c44ca90f3317,SHOP_034,BEN_01537,2025-12-17 15:09:21.322714,Oil,1,50.0,28.586699,77.035213,Dwarka,0,4486.0,15,False,True,False,False,False,1,0.08229200474590731
e41b47d1-b9f1-4825-92f4-fa8bc031550b,SHOP_034,BEN_01917,2025-12-17 15:46:34.322714,Sugar,3,60.0,28.586699,77.035213,Dwarka,0,2233.0,15,False,False,False,True,False,1,0.1377483364055237
8661e558-6011-4186-abe5-7f4178318eb6,SHOP_034,BEN_00130,2025-12-18 08:36:29.322714,Oil,1,50.0,28.586699,77.035213,Dwarka,0,60595.0,8,False,True,False,False,False,1,0.4248485260483893
2b14b56e-4d8c-4554-8525-409c97a9c827,SHOP_034,BEN_02486,2025-12-18 09:27:22.322714,Sugar,1,20.0,28.586699,77.035213,Dwarka,0,3053.0,9,False,False,False,True,False,1,0.3606669217669993
04640f42-b13e-4892-a1c4-9d69abeac675,SHOP_034,BEN_01745,2025-12-18 11:39:14.322714,Wheat,11,22.0,28.586699,77.035213,Dwarka,0,7912.0,11,False,False,False,False,True,1,0.17876238704142722
205ce3a7-a839-41f0-92c7-b4a4e709371c,SHOP_034,BEN_00635,2025-12-18 19:29:48.322714,Oil,1,50.0,28.586699,77.035213,Dwarka,0,28234.0,19,False,True,False,False,False,1,0.4574787052589426
38a62d49-eff9-4ac9-a775-729134ab35a9,SHOP_034,BEN_02885,2025-12-19 09:09:51.322714,Oil,1,50.0,28.586699,77.035213,Dwarka,0,49203.0,9,False,True,False,False,False,1,0.3053131374368815
602bfbba-c67e-4635-8030-9099a2f1625d,SHOP_034,BEN_00926,2025-12-19 19:16:02.322714,Rice,20,60.0,28.586699,77.035213,Dwarka,0,36371.0,19,False,False,True,False,False,-1,0.6966444249002901
d6702d03-3bc3-446c-9ec9-aff7b68fa66d,SHOP_034,BEN_01817,2025-12-20 11:11:37.322714,Wheat,20,40.0,28.586699,77.035213,Dwarka,0,57335.0,11,False,False,False,False,True,1,0.5547742962436322
34b3f920-430f-4197-be84-7d9e6b87f9ce,SHOP_034,BEN_00800,2025-12-20 18:57:55.322714,Sugar,1,20.0,28.586699,77.035213,Dwarka,0,27978.0,18,False,False,False,True,False,1,0.4127733789034127
a8c09ab4-c283-4cd9-9d99-8f24959d54e1,SHOP_034,BEN_02706,2025-12-21 09:51:32.322714,Kerosene,3,75.0,28.586699,77.035213,Dwarka,0,53617.0,9,True,False,False,False,False,1,0.40537700015059996
94a8d5ce-3d52-4002-b21d-810956722fcc,SHOP_034,BEN_00101,2025-12-21 10:07:13.322714,Rice,20,60.0,28.586699,77.035213,Dwarka,0,941.0,10,False,False,True,False,False,1,0.48430992339128875
0c0f46ee-39be-4d27-af9d-d33c7770b0fa,SHOP_034,BEN_01807,2025-12-21 10:40:04.322714,Kerosene,2,50.0,28.586699,77.035213,Dwarka,0,1971.0,10,True,False,False,False,False,1,0.2515773532160367
2864a37f-749c-4ac2-af20-3baecd2908b2,SHOP_034,BEN_01200,2025-12-21 13:30:30.322714,Wheat,10,20.0,28.586699,77.035213,Dwarka,0,10226.0,13,False,False,False,False,True,1,0.13567120205262212
e7e05fb5-8d07-4d93-abda-54be63ede9cd,SHOP_034,BEN_01735,2025-12-21 14:27:33.322714,Sugar,3,60.0,28.586699,77.035213,Dwarka,0,3423.0,14,False,False,False,True,False,1,0.11722284216531498
92725bde-0373-4a49-ae17-461954041ee5,SHOP_034,BEN_02667,2025-12-21 15:26:25.322714,Oil,1,50.0,28.586699,77.035213,Dwarka,0,3532.0,15,False,True,False,False,False,1,0.07891880087071801
c76bd3ad-6942-4946-ada5-a6cb249ee995,SHOP_034,BEN_01232,2025-12-21 16:05:45.322714,Wheat,9,18.0,28.586699,77.035213,Dwarka,0,2360.0,16,False,False,False,False,True,1,0.1905883988280072
402aa3e2-22d1-4577-80d5-00fc394f8011,SHOP_034,BEN_02314,2025-12-21 16:39:38.322714,Kerosene,3,75.0,28.586699,77.035213,Dwarka,0,2033.0,16,True,False,False,False,False,1,0.16436399946096447
6ce138d3-17a8-4576-a5d6-ed7c02d9ff19,SHOP_034,BEN_01932,2025-12-21 18:16:34.322714,Oil,2,100.0,28.586699,77.035213,Dwarka,0,5816.0,18,False,True,False,False,False,1,0.138485516835044
242649aa-3c7f-4dee-9fb3-30313cd79105,SHOP_034,BEN_01231,2025-12-21 19:31:16.322714,Rice,7,21.0,28.586699,77.035213,Dwarka,0,4482.0,19,False,False,True,False,False,1,0.340138233410521
4b4967f7-df5a-4871-9fd8-b5408aa080cc,SHOP_034,BEN_00542,2025-12-22 13:37:20.322714,Kerosene,3,75.0,28.586699,77.035213,Dwarka,0,65164.0,13,True,False,False,False,False,1,0.4187136176798356
424f0ec8-44a0-4ff8-bf28-9864cf563463,SHOP_034,BEN_02266,2025-12-22 16:17:33.322714,Rice,14,42.0,28.586699,77.035213,Dwarka,0,9613.0,16,False,False,True,False,False,1,0.17258070485181332
a0cf77a6-dda9-4268-93ba-e3cebb7e3212,SHOP_034,BEN_01918,2025-12-23 10:21:01.322714,Rice,18,54.0,28.586699,77.035213,Dwarka,0,65008.0,10,False,False,True,False,False,1,0.4588378952201848
8641209e-964f-483f-8e63-5009590e1f0c,SHOP_034,BEN_02041,2025-12-23 11:41:57.322714,Sugar,3,60.0,28.586699,77.035213,Dwarka,0,4856.0,11,False,False,False,True,False,1,0.20938646323274618
04e58476-82d0-46d6-aae9-bc71c6b10f79,SHOP_034,BEN_00446,2025-12-23 14:29:09.322714,Sugar,3,60.0,28.586699,77.035213,Dwarka,0,10032.0,14,False,False,False,True,False,1,0.12741187767597212
71d4bf50-f6b4-445c-9e57-2219c8c6c5a2,SHOP_034,BEN_00844,2025-12-23 15:43:25.322714,Oil,2,100.0,28.586699,77.035213,Dwarka,0,4456.0,15,False,True,False,False,False,1,0.009801819472535112
869b7737-1c01-4215-a658-31c3f0245734,SHOP_034,BEN_01091,2025-12-23 16:28:14.322714,Wheat,5,10.0,28.586699,77.035213,Dwarka,0,2689.0,16,False,False,False,False,True,1,0.27688625431093933
6284424c-46c1-4dfb-bfd3-90e24039d1c8,SHOP_034,BEN_01904,2025-12-23 18:02:58.322714,Rice,7,21.0,28.586699,77.035213,Dwarka,0,5684.0,18,False,False,True,False,False,1,0.274101369718513
0c4e0702-0024-4b73-b292-7ba6563cc66b,SHOP_034,BEN_01766,2025-12-23 18:41:01.322714,Kerosene,3,75.0,28.586699,77.035213,Dwarka,0,2283.0,18,True,False,False,False,False,1,0.2189554513191196
4ca07d66-0707-4f71-a167-27432ea4407c,SHOP_034,BEN_00211,2025-12-24 15:13:56.322714,Kerosene,2,50.0,28.586699,77.035213,Dwarka,0,73975.0,15,True,False,False,False,False,1,0.4409339274094747
c7b6037a-19c3-43e9-98d7-b3e8424740f8,SHOP_034,BEN_02658,2025-12-24 15:29:35.322714,Oil,2,100.0,28.586699,77.035213,Dwarka,0,939.0,15,False,True,False,False,False,1,0.07191545953589318
ec3c0b38-ad66-4ff5-a1d9-4cace3301986,SHOP_034,BEN_01350,2025-12-25 16:13:44.322714,Wheat,10,20.0,28.586699,77.035213,Dwarka,0,89049.0,16,False,False,False,False,True,-1,0.6851481299098883
0a0c8915-552e-4123-94e3-d736046c6f2c,SHOP_034,BEN_00638,2025-12-25 18:09:04.322714,Kerosene,1,25.0,28.586699,77.035213,Dwarka,0,6920.0,18,True,False,False,False,False,1,0.2155152491001311
293ac2a7-22be-4956-a3be-69254891caa4,SHOP_034,BEN_02206,2025-12-25 18:46:08.322714,Kerosene,3,75.0,28.586699,77.035213,Dwarka,0,2224.0,18,True,False,False,False,False,1,0.2189554513191196
9e4d95bc-9d86-48b5-af03-f1937b930728,SHOP_034,BEN_01485,2025-12-25 19:55:53.322714,Oil,1,50.0,28.586699,77.035213,Dwarka,0,4185.0,19,False,True,False,False,False,1,0.2778712570150226
22e88ad5-1b0c-46ab-a953-3ac96640443f,SHOP_034,BEN_01314,2025-12-26 08:29:54.322714,Wheat,7,14.0,28.586699,77.035213,Dwarka,0,45241.0,8,False,False,False,False,True,1,0.5623231887017158
f295dc47-f454-4437-9fee-cf1fa3b49ce2,SHOP_034,BEN_00970,2025-12-26 09:12:30.322714,Rice,15,45.0,28.586699,77.035213,Dwarka,0,2556.0,9,False,False,True,False,False,1,0.3479945062598238
a2a7a4bc-91d4-4f1a-9ca5-8e4f8383d5ee,SHOP_034,BEN_00740,2025-12-27 09:24:31.322714,Wheat,17,34.0,28.586699,77.035213,Dwarka,0,87121.0,9,False,False,False,False,True,-1,0.6881561977571309
02bf60c0-60ed-4863-95d0-f7d926a6ee62,SHOP_034,BEN_01957,2025-12-27 10:38:41.322714,Rice,13,39.0,28.586699,77.035213,Dwarka,0,4450.0,10,False,False,True,False,False,1,0.2435933552523446
c8ca443d-b329-476b-99e9-31364f891c0d,SHOP_034,BEN_02115,2025-12-27 15:19:44.322714,Oil,2,100.0,28.586699,77.035213,Dwarka,0,16863.0,15,False,True,False,False,False,1,0.08197777027632391
1edb87be-41a9-4637-9848-a2cc1e5f7a5d,SHOP_034,BEN_01124,2025-12-27 18:09:18.322714,Sugar,2,40.0,28.586699,77.035213,Dwarka,0,10174.0,18,False,False,False,True,False,1,0.18503631583288965
e7ce0e4c-df53-4822-aa81-88946d275aaa,SHOP_034,BEN_01086,2025-12-28 09:40:40.322714,Wheat,15,30.0,28.586699,77.035213,Dwarka,0,55882.0,9,False,False,False,False,True,1,0.4752176827762551
9d98b89b-6dfa-4dc9-8e5d-5d7f2ab02544,SHOP_034,BEN_02221,2025-12-28 10:21:31.322714,Sugar,2,40.0,28.586699,77.035213,Dwarka,0,2451.0,10,False,False,False,True,False,1,0.2377836111957149
44262dc2-7f58-4e64-b119-7e0acd2d37a6,SHOP_034,BEN_00083,2025-12-29 08:53:43.322714,Rice,11,33.0,28.586699,77.035213,Dwarka,0,81132.0,8,False,False,True,False,False,1,0.5607979909158888
0e7ef901-ba85-455b-8905-d3998ced617b,SHOP_034,BEN_01005,2025-12-29 13:52:09.322714,Rice,18,54.0,28.586699,77.035213,Dwarka,0,17906.0,13,False,False,True,False,False,1,0.24883848074638482
1173b06b-8706-40d1-a3df-3112ecd931c0,SHOP_034,BEN_01480,2025-12-29 16:51:01.322714,Rice,5,15.0,28.586699,77.035213,Dwarka,0,10732.0,16,False,False,True,False,False,1,0.24015331897915543
8b9a8c99-8fd2-4524-a18c-3db78cd7ddd0,SHOP_034,BEN_02194,2025-12-29 17:55:57.322714,Oil,2,100.0,28.586699,77.035213,Dwarka,0,3896.0,17,False,True,False,False,False,1,0.09588351456255945
088f00ad-061c-4345-b107-1262fed11f33,SHOP_034,BEN_00800,2025-12-30 08:56:09.322714,Wheat,10,20.0,28.586699,77.035213,Dwarka,0,54012.0,8,False,False,False,False,True,1,0.52728666207861
2fb83e6f-6050-41c8-8262-a1a5c25f017c,SHOP_034,BEN_00495,2025-12-30 15:53:31.322714,Oil,1,50.0,28.586699,77.035213,Dwarka,0,25042.0,15,False,True,False,False,False,1,0.23125128238948278
de61541b-011c-4b61-b6d3-01311d3bd8dc,SHOP_034,BEN_00911,2025-12-31 12:01:39.322714,Sugar,2,40.0,28.586699,77.035213,Dwarka,0,72488.0,12,False,False,False,True,False,1,0.2899919697386988
a17a35e1-1d03-4021-a8ad-af8bf6b28c2c,SHOP_034,BEN_01422,2025-12-31 13:27:04.322714,Wheat,6,12.0,28.586699,77.035213,Dwarka,0,5125.0,13,False,False,False,False,True,1,0.20166286412177076
33a6fc06-c591-4ed8-91ba-b0507953add4,SHOP_034,BEN_01966,2025-12-31 14:51:28.322714,Oil,2,100.0,28.586699,77.035213,Dwarka,0,5064.0,14,False,True,False,False,False,1,0.04420204994105481
a6103744-3f1a-482c-9b59-3f2d4f9bc8b0,SHOP_034,BEN_00088,2026-01-01 10:52:20.322714,Sugar,2,40.0,28.586699,77.035213,Dwarka,0,72052.0,10,False,False,False,True,False,1,0.3252767865855987
b7952fdf-7f97-403e-a207-57d3568643da,SHOP_034,BEN_02864,2026-01-01 13:01:06.322714,Sugar,1,20.0,28.586699,77.035213,Dwarka,0,7726.0,13,False,False,False,True,False,1,0.11766985923632423
98f5fd4e-fcaa-43b6-85cb-505fe55802b3,SHOP_034,BEN_01160,2026-01-01 13:09:16.322714,Kerosene,2,50.0,28.586699,77.035213,Dwarka,0,490.0,13,True,False,False,False,False,1,0.20821025251190028
8d892d16-5a48-4eda-b423-5b87c5fb26e3,SHOP_034,BEN_01969,2026-01-02 12:43:43.322714,Oil,2,100.0,28.586699,77.035213,Dwarka,0,84867.0,12,False,True,False,False,False,1,0.5340412334583313
9ebd309a-52ff-482b-b151-a23e5c06e942,SHOP_034,BEN_01559,2026-01-02 17:00:57.322714,Kerosene,1,25.0,28.586699,77.035213,Dwarka,0,15434.0,17,True,False,False,False,False,1,0.23788889193495527
da6d08dd-db60-4172-86fb-a0fecd8723b7,SHOP_034,BEN_02117,2026-01-03 08:56:38.322714,Wheat,6,12.0,28.586699,77.035213,Dwarka,0,57341.0,8,False,False,False,False,True,1,0.5705975783287807
97e0e64a-f3a7-4a9a-ad1a-c9c34fe3a28e,SHOP_034,BEN_00016,2026-01-03 12:13:49.322714,Wheat,16,32.0,28.586699,77.035213,Dwarka,0,11831.0,12,False,False,False,False,True,1,0.17859639511540715
8388f401-16aa-4a64-8c0a-ea1eabf71156,SHOP_034,BEN_00890,2026-01-03 12:39:16.322714,Oil,2,100.0,28.586699,77.035213,Dwarka,0,1527.0,12,False,True,False,False,False,1,0.14180271212472967
c3c32dda-2851-4c72-a297-0ccee53615b1,SHOP_034,BEN_00040,2026-01-03 13:34:05.322714,Oil,1,50.0,28.586699,77.035213,Dwarka,0,3289.0,13,False,True,False,False,False,1,0.13805598355687887
bddc7d5f-59c4-4648-b0b0-14f634cdd33a,SHOP_034,BEN_01327,2026-01-03 15:14:22.322714,Kerosene,1,25.0,28.586699,77.035213,Dwarka,0,6017.0,15,True,False,False,False,False,1,0.13549168192791128
e2b203e4-d05f-4336-a411-9bf67ecac81f,SHOP_034,BEN_02393,2026-01-03 19:30:20.322714,Oil,2,100.0,28.586699,77.035213,Dwarka,0,15358.0,19,False,True,False,False,False,1,0.288585612081881
658344e0-7f3e-40e8-ae5e-7e75db8b7de3,SHOP_034,BEN_01331,2026-01-04 10:54:48.322714,Rice,7,21.0,28.586699,77.035213,Dwarka,0,55468.0,10,False,False,True,False,False,1,0.33489472828349554
b6970656-0a44-4d7c-9113-dd76598ba27d,SHOP_034,BEN_01146,2026-01-04 15:55:14.322714,Rice,15,45.0,28.586699,77.035213,Dwarka,0,18026.0,15,False,False,True,False,False,1,0.1937068294440874
329d365a-8797-4390-b493-f221f3d2a90b,SHOP_034,BEN_00965,2026-01-04 16:03:13.322714,Oil,2,100.0,28.586699,77.035213,Dwarka,0,479.0,16,False,True,False,False,False,1,0.10424842966338382
68974244-2737-478b-b010-e67c53c1f8f3,SHOP_034,BEN_02172,2026-01-04 18:05:37.322714,Sugar,1,20.0,28.586699,77.035213,Dwarka,0,7344.0,18,False,False,False,True,False,1,0.22729502757007924
0e203b3d-3860-45cf-8334-8f4398cfe2fb,SHOP_034,BEN_02231,2026-01-04 18:59:24.322714,Kerosene,2,50.0,28.586699,77.035213,Dwarka,0,3227.0,18,True,False,False,False,False,1,0.16220069216393734
5ae4ccfc-8bad-4191-b43c-1fa298f8a016,SHOP_034,BEN_01795,2026-01-04 19:04:59.322714,Rice,14,42.0,28.586699,77.035213,Dwarka,0,335.0,19,False,False,True,False,False,1,0.3707853859611083
8d36017c-7727-494d-9c33-61e7f519c554,SHOP_034,BEN_02599,2026-01-05 09:58:50.322714,Rice,14,42.0,28.586699,77.035213,Dwarka,0,53631.0,9,False,False,True,False,False,1,0.37779548649160644
c9ca1050-bd4a-47d6-bd0d-d4a18e44e067,SHOP_034,BEN_01040,2026-01-05 10:42:04.322714,Sugar,3,60.0,28.586699,77.035213,Dwarka,0,2594.0,10,False,False,False,True,False,1,0.2675582070629678
f4fb17f2-0e4a-4333-bbae-db05cb421802,SHOP_034,BEN_00767,2026-01-05 14:37:40.322714,Kerosene,3,75.0,28.586699,77.035213,Dwarka,0,14136.0,14,True,False,False,False,False,1,0.17526455659752088
06da5792-b325-42e0-a67d-9824dbdcf6e6,SHOP_034,BEN_02416,2026-01-05 15:11:40.322714,Wheat,10,20.0,28.586699,77.035213,Dwarka,0,2040.0,15,False,False,False,False,True,1,0.15721723075061267
ff8b6e3b-0912-4135-942e-0696abd800df,SHOP_034,BEN_02264,2026-01-05 15:42:15.322714,Rice,5,15.0,28.586699,77.035213,Dwarka,0,1835.0,15,False,False,True,False,False,1,0.27053826187838786
97d23f87-5b30-44ff-8176-0178d31cd8fb,SHOP_034,BEN_00204,2026-01-05 16:29:08.322714,Sugar,2,40.0,28.586699,77.035213,Dwarka,0,2813.0,16,False,False,False,True,False,1,0.07654935151077946
6d4ce6b8-9dd8-4e0e-9ba6-a1fe814ec822,SHOP_034,BEN_01048,2026-01-06 12:18:53.322714,Rice,14,42.0,28.586699,77.035213,Dwarka,0,71385.0,12,False,False,True,False,False,1,0.46007356097019464
d88ac930-0e41-498a-a33b-05e2443c9426,SHOP_034,BEN_01973,2026-01-06 13:32:35.322714,Kerosene,2,50.0,28.586699,77.035213,Dwarka,0,4422.0,13,True,False,False,False,False,1,0.14723098228829007
b825cebd-b1a2-4202-8148-1a11852ffa77,SHOP_034,BEN_01792,2026-01-06 13:56:21.322714,Sugar,1,20.0,28.586699,77.035213,Dwarka,0,1426.0,13,False,False,False,True,False,1,0.16731248515023506
b743a15f-14f5-42b7-b3a3-f2a14bb063a5,SHOP_034,BEN_01212,2026-01-07 14:11:27.322714,Wheat,11,22.0,28.586699,77.035213,Dwarka,0,87306.0,14,False,False,False,False,True,-1,0.593453892169218
b9273ccb-a539-4d4d-89ed-b4e6f725dff9,SHOP_034,BEN_01403,2026-01-07 14:16:29.322714,Wheat,7,14.0,28.586699,77.035213,Dwarka,0,302.0,14,False,False,False,False,True,1,0.24183956462942413
b240355c-0d37-4052-97e2-7e66a7599f95,SHOP_034,BEN_02785,2026-01-07 16:39:47.322714,Rice,5,15.0,28.586699,77.035213,Dwarka,0,8598.0,16,False,False,True,False,False,1,0.2424352162007406
1b21125a-4322-4b8a-b32a-9203a76845b6,SHOP_034,BEN_02707,2026-01-08 14:47:39.322714,Kerosene,3,75.0,28.586699,77.035213,Dwarka,0,79672.0,14,True,False,False,False,False,1,0.47980562467350707
a9488e0f-bf1c-4a44-88b7-036b3ba58d6c,SHOP_034,BEN_02244,2026-01-08 14:51:08.322714,Wheat,17,34.0,28.586699,77.035213,Dwarka,0,209.0,14,False,False,False,False,True,1,0.27716640860631386
df2ecac0-479c-4025-8ed3-60b3cfea4ccc,SHOP_034,BEN_00720,2026-01-08 15:13:56.322714,Wheat,5,10.0,28.586699,77.035213,Dwarka,0,1368.0,15,False,False,False,False,True,1,0.30893048348040647
e89ccc9a-2af0-4c96-a2ba-7ab64fce4491,SHOP_034,BEN_02110,2026-01-08 15:42:20.322714,Kerosene,1,25.0,28.586699,77.035213,Dwarka,0,1704.0,15,True,False,False,False,False,1,0.1710630040684063
0b95d63e-1386-4ba1-b3ff-c519a3ce947e,SHOP_034,BEN_00384,2026-01-08 16:00:40.322714,Oil,1,50.0,28.586699,77.035213,Dwarka,0,1100.0,16,False,True,False,False,False,1,0.12577991544169753
c2e72dba-9476-4862-abca-9469f277d124,SHOP_034,BEN_02150,2026-01-08 19:29:31.322714,Kerosene,2,50.0,28.586699,77.035213,Dwarka,0,12531.0,19,True,False,False,False,False,1,0.21739628808123435
aab8cb21-00cb-4085-b23d-4c6177d91f77,SHOP_034,BEN_02278,2026-01-09 09:42:55.322714,Kerosene,2,50.0,28.586699,77.035213,Dwarka,0,51204.0,9,True,False,False,False,False,1,0.3558822154630486
de4c2dbf-80ad-4df5-8a83-1c0e69639722,SHOP_034,BEN_02449,2026-01-09 12:46:27.322714,Wheat,14,28.0,28.586699,77.035213,Dwarka,0,11012.0,12,False,False,False,False,True,1,0.16088061983493573
7172a6f9-2ee2-4de6-948a-8c6f5cd82202,SHOP_034,BEN_02218,2026-01-09 13:37:30.322714,Oil,2,100.0,28.586699,77.035213,Dwarka,0,3063.0,13,False,True,False,False,False,1,0.09195243298035422
3ce7dc0b-c392-42cc-8738-d77de6e0ba44,SHOP_034,BEN_02570,2026-01-09 16:01:58.322714,Sugar,2,40.0,28.586699,77.035213,Dwarka,0,8668.0,16,False,False,False,True,False,1,0.06819045275098667
917b2a40-f085-4d8d-8eb1-cc4dee7048b4,SHOP_034,BEN_01691,2026-01-09 17:51:22.322714,Wheat,5,10.0,28.586699,77.035213,Dwarka,0,6564.0,17,False,False,False,False,True,1,0.2674590074308066
9eb06840-9b7f-4d8b-be33-2780442bbefc,SHOP_034,BEN_02293,2026-01-10 09:25:59.322714,Oil,1,50.0,28.586699,77.035213,Dwarka,0,56077.0,9,False,True,False,False,False,1,0.29566916129273024
13f4df1f-aad5-45d5-b4ac-0f957eb3673c,SHOP_034,BEN_00101,2026-01-10 12:55:56.322714,Rice,19,57.0,28.586699,77.035213,Dwarka,0,12597.0,12,False,False,True,False,False,1,0.2898215124907191
6383d6a6-f959-4ed7-9f91-7008208f71dc,SHOP_034,BEN_01006,2026-01-10 14:56:34.322714,Wheat,19,38.0,28.586699,77.035213,Dwarka,0,7238.0,14,False,False,False,False,True,1,0.26073837007718825
d3e373cc-68c8-467b-8da1-bebf704d9bef,SHOP_034,BEN_02579,2026-01-10 16:41:24.322714,Sugar,3,60.0,28.586699,77.035213,Dwarka,0,6290.0,16,False,False,False,True,False,1,0.12169860104490943
294aeedb-99d8-40ba-b658-077a0ec3397c,SHOP_034,BEN_00958,2026-01-10 19:11:38.322714,Kerosene,1,25.0,28.586699,77.035213,Dwarka,0,9014.0,19,True,False,False,False,False,1,0.271794375660275
593c5e81-8226-4711-badb-ed3bd25dabbe,SHOP_034,BEN_01603,2026-01-10 19:56:07.322714,Kerosene,1,25.0,28.586699,77.035213,Dwarka,0,2669.0,19,True,False,False,False,False,1,0.296431471266026
ec37b48b-25a5-4bb8-9371-b570cb2f9a4e,SHOP_034,BEN_02615,2026-01-11 09:58:41.322714,Kerosene,2,50.0,28.586699,77.035213,Dwarka,0,50554.0,9,True,False,False,False,False,1,0.37255639992260703
165415ce-6362-4f4f-9d27-0711cdf84055,SHOP_034,BEN_01629,2026-01-11 10:08:58.322714,Wheat,16,32.0,28.586699,77.035213,Dwarka,0,617.0,10,False,False,False,False,True,1,0.35315904153192995
bbe54128-b5af-48f3-913f-9a08f4500c56,SHOP_034,BEN_02765,2026-01-11 11:11:15.322714,Oil,1,50.0,28.586699,77.035213,Dwarka,0,3737.0,11,False,True,False,False,False,1,0.16789298548123271
e3f96619-6d37-4354-a07c-396aa62ea970,SHOP_034,BEN_00427,2026-01-11 17:57:55.322714,Sugar,3,60.0,28.586699,77.035213,Dwarka,0,24400.0,17,False,False,False,True,False,1,0.2726351982844523
10b10c26-367c-4a3b-97dd-33881bc63ea5,SHOP_034,BEN_02911,2026-01-12 11:01:52.322714,Oil,1,50.0,28.586699,77.035213,Dwarka,0,61437.0,11,False,True,False,False,False,1,0.37276154446242626
718acd44-d875-4346-827d-543825f488b4,SHOP_034,BEN_01221,2026-01-12 12:23:00.322714,Kerosene,1,25.0,28.586699,77.035213,Dwarka,0,4868.0,12,True,False,False,False,False,1,0.17544819818835466
0bc03848-a3ef-481b-8f46-c55e165ee759,SHOP_034,BEN_02657,2026-01-12 14:10:05.322714,Sugar,3,60.0,28.586699,77.035213,Dwarka,0,6425.0,14,False,False,False,True,False,1,0.11156000576208058
b5e17d7b-7c4f-445b-8bc2-d994fd98ab17,SHOP_034,BEN_01836,2026-01-12 18:46:26.322714,Wheat,10,20.0,28.586699,77.035213,Dwarka,0,16581.0,18,False,False,False,False,True,1,0.2767779173712159
57b5c5c5-8d9b-4d55-ac09-ce3525016642,SHOP_034,BEN_00476,2026-01-13 08:59:28.322714,Rice,20,60.0,28.586699,77.035213,Dwarka,0,51182.0,8,False,False,True,False,False,-1,0.6268599604194529
b96fa2ac-9cbb-4536-9374-7d5297d2cc98,SHOP_034,BEN_02955,2026-01-13 14:44:19.322714,Wheat,5,10.0,28.586699,77.035213,Dwarka,0,20691.0,14,False,False,False,False,True,1,0.3519217593202023
9939e8d8-cd03-4162-a80f-4657acaffc91,SHOP_034,BEN_01534,2026-01-13 16:48:01.322714,Kerosene,2,50.0,28.586699,77.035213,Dwarka,0,7422.0,16,True,False,False,False,False,1,0.10279352808493564
6b7da206-f8d9-42d5-b012-ec731d09e418,SHOP_034,BEN_01858,2026-01-13 19:09:41.322714,Kerosene,3,75.0,28.586699,77.035213,Dwarka,0,8500.0,19,True,False,False,False,False,1,0.2825361132365279
b071263e-1c8d-4865-a364-3d4891a494b8,SHOP_034,BEN_01079,2026-01-14 12:56:13.322714,Oil,1,50.0,28.586699,77.035213,Dwarka,0,63992.0,12,False,True,False,False,False,1,0.381950705909599
461ac3cb-bf37-4e4b-9027-e9d64d20f21a,SHOP_034,BEN_01019,2026-01-14 15:29:33.322714,Oil,1,50.0,28.586699,77.035213,Dwarka,0,9200.0,15,False,True,False,False,False,1,0.08358302124171763
9a12768a-e949-4e6b-98c8-116231d8c5af,SHOP_034,BEN_00051,2026-01-14 17:54:14.322714,Oil,1,50.0,28.586699,77.035213,Dwarka,0,8681.0,17,False,True,False,False,False,1,0.15841098899278988
3cbaed96-28e5-4cb1-8f7c-b51ebecc2c2f,SHOP_034,BEN_01101,2026-01-14 18:25:10.322714,Wheat,6,12.0,28.586699,77.035213,Dwarka,0,1856.0,18,False,False,False,False,True,1,0.31220037751785074
fe36a65d-115a-442a-a66d-4bba4618c1bf,SHOP_034,BEN_01505,2026-01-14 19:52:30.322714,Oil,2,100.0,28.586699,77.035213,Dwarka,0,5240.0,19,False,True,False,False,False,1,0.24697673863242903
540975dc-a33b-44ac-b87f-46d43a5e8fab,SHOP_034,BEN_02645,2026-01-15 10:49:21.322714,Rice,20,60.0,28.586699,77.035213,Dwarka,0,53811.0,10,False,False,True,False,False,1,0.5069417145171103
6e90b7c2-d475-4c19-a50e-acc44f3a2061,SHOP_035,BEN_01427,2025-12-17 10:11:32.322714,Rice,12,36.0,28.715607,77.125559,Rohini,0,9999.0,10,False,False,True,False,False,1,0.243913329528123
a0715a58-d3b3-4582-95e6-531c376f030b,SHOP_035,BEN_01138,2025-12-18 09:41:50.322714,Oil,2,100.0,28.715607,77.125559,Rohini,0,84618.0,9,False,True,False,False,False,1,0.5210607671582466
42c9c79d-94b2-418f-91fe-3094965d377c,SHOP_035,BEN_00905,2025-12-18 11:43:06.322714,Rice,14,42.0,28.715607,77.125559,Rohini,0,7276.0,11,False,False,True,False,False,1,0.24191022487956315
353fef76-8fea-4d98-bbb4-8140cf677e96,SHOP_035,BEN_00823,2025-12-18 15:20:26.322714,Sugar,1,20.0,28.715607,77.125559,Rohini,0,13040.0,15,False,False,False,True,False,1,0.16342613166304354
293e903e-0fe7-4015-a5dd-dc2ecb839308,SHOP_035,BEN_01206,2025-12-18 18:44:21.322714,Wheat,5,10.0,28.715607,77.125559,Rohini,0,12235.0,18,False,False,False,False,True,1,0.3458903192981321
7a74ddf5-0054-44ab-83ec-e5c6a9964a3f,SHOP_035,BEN_00549,2025-12-19 13:06:29.322714,Oil,1,50.0,28.715607,77.125559,Rohini,0,66128.0,13,False,True,False,False,False,1,0.4417776027035525
541cc7a7-3a21-42e3-8f58-1eeb149fcf08,SHOP_035,BEN_02388,2025-12-20 09:21:25.322714,Sugar,3,60.0,28.715607,77.125559,Rohini,0,72896.0,9,False,False,False,True,False,1,0.42478695899795704
9ad3f68f-811e-4388-9756-c8bad1f20d8a,SHOP_035,BEN_02746,2025-12-20 10:55:40.322714,Wheat,18,36.0,28.715607,77.125559,Rohini,0,5655.0,10,False,False,False,False,True,1,0.34674408341004814
67c900f8-0af6-474e-b9b8-e681c3b3c86e,SHOP_035,BEN_00846,2025-12-20 16:33:42.322714,Wheat,11,22.0,28.715607,77.125559,Rohini,0,20282.0,16,False,False,False,False,True,1,0.2453638364700464
3f690fd8-8ad3-4ab7-8643-92e63cbeecd3,SHOP_035,BEN_02199,2025-12-20 17:55:35.322714,Rice,7,21.0,28.715607,77.125559,Rohini,0,4913.0,17,False,False,True,False,False,1,0.2525590960480863
72924d13-0509-45d5-a209-abce06f87a58,SHOP_035,BEN_02694,2025-12-20 18:07:59.322714,Rice,20,60.0,28.715607,77.125559,Rohini,0,744.0,18,False,False,True,False,False,1,0.5053857479664245
6ac69751-c5a3-4592-8152-3cf3e5bc7b82,SHOP_035,BEN_00392,2025-12-21 08:46:04.322714,Oil,2,100.0,28.715607,77.125559,Rohini,0,52685.0,8,False,True,False,False,False,1,0.3482059621347161
a91b3998-596a-4af5-819d-50497d81a3f9,SHOP_035,BEN_02450,2025-12-21 12:02:23.322714,Sugar,1,20.0,28.715607,77.125559,Rohini,0,11779.0,12,False,False,False,True,False,1,0.16945785723061624
eca0a93b-fc0d-4012-a959-d214d59f071c,SHOP_035,BEN_02461,2025-12-21 14:04:07.322714,Sugar,2,40.0,28.715607,77.125559,Rohini,0,7304.0,14,False,False,False,True,False,1,0.05939438844273326
828a7a03-d628-45fe-89c0-19548cae2d2a,SHOP_035,BEN_01601,2025-12-21 14:28:06.322714,Oil,2,100.0,28.715607,77.125559,Rohini,0,1439.0,14,False,True,False,False,False,1,0.1023080181338446
b06ca9b1-f6cd-49eb-a038-3b20c484541e,SHOP_035,BEN_01412,2025-12-21 17:40:11.322714,Kerosene,1,25.0,28.715607,77.125559,Rohini,0,11525.0,17,True,False,False,False,False,1,0.2168942524499966
385e6e5c-df91-4799-a4c5-fb450ad07496,SHOP_035,BEN_02782,2025-12-21 18:38:24.322714,Oil,2,100.0,28.715607,77.125559,Rohini,0,3493.0,18,False,True,False,False,False,1,0.16570865705541288
763d4ee3-ae16-4dbd-89a6-892cd9140d70,SHOP_035,BEN_02949,2025-12-21 19:47:40.322714,Sugar,1,20.0,28.715607,77.125559,Rohini,0,4156.0,19,False,False,False,True,False,1,0.300693972747691
559760d3-69e1-4d00-920a-2e1af55ac0cf,SHOP_035,BEN_02103,2025-12-22 11:16:17.322714,Oil,2,100.0,28.715607,77.125559,Rohini,0,55717.0,11,False,True,False,False,False,1,0.30389332513835293
e2f27023-fc99-4006-a0a0-7f946787dcec,SHOP_035,BEN_02624,2025-12-22 15:09:07.322714,Sugar,3,60.0,28.715607,77.125559,Rohini,0,13970.0,15,False,False,False,True,False,1,0.14603076077548172
7a5450f9-2d18-492d-8b63-f490b80835d0,SHOP_035,BEN_01693,2025-12-22 18:00:43.322714,Wheat,7,14.0,28.715607,77.125559,Rohini,0,10296.0,18,False,False,False,False,True,1,0.2761119945246889
763e9f43-1c35-41dc-9574-6f7f11b71adc,SHOP_035,BEN_01604,2025-12-23 08:24:55.322714,Kerosene,3,75.0,28.715607,77.125559,Rohini,0,51852.0,8,True,False,False,False,False,1,0.4301350267867956
a842671f-8607-4610-9dc4-54edbcd08319,SHOP_035,BEN_02381,2025-12-23 10:50:57.322714,Kerosene,2,50.0,28.715607,77.125559,Rohini,0,8762.0,10,True,False,False,False,False,1,0.24439360312451702
4d408cae-2acf-467f-adcb-959bab505462,SHOP_035,BEN_02222,2025-12-23 13:19:51.322714,Oil,1,50.0,28.715607,77.125559,Rohini,0,8934.0,13,False,True,False,False,False,1,0.13987117784612263
3592950b-bde9-4bf6-ba17-e643c4339a48,SHOP_035,BEN_00425,2025-12-23 18:04:31.322714,Wheat,16,32.0,28.715607,77.125559,Rohini,0,17080.0,18,False,False,False,False,True,1,0.28757967957192093
f2f45170-34da-4624-9979-a79bc441bc0f,SHOP_035,BEN_00361,2025-12-24 08:06:45.322714,Rice,9,27.0,28.715607,77.125559,Rohini,0,50534.0,8,False,False,True,False,False,1,0.41309931744298606
bdce60f9-6145-45a2-96a7-75bcd0de3b85,SHOP_035,BEN_01308,2025-12-24 08:17:06.322714,Rice,11,33.0,28.715607,77.125559,Rohini,0,621.0,8,False,False,True,False,False,1,0.4143280366210148
bead4438-e1b5-43a4-b437-3b1e56cfb7d0,SHOP_035,BEN_02628,2025-12-24 10:04:10.322714,Oil,2,100.0,28.715607,77.125559,Rohini,0,6424.0,10,False,True,False,False,False,1,0.1868418741431333
73766a1e-708f-4154-8d69-53e5adb9acd4,SHOP_035,BEN_00611,2025-12-24 12:19:04.322714,Kerosene,1,25.0,28.715607,77.125559,Rohini,0,8094.0,12,True,False,False,False,False,1,0.18193412740154996
f60d234b-e505-4407-9975-bdeeabbb6b5b,SHOP_035,BEN_02069,2025-12-24 17:50:01.322714,Wheat,10,20.0,28.715607,77.125559,Rohini,0,19857.0,17,False,False,False,False,True,1,0.3015800198149454
4b6c0b45-2d87-45e4-b4b5-524133381b67,SHOP_035,BEN_00474,2025-12-25 09:18:02.322714,Rice,14,42.0,28.715607,77.125559,Rohini,0,55681.0,9,False,False,True,False,False,1,0.38467930442378456
44de416b-0f81-462c-a64e-9ebb7fe18db6,SHOP_035,BEN_02301,2025-12-25 10:35:02.322714,Oil,2,100.0,28.715607,77.125559,Rohini,0,4620.0,10,False,True,False,False,False,1,0.17294829938290224
8ff241c9-c624-45a2-a27e-b54f5ecc5197,SHOP_035,BEN_01955,2025-12-25 13:37:48.322714,Kerosene,3,75.0,28.715607,77.125559,Rohini,0,10966.0,13,True,False,False,False,False,1,0.19362131253705778
053765e3-5fcf-4f67-875b-6099f3ed8282,SHOP_035,BEN_02560,2025-12-25 18:11:33.322714,Kerosene,1,25.0,28.715607,77.125559,Rohini,0,16425.0,18,True,False,False,False,False,1,0.25100840289806065
29be44e6-0fb1-4016-b15b-f4c271cba086,SHOP_035,BEN_01793,2025-12-26 08:59:08.322714,Wheat,18,36.0,28.715607,77.125559,Rohini,0,53255.0,8,False,False,False,False,True,-1,0.6011506061553538
a112bd21-3951-470b-bb06-762817cca164,SHOP_035,BEN_02609,2025-12-26 13:56:05.322714,Sugar,2,40.0,28.715607,77.125559,Rohini,0,17817.0,13,False,False,False,True,False,1,0.15645041867784176
5b6d9b1a-56cf-4220-b31b-21cfcccd704a,SHOP_035,BEN_00977,2025-12-27 10:32:57.322714,Kerosene,2,50.0,28.715607,77.125559,Rohini,0,74212.0,10,True,False,False,False,False,1,0.4329001851668164
df526ec0-15c8-4c51-8108-e3f8f1518480,SHOP_035,BEN_00639,2025-12-27 11:46:29.322714,Oil,1,50.0,28.715607,77.125559,Rohini,0,4412.0,11,False,True,False,False,False,1,0.17396927208218183
6b4b027b-636b-420c-a517-ceb6de93b711,SHOP_035,BEN_02126,2025-12-28 11:41:58.322714,Sugar,1,20.0,28.715607,77.125559,Rohini,0,86129.0,11,False,False,False,True,False,1,0.45596244977880285
d3a866e8-e6db-48d3-9ef9-315c48576392,SHOP_035,BEN_01008,2025-12-28 12:20:53.322714,Kerosene,2,50.0,28.715607,77.125559,Rohini,0,2335.0,12,True,False,False,False,False,1,0.18075030688293564
5eea68ff-e7a8-4659-acd7-d106f05f1226,SHOP_035,BEN_02171,2025-12-28 18:26:27.322714,Rice,16,48.0,28.715607,77.125559,Rohini,0,21934.0,18,False,False,True,False,False,1,0.33405692775522133
16f7d3e6-13d2-4b34-96d7-e1593ea0d522,SHOP_035,BEN_00903,2025-12-28 18:26:36.322714,Wheat,13,26.0,28.715607,77.125559,Rohini,0,9.0,18,False,False,False,False,True,1,0.300821106072369
9dbb34f4-81c7-4b92-94ec-27ccc096d8a2,SHOP_035,BEN_01063,2025-12-28 18:42:22.322714,Kerosene,1,25.0,28.715607,77.125559,Rohini,0,946.0,18,True,False,False,False,False,1,0.29751074435641306
6dbeddab-93d0-4af7-a672-84bb5db164f0,SHOP_035,BEN_01694,2025-12-28 19:53:26.322714,Wheat,11,22.0,28.715607,77.125559,Rohini,0,4264.0,19,False,False,False,False,True,1,0.2997899419628702
daa0e20b-386c-4eff-a25f-9e20e6ddb572,SHOP_035,BEN_00414,2025-12-28 19:56:21.322714,Kerosene,1,25.0,28.715607,77.125559,Rohini,0,175.0,19,True,False,False,False,False,1,0.388219113795479
a0ec776f-aae4-4d7d-95b7-309dfbc4c790,SHOP_035,BEN_01698,2025-12-29 14:51:41.322714,Wheat,12,24.0,28.715607,77.125559,Rohini,0,68120.0,14,False,False,False,False,True,1,0.46783876564546567
c7bd7c67-5943-4891-897d-0f979bad898e,SHOP_035,BEN_01359,2025-12-29 19:41:16.322714,Oil,2,100.0,28.715607,77.125559,Rohini,0,17375.0,19,False,True,False,False,False,1,0.3080127813382099
8a48122e-8f80-4f92-b0b1-10a8f937ab53,SHOP_035,BEN_02167,2025-12-30 09:27:08.322714,Rice,12,36.0,28.715607,77.125559,Rohini,0,49552.0,9,False,False,True,False,False,1,0.35741417890137783
6ca6fa8c-cfa8-4ee3-b683-d61787bf02d8,SHOP_035,BEN_02309,2025-12-30 14:27:10.322714,Rice,13,39.0,28.715607,77.125559,Rohini,0,18002.0,14,False,False,True,False,False,1,0.21420378043949
cb83cd97-0bf0-4785-a2f1-fe5c789c073d,SHOP_035,BEN_01272,2025-12-31 09:55:07.322714,Sugar,2,40.0,28.715607,77.125559,Rohini,0,70077.0,9,False,False,False,True,False,1,0.34578239691275114
e7420d44-0585-4e21-a9cf-9457643c0651,SHOP_035,BEN_00871,2025-12-31 10:58:14.322714,Oil,1,50.0,28.715607,77.125559,Rohini,0,3787.0,10,False,True,False,False,False,1,0.18107674526001738
89adc622-2f12-4e01-94c7-056f0c98d9f8,SHOP_035,BEN_01103,2025-12-31 11:07:17.322714,Kerosene,3,75.0,28.715607,77.125559,Rohini,0,543.0,11,True,False,False,False,False,1,0.2894710430187018
3ab90edb-cff9-4251-ba7a-ccd0a3cafc75,SHOP_035,BEN_02220,2025-12-31 11:13:15.322714,Rice,8,24.0,28.715607,77.125559,Rohini,0,358.0,11,False,False,True,False,False,1,0.24811737506201587
647bd846-58eb-432a-a271-bede1c707896,SHOP_035,BEN_00007,2025-12-31 13:28:05.322714,Rice,14,42.0,28.715607,77.125559,Rohini,0,8090.0,13,False,False,True,False,False,1,0.16330260791827256
b588d9e6-76cd-4296-9a7f-c686097272ae,SHOP_035,BEN_02632,2025-12-31 19:37:38.322714,Sugar,1,20.0,28.715607,77.125559,Rohini,0,22173.0,19,False,False,False,True,False,1,0.42320108537201284
fe576d5e-5b98-473d-871c-52c84d3b0bb7,SHOP_035,BEN_01996,2026-01-01 12:47:17.322714,Wheat,5,10.0,28.715607,77.125559,Rohini,0,61779.0,12,False,False,False,False,True,1,0.5430871250535221
3933ba62-3fce-46f2-8213-e029178b2e6a,SHOP_035,BEN_01560,2026-01-02 12:05:37.322714,Sugar,2,40.0,28.715607,77.125559,Rohini,0,83900.0,12,False,False,False,True,False,1,0.35896622864843647
da5f491f-1b36-4a64-99e8-0a1bb39b78d3,SHOP_035,BEN_02870,2026-01-02 14:18:38.322714,Oil,2,100.0,28.715607,77.125559,Rohini,0,7981.0,14,False,True,False,False,False,1,0.04216151896482179
6222c59a-705f-4a59-b013-e9cc1224f316,SHOP_035,BEN_00463,2026-01-02 14:24:41.322714,Oil,1,50.0,28.715607,77.125559,Rohini,0,363.0,14,False,True,False,False,False,1,0.15000813020796966
d18faff3-bac6-4115-ab16-4d3845c20cb8,SHOP_035,BEN_02722,2026-01-02 16:26:55.322714,Sugar,1,20.0,28.715607,77.125559,Rohini,0,7334.0,16,False,False,False,True,False,1,0.14300416750431189
70e28b5d-7c58-4b7a-bcc7-969f46359db8,SHOP_035,BEN_02892,2026-01-02 18:43:27.322714,Sugar,2,40.0,28.715607,77.125559,Rohini,0,8192.0,18,False,False,False,True,False,1,0.17636487571120069
074a8747-ef17-416d-8825-fca6d2c55ed5,SHOP_035,BEN_02157,2026-01-03 13:13:55.322714,Sugar,1,20.0,28.715607,77.125559,Rohini,0,66628.0,13,False,False,False,True,False,1,0.36172396123114436
c1597365-b280-4833-b2ed-2f0e317e49a1,SHOP_035,BEN_01595,2026-01-04 10:07:46.322714,Kerosene,3,75.0,28.715607,77.125559,Rohini,0,75231.0,10,True,False,False,False,False,1,0.47922657517467215
eb137457-2d92-490e-a3b3-d99b97d0f136,SHOP_035,BEN_02186,2026-01-04 14:02:58.322714,Sugar,1,20.0,28.715607,77.125559,Rohini,0,14112.0,14,False,False,False,True,False,1,0.14017201317210365
b928a09d-f8fc-4366-8a14-1a5f4efe7a0a,SHOP_035,BEN_01236,2026-01-04 17:18:27.322714,Wheat,18,36.0,28.715607,77.125559,Rohini,0,11729.0,17,False,False,False,False,True,1,0.29067168651584185
29cd2498-bea4-47be-8258-c5cefeeccde5,SHOP_035,BEN_00346,2026-01-04 18:10:50.322714,Kerosene,3,75.0,28.715607,77.125559,Rohini,0,3143.0,18,True,False,False,False,False,1,0.2106895086060825
b33691d2-c2ca-4914-8e99-a84ee6882513,SHOP_035,BEN_00537,2026-01-04 18:11:42.322714,Rice,16,48.0,28.715607,77.125559,Rohini,0,52.0,18,False,False,True,False,False,1,0.31610047604257574
1eea9b56-2206-49ad-869a-e8803ebe78a3,SHOP_035,BEN_01953,2026-01-04 19:46:35.322714,Wheat,12,24.0,28.715607,77.125559,Rohini,0,5693.0,19,False,False,False,False,True,1,0.3189074629411554
bb5f3941-033b-4fdc-a283-4c97caef53e1,SHOP_035,BEN_00490,2026-01-05 09:27:29.322714,Sugar,2,40.0,28.715607,77.125559,Rohini,0,49254.0,9,False,False,False,True,False,1,0.3031077560981635
219c159d-43b1-485a-ac55-97908454f5c7,SHOP_035,BEN_01701,2026-01-05 11:14:28.322714,Wheat,15,30.0,28.715607,77.125559,Rohini,0,6419.0,11,False,False,False,False,True,1,0.18699072920541832
08e474be-4b27-4bf6-87a0-d82760c4503f,SHOP_035,BEN_02221,2026-01-05 19:34:15.322714,Sugar,3,60.0,28.715607,77.125559,Rohini,0,29987.0,19,False,False,False,True,False,1,0.5045286110228627
815a0854-c514-409d-a5be-b767b4b9d56f,SHOP_035,BEN_01726,2026-01-06 08:28:07.322714,Wheat,14,28.0,28.715607,77.125559,Rohini,0,46432.0,8,False,False,False,False,True,1,0.5258206098715326
23fac59a-6eb3-4524-a364-3095915c0c53,SHOP_035,BEN_02007,2026-01-06 13:02:19.322714,Oil,2,100.0,28.715607,77.125559,Rohini,0,16452.0,13,False,True,False,False,False,1,0.15264114316818594
bf710585-ec70-4b2b-9c70-2dcaea0008a6,SHOP_035,BEN_00744,2026-01-07 19:47:50.322714,Wheat,18,36.0,28.715607,77.125559,Rohini,0,110731.0,19,False,False,False,False,True,-1,0.9284958309220929
81307f7c-1382-4f78-8e33-8c49ff01a957,SHOP_035,BEN_01298,2026-01-08 08:06:20.322714,Oil,2,100.0,28.715607,77.125559,Rohini,0,44310.0,8,False,True,False,False,False,1,0.3777361861345023
a8968a30-fef6-413f-930a-1f78b9eef47f,SHOP_035,BEN_01317,2026-01-08 16:13:56.322714,Oil,1,50.0,28.715607,77.125559,Rohini,0,29256.0,16,False,True,False,False,False,1,0.31352379679759285
6c06ced3-8206-4596-ac34-91c331e195e1,SHOP_035,BEN_00973,2026-01-08 19:37:31.322714,Oil,2,100.0,28.715607,77.125559,Rohini,0,12215.0,19,False,True,False,False,False,1,0.2744132885945237
aeba7d84-2503-4b19-bfc0-b45faab66221,SHOP_035,BEN_01031,2026-01-09 16:45:13.322714,Oil,2,100.0,28.715607,77.125559,Rohini,0,76062.0,16,False,True,False,False,False,1,0.49437494476367577
613416eb-6a48-4df9-ad26-ee6170327376,SHOP_035,BEN_02672,2026-01-10 18:09:33.322714,Sugar,2,40.0,28.715607,77.125559,Rohini,0,91460.0,18,False,False,False,True,False,1,0.5705391408137619
4f1ef04b-dde1-45a0-b88a-7cd36fad18e5,SHOP_035,BEN_02252,2026-01-11 11:27:46.322714,Wheat,10,20.0,28.715607,77.125559,Rohini,0,62293.0,11,False,False,False,False,True,1,0.4346971041195067
93b6d6d3-bc0b-47b8-9e71-469d621e0fbe,SHOP_035,BEN_00631,2026-01-11 12:26:03.322714,Sugar,1,20.0,28.715607,77.125559,Rohini,0,3497.0,12,False,False,False,True,False,1,0.1446963804765738
4f0ffe8e-6d90-46d6-a9db-3d56a816c795,SHOP_035,BEN_02990,2026-01-11 15:32:59.322714,Wheat,16,32.0,28.715607,77.125559,Rohini,0,11216.0,15,False,False,False,False,True,1,0.1442773210934047
e70018e5-7dc8-4b95-944f-3700c2fdbc76,SHOP_035,BEN_01364,2026-01-11 17:55:22.322714,Rice,13,39.0,28.715607,77.125559,Rohini,0,8543.0,17,False,False,True,False,False,1,0.20435362013186664
3ffec298-bbe0-45a4-9cf6-a7029ab52fc1,SHOP_035,BEN_02050,2026-01-12 11:51:32.322714,Kerosene,2,50.0,28.715607,77.125559,Rohini,0,64570.0,11,True,False,False,False,False,1,0.3749569294338664
a0c51210-5daa-499b-a0e5-908f716cebf6,SHOP_035,BEN_02931,2026-01-12 15:52:31.322714,Sugar,2,40.0,28.715607,77.125559,Rohini,0,14459.0,15,False,False,False,True,False,1,0.09149552512123132
dafa8bd0-88ea-4724-893f-c7d797a8ed90,SHOP_035,BEN_00653,2026-01-12 18:04:37.322714,Oil,2,100.0,28.715607,77.125559,Rohini,0,7926.0,18,False,True,False,False,False,1,0.16214458166597234
194d78c0-61c6-4575-8ff8-fc0c721fa054,SHOP_035,BEN_00393,2026-01-13 17:43:01.322714,Rice,12,36.0,28.715607,77.125559,Rohini,0,85104.0,17,False,False,True,False,False,-1,0.6088492353778107
04de9176-a8de-4f7b-b06b-cdf97136414c,SHOP_035,BEN_02398,2026-01-13 19:49:20.322714,Oil,1,50.0,28.715607,77.125559,Rohini,0,7579.0,19,False,True,False,False,False,1,0.281296340666866
a48a1b63-279e-4d2d-86d3-a48ccd7037ca,SHOP_035,BEN_02665,2026-01-14 11:56:50.322714,Wheat,10,20.0,28.715607,77.125559,Rohini,0,58050.0,11,False,False,False,False,True,1,0.42355768109055547
be2c75c3-4bf6-486e-9935-a2148f74c906,SHOP_035,BEN_01494,2026-01-14 12:18:14.322714,Sugar,1,20.0,28.715607,77.125559,Rohini,0,1284.0,12,False,False,False,True,False,1,0.1831920358449597
b1c289e0-dcba-4092-8f52-2342f865a151,SHOP_035,BEN_00681,2026-01-14 14:53:42.322714,Sugar,3,60.0,28.715607,77.125559,Rohini,0,9328.0,14,False,False,False,True,False,1,0.11782321669160356
4078ddaa-fc2f-42ca-99ac-cf9c1a66d596,SHOP_035,BEN_00991,2026-01-15 12:58:45.322714,Kerosene,2,50.0,28.715607,77.125559,Rohini,0,79503.0,12,True,False,False,False,False,1,0.45139120796190924
d2a583b6-3a57-4e02-8a14-fba73a68c6da,SHOP_036,BEN_01554,2025-12-17 11:30:59.322714,Wheat,6,12.0,28.73997,77.11894,Rohini,0,9999.0,11,False,False,False,False,True,1,0.25529408479227544
4d1141ad-bd9e-4f75-8164-ce5c8d86a161,SHOP_036,BEN_01779,2025-12-17 16:48:00.322714,Sugar,2,40.0,28.73997,77.11894,Rohini,0,19021.0,16,False,False,False,True,False,1,0.16141583963481937
b7e33ac6-a2fc-403b-b559-a279ea87e6e7,SHOP_036,BEN_00410,2025-12-17 17:29:00.322714,Sugar,1,20.0,28.73997,77.11894,Rohini,0,2460.0,17,False,False,False,True,False,1,0.21115193217282452
68306a34-b22d-41eb-abee-21e90c53c50d,SHOP_036,BEN_01021,2025-12-17 18:36:39.322714,Rice,14,42.0,28.73997,77.11894,Rohini,0,4059.0,18,False,False,True,False,False,1,0.24916881355524179
01a8a5f3-a7c5-4a57-b259-cd1352d0ff01,SHOP_036,BEN_00853,2025-12-18 16:21:37.322714,Wheat,18,36.0,28.73997,77.11894,Rohini,0,78298.0,16,False,False,False,False,True,-1,0.640201604522963
c9c79f69-5deb-4adb-b951-f3d2aa8c8097,SHOP_036,BEN_02239,2025-12-18 19:40:43.322714,Sugar,1,20.0,28.73997,77.11894,Rohini,0,11946.0,19,False,False,False,True,False,1,0.3334648867576204
28ec4b4b-8dea-4f55-bda3-0c3bac128e23,SHOP_036,BEN_00891,2025-12-19 10:15:02.322714,Oil,2,100.0,28.73997,77.11894,Rohini,0,52459.0,10,False,True,False,False,False,1,0.270898219821532
a0f8df35-23d1-46cd-a270-66152ebf7f68,SHOP_036,BEN_02795,2025-12-20 10:07:03.322714,Sugar,2,40.0,28.73997,77.11894,Rohini,0,85921.0,10,False,False,False,True,False,1,0.3952064350994915
10af60b2-3fd2-45d8-8696-03682999d46f,SHOP_036,BEN_00146,2025-12-20 12:19:55.322714,Kerosene,1,25.0,28.73997,77.11894,Rohini,0,7972.0,12,True,False,False,False,False,1,0.18805124315203758
28877c3a-0a58-4b67-926f-a47762060355,SHOP_036,BEN_01718,2025-12-20 15:22:27.322714,Sugar,1,20.0,28.73997,77.11894,Rohini,0,10952.0,15,False,False,False,True,False,1,0.15336461550421215
712a5466-aae8-4af2-aa4c-ab4f95fdef42,SHOP_036,BEN_00132,2025-12-20 16:16:54.322714,Kerosene,3,75.0,28.73997,77.11894,Rohini,0,3267.0,16,True,False,False,False,False,1,0.14935393835150929
eb1571c6-cfe8-47f0-a940-7de890dd11b1,SHOP_036,BEN_00959,2025-12-20 18:01:49.322714,Sugar,3,60.0,28.73997,77.11894,Rohini,0,6295.0,18,False,False,False,True,False,1,0.24514227823363738
528efb27-85ce-490f-bbf6-2f8c331fd5ca,SHOP_036,BEN_01390,2025-12-20 18:54:53.322714,Kerosene,2,50.0,28.73997,77.11894,Rohini,0,3184.0,18,True,False,False,False,False,1,0.16220069216393734
5a2b784e-a282-449e-bcf3-32065bcc6746,SHOP_036,BEN_00073,2025-12-21 08:19:18.322714,Oil,1,50.0,28.73997,77.11894,Rohini,0,48265.0,8,False,True,False,False,False,1,0.40391775093058413
9a735988-bc4e-435c-a9b3-8698521b768e,SHOP_036,BEN_01144,2025-12-21 08:48:51.322714,Rice,5,15.0,28.73997,77.11894,Rohini,0,1773.0,8,False,False,True,False,False,1,0.4578713727705679
15eb381f-1daa-439e-8324-a95387e8ddff,SHOP_036,BEN_01168,2025-12-21 16:13:45.322714,Oil,1,50.0,28.73997,77.11894,Rohini,0,26694.0,16,False,True,False,False,False,1,0.24961792745438177
0e98d3dd-4abb-468f-9506-f6ca90c80598,SHOP_036,BEN_02078,2025-12-21 18:29:51.322714,Wheat,16,32.0,28.73997,77.11894,Rohini,0,8166.0,18,False,False,False,False,True,1,0.24586930327321477
12684f7e-5a27-4434-9cd0-a51f55fdaf0c,SHOP_036,BEN_02239,2025-12-21 19:18:46.322714,Oil,1,50.0,28.73997,77.11894,Rohini,0,2935.0,19,False,True,False,False,False,1,0.27368054187488317
8014a83f-7450-4804-a571-b36a0d066cf7,SHOP_036,BEN_02432,2025-12-22 14:06:45.322714,Oil,2,100.0,28.73997,77.11894,Rohini,0,67679.0,14,False,True,False,False,False,1,0.4079210442090043
51a2f14d-6ab0-4549-80a7-08607f805687,SHOP_036,BEN_02422,2025-12-22 16:36:35.322714,Oil,2,100.0,28.73997,77.11894,Rohini,0,8990.0,16,False,True,False,False,False,1,0.03213628206611696
fb760f6b-3896-496f-93d0-76430412aed7,SHOP_036,BEN_00390,2025-12-23 09:16:21.322714,Oil,2,100.0,28.73997,77.11894,Rohini,0,59986.0,9,False,True,False,False,False,1,0.2986296892310573
236c73f4-615d-4908-be80-146a44ebf534,SHOP_036,BEN_00523,2025-12-23 09:18:43.322714,Oil,1,50.0,28.73997,77.11894,Rohini,0,142.0,9,False,True,False,False,False,1,0.3015058132173472
dfeb294b-19bf-456d-bd61-51e7e815a5fa,SHOP_036,BEN_01370,2025-12-23 15:40:51.322714,Rice,7,21.0,28.73997,77.11894,Rohini,0,22928.0,15,False,False,True,False,False,1,0.286734648718987
57c00307-d8f7-4644-af45-528d82d35b60,SHOP_036,BEN_01211,2025-12-23 17:53:02.322714,Kerosene,2,50.0,28.73997,77.11894,Rohini,0,7931.0,17,True,False,False,False,False,1,0.1483811997454168
e7e340fb-2faf-4d0f-95aa-42d9e4bcc7a2,SHOP_036,BEN_01270,2025-12-24 08:16:14.322714,Kerosene,2,50.0,28.73997,77.11894,Rohini,0,51792.0,8,True,False,False,False,False,1,0.3867948176378022
98abfecf-786f-4cf8-997c-c229b5b85df6,SHOP_036,BEN_01778,2025-12-24 10:46:35.322714,Kerosene,2,50.0,28.73997,77.11894,Rohini,0,9021.0,10,True,False,False,False,False,1,0.24602252301107852
aa60aa92-a501-4fbd-a072-32e896d714a7,SHOP_036,BEN_01052,2025-12-24 13:03:17.322714,Wheat,13,26.0,28.73997,77.11894,Rohini,0,8202.0,13,False,False,False,False,True,1,0.11132140695311749
9de85078-98ce-46ce-9c1c-6f927c9c8e88,SHOP_036,BEN_01163,2025-12-25 09:34:48.322714,Sugar,1,20.0,28.73997,77.11894,Rohini,0,73891.0,9,False,False,False,True,False,1,0.43038629319418964
c4dac712-9dc7-4e9f-9c91-e6238bd9a407,SHOP_036,BEN_00035,2025-12-25 16:35:14.322714,Kerosene,3,75.0,28.73997,77.11894,Rohini,0,25226.0,16,True,False,False,False,False,1,0.255522893513832
13302dfc-c720-4c5a-a644-c2ac6c17192a,SHOP_036,BEN_01222,2025-12-25 18:20:18.322714,Oil,1,50.0,28.73997,77.11894,Rohini,0,6304.0,18,False,True,False,False,False,1,0.2136224177392988
5eb9483e-e02c-4cb1-9745-59517120fbaf,SHOP_036,BEN_02392,2025-12-26 08:46:33.322714,Rice,10,30.0,28.73997,77.11894,Rohini,0,51975.0,8,False,False,True,False,False,1,0.40792163386017477
7d1c5650-5edb-4e9b-b433-7a81e04e71ef,SHOP_036,BEN_01755,2025-12-26 09:45:25.322714,Rice,16,48.0,28.73997,77.11894,Rohini,0,3532.0,9,False,False,True,False,False,1,0.3350333660058833
9197d08b-9c9d-45eb-8f9a-3362c3db7ec1,SHOP_036,BEN_00502,2025-12-26 11:01:43.322714,Wheat,10,20.0,28.73997,77.11894,Rohini,0,4578.0,11,False,False,False,False,True,1,0.21033161777298248
e78e5a15-52e7-421a-823c-fa7bbeace797,SHOP_036,BEN_00154,2025-12-26 14:32:23.322714,Wheat,18,36.0,28.73997,77.11894,Rohini,0,12640.0,14,False,False,False,False,True,1,0.24419662370928474
0a44c09b-9ae7-490d-91bc-0d7496196f9f,SHOP_036,BEN_02286,2025-12-27 11:01:31.322714,Oil,2,100.0,28.73997,77.11894,Rohini,0,73748.0,11,False,True,False,False,False,1,0.437097858749277
ef5514e4-96c7-43d5-a5f5-05aafb6c58bd,SHOP_036,BEN_01382,2025-12-27 12:47:26.322714,Kerosene,1,25.0,28.73997,77.11894,Rohini,0,6355.0,12,True,False,False,False,False,1,0.17296740841043123
f526f5a8-6f7d-4989-bc7e-fd7866187ef6,SHOP_036,BEN_00985,2025-12-27 14:08:06.322714,Rice,16,48.0,28.73997,77.11894,Rohini,0,4840.0,14,False,False,True,False,False,1,0.1451972731804137
8e71a4d4-3a37-407b-b189-765ed4df7b6f,SHOP_036,BEN_01822,2025-12-27 14:11:54.322714,Kerosene,2,50.0,28.73997,77.11894,Rohini,0,228.0,14,True,False,False,False,False,1,0.17956086534702453
e100b064-a63e-47bd-b526-5e6dea05f25e,SHOP_036,BEN_00183,2025-12-28 14:05:08.322714,Rice,17,51.0,28.73997,77.11894,Rohini,0,85994.0,14,False,False,True,False,False,1,0.5763409842619756
5926da4f-dacd-4a83-97eb-87eb1d4a216f,SHOP_036,BEN_01446,2025-12-28 15:38:50.322714,Kerosene,3,75.0,28.73997,77.11894,Rohini,0,5622.0,15,True,False,False,False,False,1,0.13511988948406234
ac25b6dd-3664-4b3b-9ea1-94723e4ecb54,SHOP_036,BEN_00861,2025-12-29 09:18:21.322714,Sugar,1,20.0,28.73997,77.11894,Rohini,0,63571.0,9,False,False,False,True,False,1,0.3536367184645983
7f6a86bd-75e5-48ad-a637-28966c0ba259,SHOP_036,BEN_01968,2025-12-29 10:40:19.322714,Sugar,2,40.0,28.73997,77.11894,Rohini,0,4918.0,10,False,False,False,True,False,1,0.21695275030878636
674f6a67-5ce9-4a35-9f34-7b802eb1b61a,SHOP_036,BEN_02514,2025-12-29 11:47:46.322714,Rice,17,51.0,28.73997,77.11894,Rohini,0,4047.0,11,False,False,True,False,False,1,0.24812059184612867
0ec58369-8df0-42b0-b975-2c89326bcab6,SHOP_036,BEN_00796,2025-12-29 13:14:06.322714,Wheat,20,40.0,28.73997,77.11894,Rohini,0,5180.0,13,False,False,False,False,True,1,0.3255976229498549
c43e76ba-2554-41fe-b414-c185617aaa40,SHOP_036,BEN_00887,2025-12-29 13:30:25.322714,Wheat,16,32.0,28.73997,77.11894,Rohini,0,979.0,13,False,False,False,False,True,1,0.19666794736815107
7dd95c53-f575-445f-bb25-46f27949b74b,SHOP_036,BEN_01978,2025-12-29 15:14:30.322714,Rice,7,21.0,28.73997,77.11894,Rohini,0,6245.0,15,False,False,True,False,False,1,0.21125105991203819
c2c88dbf-0f4c-4901-86de-b5829333facb,SHOP_036,BEN_00624,2025-12-30 11:18:11.322714,Rice,6,18.0,28.73997,77.11894,Rohini,0,72221.0,11,False,False,True,False,False,1,0.45276624826085937
a64db783-86bb-48db-8367-18780caa883e,SHOP_036,BEN_00545,2025-12-30 15:43:38.322714,Rice,20,60.0,28.73997,77.11894,Rohini,0,15927.0,15,False,False,True,False,False,1,0.40439920854957456
09bc1b4b-f537-49c3-9765-906ffbbcb489,SHOP_036,BEN_01679,2025-12-30 17:29:42.322714,Kerosene,2,50.0,28.73997,77.11894,Rohini,0,6364.0,17,True,False,False,False,False,1,0.1438844652116038
f3632887-497d-4bac-9758-06f79b13d969,SHOP_036,BEN_00726,2025-12-30 19:56:32.322714,Oil,2,100.0,28.73997,77.11894,Rohini,0,8810.0,19,False,True,False,False,False,1,0.2601871559240171
ea8dd9f5-e10a-492e-a932-8398aa08fb66,SHOP_036,BEN_01918,2025-12-31 11:07:48.322714,Sugar,2,40.0,28.73997,77.11894,Rohini,0,54676.0,11,False,False,False,True,False,1,0.217839692374925
4dfbf1d3-b269-4153-84c9-bdd12b7829ff,SHOP_036,BEN_02891,2025-12-31 11:13:40.322714,Sugar,3,60.0,28.73997,77.11894,Rohini,0,352.0,11,False,False,False,True,False,1,0.26164894409640493
127d44fb-58d7-4f4a-a761-5aa6be63e9f3,SHOP_036,BEN_01492,2025-12-31 14:00:14.322714,Kerosene,1,25.0,28.73997,77.11894,Rohini,0,9994.0,14,True,False,False,False,False,1,0.1352588026649411
47cfa2e3-f026-412e-a546-3c467e7063f7,SHOP_036,BEN_02307,2025-12-31 17:52:06.322714,Sugar,1,20.0,28.73997,77.11894,Rohini,0,13912.0,17,False,False,False,True,False,1,0.22527352873558276
2b1bbbe8-6cbd-43c1-97f4-e43a786e34b9,SHOP_036,BEN_00329,2026-01-01 09:19:43.322714,Oil,1,50.0,28.73997,77.11894,Rohini,0,55657.0,9,False,True,False,False,False,1,0.29566916129273024
d829b081-d023-4a17-a0d5-c0ec939baab1,SHOP_036,BEN_02219,2026-01-01 10:31:41.322714,Oil,1,50.0,28.73997,77.11894,Rohini,0,4318.0,10,False,True,False,False,False,1,0.1826628113315168
2e3421e7-d46d-4519-b145-db2306186ce6,SHOP_036,BEN_00845,2026-01-01 11:59:27.322714,Wheat,17,34.0,28.73997,77.11894,Rohini,0,5266.0,11,False,False,False,False,True,1,0.24169072363905209
fd141132-2fc0-405f-99c7-a424494dd2c7,SHOP_036,BEN_02436,2026-01-01 12:03:32.322714,Kerosene,2,50.0,28.73997,77.11894,Rohini,0,245.0,12,True,False,False,False,False,1,0.23102486207945716
c7061322-677b-4d54-9e98-a5479f0b4140,SHOP_036,BEN_00134,2026-01-01 12:57:34.322714,Wheat,12,24.0,28.73997,77.11894,Rohini,0,3242.0,12,False,False,False,False,True,1,0.19414698883020975
acd7e96c-fb95-4e89-b695-0c2fe3d763c3,SHOP_036,BEN_01767,2026-01-01 17:02:31.322714,Kerosene,3,75.0,28.73997,77.11894,Rohini,0,14697.0,17,True,False,False,False,False,1,0.2010860640330887
33c7717e-0175-4749-bde8-dd7314ff50b0,SHOP_036,BEN_00265,2026-01-01 17:44:43.322714,Kerosene,2,50.0,28.73997,77.11894,Rohini,0,2532.0,17,True,False,False,False,False,1,0.1539541180414042
aefbb4af-a3c5-4e8f-b0bb-d957dda12bf4,SHOP_036,BEN_02743,2026-01-02 09:30:25.322714,Kerosene,2,50.0,28.73997,77.11894,Rohini,0,56742.0,9,True,False,False,False,False,1,0.35588859516230364
08e74737-33d3-4fd8-bcf7-e36195b04bc5,SHOP_036,BEN_00554,2026-01-02 15:24:22.322714,Sugar,1,20.0,28.73997,77.11894,Rohini,0,21237.0,15,False,False,False,True,False,1,0.23795859003128528
2fde8c33-1ba2-4d84-9587-07d5b0f5647f,SHOP_036,BEN_01326,2026-01-02 17:54:25.322714,Wheat,6,12.0,28.73997,77.11894,Rohini,0,9003.0,17,False,False,False,False,True,1,0.23647356480501613
b7fdf57e-0247-4ad3-ad7a-06b1d1c64940,SHOP_036,BEN_00683,2026-01-02 19:15:32.322714,Oil,2,100.0,28.73997,77.11894,Rohini,0,4867.0,19,False,True,False,False,False,1,0.24667148497563668
03803f1b-8ee1-4779-9093-d3c43e003031,SHOP_036,BEN_01180,2026-01-03 08:01:53.322714,Kerosene,2,50.0,28.73997,77.11894,Rohini,0,45981.0,8,True,False,False,False,False,1,0.4067046200194062
158d2605-2dff-4027-bf88-1d78048fa95d,SHOP_036,BEN_01146,2026-01-03 12:44:01.322714,Sugar,2,40.0,28.73997,77.11894,Rohini,0,16928.0,12,False,False,False,True,False,1,0.15277812440989164
55f0405e-ceef-4066-a8be-ff80d1c5358f,SHOP_036,BEN_01335,2026-01-03 18:39:47.322714,Sugar,1,20.0,28.73997,77.11894,Rohini,0,21346.0,18,False,False,False,True,False,1,0.3192520084286493
fd13d7b3-285e-4b1c-8fc8-1abdf9e94a55,SHOP_036,BEN_01564,2026-01-04 14:07:40.322714,Rice,7,21.0,28.73997,77.11894,Rohini,0,70073.0,14,False,False,True,False,False,1,0.45260875652965177
47a3124c-c650-466e-ae34-1a9f31e7383f,SHOP_036,BEN_02823,2026-01-04 14:10:59.322714,Oil,2,100.0,28.73997,77.11894,Rohini,0,199.0,14,False,True,False,False,False,1,0.1307180324372746
2ee732c4-7109-4e71-9884-016a86c39a73,SHOP_036,BEN_00409,2026-01-04 14:15:18.322714,Wheat,6,12.0,28.73997,77.11894,Rohini,0,259.0,14,False,False,False,False,True,1,0.2892864587439781
08a4e017-73cc-4654-82ac-56ef04d0538e,SHOP_036,BEN_00422,2026-01-04 18:50:07.322714,Rice,18,54.0,28.73997,77.11894,Rohini,0,16489.0,18,False,False,True,False,False,1,0.342739834387917
1f800252-4cf4-44c5-b018-a22c2b8f47dc,SHOP_036,BEN_02717,2026-01-05 17:23:54.322714,Kerosene,2,50.0,28.73997,77.11894,Rohini,0,81227.0,17,True,False,False,False,False,1,0.5429250796159374
e4260377-0a81-443a-8d71-6bbffa9151cb,SHOP_036,BEN_01335,2026-01-05 19:55:48.322714,Kerosene,1,25.0,28.73997,77.11894,Rohini,0,9114.0,19,True,False,False,False,False,1,0.271794375660275
86421062-1365-4cb8-b241-4af02548d161,SHOP_036,BEN_01572,2026-01-06 15:18:43.322714,Kerosene,3,75.0,28.73997,77.11894,Rohini,0,69775.0,15,True,False,False,False,False,1,0.45897081362569947
4af25509-4f4b-4872-9709-dbaba655d4d3,SHOP_036,BEN_01707,2026-01-06 15:57:00.322714,Rice,16,48.0,28.73997,77.11894,Rohini,0,2297.0,15,False,False,True,False,False,1,0.2021206019361373
a0fc4da1-9489-48da-ad2a-3f717d832367,SHOP_036,BEN_01884,2026-01-06 18:50:21.322714,Kerosene,2,50.0,28.73997,77.11894,Rohini,0,10401.0,18,True,False,False,False,False,1,0.1670031887428527
e674d33b-3326-4785-8956-5f6377f2646f,SHOP_036,BEN_02380,2026-01-07 11:18:35.322714,Oil,1,50.0,28.73997,77.11894,Rohini,0,59294.0,11,False,True,False,False,False,1,0.3577510842907764
64f2525e-af42-46dd-8efb-05642a1695d4,SHOP_036,BEN_01635,2026-01-07 17:12:08.322714,Kerosene,2,50.0,28.73997,77.11894,Rohini,0,21213.0,17,True,False,False,False,False,1,0.23416860738657336
fad3b4fc-68c4-4088-8677-820dbbeed478,SHOP_036,BEN_00780,2026-01-08 10:28:06.322714,Rice,15,45.0,28.73997,77.11894,Rohini,0,62158.0,10,False,False,True,False,False,1,0.4335751985999927
8d5117e8-74a4-40e1-9f91-669c19d645ee,SHOP_036,BEN_02977,2026-01-08 15:22:06.322714,Oil,1,50.0,28.73997,77.11894,Rohini,0,17640.0,15,False,True,False,False,False,1,0.14916794905859077
1476fb54-5f66-42b6-b5ba-975614666f0c,SHOP_036,BEN_02793,2026-01-08 18:00:08.322714,Rice,16,48.0,28.73997,77.11894,Rohini,0,9482.0,18,False,False,True,False,False,1,0.26436249146501156
6f8eb63a-10fc-4d60-8c56-8509c9431651,SHOP_036,BEN_00918,2026-01-08 18:53:04.322714,Oil,1,50.0,28.73997,77.11894,Rohini,0,3176.0,18,False,True,False,False,False,1,0.2031326012400661
d84a8a6a-2b5a-415d-8182-a0172863b0ac,SHOP_036,BEN_01423,2026-01-09 09:35:35.322714,Wheat,17,34.0,28.73997,77.11894,Rohini,0,52951.0,9,False,False,False,False,True,1,0.5360727305496191
e684d6a6-61b6-4689-92c7-494acc0526ca,SHOP_036,BEN_00983,2026-01-09 19:13:10.322714,Kerosene,2,50.0,28.73997,77.11894,Rohini,0,34655.0,19,True,False,False,False,False,1,0.41253621988179223
894e465f-6d11-4b96-ae9c-e4e6727e1229,SHOP_036,BEN_01654,2026-01-10 11:34:54.322714,Kerosene,3,75.0,28.73997,77.11894,Rohini,0,58904.0,11,True,False,False,False,False,1,0.39836139566063405
e1d5a36e-af8a-4b6d-90de-09a42ce16809,SHOP_036,BEN_01806,2026-01-11 14:08:25.322714,Wheat,12,24.0,28.73997,77.11894,Rohini,0,95611.0,14,False,False,False,False,True,-1,0.6699361495043719
8246d15b-4660-45ff-b75a-3f28f9b772b3,SHOP_036,BEN_02046,2026-01-11 17:35:14.322714,Sugar,1,20.0,28.73997,77.11894,Rohini,0,12409.0,17,False,False,False,True,False,1,0.210043008556769
b379f259-80ba-48d1-b973-ba2fdafb3a08,SHOP_036,BEN_00720,2026-01-12 08:03:25.322714,Kerosene,3,75.0,28.73997,77.11894,Rohini,0,52091.0,8,True,False,False,False,False,1,0.4301350267867956
3a97526a-5a71-46bf-bfd4-950ec030b430,SHOP_036,BEN_00142,2026-01-12 13:33:44.322714,Sugar,3,60.0,28.73997,77.11894,Rohini,0,19819.0,13,False,False,False,True,False,1,0.22024151215337467
1e72874a-68fe-411c-a287-51c972f268b6,SHOP_036,BEN_02998,2026-01-13 10:00:48.322714,Kerosene,3,75.0,28.73997,77.11894,Rohini,0,73624.0,10,True,False,False,False,False,1,0.4626093113934424
9e3bcd4a-10ca-4d49-b485-0e24af489979,SHOP_036,BEN_02489,2026-01-13 12:42:33.322714,Sugar,2,40.0,28.73997,77.11894,Rohini,0,9705.0,12,False,False,False,True,False,1,0.10602275267513639
f3fedc59-a9e3-4008-957f-50fdbf95c1b4,SHOP_036,BEN_01427,2026-01-13 15:21:18.322714,Rice,7,21.0,28.73997,77.11894,Rohini,0,9525.0,15,False,False,True,False,False,1,0.21204862867566426
333b6785-53ed-4bc3-bbf8-a8dc8df68d07,SHOP_036,BEN_01825,2026-01-13 18:31:54.322714,Kerosene,3,75.0,28.73997,77.11894,Rohini,0,11436.0,18,True,False,False,False,False,1,0.2199520662437468
f76843dd-231f-4505-90bb-1927c4edb196,SHOP_036,BEN_02620,2026-01-14 12:45:27.322714,Oil,1,50.0,28.73997,77.11894,Rohini,0,65613.0,12,False,True,False,False,False,1,0.39832386109897655
fcf33725-bfad-420a-840a-fb880fe1432b,SHOP_036,BEN_02010,2026-01-15 11:35:40.322714,Sugar,1,20.0,28.73997,77.11894,Rohini,0,82213.0,11,False,False,False,True,False,1,0.4372946197620309
de4b5741-0f08-40ce-a9ef-0113269883e3,SHOP_036,BEN_01270,2026-01-15 11:59:01.322714,Kerosene,2,50.0,28.73997,77.11894,Rohini,0,1401.0,11,True,False,False,False,False,1,0.23649217424029711
598c249c-03dc-487e-a96b-d3a602537843,SHOP_037,BEN_01649,2025-12-17 18:11:09.322714,Oil,1,50.0,28.707215,77.215419,North Delhi,0,9999.0,18,False,True,False,False,False,1,0.22834480093914478
9d8c0f66-46a7-40a9-b8a6-7c6f10361e1d,SHOP_037,BEN_02053,2025-12-17 18:29:01.322714,Kerosene,1,25.0,28.707215,77.215419,North Delhi,0,1072.0,18,True,False,False,False,False,1,0.2739283373935659
f11e6cd9-1016-4ba4-bda5-a79346376f69,SHOP_037,BEN_02014,2025-12-18 10:11:17.322714,Kerosene,1,25.0,28.707215,77.215419,North Delhi,0,56536.0,10,True,False,False,False,False,1,0.39117960716482314
a1966cbd-cd1a-4a7a-80ae-31b2bc753ef6,SHOP_037,BEN_00378,2025-12-18 16:43:12.322714,Rice,18,54.0,28.707215,77.215419,North Delhi,0,23515.0,16,False,False,True,False,False,1,0.2941174260671349
7ed20b8b-f00c-405f-ac7a-b097272d2453,SHOP_037,BEN_00134,2025-12-18 17:39:21.322714,Rice,5,15.0,28.707215,77.215419,North Delhi,0,3369.0,17,False,False,True,False,False,1,0.2965968523970681
508a048e-db87-4036-ac71-bdd547b155a1,SHOP_037,BEN_01447,2025-12-19 10:13:31.322714,Kerosene,1,25.0,28.707215,77.215419,North Delhi,0,59650.0,10,True,False,False,False,False,1,0.4163366672579563
5f5926c5-dd82-4a9f-bab1-a1345aaf9b5e,SHOP_037,BEN_01835,2025-12-19 13:28:35.322714,Oil,2,100.0,28.707215,77.215419,North Delhi,0,11704.0,13,False,True,False,False,False,1,0.09811908728696533
08141e8c-da11-4071-a566-cf50d9c439ad,SHOP_037,BEN_00119,2025-12-19 17:58:22.322714,Oil,2,100.0,28.707215,77.215419,North Delhi,0,16187.0,17,False,True,False,False,False,1,0.135843993413447
15ba18c3-3111-499d-b4ad-47b27b386408,SHOP_037,BEN_01634,2025-12-20 12:02:29.322714,Wheat,16,32.0,28.707215,77.215419,North Delhi,0,65047.0,12,False,False,False,False,True,1,0.49255798154407865
b16424c2-0a20-42e3-9ff7-60c1a1669b2a,SHOP_037,BEN_01846,2025-12-20 12:53:17.322714,Rice,8,24.0,28.707215,77.215419,North Delhi,0,3048.0,12,False,False,True,False,False,1,0.16416372795242046
cddb65f6-0039-4a93-b442-2a1351449b18,SHOP_037,BEN_02849,2025-12-21 08:09:27.322714,Kerosene,3,75.0,28.707215,77.215419,North Delhi,0,69370.0,8,True,False,False,False,False,1,0.538798300964564
571a5155-6930-4fea-8a27-d52b2b96ade5,SHOP_037,BEN_00852,2025-12-21 16:37:06.322714,Oil,1,50.0,28.707215,77.215419,North Delhi,0,30459.0,16,False,True,False,False,False,1,0.3240006835704551
3f40f1f2-c900-4d9f-bd0e-8562e44f4738,SHOP_037,BEN_02308,2025-12-21 19:04:36.322714,Kerosene,1,25.0,28.707215,77.215419,North Delhi,0,8850.0,19,True,False,False,False,False,1,0.271794375660275
c48ce1bd-09bc-4c6e-83f4-a02db07822a4,SHOP_037,BEN_01396,2025-12-22 08:25:13.322714,Kerosene,2,50.0,28.707215,77.215419,North Delhi,0,48037.0,8,True,False,False,False,False,1,0.4137080272191903
2cea981e-1309-448b-8ffe-925c57dc9d95,SHOP_037,BEN_01919,2025-12-23 11:35:27.322714,Rice,10,30.0,28.707215,77.215419,North Delhi,0,97814.0,11,False,False,True,False,False,1,0.5516075247154628
d068a3f6-8b9f-49e0-a772-f40d70d279c7,SHOP_037,BEN_01725,2025-12-23 14:31:17.322714,Sugar,1,20.0,28.707215,77.215419,North Delhi,0,10550.0,14,False,False,False,True,False,1,0.10978229775418624
7e0dd22f-9fb9-4a66-9384-3c7ebe30bc2d,SHOP_037,BEN_02922,2025-12-24 14:53:28.322714,Rice,12,36.0,28.707215,77.215419,North Delhi,0,87731.0,14,False,False,True,False,False,1,0.5286669354605115
69ae66f1-b50f-4bc2-bc44-2f4205066682,SHOP_037,BEN_01565,2025-12-25 08:05:56.322714,Sugar,2,40.0,28.707215,77.215419,North Delhi,0,61948.0,8,False,False,False,True,False,1,0.3758328635671131
d2fe09a3-dbc2-4951-9f6d-44622e33b498,SHOP_037,BEN_01637,2025-12-25 09:24:09.322714,Rice,9,27.0,28.707215,77.215419,North Delhi,0,4693.0,9,False,False,True,False,False,1,0.2827503764683916
29c83475-d05a-4838-8921-c6a70e826d82,SHOP_037,BEN_00788,2025-12-25 12:21:59.322714,Kerosene,1,25.0,28.707215,77.215419,North Delhi,0,10670.0,12,True,False,False,False,False,1,0.2064202344887452
aa79d3c3-a499-43ee-a9fe-3ec837b1c19f,SHOP_037,BEN_02317,2025-12-25 16:41:12.322714,Kerosene,1,25.0,28.707215,77.215419,North Delhi,0,15553.0,16,True,False,False,False,False,1,0.1949417314897509
c839618f-8d18-4400-bc5b-68433db8bc74,SHOP_037,BEN_01864,2025-12-25 17:17:32.322714,Kerosene,2,50.0,28.707215,77.215419,North Delhi,0,2180.0,17,True,False,False,False,False,1,0.16202243583234105
1af6fbad-d99f-406a-b3ca-5fde70c80b5a,SHOP_037,BEN_01411,2025-12-25 18:11:07.322714,Wheat,9,18.0,28.707215,77.215419,North Delhi,0,3215.0,18,False,False,False,False,True,1,0.24288002476631654
5f9d14b9-fc0b-403d-b74b-3d5870720fcd,SHOP_037,BEN_01004,2025-12-26 08:44:02.322714,Oil,2,100.0,28.707215,77.215419,North Delhi,0,52375.0,8,False,True,False,False,False,1,0.3482059621347161
37ade500-e3f7-46ec-9daf-8b6ace7be39c,SHOP_037,BEN_01924,2025-12-27 08:13:33.322714,Oil,1,50.0,28.707215,77.215419,North Delhi,0,84571.0,8,False,True,False,False,False,-1,0.5921595849882555
d136354a-86bb-49a5-a3e2-a7c12e63021c,SHOP_037,BEN_00226,2025-12-27 13:57:59.322714,Rice,18,54.0,28.707215,77.215419,North Delhi,0,20666.0,13,False,False,True,False,False,1,0.25698069674139457
cb86f03d-41db-4a91-947d-846dcb78a0ae,SHOP_037,BEN_00978,2025-12-27 15:47:32.322714,Wheat,12,24.0,28.707215,77.215419,North Delhi,0,6573.0,15,False,False,False,False,True,1,0.10701094083776713
1a708ecb-1b2f-4dbc-9189-4d70e135ff82,SHOP_037,BEN_00354,2025-12-28 08:36:44.322714,Sugar,1,20.0,28.707215,77.215419,North Delhi,0,60552.0,8,False,False,False,True,False,1,0.4100126824478776
15deb563-33d2-46ed-a14f-60921bc01cf6,SHOP_037,BEN_02825,2025-12-28 09:20:50.322714,Oil,2,100.0,28.707215,77.215419,North Delhi,0,2646.0,9,False,True,False,False,False,1,0.26798867563749296
69fc7f69-67be-428f-a1d8-1b0a8d038c81,SHOP_037,BEN_02610,2025-12-28 10:08:58.322714,Rice,5,15.0,28.707215,77.215419,North Delhi,0,2888.0,10,False,False,True,False,False,1,0.3150978833992334
21b46a12-01fb-4bde-860d-787c9bad3dad,SHOP_037,BEN_01557,2025-12-28 16:04:40.322714,Rice,15,45.0,28.707215,77.215419,North Delhi,0,21342.0,16,False,False,True,False,False,1,0.21737364458519498
e502451f-d70b-4cff-ad68-022dc0130db4,SHOP_037,BEN_01219,2025-12-29 13:13:27.322714,Wheat,10,20.0,28.707215,77.215419,North Delhi,0,76127.0,13,False,False,False,False,True,1,0.5328895885832559
9904a1a8-c14c-4087-ba60-633461b7bb98,SHOP_037,BEN_00004,2025-12-29 13:46:33.322714,Kerosene,1,25.0,28.707215,77.215419,North Delhi,0,1986.0,13,True,False,False,False,False,1,0.18558559123144758
cb5f3556-3ae4-4dec-8701-105b45ef353e,SHOP_037,BEN_01029,2025-12-29 15:14:57.322714,Sugar,3,60.0,28.707215,77.215419,North Delhi,0,5304.0,15,False,False,False,True,False,1,0.12512510564057883
4e2e3fa6-7a32-45e4-94f2-98d2b225ab2a,SHOP_037,BEN_00775,2025-12-29 15:53:58.322714,Kerosene,2,50.0,28.707215,77.215419,North Delhi,0,2341.0,15,True,False,False,False,False,1,0.10795437825140958
3335dd73-5236-4896-908e-cd04f71b7495,SHOP_037,BEN_00471,2025-12-29 18:09:32.322714,Oil,2,100.0,28.707215,77.215419,North Delhi,0,8134.0,18,False,True,False,False,False,1,0.15832128466022993
7c647eab-bfaf-4231-bba9-8d217b34a38b,SHOP_037,BEN_02989,2025-12-30 10:37:35.322714,Kerosene,1,25.0,28.707215,77.215419,North Delhi,0,59283.0,10,True,False,False,False,False,1,0.4051774185191232
8dea30e7-c566-42a6-90c8-a44a0ccfae8f,SHOP_037,BEN_02489,2025-12-30 13:53:12.322714,Rice,13,39.0,28.707215,77.215419,North Delhi,0,11737.0,13,False,False,True,False,False,1,0.18757889549264062
67e3a81d-e257-44b0-8ac8-d1de6a6f9f4e,SHOP_037,BEN_00562,2025-12-31 10:35:46.322714,Wheat,13,26.0,28.707215,77.215419,North Delhi,0,74554.0,10,False,False,False,False,True,1,0.47294600002824305
342d3433-3d49-49fa-82b1-15238b500dcf,SHOP_037,BEN_00646,2025-12-31 19:32:07.322714,Sugar,2,40.0,28.707215,77.215419,North Delhi,0,32181.0,19,False,False,False,True,False,1,0.47506186030817943
a697f605-aff1-4eb0-a2f1-697c172117a4,SHOP_037,BEN_01733,2026-01-01 03:16:15.322714,Kerosene,2,50.0,28.707215,77.215419,North Delhi,1,27848.0,3,True,False,False,False,False,-1,0.6414890525452901
29b717d1-d735-4383-9a4e-0848b58559c1,SHOP_037,BEN_01124,2026-01-01 08:36:56.322714,Rice,17,51.0,28.707215,77.215419,North Delhi,0,19241.0,8,False,False,True,False,False,1,0.47863829622119713
b5227263-1473-4521-bfec-1ef1b30b38c1,SHOP_037,BEN_02418,2026-01-01 12:21:58.322714,Kerosene,1,25.0,28.707215,77.215419,North Delhi,0,13502.0,12,True,False,False,False,False,1,0.2288618956939491
7efdd7b4-bd30-4610-8dc2-af98a23fdb12,SHOP_037,BEN_01043,2026-01-01 13:17:37.322714,Rice,11,33.0,28.707215,77.215419,North Delhi,0,3339.0,13,False,False,True,False,False,1,0.133656167456291
c90c522f-717a-43a5-83c3-0e2f2f520e85,SHOP_037,BEN_00088,2026-01-01 13:39:29.322714,Wheat,11,22.0,28.707215,77.215419,North Delhi,0,1312.0,13,False,False,False,False,True,1,0.1942815051233116
9fd0b16a-3734-4179-a41e-8021852bf8a3,SHOP_037,BEN_00653,2026-01-01 14:36:24.322714,Sugar,1,20.0,28.707215,77.215419,North Delhi,0,3415.0,14,False,False,False,True,False,1,0.09469349465781085
edbae00f-ff7a-42ed-9190-d97746696df1,SHOP_037,BEN_01582,2026-01-01 17:03:38.322714,Rice,14,42.0,28.707215,77.215419,North Delhi,0,8834.0,17,False,False,True,False,False,1,0.19790145712453677
bda6aa30-07f7-42b0-a369-2ff57d3ae0bb,SHOP_037,BEN_01438,2026-01-01 18:27:17.322714,Wheat,6,12.0,28.707215,77.215419,North Delhi,0,5019.0,18,False,False,False,False,True,1,0.27119001150902805
055fa205-41e7-4282-b197-597d2806bfcf,SHOP_037,BEN_01647,2026-01-02 10:18:11.322714,Oil,1,50.0,28.707215,77.215419,North Delhi,0,57054.0,10,False,True,False,False,False,1,0.32024731956812913
90490dda-91cd-4a57-a0e0-fd7df0b42e39,SHOP_037,BEN_00362,2026-01-02 13:59:43.322714,Oil,2,100.0,28.707215,77.215419,North Delhi,0,13292.0,13,False,True,False,False,False,1,0.12507411365826532
9ce2f4cf-ac84-4bd6-a5d5-262608bbff7c,SHOP_037,BEN_02487,2026-01-02 14:41:58.322714,Sugar,3,60.0,28.707215,77.215419,North Delhi,0,2535.0,14,False,False,False,True,False,1,0.12303002558460407
f9273285-3b6d-4844-a886-62f4dc70e62b,SHOP_037,BEN_02728,2026-01-02 17:54:22.322714,Wheat,8,16.0,28.707215,77.215419,North Delhi,0,11544.0,17,False,False,False,False,True,1,0.2513942424827078
2fe06354-503d-47e7-96d9-95280b7fecf2,SHOP_037,BEN_00497,2026-01-03 08:08:14.322714,Sugar,2,40.0,28.707215,77.215419,North Delhi,0,51232.0,8,False,False,False,True,False,1,0.34422645251675776
1b3bc0b0-e792-40fc-9692-394cb069c51b,SHOP_037,BEN_02812,2026-01-03 14:57:40.322714,Kerosene,1,25.0,28.707215,77.215419,North Delhi,0,24566.0,14,True,False,False,False,False,1,0.2805161992065054
786643fb-7ea3-4862-9e76-d652e403265a,SHOP_037,BEN_01190,2026-01-03 17:36:52.322714,Kerosene,1,25.0,28.707215,77.215419,North Delhi,0,9552.0,17,True,False,False,False,False,1,0.2119820074773523
694c5300-9fd3-4a23-baf9-e735746b07c9,SHOP_037,BEN_01712,2026-01-03 18:58:24.322714,Wheat,7,14.0,28.707215,77.215419,North Delhi,0,4892.0,18,False,False,False,False,True,1,0.2537366299415422
3be00bd7-2231-4299-96d5-0baa492288a9,SHOP_037,BEN_01961,2026-01-04 11:57:56.322714,Sugar,2,40.0,28.707215,77.215419,North Delhi,0,61172.0,11,False,False,False,True,False,1,0.23083964655456424
4ed0f608-2d0e-4d8b-81a1-854e0cc3f54a,SHOP_037,BEN_01389,2026-01-04 14:03:10.322714,Oil,2,100.0,28.707215,77.215419,North Delhi,0,7514.0,14,False,True,False,False,False,1,0.03378195551477192
b147006a-3b80-4ecc-97d2-36b72fbeba51,SHOP_037,BEN_00713,2026-01-04 15:21:34.322714,Oil,1,50.0,28.707215,77.215419,North Delhi,0,4704.0,15,False,True,False,False,False,1,0.08229200474590731
908579a6-26ec-4631-83a1-36c656c02c32,SHOP_037,BEN_02300,2026-01-04 15:52:03.322714,Sugar,3,60.0,28.707215,77.215419,North Delhi,0,1829.0,15,False,False,False,True,False,1,0.14276448852118673
1ff621a9-aca5-4f80-8c4b-ec5766dd2b27,SHOP_037,BEN_00129,2026-01-04 17:15:04.322714,Wheat,20,40.0,28.707215,77.215419,North Delhi,0,4981.0,17,False,False,False,False,True,1,0.37300578839010035
99ea338a-321c-4a65-8f5a-28189b6ec620,SHOP_037,BEN_01789,2026-01-04 18:03:45.322714,Oil,2,100.0,28.707215,77.215419,North Delhi,0,2921.0,18,False,True,False,False,False,1,0.16554011816390307
d74e6be2-ec48-4bf6-ac36-f6286002bbfc,SHOP_037,BEN_02730,2026-01-04 18:14:26.322714,Oil,1,50.0,28.707215,77.215419,North Delhi,0,641.0,18,False,True,False,False,False,1,0.24352101363021444
b6f332f9-9781-40ad-9e64-fad338641b07,SHOP_037,BEN_02803,2026-01-05 13:19:17.322714,Wheat,16,32.0,28.707215,77.215419,North Delhi,0,68691.0,13,False,False,False,False,True,1,0.4736741828260712
59bb481a-55a5-4d3e-a1eb-3be48ece2b4e,SHOP_037,BEN_00039,2026-01-05 18:53:39.322714,Oil,1,50.0,28.707215,77.215419,North Delhi,0,20062.0,18,False,True,False,False,False,1,0.2837973400045641
c6f77a66-3f63-4693-b228-b224d3effc27,SHOP_037,BEN_01727,2026-01-06 15:50:40.322714,Rice,17,51.0,28.707215,77.215419,North Delhi,0,75421.0,15,False,False,True,False,False,1,0.5644618988221836
6af5b649-efc8-4564-b34b-ef1e22808b95,SHOP_037,BEN_00797,2026-01-07 09:41:35.322714,Rice,9,27.0,28.707215,77.215419,North Delhi,0,64255.0,9,False,False,True,False,False,1,0.4073660481057598
2e2c9427-d81e-4379-a8e9-18d4b78af54c,SHOP_037,BEN_00466,2026-01-07 12:29:19.322714,Oil,1,50.0,28.707215,77.215419,North Delhi,0,10064.0,12,False,True,False,False,False,1,0.17406698933445847
ae711bc5-d878-4082-b8bb-aa5b58f5e1fe,SHOP_037,BEN_01503,2026-01-07 18:01:52.322714,Rice,6,18.0,28.707215,77.215419,North Delhi,0,19953.0,18,False,False,True,False,False,1,0.3229682955311195
b26168fa-b05a-4c89-9cc8-189dc2f9c35b,SHOP_037,BEN_01181,2026-01-08 17:46:38.322714,Kerosene,3,75.0,28.707215,77.215419,North Delhi,0,85486.0,17,True,False,False,False,False,-1,0.6278118416996703
6b0853e2-10f1-441f-90f1-8547ee6f1ee8,SHOP_037,BEN_00218,2026-01-08 19:26:33.322714,Wheat,19,38.0,28.707215,77.215419,North Delhi,0,5995.0,19,False,False,False,False,True,1,0.44782841578083765
a4113320-b17d-41d7-ae88-8468638d5bf7,SHOP_037,BEN_00057,2026-01-09 08:24:18.322714,Oil,2,100.0,28.707215,77.215419,North Delhi,0,46665.0,8,False,True,False,False,False,1,0.380698542299739
637efe3c-f8d3-47da-b6f3-c1966323e812,SHOP_037,BEN_01075,2026-01-09 12:11:26.322714,Wheat,10,20.0,28.707215,77.215419,North Delhi,0,13628.0,12,False,False,False,False,True,1,0.19224778160797185
a3515f69-f380-4404-83ef-6ac4870dc23c,SHOP_037,BEN_00397,2026-01-09 15:24:39.322714,Wheat,20,40.0,28.707215,77.215419,North Delhi,0,11593.0,15,False,False,False,False,True,1,0.3123679306979109
77890c60-819d-4878-9473-9f354d5ef24e,SHOP_037,BEN_00492,2026-01-09 17:29:51.322714,Rice,13,39.0,28.707215,77.215419,North Delhi,0,7512.0,17,False,False,True,False,False,1,0.18599155718025756
0b11cbab-2346-4681-aeac-2ec9a5132358,SHOP_037,BEN_00467,2026-01-11 12:00:08.322714,Oil,2,100.0,28.707215,77.215419,North Delhi,0,153017.0,12,False,True,False,False,False,-1,0.7963395496085224
69a413cf-ceea-455b-af62-e6928eb0b41a,SHOP_037,BEN_01711,2026-01-11 13:35:53.322714,Kerosene,3,75.0,28.707215,77.215419,North Delhi,0,5745.0,13,True,False,False,False,False,1,0.1760454783102786
1bcfef99-cb81-4dc4-b143-7c7bbb3b2fb0,SHOP_037,BEN_00898,2026-01-11 13:52:38.322714,Rice,9,27.0,28.707215,77.215419,North Delhi,0,1005.0,13,False,False,True,False,False,1,0.1969106772580863
eb56f2e4-edc3-4f55-b166-61f51df498bf,SHOP_037,BEN_01570,2026-01-11 17:43:30.322714,Rice,12,36.0,28.707215,77.215419,North Delhi,0,13852.0,17,False,False,True,False,False,1,0.207847635577382
0fd1ade0-7430-4ad1-8c4e-dd83c395978f,SHOP_037,BEN_02165,2026-01-12 09:43:00.322714,Oil,2,100.0,28.707215,77.215419,North Delhi,0,57570.0,9,False,True,False,False,False,1,0.29181932956876755
ef40809b-90f4-4973-989f-7af0d33fb758,SHOP_037,BEN_02108,2026-01-12 11:14:39.322714,Wheat,19,38.0,28.707215,77.215419,North Delhi,0,5499.0,11,False,False,False,False,True,1,0.3332500324922415
cb925684-0a66-43f1-95d9-7ca040e2832d,SHOP_037,BEN_00658,2026-01-12 13:29:29.322714,Sugar,2,40.0,28.707215,77.215419,North Delhi,0,8090.0,13,False,False,False,True,False,1,0.08985567482449397
89637f61-4723-44ed-8f4d-9290d69c1daa,SHOP_037,BEN_00425,2026-01-12 16:09:06.322714,Sugar,1,20.0,28.707215,77.215419,North Delhi,0,9577.0,16,False,False,False,True,False,1,0.14647615018872978
72d09451-75c7-424f-9144-b07f275cd5a7,SHOP_037,BEN_02282,2026-01-12 18:47:56.322714,Rice,18,54.0,28.707215,77.215419,North Delhi,0,9530.0,18,False,False,True,False,False,1,0.30769184975107056
503f6f82-abf3-43be-8225-eeeb577f2602,SHOP_037,BEN_02229,2026-01-13 15:20:25.322714,Rice,16,48.0,28.707215,77.215419,North Delhi,0,73949.0,15,False,False,True,False,False,1,0.5381551438903525
df5fcc23-ca92-4f88-afd4-0b3cd7378e0e,SHOP_037,BEN_02962,2026-01-13 19:05:25.322714,Kerosene,3,75.0,28.707215,77.215419,North Delhi,0,13500.0,19,True,False,False,False,False,1,0.28547930132130717
b83a5ec2-af33-4c60-b60d-d9fbf9eb094b,SHOP_037,BEN_01666,2026-01-14 08:40:49.322714,Rice,11,33.0,28.707215,77.215419,North Delhi,0,48924.0,8,False,False,True,False,False,1,0.4036322248461317
1e48e10e-8673-42e2-9a12-13e1827de45f,SHOP_037,BEN_00911,2026-01-14 11:29:06.322714,Sugar,3,60.0,28.707215,77.215419,North Delhi,0,10097.0,11,False,False,False,True,False,1,0.2330471199070573
7a54ac6a-faab-4148-8c22-1a1fe845ac7f,SHOP_037,BEN_01785,2026-01-14 19:55:35.322714,Sugar,1,20.0,28.707215,77.215419,North Delhi,0,30389.0,19,False,False,False,True,False,1,0.5310187419213473
cbf2cb1d-cb6d-4e05-8fe6-1d0e7e9885a2,SHOP_037,BEN_00552,2026-01-15 08:43:01.322714,Sugar,1,20.0,28.707215,77.215419,North Delhi,0,46046.0,8,False,False,False,True,False,1,0.4074235422678618
2be086eb-a6da-4a72-85a5-641ee2663fce,SHOP_037,BEN_00098,2026-01-15 13:16:33.322714,Kerosene,3,75.0,28.707215,77.215419,North Delhi,0,16412.0,13,True,False,False,False,False,1,0.22064620109387262
8f367e0a-4016-4edc-b4c4-62ec2d937bf4,SHOP_038,BEN_02138,2025-12-17 12:47:28.322714,Kerosene,3,75.0,28.737713,77.199062,North Delhi,0,9999.0,12,True,False,False,False,False,1,0.20348333903069143
73e50705-bc99-4496-afe7-1c972c15edd3,SHOP_038,BEN_02725,2025-12-17 19:04:03.322714,Sugar,3,60.0,28.737713,77.199062,North Delhi,0,22595.0,19,False,False,False,True,False,1,0.412896775605454
f5b20e68-e0c1-485d-950d-9c8ef480c3eb,SHOP_038,BEN_02410,2025-12-18 13:14:07.322714,Sugar,1,20.0,28.737713,77.199062,North Delhi,0,65404.0,13,False,False,False,True,False,1,0.34356969664436904
7e4ce8d2-590d-40c7-8832-44035555588e,SHOP_038,BEN_00878,2025-12-18 18:21:36.322714,Kerosene,3,75.0,28.737713,77.199062,North Delhi,0,18449.0,18,True,False,False,False,False,1,0.2410838261521731
a42f6e57-48a4-4125-96c4-66d26ba54ca8,SHOP_038,BEN_00429,2025-12-20 09:46:00.322714,Sugar,1,20.0,28.737713,77.199062,North Delhi,0,141864.0,9,False,False,False,True,False,-1,0.7839939236144234
5feaa14b-5b62-464e-ac68-cffcd6b15065,SHOP_038,BEN_00274,2025-12-20 11:10:36.322714,Oil,2,100.0,28.737713,77.199062,North Delhi,0,5076.0,11,False,True,False,False,False,1,0.15040575040538467
240f6474-bc63-4e01-a22e-52e89dc07a5c,SHOP_038,BEN_00896,2025-12-20 14:41:13.322714,Rice,15,45.0,28.737713,77.199062,North Delhi,0,12637.0,14,False,False,True,False,False,1,0.14925308579098667
79133b6b-6b52-4b76-9be8-abf9d7dea3d8,SHOP_038,BEN_02564,2025-12-20 14:51:22.322714,Rice,19,57.0,28.737713,77.199062,North Delhi,0,609.0,14,False,False,True,False,False,1,0.3052102889898884
9eebe5e7-ef06-4bfc-8726-0c459b7d3651,SHOP_038,BEN_00158,2025-12-20 16:16:27.322714,Sugar,3,60.0,28.737713,77.199062,North Delhi,0,5105.0,16,False,False,False,True,False,1,0.13119008990446301
5097f5b5-34d9-4811-ab5b-7a1d34dc8a49,SHOP_038,BEN_00750,2025-12-21 08:00:38.322714,Oil,2,100.0,28.737713,77.199062,North Delhi,0,56651.0,8,False,True,False,False,False,1,0.3502576850630946
9e9b83cf-e673-40ba-9c69-b6d7ccefd6b0,SHOP_038,BEN_01822,2025-12-21 08:38:09.322714,Kerosene,2,50.0,28.737713,77.199062,North Delhi,0,2251.0,8,True,False,False,False,False,1,0.3959502678450658
e8d0e068-5852-48a5-b05b-41e48c4aec06,SHOP_038,BEN_02750,2025-12-21 12:26:17.322714,Wheat,17,34.0,28.737713,77.199062,North Delhi,0,13688.0,12,False,False,False,False,True,1,0.2438652979050992
6f0a2879-63c8-4148-8a8e-69a6dd7e1567,SHOP_038,BEN_01088,2025-12-21 14:07:36.322714,Oil,1,50.0,28.737713,77.199062,North Delhi,0,6079.0,14,False,True,False,False,False,1,0.11720019919907809
06da8c9e-e644-4d60-9128-20d8d03d533c,SHOP_038,BEN_02037,2025-12-21 14:45:45.322714,Wheat,18,36.0,28.737713,77.199062,North Delhi,0,2289.0,14,False,False,False,False,True,1,0.24340529748208073
3ea83586-8b17-42f7-b318-35e22b6be787,SHOP_038,BEN_00444,2025-12-21 15:11:08.322714,Sugar,1,20.0,28.737713,77.199062,North Delhi,0,1523.0,15,False,False,False,True,False,1,0.17007644103649922
912be23d-0d6e-46ca-b341-1ab0cd9d7379,SHOP_038,BEN_02175,2025-12-22 11:37:56.322714,Rice,12,36.0,28.737713,77.199062,North Delhi,0,73608.0,11,False,False,True,False,False,1,0.44802851033551505
8a3df9f3-b8ff-433e-a665-a4702b8adbf4,SHOP_038,BEN_01596,2025-12-22 13:52:48.322714,Rice,17,51.0,28.737713,77.199062,North Delhi,0,8092.0,13,False,False,True,False,False,1,0.19226188321323057
f02d697e-8d8b-4cad-acfc-4712197a6ab3,SHOP_038,BEN_01855,2025-12-23 08:28:39.322714,Wheat,13,26.0,28.737713,77.199062,North Delhi,0,66951.0,8,False,False,False,False,True,1,0.5679874968868249
2a273f09-e654-4e43-938f-bae46e0d6660,SHOP_038,BEN_00360,2025-12-23 10:41:28.322714,Kerosene,1,25.0,28.737713,77.199062,North Delhi,0,7969.0,10,True,False,False,False,False,1,0.2956283078988489
67d2e220-bf02-4a43-ab4a-d53873d58f69,SHOP_038,BEN_01491,2025-12-23 13:28:31.322714,Sugar,2,40.0,28.737713,77.199062,North Delhi,0,10023.0,13,False,False,False,True,False,1,0.10126342958612172
05ad4ec8-94af-4759-a61a-4d33918cdedd,SHOP_038,BEN_01884,2025-12-23 17:33:38.322714,Kerosene,3,75.0,28.737713,77.199062,North Delhi,0,14707.0,17,True,False,False,False,False,1,0.2010860640330887
0c477704-8ef1-4997-847a-c2273a4b1786,SHOP_038,BEN_01992,2025-12-23 19:17:26.322714,Sugar,1,20.0,28.737713,77.199062,North Delhi,0,6228.0,19,False,False,False,True,False,1,0.31236901591550104
6b234314-aef5-4e48-b123-7f852aadf265,SHOP_038,BEN_02025,2025-12-24 08:08:10.322714,Sugar,2,40.0,28.737713,77.199062,North Delhi,0,46244.0,8,False,False,False,True,False,1,0.3606928621210949
c01f26ab-f002-4a1a-8e0a-62a3eae21af0,SHOP_038,BEN_02490,2025-12-24 10:15:12.322714,Rice,20,60.0,28.737713,77.199062,North Delhi,0,7622.0,10,False,False,True,False,False,1,0.4610173776830816
756af2fc-b9aa-4e0e-8dbc-1253c46f6af9,SHOP_038,BEN_01855,2025-12-24 13:01:11.322714,Oil,1,50.0,28.737713,77.199062,North Delhi,0,9959.0,13,False,True,False,False,False,1,0.14561959035134603
d80866ab-0276-4d94-8426-967c2f290ef0,SHOP_038,BEN_00913,2025-12-24 17:19:49.322714,Sugar,2,40.0,28.737713,77.199062,North Delhi,0,15518.0,17,False,False,False,True,False,1,0.19241291685882023
a2520b3b-5d71-4f55-8d45-4f1b37090293,SHOP_038,BEN_02572,2025-12-25 08:23:14.322714,Sugar,3,60.0,28.737713,77.199062,North Delhi,0,54205.0,8,False,False,False,True,False,1,0.3928362022673072
22641b53-0ec4-4f40-8194-c68814c3787a,SHOP_038,BEN_00472,2025-12-25 08:40:08.322714,Rice,17,51.0,28.737713,77.199062,North Delhi,0,1014.0,8,False,False,True,False,False,1,0.46832825183505883
9f53a492-8b29-47e8-98dc-634967567dda,SHOP_038,BEN_00082,2025-12-25 08:56:43.322714,Kerosene,1,25.0,28.737713,77.199062,North Delhi,0,995.0,8,True,False,False,False,False,1,0.49896786555518263
ac1733d4-b641-49d6-bc5d-6e241992f639,SHOP_038,BEN_02840,2025-12-25 10:24:15.322714,Rice,19,57.0,28.737713,77.199062,North Delhi,0,5252.0,10,False,False,True,False,False,1,0.3725987204847087
209b87ab-f124-498f-8856-31e659ee9578,SHOP_038,BEN_02479,2025-12-25 10:40:51.322714,Kerosene,3,75.0,28.737713,77.199062,North Delhi,0,996.0,10,True,False,False,False,False,1,0.2863511487763553
4d46f119-d6f3-4b38-aa4a-2fd19e0f5b3a,SHOP_038,BEN_00687,2025-12-25 11:35:52.322714,Sugar,2,40.0,28.737713,77.199062,North Delhi,0,3301.0,11,False,False,False,True,False,1,0.15572804853009353
46795c32-a3d4-4355-ace9-ddb23e158bd1,SHOP_038,BEN_00946,2025-12-25 13:11:06.322714,Oil,1,50.0,28.737713,77.199062,North Delhi,0,5714.0,13,False,True,False,False,False,1,0.1423144446414339
53a62409-beb4-4575-b210-74ebeb6f9e65,SHOP_038,BEN_02741,2025-12-26 08:57:00.322714,Oil,1,50.0,28.737713,77.199062,North Delhi,0,71154.0,8,False,True,False,False,False,1,0.5149634333587806
17067d55-354a-4f9d-9a77-467d97dffe58,SHOP_038,BEN_01039,2025-12-26 10:06:06.322714,Sugar,1,20.0,28.737713,77.199062,North Delhi,0,4146.0,10,False,False,False,True,False,1,0.2542949897944215
8db03ed8-8152-4067-bad5-0c91f123a691,SHOP_038,BEN_02094,2025-12-26 11:43:04.322714,Kerosene,2,50.0,28.737713,77.199062,North Delhi,0,5818.0,11,True,False,False,False,False,1,0.19889935544101273
bab3d12a-768d-43b3-8775-c7a405a28f90,SHOP_038,BEN_02659,2025-12-26 14:47:50.322714,Rice,8,24.0,28.737713,77.199062,North Delhi,0,11086.0,14,False,False,True,False,False,1,0.17789648066947295
045c68f4-ea18-4959-92bb-3e053d257362,SHOP_038,BEN_00453,2025-12-26 16:53:56.322714,Wheat,14,28.0,28.737713,77.199062,North Delhi,0,7566.0,16,False,False,False,False,True,1,0.12198600597611764
938dedc6-ee01-4739-ad0e-83bf667c9b21,SHOP_038,BEN_02353,2025-12-26 17:06:11.322714,Wheat,20,40.0,28.737713,77.199062,North Delhi,0,735.0,17,False,False,False,False,True,1,0.4379164983817413
60b8b522-ee93-4acc-af33-95040add5f8c,SHOP_038,BEN_00123,2025-12-26 18:27:26.322714,Oil,1,50.0,28.737713,77.199062,North Delhi,0,4875.0,18,False,True,False,False,False,1,0.2110334640851983
8c70e7bb-fcf6-4660-a46e-7c4e596a3e50,SHOP_038,BEN_02017,2025-12-27 10:14:30.322714,Oil,2,100.0,28.737713,77.199062,North Delhi,0,56824.0,10,False,True,False,False,False,1,0.2935057488305896
16b10f39-d57a-457a-98f4-225746ef8732,SHOP_038,BEN_02796,2025-12-27 10:55:27.322714,Kerosene,3,75.0,28.737713,77.199062,North Delhi,0,2457.0,10,True,False,False,False,False,1,0.2503526000989353
2e75f3e2-3633-4d72-b41b-8976923fb9d4,SHOP_038,BEN_02517,2025-12-27 13:47:55.322714,Wheat,14,28.0,28.737713,77.199062,North Delhi,0,10348.0,13,False,False,False,False,True,1,0.11027205050730604
0dc15175-162e-4e19-862a-53db040dde77,SHOP_038,BEN_00559,2025-12-27 17:16:55.322714,Kerosene,2,50.0,28.737713,77.199062,North Delhi,0,12540.0,17,True,False,False,False,False,1,0.15665561535571138
57f5d649-12a5-46f4-b4e5-3cce42c090a0,SHOP_038,BEN_01509,2025-12-27 19:40:30.322714,Oil,1,50.0,28.737713,77.199062,North Delhi,0,8615.0,19,False,True,False,False,False,1,0.287463809642976
03982535-bd8c-4001-adcd-7be59c2fb0d4,SHOP_038,BEN_01283,2025-12-28 15:04:59.322714,Rice,16,48.0,28.737713,77.199062,North Delhi,0,69869.0,15,False,False,True,False,False,1,0.5134338050125623
18636edd-01d6-452f-9899-f1b570df5be0,SHOP_038,BEN_02968,2025-12-28 15:07:57.322714,Kerosene,2,50.0,28.737713,77.199062,North Delhi,0,178.0,15,True,False,False,False,False,1,0.15774862075789076
200ab28b-6224-49a4-a89c-dcf907146fcf,SHOP_038,BEN_00524,2025-12-28 15:11:03.322714,Rice,8,24.0,28.737713,77.199062,North Delhi,0,186.0,15,False,False,True,False,False,1,0.2563235723768357
20b92190-6ba2-4c69-be96-1662fb48357d,SHOP_038,BEN_01139,2025-12-28 19:45:08.322714,Oil,2,100.0,28.737713,77.199062,North Delhi,0,16445.0,19,False,True,False,False,False,1,0.3077433605478944
d5f3248b-17d5-41cf-a102-06c46a902e73,SHOP_038,BEN_01983,2025-12-29 08:22:01.322714,Wheat,10,20.0,28.737713,77.199062,North Delhi,0,45413.0,8,False,False,False,False,True,1,0.527461298637009
0f75077b-589e-47a9-91ec-9bd97e05b048,SHOP_038,BEN_00152,2025-12-29 15:51:53.322714,Wheat,19,38.0,28.737713,77.199062,North Delhi,0,26992.0,15,False,False,False,False,True,1,0.42293347748914434
f1f69e6a-654c-4e2c-81f6-62dc637401b4,SHOP_038,BEN_00304,2025-12-29 17:44:00.322714,Wheat,6,12.0,28.737713,77.199062,North Delhi,0,6727.0,17,False,False,False,False,True,1,0.23096367145695118
3e75cdaf-dda2-4293-9794-178e6888b5cc,SHOP_038,BEN_02771,2025-12-30 16:39:29.322714,Sugar,3,60.0,28.737713,77.199062,North Delhi,0,82529.0,16,False,False,False,True,False,1,0.5087025977457225
47cfc0c2-318f-425a-97c4-e052bd28d82c,SHOP_038,BEN_00242,2025-12-31 11:29:30.322714,Rice,18,54.0,28.737713,77.199062,North Delhi,0,67801.0,11,False,False,True,False,False,1,0.4479918009041283
17010b8e-cdb3-4794-b8c8-91abb823562e,SHOP_038,BEN_00223,2026-01-01 03:22:15.322714,Rice,7,21.0,28.737713,77.199062,North Delhi,1,57165.0,3,False,False,True,False,False,-1,0.7026623798903852
9665e416-dca1-4a34-8793-be0e947bda5f,SHOP_038,BEN_01107,2026-01-01 14:06:44.322714,Wheat,18,36.0,28.737713,77.199062,North Delhi,0,38669.0,14,False,False,False,False,True,1,0.5008620930232491
ab2782a3-8de4-4fd0-9cc3-b529e864ac13,SHOP_038,BEN_02370,2026-01-01 16:38:27.322714,Wheat,6,12.0,28.737713,77.199062,North Delhi,0,9103.0,16,False,False,False,False,True,1,0.20343531484211236
1192e21c-9cf9-450a-ac69-e9fceeb2fb89,SHOP_038,BEN_01965,2026-01-01 16:40:43.322714,Oil,2,100.0,28.737713,77.199062,North Delhi,0,136.0,16,False,True,False,False,False,1,0.11325519327695116
5dce2f36-dc5e-46b8-af0c-333d64c838f7,SHOP_038,BEN_00518,2026-01-02 11:46:20.322714,Wheat,7,14.0,28.737713,77.199062,North Delhi,0,68737.0,11,False,False,False,False,True,1,0.47263417538047914
bb380eb9-410b-448b-8092-3d5c426265ab,SHOP_038,BEN_01070,2026-01-02 12:57:51.322714,Rice,5,15.0,28.737713,77.199062,North Delhi,0,4291.0,12,False,False,True,False,False,1,0.2132675136804385
101efd39-2203-4e06-8b7e-12537d86ed59,SHOP_038,BEN_02336,2026-01-02 12:59:30.322714,Kerosene,1,25.0,28.737713,77.199062,North Delhi,0,99.0,12,True,False,False,False,False,1,0.26021133802559593
ffaa69a2-840b-4038-9722-bfc6c208c757,SHOP_038,BEN_02420,2026-01-02 14:52:27.322714,Oil,1,50.0,28.737713,77.199062,North Delhi,0,6777.0,14,False,True,False,False,False,1,0.1008011022420473
219029a0-1953-479a-a33e-e05c8f64f1fd,SHOP_038,BEN_01613,2026-01-02 15:51:40.322714,Oil,1,50.0,28.737713,77.199062,North Delhi,0,3553.0,15,False,True,False,False,False,1,0.07620626753692417
9b5af08b-1c5b-4004-9b7e-b9afb3a67d3d,SHOP_038,BEN_02560,2026-01-02 18:50:29.322714,Kerosene,2,50.0,28.737713,77.199062,North Delhi,0,10729.0,18,True,False,False,False,False,1,0.17411356791626692
b6742d57-4739-450f-b44f-535b2d22ef19,SHOP_038,BEN_02831,2026-01-02 19:59:20.322714,Sugar,3,60.0,28.737713,77.199062,North Delhi,0,4131.0,19,False,False,False,True,False,1,0.3293249425636793
c3460092-d641-43ee-95fa-03a592835317,SHOP_038,BEN_01291,2026-01-03 09:42:31.322714,Oil,2,100.0,28.737713,77.199062,North Delhi,0,49391.0,9,False,True,False,False,False,1,0.27975475413587386
51d5ea51-6e9d-4f95-8ad3-248a770783ab,SHOP_038,BEN_00358,2026-01-03 10:59:41.322714,Oil,1,50.0,28.737713,77.199062,North Delhi,0,4630.0,10,False,True,False,False,False,1,0.18429728158779135
a9db9600-ac6a-4893-9cb7-9d7196a08a1f,SHOP_038,BEN_00044,2026-01-03 12:35:23.322714,Sugar,3,60.0,28.737713,77.199062,North Delhi,0,5742.0,12,False,False,False,True,False,1,0.1727926627588427
c3d6f7d0-0d06-4bff-819c-9e2415f6a56b,SHOP_038,BEN_00256,2026-01-03 12:51:49.322714,Wheat,5,10.0,28.737713,77.199062,North Delhi,0,986.0,12,False,False,False,False,True,1,0.34917096475003573
be15ed97-b503-4077-8d69-5391652f8bd2,SHOP_038,BEN_00353,2026-01-03 13:18:31.322714,Sugar,3,60.0,28.737713,77.199062,North Delhi,0,1602.0,13,False,False,False,True,False,1,0.1653108302866303
ff2bf1a4-dd3c-4d48-9bb6-43ec71fb50d7,SHOP_038,BEN_01227,2026-01-03 14:59:21.322714,Kerosene,2,50.0,28.737713,77.199062,North Delhi,0,6050.0,14,True,False,False,False,False,1,0.10885790358674058
5d429b2d-37cc-4c82-bec7-b790e4d7062a,SHOP_038,BEN_02107,2026-01-03 15:47:38.322714,Wheat,10,20.0,28.737713,77.199062,North Delhi,0,2897.0,15,False,False,False,False,True,1,0.1408322672852796
ea3344cd-b49b-4d5f-9865-f4db8e1ac395,SHOP_038,BEN_00506,2026-01-03 16:00:18.322714,Sugar,2,40.0,28.737713,77.199062,North Delhi,0,760.0,16,False,False,False,True,False,1,0.13148412417031535
af5ba5ec-8264-43d2-9292-5c0b593a7a58,SHOP_038,BEN_02806,2026-01-03 17:11:39.322714,Oil,2,100.0,28.737713,77.199062,North Delhi,0,4281.0,17,False,True,False,False,False,1,0.09090272081653977
4254a095-2a68-4472-9c0c-d3fbb2e64a2f,SHOP_038,BEN_02248,2026-01-03 19:28:35.322714,Kerosene,3,75.0,28.737713,77.199062,North Delhi,0,8216.0,19,True,False,False,False,False,1,0.2792299994191452
2210c25d-9186-4cc7-9cfa-4a9253345498,SHOP_038,BEN_02653,2026-01-04 18:00:03.322714,Sugar,3,60.0,28.737713,77.199062,North Delhi,0,81088.0,18,False,False,False,True,False,-1,0.5935087106609177
f6993649-2673-4162-9b95-31e9a8325554,SHOP_038,BEN_00875,2026-01-04 19:15:44.322714,Rice,9,27.0,28.737713,77.199062,North Delhi,0,4541.0,19,False,False,True,False,False,1,0.3223267250019171
f74555d3-659b-44e5-8ed4-68fca8e68435,SHOP_038,BEN_01669,2026-01-05 09:37:38.322714,Oil,2,100.0,28.737713,77.199062,North Delhi,0,51714.0,9,False,True,False,False,False,1,0.26167805168646974
8e72e8b9-961d-4263-a929-a8ce0fb8df73,SHOP_038,BEN_00924,2026-01-05 10:02:23.322714,Rice,13,39.0,28.737713,77.199062,North Delhi,0,1485.0,10,False,False,True,False,False,1,0.2494651093208154
ae910ed5-93af-4199-bbbf-ca6629d445fc,SHOP_038,BEN_01293,2026-01-07 08:13:11.322714,Oil,1,50.0,28.737713,77.199062,North Delhi,0,166248.0,8,False,True,False,False,False,-1,0.8327426602534376
3d73f0dd-17c8-4984-8182-48f57587ac6b,SHOP_038,BEN_02488,2026-01-07 12:38:17.322714,Rice,13,39.0,28.737713,77.199062,North Delhi,0,15906.0,12,False,False,True,False,False,1,0.19290429807371928
ee418093-3479-41f7-8932-0ace3e3fc1de,SHOP_038,BEN_00299,2026-01-07 13:29:48.322714,Rice,16,48.0,28.737713,77.199062,North Delhi,0,3091.0,13,False,False,True,False,False,1,0.18494657923818575
0b5cdb69-c30b-4c72-ada9-a3f123d90334,SHOP_038,BEN_01507,2026-01-07 14:02:46.322714,Sugar,1,20.0,28.737713,77.199062,North Delhi,0,1978.0,14,False,False,False,True,False,1,0.12711092790739698
36112a7d-4b74-4ded-9963-7720ca94f91e,SHOP_038,BEN_00785,2026-01-08 08:20:36.322714,Sugar,2,40.0,28.737713,77.199062,North Delhi,0,65870.0,8,False,False,False,True,False,1,0.3934085983548853
76559145-5388-4851-97e1-94f78c2e0c74,SHOP_038,BEN_02899,2026-01-08 11:41:23.322714,Rice,19,57.0,28.737713,77.199062,North Delhi,0,12047.0,11,False,False,True,False,False,1,0.33978558369059775
28193b40-7492-4548-a3b3-44393de48b32,SHOP_038,BEN_00756,2026-01-08 12:30:12.322714,Oil,2,100.0,28.737713,77.199062,North Delhi,0,2929.0,12,False,True,False,False,False,1,0.11565066144443936
affebf45-d5a7-4ce0-a851-dd8b51002f61,SHOP_038,BEN_00115,2026-01-08 13:37:15.322714,Oil,2,100.0,28.737713,77.199062,North Delhi,0,4023.0,13,False,True,False,False,False,1,0.08067471166027984
fca47ce4-f4da-4104-9793-daaca6ef24c0,SHOP_038,BEN_02608,2026-01-09 14:06:24.322714,Sugar,1,20.0,28.737713,77.199062,North Delhi,0,88149.0,14,False,False,False,True,False,1,0.5236373956392881
6c3b2328-7e82-495e-b3d0-4acaff8f0605,SHOP_038,BEN_01685,2026-01-09 14:07:00.322714,Sugar,2,40.0,28.737713,77.199062,North Delhi,0,36.0,14,False,False,False,True,False,1,0.10880712073203663
6110e74f-79a9-4a46-ac2a-2e4e724379c7,SHOP_038,BEN_02391,2026-01-09 14:23:28.322714,Sugar,3,60.0,28.737713,77.199062,North Delhi,0,988.0,14,False,False,False,True,False,1,0.15523434193363578
67398ba2-a1f1-4e47-9d4d-f6ce58af3d81,SHOP_038,BEN_00612,2026-01-09 18:14:41.322714,Oil,1,50.0,28.737713,77.199062,North Delhi,0,13873.0,18,False,True,False,False,False,1,0.22963652180227295
2b3fbdb3-2b4c-4b79-adb5-ed6e4caa2e53,SHOP_038,BEN_02972,2026-01-09 18:42:28.322714,Kerosene,1,25.0,28.737713,77.199062,North Delhi,0,1667.0,18,True,False,False,False,False,1,0.2539016536696541
c9ec9572-df3a-46d1-8b61-d581fa20957b,SHOP_038,BEN_02506,2026-01-10 14:54:13.322714,Oil,1,50.0,28.737713,77.199062,North Delhi,0,72705.0,14,False,True,False,False,False,1,0.5350599287005601
f7a298d7-6401-4ec4-82a4-811b1a00cfbf,SHOP_038,BEN_00461,2026-01-11 14:34:17.322714,Kerosene,2,50.0,28.737713,77.199062,North Delhi,0,85204.0,14,True,False,False,False,False,1,0.5144219316048732
fb1a2578-ee62-43c5-91c4-5cc26d459ec6,SHOP_038,BEN_01907,2026-01-11 15:26:44.322714,Kerosene,3,75.0,28.737713,77.199062,North Delhi,0,3147.0,15,True,False,False,False,False,1,0.15070924129625185
ca0f0375-3f05-4b2b-8507-d5c545cb499b,SHOP_038,BEN_02534,2026-01-12 12:13:16.322714,Rice,14,42.0,28.737713,77.199062,North Delhi,0,74792.0,12,False,False,True,False,False,1,0.4725417579632546
90d4de57-ca48-41d5-a8a0-0c4f5cdeae38,SHOP_038,BEN_00522,2026-01-13 11:29:50.322714,Rice,7,21.0,28.737713,77.199062,North Delhi,0,83794.0,11,False,False,True,False,False,1,0.5142671966255901
1dade92f-648e-40e3-a547-6c113c2dbe20,SHOP_038,BEN_01721,2026-01-14 10:50:04.322714,Oil,2,100.0,28.737713,77.199062,North Delhi,0,84014.0,10,False,True,False,False,False,1,0.46721510806238126
8492534b-e703-4aae-826f-2f6e18ed1e69,SHOP_038,BEN_02069,2026-01-14 11:04:48.322714,Sugar,3,60.0,28.737713,77.199062,North Delhi,0,884.0,11,False,False,False,True,False,1,0.26164894409640493
9829745d-2deb-4f4a-a555-81c0c5f4e962,SHOP_038,BEN_00731,2026-01-14 11:55:17.322714,Rice,6,18.0,28.737713,77.199062,North Delhi,0,3029.0,11,False,False,True,False,False,1,0.22734935388200023
e5ee672f-c617-4726-9c94-6db468757e1e,SHOP_038,BEN_01478,2026-01-14 15:41:11.322714,Oil,2,100.0,28.737713,77.199062,North Delhi,0,13554.0,15,False,True,False,False,False,1,0.06544096818706802
29cf7e0c-129a-4494-9706-d54e5a205f54,SHOP_039,BEN_01045,2025-12-16 17:21:49.322714,Wheat,7,14.0,28.707365,77.109479,Rohini,0,9999.0,17,False,False,False,False,True,1,0.21247145557047814
5df71c81-360c-4929-b1a2-a7adb2e6fa75,SHOP_039,BEN_02007,2025-12-16 18:26:15.322714,Wheat,8,16.0,28.707365,77.109479,Rohini,0,3866.0,18,False,False,False,False,True,1,0.25984695202596136
7ddb5547-1840-453e-8f8f-f17fc7441982,SHOP_039,BEN_01012,2025-12-17 14:49:00.322714,Wheat,5,10.0,28.707365,77.109479,Rohini,0,73365.0,14,False,False,False,False,True,-1,0.6096415483527008
89f413a8-2b13-4d01-920f-dfa7d7890c46,SHOP_039,BEN_01315,2025-12-17 16:09:23.322714,Rice,6,18.0,28.707365,77.109479,Rohini,0,4823.0,16,False,False,True,False,False,1,0.19077531956243293
1ba72f1c-cbc3-45a0-b253-17db0dad97fd,SHOP_039,BEN_02833,2025-12-18 08:04:28.322714,Wheat,9,18.0,28.707365,77.109479,Rohini,0,57305.0,8,False,False,False,False,True,1,0.5766509339370366
eee0f191-0289-45f1-84ec-1b820b371695,SHOP_039,BEN_02251,2025-12-18 16:36:22.322714,Wheat,10,20.0,28.707365,77.109479,Rohini,0,30714.0,16,False,False,False,False,True,1,0.3970928913874937
adf93365-495e-4b54-bf6e-5485fce8e6f8,SHOP_039,BEN_02451,2025-12-19 18:23:27.322714,Rice,18,54.0,28.707365,77.109479,Rohini,0,92825.0,18,False,False,True,False,False,-1,0.7298800634849001
6737cdb4-658c-4473-bc23-e59ee19b73b7,SHOP_039,BEN_01881,2025-12-20 11:53:22.322714,Sugar,3,60.0,28.707365,77.109479,Rohini,0,62995.0,11,False,False,False,True,False,1,0.30605998918725175
dfee3d95-6fa4-4998-ae35-296c348b4328,SHOP_039,BEN_00572,2025-12-20 13:35:50.322714,Kerosene,3,75.0,28.707365,77.109479,Rohini,0,6148.0,13,True,False,False,False,False,1,0.17762813914357334
1108545e-76d4-4613-9da7-ba941064c799,SHOP_039,BEN_01920,2025-12-20 14:00:13.322714,Oil,1,50.0,28.707365,77.109479,Rohini,0,1463.0,14,False,True,False,False,False,1,0.14085589970618018
a2391db8-092c-40e9-9fd0-6f05ea55fdf7,SHOP_039,BEN_00617,2025-12-20 18:19:22.322714,Wheat,19,38.0,28.707365,77.109479,Rohini,0,15549.0,18,False,False,False,False,True,1,0.4054113865171519
449cf8aa-a0f8-4c5b-b0e5-fc8502663323,SHOP_039,BEN_01120,2025-12-21 08:23:43.322714,Kerosene,1,25.0,28.707365,77.109479,Rohini,0,50661.0,8,True,False,False,False,False,1,0.4795791653962617
30087ae1-8a5e-4f5c-a649-7ecdfa24843a,SHOP_039,BEN_00022,2025-12-21 08:34:29.322714,Wheat,13,26.0,28.707365,77.109479,Rohini,0,646.0,8,False,False,False,False,True,1,0.5240701738574212
6dddd207-4738-4ae3-aa76-e8359ba926a6,SHOP_039,BEN_00593,2025-12-21 11:32:01.322714,Rice,5,15.0,28.707365,77.109479,Rohini,0,10652.0,11,False,False,True,False,False,1,0.28936189699063136
a5a857cc-ab76-47f3-a881-c49050e2b40b,SHOP_039,BEN_00281,2025-12-21 19:10:19.322714,Kerosene,3,75.0,28.707365,77.109479,Rohini,0,27498.0,19,True,False,False,False,False,1,0.41253570408817786
cb6c786c-fbaa-425f-90ac-dd5a732b4d07,SHOP_039,BEN_01378,2025-12-21 19:29:29.322714,Wheat,6,12.0,28.707365,77.109479,Rohini,0,1150.0,19,False,False,False,False,True,1,0.4153914825328422
a2e7b15b-75e8-41ed-bdc3-5d918fdae4a9,SHOP_039,BEN_01962,2025-12-22 13:13:23.322714,Sugar,2,40.0,28.707365,77.109479,Rohini,0,63834.0,13,False,False,False,True,False,1,0.27063694017180034
2ed7613c-e1db-4404-959d-24a36110486e,SHOP_039,BEN_01957,2025-12-22 16:15:12.322714,Kerosene,2,50.0,28.707365,77.109479,Rohini,0,10909.0,16,True,False,False,False,False,1,0.1135055386497198
a3228998-23ce-4ffb-a869-43fb31b2c994,SHOP_039,BEN_00374,2025-12-23 03:55:27.322714,Kerosene,2,50.0,28.707365,77.109479,Rohini,1,42015.0,3,True,False,False,False,False,-1,0.6218844646600761
ce1210d3-326e-423f-871a-baed81d38df6,SHOP_039,BEN_01244,2025-12-23 09:36:51.322714,Sugar,2,40.0,28.707365,77.109479,Rohini,0,20484.0,9,False,False,False,True,False,1,0.34589020859286923
54a078db-3593-4717-a24e-44b0198711c1,SHOP_039,BEN_01277,2025-12-23 12:55:40.322714,Oil,2,100.0,28.707365,77.109479,Rohini,0,11929.0,12,False,True,False,False,False,1,0.14747647953923088
923a2365-30e6-4186-b964-07db063090cf,SHOP_039,BEN_01038,2025-12-23 13:28:13.322714,Kerosene,1,25.0,28.707365,77.109479,Rohini,0,1953.0,13,True,False,False,False,False,1,0.18241057948504846
9d1db14a-7d8a-4393-a1bc-8ffd46145141,SHOP_039,BEN_02160,2025-12-23 15:52:47.322714,Sugar,3,60.0,28.707365,77.109479,Rohini,0,8674.0,15,False,False,False,True,False,1,0.10326568231154787
7935c121-f2c6-4997-bb2c-4917445a6986,SHOP_039,BEN_01001,2025-12-23 17:38:35.322714,Rice,16,48.0,28.707365,77.109479,Rohini,0,6348.0,17,False,False,True,False,False,1,0.19448217527866496
bd24b51e-79ea-4672-a3e0-5f951eb5f85a,SHOP_039,BEN_00314,2025-12-24 15:53:05.322714,Sugar,1,20.0,28.707365,77.109479,Rohini,0,80070.0,15,False,False,False,True,False,1,0.4925531246530117
ba7d8ee4-cac5-4628-8fde-2ca295aa0421,SHOP_039,BEN_01244,2025-12-25 11:50:50.322714,Oil,2,100.0,28.707365,77.109479,Rohini,0,71865.0,11,False,True,False,False,False,1,0.4256847040936791
54cdc5fc-e4ed-48c8-ae96-d45dc061a78a,SHOP_039,BEN_02019,2025-12-25 12:00:42.322714,Oil,1,50.0,28.707365,77.109479,Rohini,0,592.0,12,False,True,False,False,False,1,0.1685955551535087
12cf13fd-924e-44e2-b227-ba5e03644ea8,SHOP_039,BEN_02364,2025-12-25 15:57:25.322714,Wheat,19,38.0,28.707365,77.109479,Rohini,0,14203.0,15,False,False,False,False,True,1,0.2750868010217087
bb5b2b3b-9048-491f-90ba-6690b80cbe93,SHOP_039,BEN_02217,2025-12-26 11:03:22.322714,Wheat,9,18.0,28.707365,77.109479,Rohini,0,68757.0,11,False,False,False,False,True,1,0.4735018573710914
28916357-a55c-46d7-94ff-79eaecf6b7db,SHOP_039,BEN_01737,2025-12-26 11:21:26.322714,Oil,2,100.0,28.707365,77.109479,Rohini,0,1084.0,11,False,True,False,False,False,1,0.18887170379391327
ad7f8c0e-6996-49f4-b547-2a23a6ef7b1b,SHOP_039,BEN_01757,2025-12-26 14:38:45.322714,Oil,1,50.0,28.707365,77.109479,Rohini,0,11839.0,14,False,True,False,False,False,1,0.13621193772966855
ce5024c7-ea15-4571-8b3d-e003176835b1,SHOP_039,BEN_01853,2025-12-26 17:55:51.322714,Oil,1,50.0,28.707365,77.109479,Rohini,0,11826.0,17,False,True,False,False,False,1,0.18430588172462242
e3b06017-5b5f-4dcf-a5ea-c74fbe53fd1e,SHOP_039,BEN_02214,2025-12-26 17:59:37.322714,Wheat,7,14.0,28.707365,77.109479,Rohini,0,226.0,17,False,False,False,False,True,1,0.29809179841112426
617d9d5f-f8f8-4fbc-87f6-c0a52c0ae1b5,SHOP_039,BEN_01304,2025-12-27 18:48:45.322714,Kerosene,2,50.0,28.707365,77.109479,Rohini,0,89348.0,18,True,False,False,False,False,-1,0.6147039793202587
e79b0149-2f13-4ea7-9ec7-d3f62c10ab74,SHOP_039,BEN_00351,2025-12-27 19:46:04.322714,Wheat,7,14.0,28.707365,77.109479,Rohini,0,3439.0,19,False,False,False,False,True,1,0.3416020347272035
0dd689d6-baad-414b-84a1-3a8032ca92e3,SHOP_039,BEN_02991,2025-12-28 10:33:30.322714,Kerosene,3,75.0,28.707365,77.109479,Rohini,0,53246.0,10,True,False,False,False,False,1,0.3503196493160511
10a018ac-7875-45f7-a813-20e47df6088b,SHOP_039,BEN_00244,2025-12-28 18:26:07.322714,Oil,2,100.0,28.707365,77.109479,Rohini,0,28357.0,18,False,True,False,False,False,1,0.34122446859787947
79ce9a5a-d0af-47a6-9a11-f7e48d0db000,SHOP_039,BEN_00118,2025-12-29 11:01:24.322714,Sugar,2,40.0,28.707365,77.109479,Rohini,0,59717.0,11,False,False,False,True,False,1,0.22922099572009502
5683360c-823b-4cd6-8987-42b930394f51,SHOP_039,BEN_01938,2025-12-29 16:14:14.322714,Kerosene,3,75.0,28.707365,77.109479,Rohini,0,18770.0,16,True,False,False,False,False,1,0.19784745416672334
b6a225c9-93bd-4897-9af3-0e5b94424af4,SHOP_039,BEN_02236,2025-12-29 16:17:44.322714,Kerosene,3,75.0,28.707365,77.109479,Rohini,0,210.0,16,True,False,False,False,False,1,0.20682094639553544
c498418d-eb80-4048-9d15-b9b00d261b24,SHOP_039,BEN_01486,2025-12-30 18:20:52.322714,Oil,1,50.0,28.707365,77.109479,Rohini,0,93788.0,18,False,True,False,False,False,-1,0.7567674145962351
7a3e4353-ffc8-4bcb-bb5f-017889bdc818,SHOP_039,BEN_02425,2025-12-30 18:25:23.322714,Oil,2,100.0,28.707365,77.109479,Rohini,0,271.0,18,False,True,False,False,False,1,0.22255910998811634
5f0a4121-4b8c-4dfd-8f1d-ed1c0d9671c0,SHOP_039,BEN_02747,2025-12-31 08:12:21.322714,Sugar,3,60.0,28.707365,77.109479,Rohini,0,49618.0,8,False,False,False,True,False,1,0.3924761568878573
8855845d-3d0b-4390-b13c-3f6bcb349855,SHOP_039,BEN_02818,2025-12-31 09:26:00.322714,Sugar,2,40.0,28.707365,77.109479,Rohini,0,4419.0,9,False,False,False,True,False,1,0.31615576686829
4406d9f7-0af5-4640-9aa0-3ffbecd89548,SHOP_039,BEN_01105,2025-12-31 09:59:36.322714,Oil,2,100.0,28.707365,77.109479,Rohini,0,2016.0,9,False,True,False,False,False,1,0.27941391289643575
660af6cd-9b77-4387-b668-3de46845fe9c,SHOP_039,BEN_02401,2025-12-31 10:48:04.322714,Kerosene,3,75.0,28.707365,77.109479,Rohini,0,2908.0,10,True,False,False,False,False,1,0.25559403464238245
ca772108-a88d-47e4-8ae2-9a8382e76d61,SHOP_039,BEN_00827,2025-12-31 11:18:25.322714,Sugar,1,20.0,28.707365,77.109479,Rohini,0,1821.0,11,False,False,False,True,False,1,0.21832964634963775
fbc445fc-0b97-4ca7-85c4-6e4c8f402104,SHOP_039,BEN_00193,2025-12-31 13:36:42.322714,Wheat,19,38.0,28.707365,77.109479,Rohini,0,8297.0,13,False,False,False,False,True,1,0.26158239896724095
b3abb9ad-e89a-494b-ba04-e41b2ac01be8,SHOP_039,BEN_00790,2026-01-01 10:22:48.322714,Wheat,20,40.0,28.707365,77.109479,Rohini,0,74766.0,10,False,False,False,False,True,-1,0.6024932476423185
68b1e124-97d8-4fe9-b056-bcefe93d8256,SHOP_039,BEN_00388,2026-01-01 13:52:43.322714,Oil,1,50.0,28.707365,77.109479,Rohini,0,12595.0,13,False,True,False,False,False,1,0.16070887351965724
a2a2234a-d023-497b-adfb-44aa2f928ed0,SHOP_039,BEN_00885,2026-01-01 16:26:33.322714,Sugar,1,20.0,28.707365,77.109479,Rohini,0,9230.0,16,False,False,False,True,False,1,0.1406652417889237
232d513b-1323-4ffb-90f5-a2bd787eaa7f,SHOP_039,BEN_01112,2026-01-01 19:04:33.322714,Sugar,3,60.0,28.707365,77.109479,Rohini,0,9480.0,19,False,False,False,True,False,1,0.32405202564926056
d06419f8-10fb-4ca1-95e2-69c0f4ed771d,SHOP_039,BEN_00820,2026-01-02 09:38:45.322714,Sugar,3,60.0,28.707365,77.109479,Rohini,0,52452.0,9,False,False,False,True,False,1,0.3289148582949047
4949298d-a389-45c5-b31e-bf031d842b97,SHOP_039,BEN_01360,2026-01-02 12:44:17.322714,Kerosene,2,50.0,28.707365,77.109479,Rohini,0,11132.0,12,True,False,False,False,False,1,0.18278541816904403
7c5a89ca-8034-4132-8164-70d925bf669a,SHOP_039,BEN_00207,2026-01-02 17:18:35.322714,Oil,2,100.0,28.707365,77.109479,Rohini,0,16458.0,17,False,True,False,False,False,1,0.14414381319567865
6611abc0-9434-43a6-9e8f-fb31f05d6ef4,SHOP_039,BEN_02362,2026-01-03 14:34:56.322714,Oil,2,100.0,28.707365,77.109479,Rohini,0,76581.0,14,False,True,False,False,False,1,0.47422413914979045
8502ec08-a21e-4e6c-ae9d-6964afdb2a60,SHOP_039,BEN_00707,2026-01-03 14:43:17.322714,Oil,1,50.0,28.707365,77.109479,Rohini,0,501.0,14,False,True,False,False,False,1,0.14604629025959998
18360f54-4843-403a-bc8a-cef1f962f51e,SHOP_039,BEN_00138,2026-01-03 17:08:05.322714,Rice,16,48.0,28.707365,77.109479,Rohini,0,8688.0,17,False,False,True,False,False,1,0.20915837469662768
2147cc8a-3ce6-43e8-acc7-5a3aa71d9a98,SHOP_039,BEN_00419,2026-01-04 08:35:28.322714,Oil,1,50.0,28.707365,77.109479,Rohini,0,55643.0,8,False,True,False,False,False,1,0.39210796054282115
63348baf-3d0b-46cf-9223-a56f2e5bcfce,SHOP_039,BEN_01003,2026-01-04 10:47:20.322714,Sugar,1,20.0,28.707365,77.109479,Rohini,0,7912.0,10,False,False,False,True,False,1,0.28031371392026233
eb9e14b1-2fcc-45bc-814a-9a44504783dd,SHOP_039,BEN_00588,2026-01-04 11:02:41.322714,Oil,2,100.0,28.707365,77.109479,Rohini,0,921.0,11,False,True,False,False,False,1,0.18728143829154087
252bb390-7a5c-44e9-97ac-7bdae7722e47,SHOP_039,BEN_00815,2026-01-04 15:08:37.322714,Wheat,7,14.0,28.707365,77.109479,Rohini,0,14756.0,15,False,False,False,False,True,1,0.18470458106986076
e0a40fdf-d416-4467-b488-c1e7cd3414a2,SHOP_039,BEN_00163,2026-01-04 15:36:06.322714,Wheat,7,14.0,28.707365,77.109479,Rohini,0,1649.0,15,False,False,False,False,True,1,0.18995816294047085
b7ff8c88-f6ed-4c16-ad58-ccd7603c71b7,SHOP_039,BEN_00167,2026-01-04 18:39:41.322714,Rice,12,36.0,28.707365,77.109479,Rohini,0,11015.0,18,False,False,True,False,False,1,0.23370931232409686
302c021f-feba-4f6c-b417-dbfa7f881d2b,SHOP_039,BEN_02513,2026-01-05 11:15:18.322714,Rice,14,42.0,28.707365,77.109479,Rohini,0,59737.0,11,False,False,True,False,False,1,0.3711154503267044
f64afcb5-c6f9-4d0a-af45-05d83ba44987,SHOP_039,BEN_01854,2026-01-05 11:17:28.322714,Kerosene,1,25.0,28.707365,77.109479,Rohini,0,130.0,11,True,False,False,False,False,1,0.3172087870319382
f0090fee-f3e4-4e06-9bc6-ca2806f58d72,SHOP_039,BEN_00718,2026-01-05 12:04:57.322714,Sugar,3,60.0,28.707365,77.109479,Rohini,0,2849.0,12,False,False,False,True,False,1,0.1619295296186528
88e179eb-aef6-4912-9582-f69c27741090,SHOP_039,BEN_02233,2026-01-06 09:33:03.322714,Kerosene,3,75.0,28.707365,77.109479,Rohini,0,77286.0,9,True,False,False,False,False,1,0.5244100083345584
95862f64-3628-49e3-babb-b990dcfcef0a,SHOP_039,BEN_00708,2026-01-06 11:05:07.322714,Wheat,13,26.0,28.707365,77.109479,Rohini,0,5524.0,11,False,False,False,False,True,1,0.20533747869183128
85e21750-0b3b-463c-91ff-c8f23e971351,SHOP_039,BEN_00479,2026-01-07 10:47:27.322714,Rice,19,57.0,28.707365,77.109479,Rohini,0,85340.0,10,False,False,True,False,False,-1,0.6340886879129216
04129f99-d66f-4df8-b55c-8b225ba6adab,SHOP_039,BEN_01870,2026-01-07 13:28:56.322714,Oil,2,100.0,28.707365,77.109479,Rohini,0,9689.0,13,False,True,False,False,False,1,0.08877300375072777
e0434090-5f9a-426f-be1c-f9d68271efcc,SHOP_039,BEN_01067,2026-01-07 13:33:14.322714,Oil,2,100.0,28.707365,77.109479,Rohini,0,258.0,13,False,True,False,False,False,1,0.16332489860354016
7873574d-bb85-45c6-a98a-efb627f756e3,SHOP_039,BEN_02721,2026-01-07 14:26:57.322714,Rice,8,24.0,28.707365,77.109479,Rohini,0,3223.0,14,False,False,True,False,False,1,0.17343438767901276
b9efa16e-f0ce-4521-ab12-19f18d444c0d,SHOP_039,BEN_02036,2026-01-07 19:31:02.322714,Wheat,18,36.0,28.707365,77.109479,Rohini,0,18245.0,19,False,False,False,False,True,1,0.4470778583373819
831c1ad0-30eb-447a-ad39-aa9c75fa77c8,SHOP_039,BEN_02123,2026-01-08 08:52:33.322714,Rice,18,54.0,28.707365,77.109479,Rohini,0,48091.0,8,False,False,True,False,False,1,0.504573654148998
1fba48bf-e0c5-4caa-bfea-0fd79daca700,SHOP_039,BEN_00814,2026-01-08 09:26:36.322714,Oil,1,50.0,28.707365,77.109479,Rohini,0,2043.0,9,False,True,False,False,False,1,0.29422224173068234
ef0ae3a4-94a6-40b2-b6dd-eee95dda3842,SHOP_039,BEN_00713,2026-01-08 12:35:16.322714,Wheat,9,18.0,28.707365,77.109479,Rohini,0,11320.0,12,False,False,False,False,True,1,0.194268942971061
82110714-5b89-42e8-9a7e-82a5873deb49,SHOP_039,BEN_00864,2026-01-10 13:44:59.322714,Wheat,12,24.0,28.707365,77.109479,Rohini,0,176983.0,13,False,False,False,False,True,-1,0.93212958046865
bacbd0ee-f21e-4cc7-aeeb-f6ab01de6469,SHOP_039,BEN_00389,2026-01-10 19:31:59.322714,Rice,19,57.0,28.707365,77.109479,Rohini,0,20820.0,19,False,False,True,False,False,1,0.49633214696618777
2962896b-ef16-485d-9c60-fa0b611f10ac,SHOP_039,BEN_00575,2026-01-10 19:59:03.322714,Oil,1,50.0,28.707365,77.109479,Rohini,0,1624.0,19,False,True,False,False,False,1,0.30983428092820425
e0e55855-7ff1-4b58-a8a9-9c1b762553b1,SHOP_039,BEN_01104,2026-01-11 10:08:11.322714,Rice,6,18.0,28.707365,77.109479,Rohini,0,50948.0,10,False,False,True,False,False,1,0.3380917579079482
bc4de53c-e413-42d6-a245-eca36e445bb5,SHOP_039,BEN_01861,2026-01-11 11:10:37.322714,Oil,1,50.0,28.707365,77.109479,Rohini,0,3746.0,11,False,True,False,False,False,1,0.16789298548123271
23503099-a669-4353-bc88-12f4a0881c08,SHOP_039,BEN_02887,2026-01-11 11:34:33.322714,Sugar,2,40.0,28.707365,77.109479,Rohini,0,1436.0,11,False,False,False,True,False,1,0.18959828598040368
6bd15faa-0840-4921-ba8c-182299f8be6b,SHOP_039,BEN_00467,2026-01-11 13:40:59.322714,Sugar,1,20.0,28.707365,77.109479,Rohini,0,7586.0,13,False,False,False,True,False,1,0.11766985923632423
d007f27e-c522-4cc4-b864-2dd824894cad,SHOP_039,BEN_01272,2026-01-12 09:24:22.322714,Sugar,3,60.0,28.707365,77.109479,Rohini,0,71003.0,9,False,False,False,True,False,1,0.41616832654002434
470d34a7-f9d3-4cce-841d-8c853590931f,SHOP_039,BEN_00781,2026-01-12 11:17:29.322714,Kerosene,3,75.0,28.707365,77.109479,Rohini,0,6787.0,11,True,False,False,False,False,1,0.23153130853436704
2a495de7-850e-4dbb-ad79-45a39c2d4b20,SHOP_039,BEN_00160,2026-01-12 11:24:33.322714,Wheat,7,14.0,28.707365,77.109479,Rohini,0,424.0,11,False,False,False,False,True,1,0.29903939647159994
acfc480c-cad0-41f5-8e41-7efde28950f3,SHOP_039,BEN_02817,2026-01-12 13:11:36.322714,Rice,11,33.0,28.707365,77.109479,Rohini,0,6423.0,13,False,False,True,False,False,1,0.1322263803960173
4326cdb0-cc13-4f9b-afc9-95fab2d1c0b5,SHOP_039,BEN_00465,2026-01-12 18:45:53.322714,Wheat,13,26.0,28.707365,77.109479,Rohini,0,20057.0,18,False,False,False,False,True,1,0.30096704631833954
fd6d64cd-5eed-4314-999c-e1de45fa2cca,SHOP_039,BEN_00288,2026-01-13 10:34:52.322714,Wheat,15,30.0,28.707365,77.109479,Rohini,0,56939.0,10,False,False,False,False,True,1,0.40399778258247887
3cda6d8d-32fd-4d8b-9dec-b90dbf93175a,SHOP_039,BEN_00474,2026-01-13 18:05:07.322714,Kerosene,2,50.0,28.707365,77.109479,Rohini,0,27015.0,18,True,False,False,False,False,1,0.2820802550746614
e36b054b-9876-4cb2-83d7-85811da9c77c,SHOP_039,BEN_02925,2026-01-13 19:40:44.322714,Oil,2,100.0,28.707365,77.109479,Rohini,0,5737.0,19,False,True,False,False,False,1,0.24697673863242903
d5077f20-3a9e-40d5-b320-b63017e6a9d0,SHOP_039,BEN_00646,2026-01-14 10:16:28.322714,Wheat,6,12.0,28.707365,77.109479,Rohini,0,52544.0,10,False,False,False,False,True,1,0.4625107821546992
718fa147-a101-4ca7-9788-2a9cca6d7a9c,SHOP_039,BEN_02452,2026-01-14 10:19:39.322714,Rice,10,30.0,28.707365,77.109479,Rohini,0,191.0,10,False,False,True,False,False,1,0.25300361306550606
233811b8-e39b-4453-8d61-d3fa187e567f,SHOP_039,BEN_01388,2026-01-14 16:15:02.322714,Rice,8,24.0,28.707365,77.109479,Rohini,0,21323.0,16,False,False,True,False,False,1,0.2861293062784458
92a34ac1-f313-4553-a0dc-7fa3046a80b5,SHOP_039,BEN_02377,2026-01-14 18:17:17.322714,Oil,1,50.0,28.707365,77.109479,Rohini,0,7335.0,18,False,True,False,False,False,1,0.2057980103994092
75580f61-842b-4814-942a-e4d94d657af7,SHOP_039,BEN_01032,2026-01-15 14:50:57.322714,Kerosene,1,25.0,28.707365,77.109479,Rohini,0,74020.0,14,True,False,False,False,False,1,0.5409795072105645
a1ab28d3-a9e2-4d16-a703-75451dbda81b,SHOP_040,BEN_02733,2025-12-17 08:54:36.322714,Sugar,1,20.0,28.673266,77.089259,West Delhi,0,9999.0,8,False,False,False,True,False,1,0.43960889321467916
96a776cc-f626-447e-acff-2cb922ff8ef0,SHOP_040,BEN_00774,2025-12-17 09:40:03.322714,Kerosene,1,25.0,28.673266,77.089259,West Delhi,0,2727.0,9,True,False,False,False,False,1,0.3611264012233068
7ef9e6ea-3e56-4eeb-b50d-68f1e14528b2,SHOP_040,BEN_02143,2025-12-17 14:10:32.322714,Rice,9,27.0,28.673266,77.089259,West Delhi,0,16229.0,14,False,False,True,False,False,1,0.19236432804819614
86f56bfa-0090-49a1-a880-e19eda9f2f33,SHOP_040,BEN_02532,2025-12-17 19:29:47.322714,Wheat,14,28.0,28.673266,77.089259,West Delhi,0,19155.0,19,False,False,False,False,True,1,0.3467244068331514
6cf6cdf4-974a-47c6-bff8-241a5adc1240,SHOP_040,BEN_02254,2025-12-18 13:20:45.322714,Sugar,2,40.0,28.673266,77.089259,West Delhi,0,64258.0,13,False,False,False,True,False,1,0.27063694017180034
08af89e0-ad15-4b12-9016-90e9993d87db,SHOP_040,BEN_00279,2025-12-18 15:51:22.322714,Kerosene,3,75.0,28.673266,77.089259,West Delhi,0,9037.0,15,True,False,False,False,False,1,0.1395504520067642
bb6d8b24-b09c-41d8-aa23-f8d80ecd8d90,SHOP_040,BEN_02264,2025-12-19 13:34:08.322714,Sugar,1,20.0,28.673266,77.089259,West Delhi,0,78166.0,13,False,False,False,True,False,1,0.4236883228813616
1aee78da-f63a-45e8-ba2c-251cf9eb602b,SHOP_040,BEN_02361,2025-12-19 14:48:47.322714,Sugar,1,20.0,28.673266,77.089259,West Delhi,0,4479.0,14,False,False,False,True,False,1,0.09166274467785224
4b29c9da-b17a-4da6-85fe-8ebb3365624a,SHOP_040,BEN_02934,2025-12-19 15:03:16.322714,Kerosene,3,75.0,28.673266,77.089259,West Delhi,0,869.0,15,True,False,False,False,False,1,0.21094343640623314
03cb53f6-2e5e-4e59-a724-6bbb13058d10,SHOP_040,BEN_02418,2025-12-19 15:30:24.322714,Oil,2,100.0,28.673266,77.089259,West Delhi,0,1628.0,15,False,True,False,False,False,1,0.054149594373770205
98eb42bb-3e62-4ee0-ac3b-5cce7d632b6a,SHOP_040,BEN_02770,2025-12-19 16:57:19.322714,Wheat,8,16.0,28.673266,77.089259,West Delhi,0,5215.0,16,False,False,False,False,True,1,0.17468481695693322
661dcb93-52f8-4846-b224-9fe4a2b53e91,SHOP_040,BEN_02456,2025-12-20 13:10:24.322714,Oil,1,50.0,28.673266,77.089259,West Delhi,0,72785.0,13,False,True,False,False,False,1,0.5128446885360746
afeca58f-138f-4d0e-81bd-1a463f5e9183,SHOP_040,BEN_01259,2025-12-20 13:49:08.322714,Wheat,17,34.0,28.673266,77.089259,West Delhi,0,2324.0,13,False,False,False,False,True,1,0.19997721560280207
9d420896-aff5-4b45-a211-4bd1be10aac3,SHOP_040,BEN_02655,2025-12-20 18:49:05.322714,Kerosene,2,50.0,28.673266,77.089259,West Delhi,0,17997.0,18,True,False,False,False,False,1,0.1905145883005182
215723b5-249a-4436-8a06-1970cd293e96,SHOP_040,BEN_02440,2025-12-20 18:56:55.322714,Wheat,11,22.0,28.673266,77.089259,West Delhi,0,470.0,18,False,False,False,False,True,1,0.31036660832128066
cbc0a62c-36fc-4ac0-9373-f8c1ad659d68,SHOP_040,BEN_02951,2025-12-21 09:46:44.322714,Rice,5,15.0,28.673266,77.089259,West Delhi,0,53389.0,9,False,False,True,False,False,1,0.3727564908599722
18d58415-bf35-4e67-9f76-3ee6d2bc8f39,SHOP_040,BEN_02527,2025-12-21 18:44:07.322714,Oil,1,50.0,28.673266,77.089259,West Delhi,0,32243.0,18,False,True,False,False,False,1,0.4464372486405076
da3d93cd-6230-4298-ab5f-0be69d0a957a,SHOP_040,BEN_00498,2025-12-22 08:23:27.322714,Oil,2,100.0,28.673266,77.089259,West Delhi,0,49160.0,8,False,True,False,False,False,1,0.3640090855551947
dd4a97ce-6842-4325-8584-552f950853fc,SHOP_040,BEN_01840,2025-12-22 08:38:37.322714,Oil,2,100.0,28.673266,77.089259,West Delhi,0,910.0,8,False,True,False,False,False,1,0.36963861568615686
f42ccc3e-e388-4a8c-8c69-bcfd6541dbbb,SHOP_040,BEN_01475,2025-12-22 11:09:48.322714,Kerosene,3,75.0,28.673266,77.089259,West Delhi,0,9071.0,11,True,False,False,False,False,1,0.2542616034318114
e67e2f09-248e-4496-b8d6-f53fbab157ce,SHOP_040,BEN_02048,2025-12-22 12:30:36.322714,Rice,11,33.0,28.673266,77.089259,West Delhi,0,4848.0,12,False,False,True,False,False,1,0.12569784734151268
3acf156d-fcbb-40ef-9db7-984e118e7e6e,SHOP_040,BEN_00867,2025-12-22 19:33:20.322714,Kerosene,3,75.0,28.673266,77.089259,West Delhi,0,25364.0,19,True,False,False,False,False,1,0.38024485424596066
a9209c1c-e7a3-47f9-b635-aa3ab39e7443,SHOP_040,BEN_01163,2025-12-23 09:43:40.322714,Kerosene,3,75.0,28.673266,77.089259,West Delhi,0,51020.0,9,True,False,False,False,False,1,0.3949769740098906
2a957450-a12d-486c-927c-9479761b91a7,SHOP_040,BEN_01449,2025-12-23 12:49:41.322714,Oil,2,100.0,28.673266,77.089259,West Delhi,0,11161.0,12,False,True,False,False,False,1,0.13814292206819717
e404666d-4f8a-4427-ad1e-9f21de691e06,SHOP_040,BEN_00731,2025-12-23 12:50:13.322714,Oil,2,100.0,28.673266,77.089259,West Delhi,0,32.0,12,False,True,False,False,False,1,0.16880307763815477
48cb3b60-413e-4c6a-b9d2-9f8e70925a86,SHOP_040,BEN_02460,2025-12-23 15:59:53.322714,Rice,11,33.0,28.673266,77.089259,West Delhi,0,11380.0,15,False,False,True,False,False,1,0.16285070817337738
977a89ee-ce76-42fa-bb04-95c3960900be,SHOP_040,BEN_00738,2025-12-23 18:11:00.322714,Wheat,14,28.0,28.673266,77.089259,West Delhi,0,7867.0,18,False,False,False,False,True,1,0.21549436281606482
20f4e1cd-7cf9-4aca-9a22-2499a2909bad,SHOP_040,BEN_01984,2025-12-23 18:54:01.322714,Kerosene,1,25.0,28.673266,77.089259,West Delhi,0,2581.0,18,True,False,False,False,False,1,0.23697969866616686
f4e465ca-e127-4b45-800a-7ebe86b4f88f,SHOP_040,BEN_02647,2025-12-24 08:33:27.322714,Kerosene,1,25.0,28.673266,77.089259,West Delhi,0,49166.0,8,True,False,False,False,False,1,0.4795791653962617
0c700bcb-84c0-4f7d-b4cb-e13880850c25,SHOP_040,BEN_02515,2025-12-24 08:58:59.322714,Wheat,11,22.0,28.673266,77.089259,West Delhi,0,1532.0,8,False,False,False,False,True,1,0.4825307711950232
331883a8-6822-412d-a5b8-e9246255b48d,SHOP_040,BEN_02758,2025-12-24 09:07:02.322714,Wheat,9,18.0,28.673266,77.089259,West Delhi,0,483.0,9,False,False,False,False,True,1,0.4632048373945292
8023aa71-a710-4782-9ed6-d097c3dadf27,SHOP_040,BEN_02551,2025-12-24 13:08:47.322714,Sugar,1,20.0,28.673266,77.089259,West Delhi,0,14505.0,13,False,False,False,True,False,1,0.17044617786427724
7ec3b459-78f0-4671-9b94-20376dd9fbbb,SHOP_040,BEN_00471,2025-12-24 16:43:26.322714,Oil,2,100.0,28.673266,77.089259,West Delhi,0,12879.0,16,False,True,False,False,False,1,0.06178621488816649
1721c339-c595-4fb8-aeea-08d36b73033f,SHOP_040,BEN_02270,2025-12-25 11:24:13.322714,Rice,14,42.0,28.673266,77.089259,West Delhi,0,67247.0,11,False,False,True,False,False,1,0.43024307433865927
e0c0bc43-99f6-4654-99e4-649010e31ae7,SHOP_040,BEN_00799,2025-12-26 10:07:07.322714,Kerosene,3,75.0,28.673266,77.089259,West Delhi,0,81774.0,10,True,False,False,False,False,1,0.5216096364956326
f5fa4888-9f37-43ad-bf36-baed784fa875,SHOP_040,BEN_00641,2025-12-26 15:47:25.322714,Oil,2,100.0,28.673266,77.089259,West Delhi,0,20418.0,15,False,True,False,False,False,1,0.11608596578055558
725d9833-aabc-4668-a9f6-6962e31d2dc8,SHOP_040,BEN_00847,2025-12-27 11:31:57.322714,Rice,11,33.0,28.673266,77.089259,West Delhi,0,71072.0,11,False,False,True,False,False,1,0.3908337207826883
d4c69a4d-972d-424f-9194-46da81d55054,SHOP_040,BEN_00572,2025-12-27 11:33:19.322714,Kerosene,1,25.0,28.673266,77.089259,West Delhi,0,82.0,11,True,False,False,False,False,1,0.3172087870319382
a250ad4f-5fd7-442b-b4c5-4598afebdc0c,SHOP_040,BEN_02557,2025-12-27 18:00:28.322714,Kerosene,1,25.0,28.673266,77.089259,West Delhi,0,23229.0,18,True,False,False,False,False,1,0.3042601432755686
c36b154a-45ce-4089-a50b-847837ef4b80,SHOP_040,BEN_00125,2025-12-27 18:10:33.322714,Kerosene,1,25.0,28.673266,77.089259,West Delhi,0,605.0,18,True,False,False,False,False,1,0.298102870357325
9ac84029-bcb5-4ded-8a96-1319264aea27,SHOP_040,BEN_02129,2025-12-28 10:52:20.322714,Wheat,11,22.0,28.673266,77.089259,West Delhi,0,60107.0,10,False,False,False,False,True,1,0.3753078467526712
fb27318a-68a4-447b-8a30-b439a8b3fd2e,SHOP_040,BEN_02339,2025-12-28 12:25:04.322714,Sugar,2,40.0,28.673266,77.089259,West Delhi,0,5564.0,12,False,False,False,True,False,1,0.1126232392334875
cc7f4f51-23f1-45b1-bd77-76b5a231a755,SHOP_040,BEN_02579,2025-12-28 13:51:19.322714,Kerosene,3,75.0,28.673266,77.089259,West Delhi,0,5175.0,13,True,False,False,False,False,1,0.17790047844323248
adc1ca02-9ec2-4c1a-bc82-83b4999314b5,SHOP_040,BEN_00626,2025-12-28 15:08:01.322714,Rice,12,36.0,28.673266,77.089259,West Delhi,0,4602.0,15,False,False,True,False,False,1,0.16551489430103533
33a7b520-127e-4a11-8c7c-c3e1ec1fe0ef,SHOP_040,BEN_01989,2025-12-28 17:07:05.322714,Oil,2,100.0,28.673266,77.089259,West Delhi,0,7144.0,17,False,True,False,False,False,1,0.07796888540323355
85e4e3cd-34e0-4618-b573-59ef028100c4,SHOP_040,BEN_01003,2025-12-28 17:15:00.322714,Oil,2,100.0,28.673266,77.089259,West Delhi,0,475.0,17,False,True,False,False,False,1,0.17092012126533074
2f61bae3-fd40-403c-ab13-ef478e980b83,SHOP_040,BEN_02687,2025-12-30 13:33:33.322714,Sugar,3,60.0,28.673266,77.089259,West Delhi,0,159513.0,13,False,False,False,True,False,-1,0.8299983469910788
afd9bd9b-a38d-44a2-86a4-08f713b5e738,SHOP_040,BEN_01015,2025-12-30 16:57:21.322714,Wheat,20,40.0,28.673266,77.089259,West Delhi,0,12228.0,16,False,False,False,False,True,1,0.3441531071602477
d12d8fef-fc7f-4e84-95f8-f4840989e4e7,SHOP_040,BEN_01546,2025-12-30 18:47:08.322714,Rice,9,27.0,28.673266,77.089259,West Delhi,0,6587.0,18,False,False,True,False,False,1,0.25566056449729446
48f80ac4-bd6f-4381-9937-fe33a1321c15,SHOP_040,BEN_02449,2025-12-31 10:56:16.322714,Kerosene,1,25.0,28.673266,77.089259,West Delhi,0,58148.0,10,True,False,False,False,False,1,0.3876077693999755
a928fa79-0ed2-4efc-b069-219ead9b9bac,SHOP_040,BEN_02410,2025-12-31 11:54:50.322714,Sugar,3,60.0,28.673266,77.089259,West Delhi,0,3514.0,11,False,False,False,True,False,1,0.21869333569956328
0999e9d9-d437-475b-83b5-e78b5e1005cc,SHOP_040,BEN_01579,2025-12-31 17:51:02.322714,Kerosene,3,75.0,28.673266,77.089259,West Delhi,0,21372.0,17,True,False,False,False,False,1,0.263194690544984
0a34736b-4d0a-49ed-889d-cf1340a10c5a,SHOP_040,BEN_02127,2026-01-01 10:32:52.322714,Oil,2,100.0,28.673266,77.089259,West Delhi,0,60110.0,10,False,True,False,False,False,1,0.2948809034074883
a3b1ea96-a795-4c30-b281-dbe36aee239a,SHOP_040,BEN_01300,2026-01-01 10:34:59.322714,Sugar,1,20.0,28.673266,77.089259,West Delhi,0,127.0,10,False,False,False,True,False,1,0.3225300717630869
1b074e6c-fdd2-438b-ba95-a0f3fa48dd56,SHOP_040,BEN_02827,2026-01-01 11:25:44.322714,Kerosene,2,50.0,28.673266,77.089259,West Delhi,0,3045.0,11,True,False,False,False,False,1,0.19973865292294524
5a84864d-9ce5-49c9-b1a0-45af20c040f1,SHOP_040,BEN_01779,2026-01-01 12:43:23.322714,Sugar,3,60.0,28.673266,77.089259,West Delhi,0,4659.0,12,False,False,False,True,False,1,0.15437409137313834
a2ee05f8-7eb3-4344-9cc1-441fe768fd1a,SHOP_040,BEN_02459,2026-01-01 14:18:37.322714,Rice,19,57.0,28.673266,77.089259,West Delhi,0,5714.0,14,False,False,True,False,False,1,0.24888985437555378
4fc4545b-6362-4c7c-a532-8f2c3ee95532,SHOP_040,BEN_01321,2026-01-01 15:16:27.322714,Rice,7,21.0,28.673266,77.089259,West Delhi,0,3470.0,15,False,False,True,False,False,1,0.21142851991759848
84c65574-bc25-45e1-b4b1-0742a6b6c6c2,SHOP_040,BEN_01653,2026-01-01 17:23:57.322714,Sugar,3,60.0,28.673266,77.089259,West Delhi,0,7650.0,17,False,False,False,True,False,1,0.15047394873107384
1e0705a8-d571-4cd7-9eef-cbcac92d153d,SHOP_040,BEN_00766,2026-01-01 18:38:21.322714,Oil,1,50.0,28.673266,77.089259,West Delhi,0,4464.0,18,False,True,False,False,False,1,0.2110334640851983
8e758aac-84d4-45ac-9d9f-75cee19260b8,SHOP_040,BEN_00386,2026-01-02 11:39:04.322714,Kerosene,1,25.0,28.673266,77.089259,West Delhi,0,61243.0,11,True,False,False,False,False,1,0.4645815188945382
951c0e96-0fd8-4a93-9d34-05180f6b2e0b,SHOP_040,BEN_00565,2026-01-02 16:59:23.322714,Oil,1,50.0,28.673266,77.089259,West Delhi,0,19219.0,16,False,True,False,False,False,1,0.17629696020199231
8a6c2bf9-4792-49e7-b0a1-59e47f65c449,SHOP_040,BEN_01096,2026-01-02 17:31:12.322714,Sugar,2,40.0,28.673266,77.089259,West Delhi,0,1909.0,17,False,False,False,True,False,1,0.17392021714022798
3df932ca-661c-4dc9-a567-bfd0a7326990,SHOP_040,BEN_02869,2026-01-03 10:52:41.322714,Rice,15,45.0,28.673266,77.089259,West Delhi,0,62489.0,10,False,False,True,False,False,1,0.4335751985999927
395ab8d2-fe37-4730-b4c1-3aafa4ddc5f5,SHOP_040,BEN_02310,2026-01-03 16:52:18.322714,Oil,1,50.0,28.673266,77.089259,West Delhi,0,21577.0,16,False,True,False,False,False,1,0.18743692222736752
09061202-826d-4682-9295-6efba461aa59,SHOP_040,BEN_00400,2026-01-03 19:45:26.322714,Sugar,1,20.0,28.673266,77.089259,West Delhi,0,10388.0,19,False,False,False,True,False,1,0.32134288394175536
ee2313cb-5232-4ea0-802c-dc866cffea36,SHOP_040,BEN_02810,2026-01-04 10:24:49.322714,Kerosene,1,25.0,28.673266,77.089259,West Delhi,0,52763.0,10,True,False,False,False,False,1,0.38275842727896814
860a00b3-13b4-4626-9731-04c72ff74dd1,SHOP_040,BEN_01724,2026-01-04 10:49:46.322714,Rice,14,42.0,28.673266,77.089259,West Delhi,0,1497.0,10,False,False,True,False,False,1,0.2706515166266579
4d94ac09-451a-4653-b850-6fabcd8e7f14,SHOP_040,BEN_02998,2026-01-04 12:14:31.322714,Wheat,19,38.0,28.673266,77.089259,West Delhi,0,5085.0,12,False,False,False,False,True,1,0.2684364481266783
56637818-6778-490e-8d24-d724a49c4b0b,SHOP_040,BEN_02240,2026-01-04 12:29:08.322714,Wheat,19,38.0,28.673266,77.089259,West Delhi,0,877.0,12,False,False,False,False,True,1,0.3478268606140562
c427744a-ddca-4a2d-a35d-9a08e2995b34,SHOP_040,BEN_01687,2026-01-04 14:55:25.322714,Sugar,1,20.0,28.673266,77.089259,West Delhi,0,8777.0,14,False,False,False,True,False,1,0.08531512211299896
753a6e5b-c441-48a6-a486-de6bcd8ff79e,SHOP_040,BEN_00352,2026-01-06 11:51:49.322714,Oil,2,100.0,28.673266,77.089259,West Delhi,0,161784.0,11,False,True,False,False,False,-1,0.8322524490167198
6a39a4e7-3d74-45b3-8b54-6b3ffbd9d6c9,SHOP_040,BEN_02380,2026-01-07 08:30:51.322714,Rice,16,48.0,28.673266,77.089259,West Delhi,0,74342.0,8,False,False,True,False,False,-1,0.5854450452964103
5067fbe0-43fc-457d-9894-579d50ae830e,SHOP_040,BEN_02080,2026-01-07 11:30:08.322714,Kerosene,3,75.0,28.673266,77.089259,West Delhi,0,10757.0,11,True,False,False,False,False,1,0.24567174444457207
5fe0adbd-64a5-4a31-89eb-f3a856e15fcd,SHOP_040,BEN_01514,2026-01-07 12:40:41.322714,Sugar,2,40.0,28.673266,77.089259,West Delhi,0,4233.0,12,False,False,False,True,False,1,0.09361568070058152
34fb7e5a-d4d0-48af-a8fb-b3e5bfa0321d,SHOP_040,BEN_00237,2026-01-08 10:06:33.322714,Oil,2,100.0,28.673266,77.089259,West Delhi,0,77152.0,10,False,True,False,False,False,1,0.4085953376175224
479dc522-a19d-414b-a018-7234c2f5f8ab,SHOP_040,BEN_00723,2026-01-08 13:48:19.322714,Wheat,5,10.0,28.673266,77.089259,West Delhi,0,13306.0,13,False,False,False,False,True,1,0.27685454513787183
7fff6ffb-3980-4f65-96fb-02a16ba1bf84,SHOP_040,BEN_02814,2026-01-08 19:07:13.322714,Oil,2,100.0,28.673266,77.089259,West Delhi,0,19134.0,19,False,True,False,False,False,1,0.3264215802219643
9c46df67-efdf-45d0-9c0c-375e29181299,SHOP_040,BEN_01150,2026-01-09 10:54:10.322714,Sugar,3,60.0,28.673266,77.089259,West Delhi,0,56817.0,10,False,False,False,True,False,1,0.28887526206533287
b0510830-4f8d-43eb-aa9e-4cba99fe9af9,SHOP_040,BEN_01461,2026-01-09 18:11:27.322714,Wheat,10,20.0,28.673266,77.089259,West Delhi,0,26237.0,18,False,False,False,False,True,1,0.406711023058288
d01b60e8-c3d2-4421-b020-cf124aadcbcb,SHOP_040,BEN_00944,2026-01-09 18:16:31.322714,Sugar,1,20.0,28.673266,77.089259,West Delhi,0,304.0,18,False,False,False,True,False,1,0.30242252969246103
4f63d020-77d8-43ee-878e-940b75d1fe9e,SHOP_040,BEN_02842,2026-01-10 08:40:09.322714,Rice,6,18.0,28.673266,77.089259,West Delhi,0,51818.0,8,False,False,True,False,False,1,0.44205889118001895
6ab5602e-afe1-46fc-9d14-75895261ebd6,SHOP_040,BEN_00701,2026-01-10 11:02:21.322714,Wheat,17,34.0,28.673266,77.089259,West Delhi,0,8532.0,11,False,False,False,False,True,1,0.24817494056043637
17e1c1e8-5692-42b0-851c-91dc69e0cd28,SHOP_040,BEN_02596,2026-01-10 14:45:03.322714,Sugar,2,40.0,28.673266,77.089259,West Delhi,0,13362.0,14,False,False,False,True,False,1,0.0897557361364606
f15a1da4-482a-4a5f-9f4d-e7ff2b8cd9b2,SHOP_040,BEN_00667,2026-01-10 15:52:38.322714,Rice,8,24.0,28.673266,77.089259,West Delhi,0,4055.0,15,False,False,True,False,False,1,0.20474863928639342
b11fa13d-a410-4bfd-ba63-60abf2717227,SHOP_040,BEN_01341,2026-01-10 17:29:48.322714,Wheat,15,30.0,28.673266,77.089259,West Delhi,0,5830.0,17,False,False,False,False,True,1,0.18056852805316187
2ffa1da7-13c3-4fe2-bf9b-c4f7508f4c56,SHOP_040,BEN_01856,2026-01-11 17:00:04.322714,Wheat,9,18.0,28.673266,77.089259,West Delhi,0,84616.0,17,False,False,False,False,True,-1,0.6971632779817993
f5534e14-19c7-45ac-bd71-71ac6be77015,SHOP_040,BEN_01449,2026-01-11 17:05:01.322714,Oil,2,100.0,28.673266,77.089259,West Delhi,0,297.0,17,False,True,False,False,False,1,0.17334381923190523
7ca8a6ac-8ffa-4f71-95a0-efbab188b84b,SHOP_040,BEN_00241,2026-01-11 18:21:44.322714,Kerosene,3,75.0,28.673266,77.089259,West Delhi,0,4603.0,18,True,False,False,False,False,1,0.2086285524930903
3060c4e4-13d3-4264-bb20-f98cd9d0d465,SHOP_040,BEN_02155,2026-01-12 08:01:14.322714,Oil,1,50.0,28.673266,77.089259,West Delhi,0,49170.0,8,False,True,False,False,False,1,0.40949279564413904
1d903230-c5c8-4ff4-94e6-1ea7e95a7666,SHOP_040,BEN_02935,2026-01-12 11:19:23.322714,Wheat,11,22.0,28.673266,77.089259,West Delhi,0,11889.0,11,False,False,False,False,True,1,0.20105801249380423
1a22d89c-fb92-4e6e-8076-a826ed0587d9,SHOP_040,BEN_02298,2026-01-12 13:16:49.322714,Sugar,1,20.0,28.673266,77.089259,West Delhi,0,7046.0,13,False,False,False,True,False,1,0.11597499607627487
e2130794-87af-4b96-9161-c7e924a895b0,SHOP_040,BEN_00475,2026-01-12 18:06:42.322714,Sugar,1,20.0,28.673266,77.089259,West Delhi,0,17393.0,18,False,False,False,True,False,1,0.2912786863127496
0e9da218-ce7c-4561-ab72-09ebcaad711f,SHOP_040,BEN_00112,2026-01-13 10:01:41.322714,Wheat,6,12.0,28.673266,77.089259,West Delhi,0,57299.0,10,False,False,False,False,True,1,0.45533907142371677
5c8611a4-258b-4d7d-85f1-059653d42286,SHOP_040,BEN_02974,2026-01-13 11:33:21.322714,Kerosene,2,50.0,28.673266,77.089259,West Delhi,0,5500.0,11,True,False,False,False,False,1,0.2030213582706133
6752e53c-9337-4eec-bb79-79d9b3424560,SHOP_040,BEN_02795,2026-01-13 12:52:51.322714,Kerosene,1,25.0,28.673266,77.089259,West Delhi,0,4770.0,12,True,False,False,False,False,1,0.1751201842763619
36ae1883-1fe2-40bb-bbd6-568031f0bd3f,SHOP_040,BEN_02826,2026-01-13 17:44:53.322714,Rice,16,48.0,28.673266,77.089259,West Delhi,0,17522.0,17,False,False,True,False,False,1,0.24571933504225218
ad92d6bf-d86d-43e3-8fac-1ba5c339c4cc,SHOP_040,BEN_01141,2026-01-14 14:30:38.322714,Rice,6,18.0,28.673266,77.089259,West Delhi,0,74745.0,14,False,False,True,False,False,1,0.48538578295955254
0d538fd5-2361-469c-a731-dd655147fb16,SHOP_040,BEN_01292,2026-01-14 14:58:40.322714,Rice,8,24.0,28.673266,77.089259,West Delhi,0,1682.0,14,False,False,True,False,False,1,0.1956990521966731
b129c88d-508c-40c0-a4e4-1b263f7fac1f,SHOP_040,BEN_00981,2026-01-15 10:05:56.322714,Rice,16,48.0,28.673266,77.089259,West Delhi,0,68836.0,10,False,False,True,False,False,1,0.46692542163409356
dd6b5bb3-e1f3-4e98-8edc-d796f3226d06,SHOP_040,BEN_01356,2026-01-15 12:32:19.322714,Kerosene,3,75.0,28.673266,77.089259,West Delhi,0,8783.0,12,True,False,False,False,False,1,0.19934787896680606
bb0cc93f-4b99-44e1-a460-75d57fa0430d,SHOP_040,BEN_00759,2026-01-15 13:10:17.322714,Oil,2,100.0,28.673266,77.089259,West Delhi,0,2278.0,13,False,True,False,False,False,1,0.11411598665517753
9c702dbe-5446-44f7-8d5a-1002a2b3ebb0,SHOP_041,BEN_00195,2025-12-16 16:45:08.322714,Oil,1,50.0,28.676266,77.100986,West Delhi,0,9999.0,16,False,True,False,False,False,1,0.10429002475481869
0e41e971-e771-47af-964f-8cb53a3bd0e2,SHOP_041,BEN_01043,2025-12-16 16:49:44.322714,Wheat,19,38.0,28.676266,77.100986,West Delhi,0,276.0,16,False,False,False,False,True,1,0.39365287559699735
b345f83c-487f-425b-a2ce-f5dd02831f73,SHOP_041,BEN_00352,2025-12-16 19:47:42.322714,Kerosene,2,50.0,28.676266,77.100986,West Delhi,0,10678.0,19,True,False,False,False,False,1,0.21962652632542218
3100a078-3f69-4161-9b80-cc9497501ccd,SHOP_041,BEN_00001,2025-12-17 13:03:06.322714,Rice,18,54.0,28.676266,77.100986,West Delhi,0,62124.0,13,False,False,True,False,False,1,0.44803181428801586
381354e9-79dc-4fac-95cb-3e03196a5da4,SHOP_041,BEN_01407,2025-12-18 08:00:46.322714,Sugar,2,40.0,28.676266,77.100986,West Delhi,0,68260.0,8,False,False,False,True,False,1,0.3899525563874172
e831875f-d04e-4acc-b8a6-88a64331c341,SHOP_041,BEN_01206,2025-12-19 13:15:48.322714,Sugar,2,40.0,28.676266,77.100986,West Delhi,0,105302.0,13,False,False,False,True,False,1,0.5709215345674546
6f8c2e94-1e88-4b29-8990-f788930bcf2c,SHOP_041,BEN_02354,2025-12-19 18:25:32.322714,Rice,18,54.0,28.676266,77.100986,West Delhi,0,18584.0,18,False,False,True,False,False,1,0.3598291621580433
307c2360-54a1-43c1-8450-45c46ece9526,SHOP_041,BEN_00858,2025-12-20 02:01:25.322714,Wheat,9,18.0,28.676266,77.100986,West Delhi,1,27353.0,2,False,False,False,False,True,-1,0.7725593628601192
a6bc91f4-dec7-49d8-8e16-cf2979163fde,SHOP_041,BEN_02020,2025-12-20 08:39:43.322714,Kerosene,3,75.0,28.676266,77.100986,West Delhi,0,23898.0,8,True,False,False,False,False,1,0.4357759421558984
5a297b66-b107-4d2e-808d-e2e3be26ba16,SHOP_041,BEN_01423,2025-12-20 09:06:05.322714,Kerosene,2,50.0,28.676266,77.100986,West Delhi,0,1582.0,9,True,False,False,False,False,1,0.3438771123667973
3889bfe6-e8be-4259-a1cc-02fbdf731e1b,SHOP_041,BEN_01361,2025-12-20 12:43:38.322714,Oil,1,50.0,28.676266,77.100986,West Delhi,0,13053.0,12,False,True,False,False,False,1,0.1942521535034445
c9b48cac-ae89-4e67-92c0-8a9478c46cf9,SHOP_041,BEN_01164,2025-12-20 14:47:08.322714,Kerosene,1,25.0,28.676266,77.100986,West Delhi,0,7410.0,14,True,False,False,False,False,1,0.13451292944889776
7c0ed6aa-7877-45b6-bfaf-bbe7a2713b7b,SHOP_041,BEN_00161,2025-12-20 16:57:58.322714,Rice,16,48.0,28.676266,77.100986,West Delhi,0,7850.0,16,False,False,True,False,False,1,0.1700688551118864
48f10447-0790-4df2-b324-30ef862dadb8,SHOP_041,BEN_02836,2025-12-21 09:10:36.322714,Kerosene,1,25.0,28.676266,77.100986,West Delhi,0,58358.0,9,True,False,False,False,False,1,0.4176677079741946
bf7388d0-ac26-45a2-a2f6-2b30ad5b865f,SHOP_041,BEN_01920,2025-12-21 10:16:50.322714,Kerosene,3,75.0,28.676266,77.100986,West Delhi,0,3974.0,10,True,False,False,False,False,1,0.2685682353151575
7478f7b6-f34d-4939-9c72-9e2c31c3b71e,SHOP_041,BEN_02670,2025-12-21 11:38:27.322714,Wheat,15,30.0,28.676266,77.100986,West Delhi,0,4897.0,11,False,False,False,False,True,1,0.18066853117396214
6adf3c68-1ff5-4faa-96b8-60f195c3bfe9,SHOP_041,BEN_00234,2025-12-21 15:55:24.322714,Oil,1,50.0,28.676266,77.100986,West Delhi,0,15417.0,15,False,True,False,False,False,1,0.12936085891466947
61f6b76a-4710-4aa8-a715-18a4583f0e43,SHOP_041,BEN_02592,2025-12-21 17:38:44.322714,Oil,2,100.0,28.676266,77.100986,West Delhi,0,6200.0,17,False,True,False,False,False,1,0.08334617895164936
e7b80450-f12e-473b-9c12-644635837eca,SHOP_041,BEN_01668,2025-12-21 18:03:20.322714,Rice,16,48.0,28.676266,77.100986,West Delhi,0,1476.0,18,False,False,True,False,False,1,0.3144241584081468
abee3b85-c8be-4ab6-826c-55b11f40c1c8,SHOP_041,BEN_01683,2025-12-22 11:27:03.322714,Rice,18,54.0,28.676266,77.100986,West Delhi,0,62623.0,11,False,False,True,False,False,1,0.42885874302457894
5aad57f4-2d42-4c59-b8e2-2e1da328c440,SHOP_041,BEN_01792,2025-12-22 14:35:27.322714,Oil,2,100.0,28.676266,77.100986,West Delhi,0,11304.0,14,False,True,False,False,False,1,0.07450950127456146
878ef8e5-6ce1-4c6a-9c5e-550e8c74bebc,SHOP_041,BEN_01212,2025-12-22 19:11:26.322714,Wheat,6,12.0,28.676266,77.100986,West Delhi,0,16559.0,19,False,False,False,False,True,1,0.40437369019439945
0305040a-f18a-4447-bf48-80a8f9b289b1,SHOP_041,BEN_00173,2025-12-23 17:18:08.322714,Kerosene,3,75.0,28.676266,77.100986,West Delhi,0,79602.0,17,True,False,False,False,False,-1,0.5843074346342729
82adafd9-ebe1-4521-b828-2dc094de4aed,SHOP_041,BEN_01660,2025-12-24 08:33:35.322714,Sugar,3,60.0,28.676266,77.100986,West Delhi,0,54927.0,8,False,False,False,True,False,1,0.3928362022673072
1e015e59-7a0f-4137-b822-431fac21bbd1,SHOP_041,BEN_02575,2025-12-24 14:22:00.322714,Oil,1,50.0,28.676266,77.100986,West Delhi,0,20905.0,14,False,True,False,False,False,1,0.2072597468356389
44fd1cc5-1de1-43a4-ba67-ab8a85470322,SHOP_041,BEN_01513,2025-12-24 16:40:45.322714,Rice,15,45.0,28.676266,77.100986,West Delhi,0,8325.0,16,False,False,True,False,False,1,0.16137762858635968
8101ba9f-c0bb-40fe-8167-f112f1938dac,SHOP_041,BEN_02948,2025-12-24 17:02:27.322714,Rice,20,60.0,28.676266,77.100986,West Delhi,0,1302.0,17,False,False,True,False,False,1,0.4538972512886336
6e79fef2-aae3-4ef3-bb76-a697e61d79d0,SHOP_041,BEN_02165,2025-12-25 11:23:14.322714,Kerosene,2,50.0,28.676266,77.100986,West Delhi,0,66047.0,11,True,False,False,False,False,1,0.38347867138163483
9bd71678-ba6f-4271-9966-f65bd53f0012,SHOP_041,BEN_00550,2025-12-25 15:07:27.322714,Sugar,3,60.0,28.676266,77.100986,West Delhi,0,13453.0,15,False,False,False,True,False,1,0.14710820009630188
c3023790-63bc-4bac-99ad-30dae6893c40,SHOP_041,BEN_02525,2025-12-25 18:10:57.322714,Wheat,17,34.0,28.676266,77.100986,West Delhi,0,11010.0,18,False,False,False,False,True,1,0.31685643098684735
a6c98b47-f2f3-4bda-9275-0dcddef42069,SHOP_041,BEN_01525,2025-12-25 19:01:59.322714,Oil,2,100.0,28.676266,77.100986,West Delhi,0,3062.0,19,False,True,False,False,False,1,0.2503768314929114
cc8451c4-f945-4442-9451-002853b3f22f,SHOP_041,BEN_01863,2025-12-25 19:08:43.322714,Kerosene,1,25.0,28.676266,77.100986,West Delhi,0,404.0,19,True,False,False,False,False,1,0.3701885659093741
4b7e0ca1-f6dc-4514-918c-670f9aff33d3,SHOP_041,BEN_00037,2025-12-26 08:22:03.322714,Kerosene,1,25.0,28.676266,77.100986,West Delhi,0,47600.0,8,True,False,False,False,False,1,0.4899103318996924
afece81c-7939-4953-8c14-5b89d52d1342,SHOP_041,BEN_02278,2025-12-26 08:45:51.322714,Sugar,3,60.0,28.676266,77.100986,West Delhi,0,1428.0,8,False,False,False,True,False,1,0.460658893862116
c4286815-4a7f-4b0c-8f8d-002a259d6301,SHOP_041,BEN_01608,2025-12-26 11:20:23.322714,Sugar,3,60.0,28.676266,77.100986,West Delhi,0,9272.0,11,False,False,False,True,False,1,0.2227766967464323
c02542d2-3ab7-428a-816a-1d7703ecb029,SHOP_041,BEN_01788,2025-12-26 11:27:10.322714,Sugar,1,20.0,28.676266,77.100986,West Delhi,0,407.0,11,False,False,False,True,False,1,0.25203815032261895
463a70b6-ad73-49e4-a7f2-f9d64a7a56c6,SHOP_041,BEN_01351,2025-12-27 16:22:44.322714,Oil,2,100.0,28.676266,77.100986,West Delhi,0,104134.0,16,False,True,False,False,False,-1,0.7204647778855399
38f84fe0-08a8-4f00-af37-c75492dfc3ce,SHOP_041,BEN_00064,2025-12-28 10:48:56.322714,Kerosene,2,50.0,28.676266,77.100986,West Delhi,0,66372.0,10,True,False,False,False,False,1,0.3757651587644804
002aea3f-1c99-4687-a024-22605c8c7ae0,SHOP_041,BEN_02961,2025-12-28 13:33:06.322714,Kerosene,2,50.0,28.676266,77.100986,West Delhi,0,9850.0,13,True,False,False,False,False,1,0.14992440402165813
198999c5-cb04-484f-8bbb-7253a0a66ec2,SHOP_041,BEN_00908,2025-12-28 17:46:21.322714,Wheat,14,28.0,28.676266,77.100986,West Delhi,0,15195.0,17,False,False,False,False,True,1,0.2134563406793633
79a0adbd-10b5-4c7f-9b61-0d2bef4251ab,SHOP_041,BEN_00472,2025-12-28 19:47:32.322714,Wheat,14,28.0,28.676266,77.100986,West Delhi,0,7271.0,19,False,False,False,False,True,1,0.30077091590103905
e77a152f-043a-4e01-a7fa-fcf1811cf55f,SHOP_041,BEN_02381,2025-12-29 11:37:17.322714,Sugar,1,20.0,28.676266,77.100986,West Delhi,0,56985.0,11,False,False,False,True,False,1,0.30067230491103397
bd3ada02-c331-4fc9-bd7a-8695e8f20f9d,SHOP_041,BEN_00708,2025-12-30 18:56:51.322714,Wheat,11,22.0,28.676266,77.100986,West Delhi,0,112774.0,18,False,False,False,False,True,-1,0.8634540284506835
16a56164-1a42-46bb-840f-33914bdcf190,SHOP_041,BEN_02208,2025-12-30 19:46:31.322714,Rice,9,27.0,28.676266,77.100986,West Delhi,0,2980.0,19,False,False,True,False,False,1,0.3550574713954769
813f1129-d2b4-44d5-ac7a-4463029c4b7c,SHOP_041,BEN_00372,2025-12-31 12:47:46.322714,Wheat,6,12.0,28.676266,77.100986,West Delhi,0,61275.0,12,False,False,False,False,True,1,0.5014130393247672
9a3c02b5-5bfb-44fd-94d2-785f62683b71,SHOP_041,BEN_02911,2025-12-31 15:47:51.322714,Sugar,1,20.0,28.676266,77.100986,West Delhi,0,10805.0,15,False,False,False,True,False,1,0.15336461550421215
52d7c6bc-07e4-4979-aae6-02b95bd51a1f,SHOP_041,BEN_02290,2025-12-31 18:06:15.322714,Sugar,2,40.0,28.676266,77.100986,West Delhi,0,8304.0,18,False,False,False,True,False,1,0.17636487571120069
ed7821ee-a2db-40f6-bb8a-e0e86de266b7,SHOP_041,BEN_02101,2026-01-01 09:24:41.322714,Kerosene,1,25.0,28.676266,77.100986,West Delhi,0,55106.0,9,True,False,False,False,False,1,0.4122457290325865
8bfd016b-986b-42d6-8f7c-f766909c3d1c,SHOP_041,BEN_02479,2026-01-01 10:18:26.322714,Oil,2,100.0,28.676266,77.100986,West Delhi,0,3225.0,10,False,True,False,False,False,1,0.17680700523460707
2747359d-cfab-4622-9668-5ff75edf37eb,SHOP_041,BEN_01262,2026-01-01 13:47:33.322714,Oil,1,50.0,28.676266,77.100986,West Delhi,0,12547.0,13,False,True,False,False,False,1,0.16070887351965724
9ec03d66-9084-4fd7-913a-0e553bb7ae02,SHOP_041,BEN_01296,2026-01-01 16:07:10.322714,Kerosene,2,50.0,28.676266,77.100986,West Delhi,0,8377.0,16,True,False,False,False,False,1,0.1030571577233052
41f3de76-d3ba-495f-b51f-0669f338c920,SHOP_041,BEN_02578,2026-01-01 16:38:47.322714,Oil,1,50.0,28.676266,77.100986,West Delhi,0,1897.0,16,False,True,False,False,False,1,0.11151461753632941
5ad43d78-bbeb-4c5b-ac32-32da71442b96,SHOP_041,BEN_00986,2026-01-01 17:13:47.322714,Oil,2,100.0,28.676266,77.100986,West Delhi,0,2100.0,17,False,True,False,False,False,1,0.1319726139013973
4067fdcb-3547-44d1-baea-7740948cf962,SHOP_041,BEN_02304,2026-01-02 12:22:00.322714,Rice,11,33.0,28.676266,77.100986,West Delhi,0,68893.0,12,False,False,True,False,False,1,0.37307536459764834
79d5936e-8758-446f-9236-c74e4487d528,SHOP_041,BEN_02284,2026-01-02 13:11:42.322714,Rice,20,60.0,28.676266,77.100986,West Delhi,0,2982.0,13,False,False,True,False,False,1,0.3972812468274507
5484bb65-4ce2-4c1e-93f4-42875d51973a,SHOP_041,BEN_01656,2026-01-03 10:07:57.322714,Sugar,3,60.0,28.676266,77.100986,West Delhi,0,75375.0,10,False,False,False,True,False,1,0.384774259642683
b27b30c6-4769-4c8e-b069-614850a02fe5,SHOP_041,BEN_01946,2026-01-03 14:25:59.322714,Kerosene,1,25.0,28.676266,77.100986,West Delhi,0,15482.0,14,True,False,False,False,False,1,0.18370679134879114
71354feb-04e1-472b-848f-7db172166886,SHOP_041,BEN_00822,2026-01-03 18:12:15.322714,Oil,2,100.0,28.676266,77.100986,West Delhi,0,13576.0,18,False,True,False,False,False,1,0.18574040043647227
6b62d959-c71d-401f-9e9d-31823a3e0f94,SHOP_041,BEN_00831,2026-01-03 19:20:11.322714,Sugar,3,60.0,28.676266,77.100986,West Delhi,0,4076.0,19,False,False,False,True,False,1,0.3293249425636793
bfa873bb-2fdf-4044-84cb-7ceafa504b0a,SHOP_041,BEN_02929,2026-01-05 11:39:08.322714,Wheat,14,28.0,28.676266,77.100986,West Delhi,0,145137.0,11,False,False,False,False,True,-1,0.8303804887086046
1f2b75e9-721b-4b62-9ecc-a95cc30a192c,SHOP_041,BEN_00837,2026-01-05 14:27:25.322714,Oil,1,50.0,28.676266,77.100986,West Delhi,0,10097.0,14,False,True,False,False,False,1,0.1332314946673992
f69de89c-956d-47e8-ac8a-541c76b94e6d,SHOP_041,BEN_02902,2026-01-05 18:36:15.322714,Rice,8,24.0,28.676266,77.100986,West Delhi,0,14930.0,18,False,False,True,False,False,1,0.29203983460395005
41a9f7f0-e78a-4668-9d02-87b0b96a1508,SHOP_041,BEN_02803,2026-01-05 18:36:48.322714,Wheat,7,14.0,28.676266,77.100986,West Delhi,0,33.0,18,False,False,False,False,True,1,0.35372083656426845
50628d0a-93b3-42ee-a50b-9f895d2c8e40,SHOP_041,BEN_01108,2026-01-06 09:37:44.322714,Kerosene,1,25.0,28.676266,77.100986,West Delhi,0,54056.0,9,True,False,False,False,False,1,0.4095912812745787
840afad5-ecec-4b08-9647-f38f2fac92d4,SHOP_041,BEN_02472,2026-01-06 09:39:25.322714,Rice,7,21.0,28.676266,77.100986,West Delhi,0,101.0,9,False,False,True,False,False,1,0.3474244185050196
33d84eb0-2dd8-45ae-b404-2de2d3174d13,SHOP_041,BEN_01064,2026-01-06 09:54:13.322714,Sugar,3,60.0,28.676266,77.100986,West Delhi,0,888.0,9,False,False,False,True,False,1,0.4088072589343083
86e27ced-925c-4f50-a720-8f9aeb93deeb,SHOP_041,BEN_01763,2026-01-06 10:34:53.322714,Sugar,2,40.0,28.676266,77.100986,West Delhi,0,2440.0,10,False,False,False,True,False,1,0.2377836111957149
2a339019-7fa9-43a5-b50e-bce40d652603,SHOP_041,BEN_02968,2026-01-06 13:38:12.322714,Oil,2,100.0,28.676266,77.100986,West Delhi,0,10999.0,13,False,True,False,False,False,1,0.1010319668338262
0003b19d-3ab4-4c1d-9877-630f8af0af22,SHOP_041,BEN_00698,2026-01-06 14:41:21.322714,Rice,15,45.0,28.676266,77.100986,West Delhi,0,3789.0,14,False,False,True,False,False,1,0.14637677332780263
c652fe4b-4228-4339-9996-ea92b2a08634,SHOP_041,BEN_00704,2026-01-06 19:21:41.322714,Oil,1,50.0,28.676266,77.100986,West Delhi,0,16820.0,19,False,True,False,False,False,1,0.32898691982574174
96d4d689-a684-4b09-ae9d-d10ac89820be,SHOP_041,BEN_00532,2026-01-07 12:28:45.322714,Sugar,3,60.0,28.676266,77.100986,West Delhi,0,61624.0,12,False,False,False,True,False,1,0.3151986441486041
6977a44e-1e05-4107-98f7-4bc89ae58949,SHOP_041,BEN_00587,2026-01-07 13:23:57.322714,Sugar,2,40.0,28.676266,77.100986,West Delhi,0,3312.0,13,False,False,False,True,False,1,0.07928967697171863
e632008d-d4ac-4f66-9a95-b1389945b2ea,SHOP_041,BEN_01466,2026-01-08 10:26:53.322714,Oil,2,100.0,28.676266,77.100986,West Delhi,0,75776.0,10,False,True,False,False,False,1,0.4007180205946873
549cb75d-045a-4c35-9264-af29435d7f72,SHOP_041,BEN_01568,2026-01-08 11:18:40.322714,Rice,7,21.0,28.676266,77.100986,West Delhi,0,3107.0,11,False,False,True,False,False,1,0.22924784062519
4db6a7d8-4c6f-4f27-8a3d-8b5f92a76c20,SHOP_041,BEN_01112,2026-01-08 16:46:13.322714,Oil,1,50.0,28.676266,77.100986,West Delhi,0,19653.0,16,False,True,False,False,False,1,0.17946369356632963
13f95396-2462-40a7-8967-cd768b0afc75,SHOP_041,BEN_01459,2026-01-09 16:27:28.322714,Rice,20,60.0,28.676266,77.100986,West Delhi,0,85275.0,16,False,False,True,False,False,-1,0.7241343051783155
bf00d2bc-04e7-4395-b32a-c93fec4c742b,SHOP_041,BEN_01959,2026-01-09 18:40:02.322714,Rice,15,45.0,28.676266,77.100986,West Delhi,0,7954.0,18,False,False,True,False,False,1,0.24599353816192898
d58e14af-dfeb-41d2-9a01-3ba86a24ec5c,SHOP_041,BEN_01114,2026-01-10 09:31:12.322714,Kerosene,1,25.0,28.676266,77.100986,West Delhi,0,53470.0,9,True,False,False,False,False,1,0.40961061213104866
d4f7bd38-e802-40d6-acd9-0d7f281a55ef,SHOP_041,BEN_01226,2026-01-10 15:09:44.322714,Kerosene,1,25.0,28.676266,77.100986,West Delhi,0,20312.0,15,True,False,False,False,False,1,0.2359569138192939
9228821d-d6fa-490f-9814-011f38e7e086,SHOP_041,BEN_02035,2026-01-10 17:10:02.322714,Oil,1,50.0,28.676266,77.100986,West Delhi,0,7218.0,17,False,True,False,False,False,1,0.15199209632920335
4fdd5b4b-ceee-4523-8a0a-3a32beb7e137,SHOP_041,BEN_02006,2026-01-10 17:41:20.322714,Sugar,3,60.0,28.676266,77.100986,West Delhi,0,1878.0,17,False,False,False,True,False,1,0.20524700469435747
70aa5746-387c-48fd-b9e9-b0b96ae2cbef,SHOP_041,BEN_01576,2026-01-11 14:08:31.322714,Kerosene,3,75.0,28.676266,77.100986,West Delhi,0,73631.0,14,True,False,False,False,False,1,0.4561960494904895
703c29c8-2905-4079-8ff7-868cfcf2a969,SHOP_041,BEN_01265,2026-01-11 16:46:24.322714,Sugar,2,40.0,28.676266,77.100986,West Delhi,0,9473.0,16,False,False,False,True,False,1,0.07127366822278114
8e6968bd-c043-4c26-9275-ccc737790903,SHOP_041,BEN_00081,2026-01-12 16:02:51.322714,Wheat,19,38.0,28.676266,77.100986,West Delhi,0,83787.0,16,False,False,False,False,True,-1,0.6881405024756037
a059d248-7790-4bd4-82f1-44073b3ab9f4,SHOP_041,BEN_02675,2026-01-12 17:56:00.322714,Kerosene,2,50.0,28.676266,77.100986,West Delhi,0,6789.0,17,True,False,False,False,False,1,0.14967543866786642
27d37e32-e0dd-4b80-981b-2da564001aec,SHOP_041,BEN_02446,2026-01-12 18:24:46.322714,Wheat,10,20.0,28.676266,77.100986,West Delhi,0,1726.0,18,False,False,False,False,True,1,0.26517606314042513
5b795dc7-bdab-4cfd-9c39-33e32dbbb3b1,SHOP_041,BEN_00428,2026-01-13 02:30:18.322714,Oil,1,50.0,28.676266,77.100986,West Delhi,1,29132.0,2,False,True,False,False,False,-1,0.7178107276680994
13f201e5-8e7b-45d6-8505-df89788befd0,SHOP_041,BEN_01475,2026-01-13 11:56:48.322714,Kerosene,3,75.0,28.676266,77.100986,West Delhi,0,33990.0,11,True,False,False,False,False,1,0.367817320789331
9156a155-b400-45e0-b0d1-f7730f751d38,SHOP_041,BEN_00299,2026-01-13 13:00:01.322714,Kerosene,2,50.0,28.676266,77.100986,West Delhi,0,3793.0,13,True,False,False,False,False,1,0.14459190870918937
fb1ca164-9b90-470d-bc95-c6a89e0a1088,SHOP_041,BEN_01797,2026-01-13 15:06:02.322714,Kerosene,2,50.0,28.676266,77.100986,West Delhi,0,7561.0,15,True,False,False,False,False,1,0.09536013885545225
9e28f1eb-16c6-4a0b-8d20-e1b01dc7fab2,SHOP_041,BEN_02627,2026-01-14 18:24:39.322714,Rice,6,18.0,28.676266,77.100986,West Delhi,0,98317.0,18,False,False,True,False,False,-1,0.7326412240993402
6da3ba61-39c3-4dc8-93db-a025a7d1534b,SHOP_041,BEN_02492,2026-01-14 19:02:01.322714,Rice,18,54.0,28.676266,77.100986,West Delhi,0,2242.0,19,False,False,True,False,False,1,0.4639770160076805
7b3ae3bb-ba45-4350-9e2d-fe752e5d9dd1,SHOP_041,BEN_02403,2026-01-14 19:37:16.322714,Wheat,19,38.0,28.676266,77.100986,West Delhi,0,2115.0,19,False,False,False,False,True,1,0.48627061050029186
3a8ffd76-7d28-462d-9286-b3407c1658cb,SHOP_041,BEN_00174,2026-01-15 10:05:13.322714,Kerosene,2,50.0,28.676266,77.100986,West Delhi,0,52077.0,10,True,False,False,False,False,1,0.3048725328781047
18235a1b-1916-4799-ba97-dafafa49dca1,SHOP_041,BEN_02316,2026-01-15 10:15:23.322714,Rice,15,45.0,28.676266,77.100986,West Delhi,0,610.0,10,False,False,True,False,False,1,0.3001099648952701
6862dd60-f559-4ee7-8032-6e8d423c9801,SHOP_042,BEN_01925,2025-12-17 13:28:34.322714,Wheat,10,20.0,28.598757,77.020815,Dwarka,0,9999.0,13,False,False,False,False,True,1,0.12902920608164348
bb8ee217-075f-4fd0-aaac-ea9974f4f772,SHOP_042,BEN_01396,2025-12-17 17:24:39.322714,Sugar,3,60.0,28.598757,77.020815,Dwarka,0,14165.0,17,False,False,False,True,False,1,0.1811179228533123
aa51b9a3-ee08-4c81-bab0-a47335d93994,SHOP_042,BEN_02033,2025-12-18 09:35:12.322714,Wheat,11,22.0,28.598757,77.020815,Dwarka,0,58233.0,9,False,False,False,False,True,1,0.43424862023528543
ef7cf843-94f4-4bfc-b2e3-9203f8d77b44,SHOP_042,BEN_00405,2025-12-18 12:25:59.322714,Wheat,18,36.0,28.598757,77.020815,Dwarka,0,10247.0,12,False,False,False,False,True,1,0.2340132284208538
dc99d818-315e-4db3-86ba-5d9d5d10f4d1,SHOP_042,BEN_02732,2025-12-18 19:14:55.322714,Wheat,20,40.0,28.598757,77.020815,Dwarka,0,24536.0,19,False,False,False,False,True,1,0.5731443000265598
1deda746-6a2a-4052-9fac-9d03058f60ab,SHOP_042,BEN_00925,2025-12-19 08:15:12.322714,Kerosene,2,50.0,28.598757,77.020815,Dwarka,0,46817.0,8,True,False,False,False,False,1,0.4119656919872071
e1276d51-2360-4b21-904a-ebab115f1972,SHOP_042,BEN_01333,2025-12-19 08:52:34.322714,Kerosene,3,75.0,28.598757,77.020815,Dwarka,0,2242.0,8,True,False,False,False,False,1,0.41562754386067435
1c486ead-ff7b-4932-b731-b4fdd63fc9d1,SHOP_042,BEN_02451,2025-12-19 09:54:06.322714,Wheat,18,36.0,28.598757,77.020815,Dwarka,0,3692.0,9,False,False,False,False,True,1,0.44664778288906726
cfbbe182-2c22-492f-838f-f05236dab869,SHOP_042,BEN_02407,2025-12-19 11:53:52.322714,Sugar,3,60.0,28.598757,77.020815,Dwarka,0,7186.0,11,False,False,False,True,False,1,0.22883937461878645
e95c4976-0c8c-411d-802d-f6a2337864d0,SHOP_042,BEN_01495,2025-12-19 17:47:00.322714,Oil,1,50.0,28.598757,77.020815,Dwarka,0,21188.0,17,False,True,False,False,False,1,0.24865415184835488
068848d7-edb2-4798-a83b-5ef9de27000f,SHOP_042,BEN_01216,2025-12-20 08:48:12.322714,Oil,1,50.0,28.598757,77.020815,Dwarka,0,54072.0,8,False,True,False,False,False,1,0.3900220638692929
5870905d-c3e1-4daa-9ba2-9320ace90aa0,SHOP_042,BEN_00279,2025-12-20 13:58:20.322714,Sugar,1,20.0,28.598757,77.020815,Dwarka,0,18608.0,13,False,False,False,True,False,1,0.19362249714002594
bd37ec95-308b-4fee-a5d8-61808f98598e,SHOP_042,BEN_00971,2025-12-20 14:49:29.322714,Sugar,1,20.0,28.598757,77.020815,Dwarka,0,3069.0,14,False,False,False,True,False,1,0.10058296677854994
ca53f4a3-ab58-42b6-abf8-4be1c4c773e6,SHOP_042,BEN_00181,2025-12-21 08:12:09.322714,Sugar,1,20.0,28.598757,77.020815,Dwarka,0,62560.0,8,False,False,False,True,False,1,0.4189336740252302
4efcdac5-92a3-4c51-b5d6-b60f39ee0d88,SHOP_042,BEN_01819,2025-12-21 10:04:45.322714,Oil,2,100.0,28.598757,77.020815,Dwarka,0,6756.0,10,False,True,False,False,False,1,0.1868418741431333
ae0455ce-9b31-42ec-a14e-30a6bafaeb0a,SHOP_042,BEN_01497,2025-12-21 16:05:15.322714,Oil,2,100.0,28.598757,77.020815,Dwarka,0,21630.0,16,False,True,False,False,False,1,0.13485412839146738
90fee510-7859-4f29-b6d1-b30c070fd155,SHOP_042,BEN_02367,2025-12-21 19:13:25.322714,Kerosene,2,50.0,28.598757,77.020815,Dwarka,0,11290.0,19,True,False,False,False,False,1,0.21848796835051526
87621209-f8f0-4681-a58b-05341fb99ab8,SHOP_042,BEN_00552,2025-12-22 11:06:31.322714,Sugar,1,20.0,28.598757,77.020815,Dwarka,0,57186.0,11,False,False,False,True,False,1,0.30067230491103397
2290aa00-ec08-40b6-803d-47ecb9e8e46a,SHOP_042,BEN_02228,2025-12-22 15:24:38.322714,Rice,10,30.0,28.598757,77.020815,Dwarka,0,15487.0,15,False,False,True,False,False,1,0.19832920366968304
e993efdf-e57a-4751-8021-055e3b807462,SHOP_042,BEN_02167,2025-12-22 18:36:50.322714,Rice,13,39.0,28.598757,77.020815,Dwarka,0,11532.0,18,False,False,True,False,False,1,0.24149655146955396
b75494c8-149e-4a24-8399-e1869cee6aa6,SHOP_042,BEN_02780,2025-12-23 12:08:55.322714,Oil,1,50.0,28.598757,77.020815,Dwarka,0,63125.0,12,False,True,False,False,False,1,0.381925105436563
e73f372f-0ef5-41d0-80b0-3ed707a351e6,SHOP_042,BEN_01115,2025-12-23 19:10:18.322714,Sugar,1,20.0,28.598757,77.020815,Dwarka,0,25283.0,19,False,False,False,True,False,1,0.44828062669682583
4bb0104d-4154-4c7c-8b01-c582f6c80815,SHOP_042,BEN_01458,2025-12-24 08:53:14.322714,Oil,1,50.0,28.598757,77.020815,Dwarka,0,49376.0,8,False,True,False,False,False,1,0.40949279564413904
88fd8981-a849-4510-8640-d2fad5713c79,SHOP_042,BEN_01643,2025-12-24 10:09:58.322714,Wheat,9,18.0,28.598757,77.020815,Dwarka,0,4604.0,10,False,False,False,False,True,1,0.2578729023940901
b9157fb1-cc84-4b5a-8d46-136c8b9766eb,SHOP_042,BEN_01742,2025-12-24 11:21:33.322714,Rice,5,15.0,28.598757,77.020815,Dwarka,0,4295.0,11,False,False,True,False,False,1,0.24596279562853274
2085e9f7-bbc0-4528-a43b-d2052bb2a19f,SHOP_042,BEN_02890,2025-12-24 15:22:44.322714,Sugar,3,60.0,28.598757,77.020815,Dwarka,0,14471.0,15,False,False,False,True,False,1,0.14603076077548172
0f646b65-5100-4d72-8f0e-994a0d2b4880,SHOP_042,BEN_00892,2025-12-24 18:10:45.322714,Sugar,2,40.0,28.598757,77.020815,Dwarka,0,10081.0,18,False,False,False,True,False,1,0.18503631583288965
2c3e8235-0090-4073-a2fe-8ca04836124a,SHOP_042,BEN_00833,2025-12-24 19:12:25.322714,Oil,2,100.0,28.598757,77.020815,Dwarka,0,3700.0,19,False,True,False,False,False,1,0.2527103445395301
4fe830ce-faf4-4519-94dd-96ead8a690f4,SHOP_042,BEN_02884,2025-12-25 10:25:28.322714,Kerosene,3,75.0,28.598757,77.020815,Dwarka,0,54783.0,10,True,False,False,False,False,1,0.3486730763099804
b6ea6cf7-4326-452b-91c3-e44a214e0cd2,SHOP_042,BEN_01482,2025-12-25 11:54:22.322714,Kerosene,1,25.0,28.598757,77.020815,Dwarka,0,5334.0,11,True,False,False,False,False,1,0.22235581031736434
881abe44-99fd-4c44-a6b2-be70b2756488,SHOP_042,BEN_02552,2025-12-25 13:45:18.322714,Oil,2,100.0,28.598757,77.020815,Dwarka,0,6656.0,13,False,True,False,False,False,1,0.0648789117775771
14f2a302-dcb1-46e0-8f52-da287a2cb6cf,SHOP_042,BEN_00669,2025-12-25 15:34:18.322714,Sugar,3,60.0,28.598757,77.020815,Dwarka,0,6540.0,15,False,False,False,True,False,1,0.10204536950164461
2298e968-5cd3-4ef7-969f-8fdb415f247d,SHOP_042,BEN_02384,2025-12-26 10:04:44.322714,Rice,10,30.0,28.598757,77.020815,Dwarka,0,66626.0,10,False,False,True,False,False,1,0.3910709086823897
82e2da39-f04f-4c60-9668-59134346e7ba,SHOP_042,BEN_01391,2025-12-28 12:53:30.322714,Wheat,14,28.0,28.598757,77.020815,Dwarka,0,182926.0,12,False,False,False,False,True,-1,0.9264425123177245
4372b291-1b60-4d9f-be1e-5894069bc501,SHOP_042,BEN_00216,2025-12-28 13:56:24.322714,Kerosene,2,50.0,28.598757,77.020815,Dwarka,0,3774.0,13,True,False,False,False,False,1,0.14459190870918937
227c0658-4005-4947-a568-1f9f0b27fdcf,SHOP_042,BEN_02095,2025-12-28 18:32:51.322714,Sugar,3,60.0,28.598757,77.020815,Dwarka,0,16587.0,18,False,False,False,True,False,1,0.28741815538009274
6e1617dc-ae20-41a6-b1b5-d29a9958b0bc,SHOP_042,BEN_01823,2025-12-28 19:45:16.322714,Oil,1,50.0,28.598757,77.020815,Dwarka,0,4345.0,19,False,True,False,False,False,1,0.2724890681381059
d04089b0-3188-4d02-82ce-cb8eeca22b41,SHOP_042,BEN_02714,2025-12-29 08:31:57.322714,Wheat,11,22.0,28.598757,77.020815,Dwarka,0,46001.0,8,False,False,False,False,True,1,0.5177288005678413
c0ec12b8-2c3e-4a60-a834-5b2fea749780,SHOP_042,BEN_00839,2025-12-29 12:23:38.322714,Rice,10,30.0,28.598757,77.020815,Dwarka,0,13901.0,12,False,False,True,False,False,1,0.16215802647681238
1372df6f-6dd6-483a-8b04-fb1ff3252a5c,SHOP_042,BEN_00536,2025-12-29 15:53:35.322714,Sugar,2,40.0,28.598757,77.020815,Dwarka,0,12597.0,15,False,False,False,True,False,1,0.07453924489390251
592d53c0-f942-432c-8fe7-9f8e35f7f271,SHOP_042,BEN_02361,2025-12-31 08:02:59.322714,Wheat,15,30.0,28.598757,77.020815,Dwarka,0,144564.0,8,False,False,False,False,True,-1,0.8744926535005573
e2a2daca-c3f2-48e9-9b63-46ad14a1600a,SHOP_042,BEN_01469,2025-12-31 10:58:27.322714,Wheat,15,30.0,28.598757,77.020815,Dwarka,0,10528.0,10,False,False,False,False,True,1,0.2375340734442859
11a60ebb-3feb-4abb-8872-2be31d23860b,SHOP_042,BEN_01393,2025-12-31 17:41:36.322714,Kerosene,1,25.0,28.598757,77.020815,Dwarka,0,24189.0,17,True,False,False,False,False,1,0.3133618981630483
2407d571-671c-48ef-ab8d-12cfd19cd4b1,SHOP_042,BEN_01064,2026-01-01 09:15:23.322714,Sugar,2,40.0,28.598757,77.020815,Dwarka,0,56027.0,9,False,False,False,True,False,1,0.28086240256156175
cd46a0b2-a146-4312-8616-03e481783b3e,SHOP_042,BEN_01455,2026-01-01 11:02:11.322714,Oil,1,50.0,28.598757,77.020815,Dwarka,0,6408.0,11,False,True,False,False,False,1,0.19198058903716064
17ef2f56-9bf8-404a-8f04-02e9c7f52e32,SHOP_042,BEN_01451,2026-01-01 11:26:21.322714,Wheat,13,26.0,28.598757,77.020815,Dwarka,0,1450.0,11,False,False,False,False,True,1,0.26094958917416256
7acb38c2-fc0d-452c-9c00-fc596a3f24f1,SHOP_042,BEN_00915,2026-01-01 16:07:00.322714,Sugar,2,40.0,28.598757,77.020815,Dwarka,0,16839.0,16,False,False,False,True,False,1,0.1432408896027687
62b7471c-1280-475e-8ba3-440dd882686d,SHOP_042,BEN_00018,2026-01-02 08:42:05.322714,Oil,1,50.0,28.598757,77.020815,Dwarka,0,59705.0,8,False,True,False,False,False,1,0.4110939409040949
d397f552-cc10-49a7-a3c2-487f6e84726a,SHOP_042,BEN_02061,2026-01-02 17:04:46.322714,Wheat,12,24.0,28.598757,77.020815,Dwarka,0,30161.0,17,False,False,False,False,True,1,0.41843282443892127
d6a67fc3-bd4b-4572-a1b6-fde6873c83bc,SHOP_042,BEN_00496,2026-01-02 17:40:13.322714,Rice,6,18.0,28.598757,77.020815,Dwarka,0,2127.0,17,False,False,True,False,False,1,0.2647897106617177
430ba05b-864b-4bb8-9bc2-839a846c37b4,SHOP_042,BEN_00779,2026-01-02 18:57:54.322714,Kerosene,1,25.0,28.598757,77.020815,Dwarka,0,4661.0,18,True,False,False,False,False,1,0.20676882864353907
1a4bfdd1-f011-4a9a-8c6a-450ebfb3ef03,SHOP_042,BEN_00774,2026-01-03 09:07:16.322714,Sugar,2,40.0,28.598757,77.020815,Dwarka,0,50962.0,9,False,False,False,True,False,1,0.2955348952875602
f05e3fb9-1a44-4869-a61f-2c1905f0ce83,SHOP_042,BEN_01620,2026-01-03 11:23:46.322714,Rice,11,33.0,28.598757,77.020815,Dwarka,0,8190.0,11,False,False,True,False,False,1,0.1962894887665712
7aef4519-e92c-4480-b5eb-243ab18532cc,SHOP_042,BEN_00003,2026-01-03 14:09:49.322714,Oil,1,50.0,28.598757,77.020815,Dwarka,0,9963.0,14,False,True,False,False,False,1,0.12659655021356048
186fbd9d-92b0-4736-b618-f18df010addf,SHOP_042,BEN_01044,2026-01-04 08:31:55.322714,Oil,1,50.0,28.598757,77.020815,Dwarka,0,66126.0,8,False,True,False,False,False,1,0.4726357911767295
f0018ca4-33c3-4559-b6c0-58bf4f3429cb,SHOP_042,BEN_01678,2026-01-04 08:57:33.322714,Wheat,7,14.0,28.598757,77.020815,Dwarka,0,1538.0,8,False,False,False,False,True,1,0.5127990521455722
f451b670-f913-42f7-9fd2-1b9802e22a75,SHOP_042,BEN_02683,2026-01-04 10:43:35.322714,Oil,2,100.0,28.598757,77.020815,Dwarka,0,6362.0,10,False,True,False,False,False,1,0.1868418741431333
6e52864a-7fc2-49e0-89cf-940af28dd1da,SHOP_042,BEN_01700,2026-01-04 13:46:58.322714,Kerosene,3,75.0,28.598757,77.020815,Dwarka,0,11003.0,13,True,False,False,False,False,1,0.19362131253705778
111eb96b-9570-4e94-a592-dc191680b91f,SHOP_042,BEN_01251,2026-01-04 18:33:24.322714,Oil,1,50.0,28.598757,77.020815,Dwarka,0,17186.0,18,False,True,False,False,False,1,0.25109041028319407
777c63bd-4454-4b4f-84ea-07e4105e6b1c,SHOP_042,BEN_01128,2026-01-05 08:15:26.322714,Wheat,17,34.0,28.598757,77.020815,Dwarka,0,49322.0,8,False,False,False,False,True,1,0.5709355396059953
1932387e-842f-4838-a61d-847863e407a5,SHOP_042,BEN_02210,2026-01-05 09:37:56.322714,Sugar,1,20.0,28.598757,77.020815,Dwarka,0,4950.0,9,False,False,False,True,False,1,0.34201692533660344
9726827d-89a4-4cbc-8f31-7754017dee58,SHOP_042,BEN_00836,2026-01-05 09:57:46.322714,Oil,1,50.0,28.598757,77.020815,Dwarka,0,1190.0,9,False,True,False,False,False,1,0.29527594065615664
f0c65ef9-6e0f-4b27-a39e-1964ae5abf50,SHOP_042,BEN_02083,2026-01-05 11:19:40.322714,Kerosene,3,75.0,28.598757,77.020815,Dwarka,0,4914.0,11,True,False,False,False,False,1,0.23098658755653895
56f05425-9bf1-4519-bb01-fdec7010c49f,SHOP_042,BEN_01733,2026-01-05 11:31:36.322714,Oil,2,100.0,28.598757,77.020815,Dwarka,0,716.0,11,False,True,False,False,False,1,0.18728143829154087
a836af28-049b-4065-b584-141f6cb3c786,SHOP_042,BEN_01823,2026-01-05 16:20:55.322714,Sugar,1,20.0,28.598757,77.020815,Dwarka,0,17359.0,16,False,False,False,True,False,1,0.22299406268660488
a4b40e99-141e-4d59-80c9-7ce71752636a,SHOP_042,BEN_02371,2026-01-06 10:07:10.322714,Sugar,3,60.0,28.598757,77.020815,Dwarka,0,63975.0,10,False,False,False,True,False,1,0.30016317556083844
7f5b66a8-835d-44db-8b18-76be162467fc,SHOP_042,BEN_00046,2026-01-06 18:47:45.322714,Sugar,3,60.0,28.598757,77.020815,Dwarka,0,31235.0,18,False,False,False,True,False,1,0.46893191797419176
e19d68b4-fbfb-4402-b547-6bc65f52788a,SHOP_042,BEN_02792,2026-01-07 08:12:19.322714,Oil,2,100.0,28.598757,77.020815,Dwarka,0,48274.0,8,False,True,False,False,False,1,0.36914219055995945
3f603a3e-2435-4db9-a10b-3b5b256bf7b5,SHOP_042,BEN_01696,2026-01-07 12:18:16.322714,Wheat,14,28.0,28.598757,77.020815,Dwarka,0,14757.0,12,False,False,False,False,True,1,0.17478834228298168
5b5e361c-e052-4bb9-a953-d629d43e9e20,SHOP_042,BEN_01667,2026-01-07 15:41:42.322714,Kerosene,3,75.0,28.598757,77.020815,Dwarka,0,12206.0,15,True,False,False,False,False,1,0.1483299472746598
dcde9780-5da9-4e8f-ad8d-9c721f8417b5,SHOP_042,BEN_01866,2026-01-08 09:28:31.322714,Sugar,3,60.0,28.598757,77.020815,Dwarka,0,64009.0,9,False,False,False,True,False,1,0.35761088109423084
429a0ff7-3948-4dbd-b588-99e9ecdeba8b,SHOP_042,BEN_02594,2026-01-08 09:56:14.322714,Wheat,17,34.0,28.598757,77.020815,Dwarka,0,1663.0,9,False,False,False,False,True,1,0.46255250558180333
067be628-22b2-4f91-bfbb-aec89b017954,SHOP_042,BEN_01397,2026-01-08 17:23:12.322714,Rice,6,18.0,28.598757,77.020815,Dwarka,0,26818.0,17,False,False,True,False,False,1,0.3464599755546566
4681e0b0-05cb-4d0e-98f0-0e913f23f3ed,SHOP_042,BEN_02146,2026-01-08 18:08:50.322714,Sugar,1,20.0,28.598757,77.020815,Dwarka,0,2738.0,18,False,False,False,True,False,1,0.25160207606889734
05b22422-c082-4f97-b0a2-62d8897ecfdc,SHOP_042,BEN_00165,2026-01-09 13:41:51.322714,Rice,8,24.0,28.598757,77.020815,Dwarka,0,70381.0,13,False,False,True,False,False,1,0.43645901969682876
cc29a4d3-8c0e-420c-9dfe-f8247ff9323e,SHOP_042,BEN_02826,2026-01-09 15:06:23.322714,Oil,2,100.0,28.598757,77.020815,Dwarka,0,5072.0,15,False,True,False,False,False,1,0.009801819472535112
989fa6f3-a380-47b9-b275-a530a3cfbdb3,SHOP_042,BEN_00074,2026-01-09 16:46:10.322714,Rice,18,54.0,28.598757,77.020815,Dwarka,0,5987.0,16,False,False,True,False,False,1,0.21175390936515748
0025eace-a9d8-4c1b-af53-28d0f0a41c0c,SHOP_042,BEN_01587,2026-01-09 18:19:18.322714,Oil,1,50.0,28.598757,77.020815,Dwarka,0,5588.0,18,False,True,False,False,False,1,0.20618871054525362
00284eb2-035e-4904-b970-87994bee8182,SHOP_042,BEN_00215,2026-01-10 15:27:39.322714,Sugar,2,40.0,28.598757,77.020815,Dwarka,0,76101.0,15,False,False,False,True,False,1,0.3515891030001149
87eb63a8-3238-4530-8b64-d48d9029af09,SHOP_042,BEN_02638,2026-01-11 13:12:37.322714,Kerosene,3,75.0,28.598757,77.020815,Dwarka,0,78298.0,13,True,False,False,False,False,1,0.4936287522047303
9f7cd190-c77e-4661-9ca8-b9e9d4465271,SHOP_042,BEN_02616,2026-01-11 14:00:50.322714,Rice,11,33.0,28.598757,77.020815,Dwarka,0,2893.0,14,False,False,True,False,False,1,0.1340883390329765
907875a2-c196-40a2-ab61-d440bf4819d9,SHOP_042,BEN_00912,2026-01-12 10:47:47.322714,Kerosene,1,25.0,28.598757,77.020815,Dwarka,0,74817.0,10,True,False,False,False,False,1,0.540200744330353
c83c7781-4d10-45b8-b1be-c8b1f824a69c,SHOP_042,BEN_02333,2026-01-12 12:19:28.322714,Rice,17,51.0,28.598757,77.020815,Dwarka,0,5501.0,12,False,False,True,False,False,1,0.19517460619369864
7720c1dc-3a8c-42fe-873e-12be6a73aaf6,SHOP_042,BEN_00054,2026-01-13 13:36:08.322714,Kerosene,2,50.0,28.598757,77.020815,Dwarka,0,91000.0,13,True,False,False,False,False,1,0.5409216626516196
f26d807a-bec6-4e54-ac28-6682bcb3c10e,SHOP_042,BEN_00616,2026-01-13 18:59:37.322714,Kerosene,2,50.0,28.598757,77.020815,Dwarka,0,19409.0,18,True,False,False,False,False,1,0.19336046575323634
c9550d80-462b-40d7-b3b1-e295e43e87ec,SHOP_042,BEN_00949,2026-01-13 19:04:41.322714,Wheat,9,18.0,28.598757,77.020815,Dwarka,0,304.0,19,False,False,False,False,True,1,0.38874433422014204
7d8f2a6a-e878-46f1-a7b5-283a7dc82808,SHOP_042,BEN_00428,2026-01-14 13:43:57.322714,Wheat,14,28.0,28.598757,77.020815,Dwarka,0,67156.0,13,False,False,False,False,True,1,0.46592909038917607
74728db2-6974-46e7-86f4-a2cbb1a07337,SHOP_042,BEN_02325,2026-01-14 17:56:06.322714,Rice,11,33.0,28.598757,77.020815,Dwarka,0,15129.0,17,False,False,True,False,False,1,0.20772997611310673
7fc68673-917d-4891-b739-a952b9364c21,SHOP_042,BEN_00968,2026-01-15 13:02:33.322714,Rice,12,36.0,28.598757,77.020815,Dwarka,0,68787.0,13,False,False,True,False,False,1,0.4206833906545234
581005aa-109f-4c79-99d9-8f78fdd070cf,SHOP_042,BEN_01083,2026-01-15 14:55:47.322714,Sugar,1,20.0,28.598757,77.020815,Dwarka,0,6794.0,14,False,False,False,True,False,1,0.08288902737499398
6c9c2f43-e183-4c65-af29-da57c2d284e4,SHOP_043,BEN_00365,2025-12-16 17:52:56.322714,Sugar,2,40.0,28.561519,77.048283,Dwarka,0,9999.0,17,False,False,False,True,False,1,0.13153573609885144
7e30ad18-05b3-4196-987f-c636d7600ba0,SHOP_043,BEN_02873,2025-12-16 18:02:25.322714,Kerosene,2,50.0,28.561519,77.048283,Dwarka,0,569.0,18,True,False,False,False,False,1,0.22366379874449016
08908e11-82f1-4e01-b6c9-21d1546b6626,SHOP_043,BEN_02872,2025-12-16 19:56:24.322714,Kerosene,2,50.0,28.561519,77.048283,Dwarka,0,6839.0,19,True,False,False,False,False,1,0.24079235236494245
b16d2e83-fb7e-4720-a0b1-c86d3fb81327,SHOP_043,BEN_02383,2025-12-17 13:33:58.322714,Rice,14,42.0,28.561519,77.048283,Dwarka,0,63454.0,13,False,False,True,False,False,1,0.4136563007626261
d3fbf5e4-13e6-4678-984c-70f5b71f353d,SHOP_043,BEN_02612,2025-12-17 18:59:42.322714,Rice,12,36.0,28.561519,77.048283,Dwarka,0,19544.0,18,False,False,True,False,False,1,0.30491060031421463
40af8990-f7da-4334-ab8f-6689ab06f4a7,SHOP_043,BEN_02374,2025-12-18 09:26:37.322714,Oil,2,100.0,28.561519,77.048283,Dwarka,0,52015.0,9,False,True,False,False,False,1,0.2600385430659516
0cbb7143-1065-4e44-bba6-cd60bbd26632,SHOP_043,BEN_02070,2025-12-18 17:00:24.322714,Kerosene,1,25.0,28.561519,77.048283,Dwarka,0,27227.0,17,True,False,False,False,False,1,0.3571077150239327
bc85b902-2482-431f-8ec0-2aad8348257b,SHOP_043,BEN_01029,2025-12-18 17:15:27.322714,Sugar,1,20.0,28.561519,77.048283,Dwarka,0,903.0,17,False,False,False,True,False,1,0.24890415859477028
29fa1292-3e7c-429b-8296-6aca9694395e,SHOP_043,BEN_01636,2025-12-19 08:21:39.322714,Rice,9,27.0,28.561519,77.048283,Dwarka,0,54372.0,8,False,False,True,False,False,1,0.41690730367342055
55199213-1510-4c1d-90eb-a7ba224ddbac,SHOP_043,BEN_00007,2025-12-19 09:14:54.322714,Rice,15,45.0,28.561519,77.048283,Dwarka,0,3195.0,9,False,False,True,False,False,1,0.3439965599874649
2b712f9b-1f8b-46f0-8ac5-12e817643271,SHOP_043,BEN_00914,2025-12-20 09:34:10.322714,Oil,1,50.0,28.561519,77.048283,Dwarka,0,87556.0,9,False,True,False,False,False,1,0.5336142062910768
1dd3a74c-dc97-41b2-a926-78c5053a3c1a,SHOP_043,BEN_02891,2025-12-20 12:32:31.322714,Rice,16,48.0,28.561519,77.048283,Dwarka,0,10701.0,12,False,False,True,False,False,1,0.219761799729647
c2585398-1045-4f3b-972e-8058a08c5400,SHOP_043,BEN_02274,2025-12-20 16:11:22.322714,Oil,1,50.0,28.561519,77.048283,Dwarka,0,13131.0,16,False,True,False,False,False,1,0.13387423658188458
ca5e8875-ea2d-4230-b6dd-f328b2fba9b4,SHOP_043,BEN_02475,2025-12-20 16:57:48.322714,Sugar,1,20.0,28.561519,77.048283,Dwarka,0,2786.0,16,False,False,False,True,False,1,0.16657806876025244
12b12dd6-bda4-4739-94df-bce44543c83d,SHOP_043,BEN_00380,2025-12-21 09:59:28.322714,Sugar,2,40.0,28.561519,77.048283,Dwarka,0,61300.0,9,False,False,False,True,False,1,0.30767529985948666
13d6c8b6-7d9d-4bfd-b089-cf9b0a1cd1e3,SHOP_043,BEN_01998,2025-12-21 10:37:32.322714,Sugar,3,60.0,28.561519,77.048283,Dwarka,0,2284.0,10,False,False,False,True,False,1,0.274631699689686
9e79dc2b-e392-4983-9214-7bea734c5180,SHOP_043,BEN_01744,2025-12-21 10:46:39.322714,Kerosene,1,25.0,28.561519,77.048283,Dwarka,0,547.0,10,True,False,False,False,False,1,0.3368989582362153
36d9c0af-27bb-463c-a4ea-2f0e2349cc83,SHOP_043,BEN_00534,2025-12-21 15:21:04.322714,Sugar,1,20.0,28.561519,77.048283,Dwarka,0,16465.0,15,False,False,False,True,False,1,0.1871663444692016
c408660e-aae5-4513-bbbe-3c837f402b35,SHOP_043,BEN_00240,2025-12-21 19:59:18.322714,Kerosene,2,50.0,28.561519,77.048283,Dwarka,0,16694.0,19,True,False,False,False,False,1,0.24870961945740938
5667bb52-d45b-4411-9f3a-a1388f5ff022,SHOP_043,BEN_01347,2025-12-22 16:51:31.322714,Kerosene,1,25.0,28.561519,77.048283,Dwarka,0,75133.0,16,True,False,False,False,False,-1,0.5893406320438623
d7b8b747-5a7d-4f1c-897e-dbc9c42a6807,SHOP_043,BEN_00556,2025-12-25 14:38:49.322714,Wheat,7,14.0,28.561519,77.048283,Dwarka,0,251238.0,14,False,False,False,False,True,-1,1.0
bc938638-1def-43b6-9d49-c12b665fd8a3,SHOP_043,BEN_01752,2025-12-26 08:45:31.322714,Sugar,3,60.0,28.561519,77.048283,Dwarka,0,65202.0,8,False,False,False,True,False,1,0.43545024092543233
7ad7ffd8-9198-44e0-97ef-9ac5cf938b7d,SHOP_043,BEN_02074,2025-12-26 11:56:20.322714,Rice,13,39.0,28.561519,77.048283,Dwarka,0,11449.0,11,False,False,True,False,False,1,0.23508145184496093
68760f76-ff68-4187-948b-0f860929427a,SHOP_043,BEN_01899,2025-12-26 18:30:36.322714,Kerosene,2,50.0,28.561519,77.048283,Dwarka,0,23656.0,18,True,False,False,False,False,1,0.22915984543804252
3cccdd72-14dc-408e-9576-305b11b8ef59,SHOP_043,BEN_02997,2025-12-26 19:00:56.322714,Wheat,9,18.0,28.561519,77.048283,Dwarka,0,1820.0,19,False,False,False,False,True,1,0.3446247873594272
82ff8b20-603d-44b6-a303-8f1a3807c55f,SHOP_043,BEN_01490,2025-12-27 09:41:21.322714,Wheat,14,28.0,28.561519,77.048283,Dwarka,0,52825.0,9,False,False,False,False,True,1,0.48121348706025585
78bafee9-73db-46a9-a011-13a13c4a6ee8,SHOP_043,BEN_01927,2025-12-27 11:06:28.322714,Oil,2,100.0,28.561519,77.048283,Dwarka,0,5107.0,11,False,True,False,False,False,1,0.1491343589854649
309f616d-65d4-4f27-a2ab-490000c57198,SHOP_043,BEN_00048,2025-12-27 16:40:30.322714,Kerosene,1,25.0,28.561519,77.048283,Dwarka,0,20042.0,16,True,False,False,False,False,1,0.2493194407818496
0f9c693b-717c-4ab5-8bc3-c5319b127e08,SHOP_043,BEN_00259,2025-12-28 12:30:13.322714,Sugar,2,40.0,28.561519,77.048283,Dwarka,0,71383.0,12,False,False,False,True,False,1,0.287989458080093
c6aa55dd-b910-421b-8786-fe9b3d0ab484,SHOP_043,BEN_00420,2025-12-29 16:15:49.322714,Rice,20,60.0,28.561519,77.048283,Dwarka,0,99936.0,16,False,False,True,False,False,-1,0.818056706432214
fb583c8f-80d7-46cd-9454-d3f705c6c2f8,SHOP_043,BEN_02858,2025-12-29 18:21:14.322714,Oil,1,50.0,28.561519,77.048283,Dwarka,0,7525.0,18,False,True,False,False,False,1,0.2057980103994092
e53ea3b3-ea40-48b2-bc9b-a1d4b28a45cd,SHOP_043,BEN_01856,2025-12-30 11:36:54.322714,Rice,12,36.0,28.561519,77.048283,Dwarka,0,62140.0,11,False,False,True,False,False,1,0.35914516374455546
0c396868-347a-4b0a-88b3-4bffe9ab3d30,SHOP_043,BEN_01255,2025-12-30 15:41:03.322714,Wheat,10,20.0,28.561519,77.048283,Dwarka,0,14649.0,15,False,False,False,False,True,1,0.14801380978412026
723b3b72-b594-4695-a18a-6afeac9903ca,SHOP_043,BEN_00551,2025-12-30 19:22:38.322714,Rice,17,51.0,28.561519,77.048283,Dwarka,0,13295.0,19,False,False,True,False,False,1,0.39683985806532035
8cd71e9e-7032-409e-9d84-e8664be2d373,SHOP_043,BEN_00321,2025-12-31 08:17:30.322714,Sugar,1,20.0,28.561519,77.048283,Dwarka,0,46492.0,8,False,False,False,True,False,1,0.40952366010652347
a6dc56d6-0c6f-4ccf-a896-0896662538e5,SHOP_043,BEN_02611,2025-12-31 11:10:58.322714,Sugar,1,20.0,28.561519,77.048283,Dwarka,0,10408.0,11,False,False,False,True,False,1,0.2158659732465132
60d52d17-a1d3-48f4-923e-93c459a3f6cd,SHOP_043,BEN_00728,2025-12-31 12:56:26.322714,Sugar,3,60.0,28.561519,77.048283,Dwarka,0,6328.0,12,False,False,False,True,False,1,0.16993789182207708
d1d3702d-9fa5-4a69-b2ef-f2f00b8cd387,SHOP_043,BEN_01275,2025-12-31 13:03:42.322714,Oil,2,100.0,28.561519,77.048283,Dwarka,0,436.0,13,False,True,False,False,False,1,0.16332489860354016
2b63b1e0-8dd5-447d-847b-4f8664c52001,SHOP_043,BEN_02874,2025-12-31 15:09:42.322714,Wheat,5,10.0,28.561519,77.048283,Dwarka,0,7560.0,15,False,False,False,False,True,1,0.23515486127105684
7f3149be-1d68-4738-b81a-fc1ea0e77d6a,SHOP_043,BEN_01508,2026-01-01 10:13:30.322714,Sugar,1,20.0,28.561519,77.048283,Dwarka,0,68628.0,10,False,False,False,True,False,1,0.3676471996857395
c2aa9c68-3ab6-432b-9696-91f472a5b44b,SHOP_043,BEN_02326,2026-01-01 15:11:56.322714,Oil,1,50.0,28.561519,77.048283,Dwarka,0,17906.0,15,False,True,False,False,False,1,0.14916794905859077
1472e9e2-2942-4b7e-9bce-a3e4ba01f692,SHOP_043,BEN_02046,2026-01-01 18:15:12.322714,Sugar,2,40.0,28.561519,77.048283,Dwarka,0,10996.0,18,False,False,False,True,False,1,0.2012978599806886
0cd347db-c264-4dc0-979a-b77f69d63af4,SHOP_043,BEN_01925,2026-01-02 09:35:36.322714,Oil,1,50.0,28.561519,77.048283,Dwarka,0,55224.0,9,False,True,False,False,False,1,0.294006662530903
cdafb21d-b61d-4478-b88d-d877bc769479,SHOP_043,BEN_00192,2026-01-02 10:53:07.322714,Sugar,2,40.0,28.561519,77.048283,Dwarka,0,4651.0,10,False,False,False,True,False,1,0.21695275030878636
03c2bb1d-5767-435b-881b-1d7d68617bc1,SHOP_043,BEN_02729,2026-01-02 10:57:12.322714,Sugar,1,20.0,28.561519,77.048283,Dwarka,0,245.0,10,False,False,False,True,False,1,0.3225300717630869
16235deb-2eae-404c-a33d-bedc6b5320cd,SHOP_043,BEN_02372,2026-01-02 12:50:06.322714,Wheat,18,36.0,28.561519,77.048283,Dwarka,0,6774.0,12,False,False,False,False,True,1,0.21607538566599188
13f0a4ee-306c-4855-afc7-377cca31438d,SHOP_043,BEN_02678,2026-01-02 17:23:41.322714,Oil,1,50.0,28.561519,77.048283,Dwarka,0,16415.0,17,False,True,False,False,False,1,0.20420179454351428
27da6f1a-da39-44da-aa6b-a4075ddd8b46,SHOP_043,BEN_00098,2026-01-03 10:12:37.322714,Rice,15,45.0,28.561519,77.048283,Dwarka,0,60536.0,10,False,False,True,False,False,1,0.4174446166774368
b3a674bd-bb3a-4b64-92d4-828ad16a664b,SHOP_043,BEN_00638,2026-01-04 11:05:23.322714,Sugar,3,60.0,28.561519,77.048283,Dwarka,0,89566.0,11,False,False,False,True,False,1,0.4684838401453796
ea21fc39-0fcf-417c-a3fd-5b5b24d59cb3,SHOP_043,BEN_02841,2026-01-04 14:10:00.322714,Kerosene,2,50.0,28.561519,77.048283,Dwarka,0,11077.0,14,True,False,False,False,False,1,0.11176898676640074
88b2b0dc-1b71-4752-a90b-dd7de54099cc,SHOP_043,BEN_02600,2026-01-04 17:15:53.322714,Rice,8,24.0,28.561519,77.048283,Dwarka,0,11153.0,17,False,False,True,False,False,1,0.25093177116078846
a4dea710-f2bb-4d3d-a3ce-202ef0223b1e,SHOP_043,BEN_01025,2026-01-05 13:24:59.322714,Sugar,3,60.0,28.561519,77.048283,Dwarka,0,72546.0,13,False,False,False,True,False,1,0.40296072542674294
a895834c-3e7b-4041-acf4-fc29c86556d3,SHOP_043,BEN_01552,2026-01-05 13:56:12.322714,Sugar,3,60.0,28.561519,77.048283,Dwarka,0,1873.0,13,False,False,False,True,False,1,0.16164897691899804
13a3606d-6109-45df-b82a-87526ad26da9,SHOP_043,BEN_02699,2026-01-05 15:03:03.322714,Wheat,18,36.0,28.561519,77.048283,Dwarka,0,4011.0,15,False,False,False,False,True,1,0.20412450711094393
27ae1a55-0eca-47a8-ad75-0fd804c0d962,SHOP_043,BEN_02201,2026-01-05 19:31:32.322714,Kerosene,3,75.0,28.561519,77.048283,Dwarka,0,16109.0,19,True,False,False,False,False,1,0.2984607658441908
5b9e7daa-beb3-46d6-bad2-088f6f1b7de1,SHOP_043,BEN_02680,2026-01-05 19:35:37.322714,Sugar,3,60.0,28.561519,77.048283,Dwarka,0,245.0,19,False,False,False,True,False,1,0.3869169923658208
f66c34f0-7a12-496a-99b7-a51541f17759,SHOP_043,BEN_01266,2026-01-06 12:49:12.322714,Rice,10,30.0,28.561519,77.048283,Dwarka,0,62015.0,12,False,False,True,False,False,1,0.32345368561585264
c0a068f8-4a49-471c-a5fb-1ebbef117def,SHOP_043,BEN_01567,2026-01-06 15:44:17.322714,Wheat,14,28.0,28.561519,77.048283,Dwarka,0,10505.0,15,False,False,False,False,True,1,0.10312643447457576
ea59ea05-0bf4-4308-b4ad-194af5bdd481,SHOP_043,BEN_01170,2026-01-06 17:38:47.322714,Kerosene,2,50.0,28.561519,77.048283,Dwarka,0,6870.0,17,True,False,False,False,False,1,0.14967543866786642
27ea6aee-91b4-4f9e-a617-1228b4d5a6aa,SHOP_043,BEN_00476,2026-01-06 18:32:24.322714,Kerosene,3,75.0,28.561519,77.048283,Dwarka,0,3217.0,18,True,False,False,False,False,1,0.20908448646818123
10c32112-3257-4231-98a2-5e1f26e738db,SHOP_043,BEN_01897,2026-01-06 19:27:39.322714,Kerosene,1,25.0,28.561519,77.048283,Dwarka,0,3315.0,19,True,False,False,False,False,1,0.2710636925121483
8ac623df-ca98-4412-9384-a04118c5778d,SHOP_043,BEN_00641,2026-01-07 09:42:16.322714,Oil,2,100.0,28.561519,77.048283,Dwarka,0,51277.0,9,False,True,False,False,False,1,0.2687850366860188
0d645db3-9f9d-4a22-82db-e3eee8d05cb7,SHOP_043,BEN_00287,2026-01-07 13:39:32.322714,Sugar,3,60.0,28.561519,77.048283,Dwarka,0,14236.0,13,False,False,False,True,False,1,0.1681357169424243
57ec9878-a7c4-456a-86e0-06796a89add0,SHOP_043,BEN_00090,2026-01-07 15:36:26.322714,Sugar,2,40.0,28.561519,77.048283,Dwarka,0,7014.0,15,False,False,False,True,False,1,0.04858055038197917
578a7fc5-ce6d-49ca-aee0-e2cc0c9d3bb3,SHOP_043,BEN_02344,2026-01-07 17:13:11.322714,Oil,1,50.0,28.561519,77.048283,Dwarka,0,5805.0,17,False,True,False,False,False,1,0.1604306007193287
f4e33d8d-2813-49ea-83fc-7a0c74fd45c9,SHOP_043,BEN_02190,2026-01-08 08:52:37.322714,Oil,2,100.0,28.561519,77.048283,Dwarka,0,56366.0,8,False,True,False,False,False,1,0.3536599766585661
70294288-0734-46a0-8d6c-71b31f99d0de,SHOP_043,BEN_00382,2026-01-08 12:11:45.322714,Rice,7,21.0,28.561519,77.048283,Dwarka,0,11948.0,12,False,False,True,False,False,1,0.18242543856715632
6cde653c-1f64-43c3-ba07-fa9ddb0eede5,SHOP_043,BEN_01254,2026-01-08 14:11:43.322714,Oil,2,100.0,28.561519,77.048283,Dwarka,0,7198.0,14,False,True,False,False,False,1,0.03690668701706801
4319042d-7034-4bca-a5b7-708a8a11abe3,SHOP_043,BEN_02123,2026-01-08 15:48:36.322714,Oil,2,100.0,28.561519,77.048283,Dwarka,0,5813.0,15,False,True,False,False,False,1,0.003017831422775563
5614deb2-a4f1-4fd0-905b-2eff58e2f06c,SHOP_043,BEN_00655,2026-01-08 16:13:48.322714,Sugar,2,40.0,28.561519,77.048283,Dwarka,0,1512.0,16,False,False,False,True,False,1,0.11361420387716414
3ee3bcc6-7c5c-412c-a1b0-3c07c680e7eb,SHOP_043,BEN_02960,2026-01-09 13:12:56.322714,Oil,1,50.0,28.561519,77.048283,Dwarka,0,75548.0,13,False,True,False,False,False,1,0.5152476723947814
a479fa36-bfe0-40a4-a9b9-abdf93028d7c,SHOP_043,BEN_00421,2026-01-09 14:15:43.322714,Sugar,2,40.0,28.561519,77.048283,Dwarka,0,3767.0,14,False,False,False,True,False,1,0.04524999895417292
c14a49bc-edfd-42db-9d7c-3f430899f7d6,SHOP_043,BEN_01404,2026-01-09 15:35:25.322714,Oil,1,50.0,28.561519,77.048283,Dwarka,0,4782.0,15,False,True,False,False,False,1,0.08229200474590731
38578c0e-9e39-4ad6-86e8-7ffa22552e96,SHOP_043,BEN_02964,2026-01-09 15:53:57.322714,Wheat,14,28.0,28.561519,77.048283,Dwarka,0,1112.0,15,False,False,False,False,True,1,0.18638950020125766
03ada4c6-0288-4d5f-a2e7-a4cafd0c7b76,SHOP_043,BEN_02087,2026-01-10 08:10:37.322714,Kerosene,2,50.0,28.561519,77.048283,Dwarka,0,58600.0,8,True,False,False,False,False,1,0.41337579625605714
26aab9a0-8f83-4971-a088-32d28e88cca4,SHOP_043,BEN_01896,2026-01-10 17:28:15.322714,Kerosene,3,75.0,28.561519,77.048283,Dwarka,0,33458.0,17,True,False,False,False,False,1,0.38892773346012166
7cd9a3a0-1c0b-4721-902d-aabea67b8572,SHOP_043,BEN_01358,2026-01-10 17:55:47.322714,Wheat,14,28.0,28.561519,77.048283,Dwarka,0,1652.0,17,False,False,False,False,True,1,0.21151467985611427
e96f9294-8d63-4cde-9920-3bc6dd09eb3f,SHOP_043,BEN_02629,2026-01-11 09:32:48.322714,Kerosene,1,25.0,28.561519,77.048283,Dwarka,0,56221.0,9,True,False,False,False,False,1,0.40329243528763165
18308949-c901-4cab-94b3-99788b0f2e45,SHOP_043,BEN_01826,2026-01-11 10:44:17.322714,Oil,2,100.0,28.561519,77.048283,Dwarka,0,4289.0,10,False,True,False,False,False,1,0.17159333917002523
eb29bbc8-fd3a-4500-843d-546eb8d88ee6,SHOP_043,BEN_02766,2026-01-11 15:20:39.322714,Wheat,16,32.0,28.561519,77.048283,Dwarka,0,16582.0,15,False,False,False,False,True,1,0.18209447950996627
5de09c06-0367-4d8c-9fef-db0d3fc35b4d,SHOP_043,BEN_00373,2026-01-12 11:42:18.322714,Sugar,3,60.0,28.561519,77.048283,Dwarka,0,73299.0,11,False,False,False,True,False,1,0.35812415437731027
4434a02c-8667-44e0-b664-01f817cafde5,SHOP_043,BEN_00274,2026-01-12 19:13:46.322714,Kerosene,3,75.0,28.561519,77.048283,Dwarka,0,27088.0,19,True,False,False,False,False,1,0.4037986763582583
5cee1663-ce21-4c83-8ec0-bffbb25ee45e,SHOP_043,BEN_01227,2026-01-13 11:08:31.322714,Kerosene,1,25.0,28.561519,77.048283,Dwarka,0,57285.0,11,True,False,False,False,False,1,0.4281204067304791
cb9422b4-1cd4-45c9-b2f9-4863936e1084,SHOP_043,BEN_01938,2026-01-13 16:44:09.322714,Oil,1,50.0,28.561519,77.048283,Dwarka,0,20138.0,16,False,True,False,False,False,1,0.17946369356632963
09b33ca8-2247-41ec-9cf5-f34a6faea34b,SHOP_043,BEN_02660,2026-01-13 17:39:19.322714,Wheat,9,18.0,28.561519,77.048283,Dwarka,0,3310.0,17,False,False,False,False,True,1,0.19923421959862736
56370dba-55a3-4de3-afe5-77498a0f4a83,SHOP_043,BEN_00600,2026-01-14 08:30:02.322714,Wheat,14,28.0,28.561519,77.048283,Dwarka,0,53443.0,8,False,False,False,False,True,1,0.5183383517873167
12240703-262e-4b0b-be06-89a0abd6aa80,SHOP_043,BEN_01712,2026-01-14 10:51:21.322714,Sugar,2,40.0,28.561519,77.048283,Dwarka,0,8479.0,10,False,False,False,True,False,1,0.22761200316536484
1ece29f6-a65b-4d99-a1f0-85e211621fb7,SHOP_043,BEN_01310,2026-01-14 11:51:05.322714,Oil,2,100.0,28.561519,77.048283,Dwarka,0,3584.0,11,False,True,False,False,False,1,0.15367459403029582
99f94fbc-2209-44ad-92fb-d9929ea61ad2,SHOP_043,BEN_00715,2026-01-14 12:32:57.322714,Rice,19,57.0,28.561519,77.048283,Dwarka,0,2512.0,12,False,False,True,False,False,1,0.30705817447391576
5f051885-1e30-41d4-b548-e86eb1bbb391,SHOP_043,BEN_02187,2026-01-14 17:36:30.322714,Oil,2,100.0,28.561519,77.048283,Dwarka,0,18213.0,17,False,True,False,False,False,1,0.1462805506629023
e9abfc83-b905-4334-a075-54158fda145c,SHOP_043,BEN_00882,2026-01-14 18:09:13.322714,Oil,1,50.0,28.561519,77.048283,Dwarka,0,1963.0,18,False,True,False,False,False,1,0.2295640682222198
9c52d264-0780-407f-9e67-825f2641d673,SHOP_043,BEN_01881,2026-01-14 19:19:24.322714,Sugar,2,40.0,28.561519,77.048283,Dwarka,0,4211.0,19,False,False,False,True,False,1,0.2618307263766797
f1a7a09c-f1e6-4ddc-885a-b5b1c5ad8bde,SHOP_043,BEN_00828,2026-01-14 19:41:46.322714,Oil,2,100.0,28.561519,77.048283,Dwarka,0,1342.0,19,False,True,False,False,False,1,0.3059893067019513
9b86fe8f-ec40-473d-9c70-98e010071d0d,SHOP_043,BEN_01982,2026-01-15 10:07:05.322714,Rice,15,45.0,28.561519,77.048283,Dwarka,0,51919.0,10,False,False,True,False,False,1,0.38802491973096376
ddf9e011-158f-4f69-b4e3-ade6d21695ae,SHOP_043,BEN_02938,2026-01-15 13:59:49.322714,Sugar,3,60.0,28.561519,77.048283,Dwarka,0,13964.0,13,False,False,False,True,False,1,0.1681357169424243
7b3508e1-1ef0-493b-a619-47b7e6f590ff,SHOP_043,BEN_00924,2026-01-15 14:01:34.322714,Kerosene,1,25.0,28.561519,77.048283,Dwarka,0,105.0,14,True,False,False,False,False,1,0.22889189987385256
4eacd9b5-3c90-4be5-b724-440b4b8b1b7d,SHOP_043,BEN_01444,2026-01-15 14:39:18.322714,Wheat,9,18.0,28.561519,77.048283,Dwarka,0,2264.0,14,False,False,False,False,True,1,0.17532672360329604
9e643397-4b34-4760-a4b5-3a17be43804d,SHOP_044,BEN_00692,2025-12-16 18:24:30.322714,Rice,14,42.0,28.615898,77.224361,Central Delhi,0,9999.0,18,False,False,True,False,False,1,0.23924003996346932
b5b7ab36-c8d9-4234-8802-10af7c28b93b,SHOP_044,BEN_01697,2025-12-16 19:18:13.322714,Wheat,14,28.0,28.615898,77.224361,Central Delhi,0,3223.0,19,False,False,False,False,True,1,0.316104511360636
880da3ad-7206-47a9-86d4-f0d14fa4d75b,SHOP_044,BEN_02352,2025-12-17 09:15:59.322714,Oil,1,50.0,28.615898,77.224361,Central Delhi,0,50266.0,9,False,True,False,False,False,1,0.3003094586272341
ddbebf84-382e-466c-a05c-513da0249040,SHOP_044,BEN_00777,2025-12-17 16:04:05.322714,Sugar,3,60.0,28.615898,77.224361,Central Delhi,0,24486.0,16,False,False,False,True,False,1,0.2550569805116214
c9bdafb5-91fa-4eb7-9cb9-a9cf7a8bab74,SHOP_044,BEN_00813,2025-12-17 17:59:43.322714,Wheat,13,26.0,28.615898,77.224361,Central Delhi,0,6938.0,17,False,False,False,False,True,1,0.17607811504943605
f5b86e92-b449-4ee4-955e-df53e83a9144,SHOP_044,BEN_02422,2025-12-18 10:08:48.322714,Sugar,1,20.0,28.615898,77.224361,Central Delhi,0,58145.0,10,False,False,False,True,False,1,0.31098868803866464
3c99f23b-c60b-4b99-ad7b-9e6a386869d6,SHOP_044,BEN_00477,2025-12-18 14:41:23.322714,Sugar,1,20.0,28.615898,77.224361,Central Delhi,0,16355.0,14,False,False,False,True,False,1,0.14731106748856304
70241a4d-d8c4-4bea-8068-94c688c67871,SHOP_044,BEN_00871,2025-12-18 19:56:57.322714,Rice,15,45.0,28.615898,77.224361,Central Delhi,0,18934.0,19,False,False,True,False,False,1,0.35046665617288136
f8f0ecd2-5670-4d57-90cb-277c005ad4fb,SHOP_044,BEN_02666,2025-12-19 12:17:03.322714,Oil,2,100.0,28.615898,77.224361,Central Delhi,0,58806.0,12,False,True,False,False,False,1,0.3145221947985179
3d57274a-c2e0-4c81-97fd-6a3e2ae310eb,SHOP_044,BEN_00983,2025-12-19 12:53:19.322714,Rice,8,24.0,28.615898,77.224361,Central Delhi,0,2176.0,12,False,False,True,False,False,1,0.16799673381688607
90b0ae05-49ba-4af7-a23f-8e5fb1fa5c3d,SHOP_044,BEN_02822,2025-12-19 16:07:17.322714,Sugar,1,20.0,28.615898,77.224361,Central Delhi,0,11638.0,16,False,False,False,True,False,1,0.16114792051993732
c0fa2ef2-87b2-415b-81d2-96521ec0c960,SHOP_044,BEN_01436,2025-12-19 17:07:42.322714,Sugar,2,40.0,28.615898,77.224361,Central Delhi,0,3625.0,17,False,False,False,True,False,1,0.12668987023194678
7627de33-c88d-45ea-be96-64a5bbf5b124,SHOP_044,BEN_02956,2025-12-20 14:10:03.322714,Wheat,16,32.0,28.615898,77.224361,Central Delhi,0,75741.0,14,False,False,False,False,True,1,0.5404359757075572
b132d6e7-f84c-4d8d-b7e0-ad59843a6ad1,SHOP_044,BEN_01007,2025-12-21 12:28:49.322714,Kerosene,3,75.0,28.615898,77.224361,Central Delhi,0,80326.0,12,True,False,False,False,False,1,0.5174959344201626
e3c1cde8-8fe2-472e-bebd-39342fad895c,SHOP_044,BEN_00657,2025-12-21 18:43:21.322714,Oil,2,100.0,28.615898,77.224361,Central Delhi,0,22472.0,18,False,True,False,False,False,1,0.2581248840298163
9c2f5c8c-c3cf-43cf-b3a8-3d49369bb186,SHOP_044,BEN_01625,2025-12-22 09:05:45.322714,Oil,2,100.0,28.615898,77.224361,Central Delhi,0,51744.0,9,False,True,False,False,False,1,0.26167805168646974
b97d3419-1da9-46a9-9d9d-0a9cee8923c1,SHOP_044,BEN_00537,2025-12-22 13:28:57.322714,Rice,15,45.0,28.615898,77.224361,Central Delhi,0,15792.0,13,False,False,True,False,False,1,0.17774758981343047
59aade2b-aceb-43f1-8011-35300f25f984,SHOP_044,BEN_00840,2025-12-22 14:57:27.322714,Sugar,3,60.0,28.615898,77.224361,Central Delhi,0,5310.0,14,False,False,False,True,False,1,0.1229953450183987
95ffcf39-2875-492f-b98d-66aad6d6e05a,SHOP_044,BEN_00459,2025-12-23 02:37:26.322714,Rice,17,51.0,28.615898,77.224361,Central Delhi,1,41999.0,2,False,False,True,False,False,-1,0.7159203567686496
196b5efe-caff-4b94-a467-7fbe9f487822,SHOP_044,BEN_01713,2025-12-23 14:15:45.322714,Wheat,10,20.0,28.615898,77.224361,Central Delhi,0,41899.0,14,False,False,False,False,True,1,0.42169944645590807
2244e450-ba8d-434c-b34b-fab5d07b95f7,SHOP_044,BEN_02022,2025-12-23 15:56:04.322714,Wheat,19,38.0,28.615898,77.224361,Central Delhi,0,6019.0,15,False,False,False,False,True,1,0.2510766487161873
526350a0-e23c-48fd-b3e5-1da814b2de74,SHOP_044,BEN_00756,2025-12-23 17:08:46.322714,Oil,2,100.0,28.615898,77.224361,Central Delhi,0,4362.0,17,False,True,False,False,False,1,0.09090272081653977
b718b46c-8b9a-47a4-adc1-6457bd97f023,SHOP_044,BEN_01754,2025-12-24 09:21:40.322714,Wheat,5,10.0,28.615898,77.224361,Central Delhi,0,58374.0,9,False,False,False,False,True,1,0.5212973306418219
50281144-0a49-41bb-97d2-6887d17b392f,SHOP_044,BEN_01077,2025-12-24 18:00:19.322714,Wheat,14,28.0,28.615898,77.224361,Central Delhi,0,31119.0,18,False,False,False,False,True,1,0.4378213650458064
95a1de1f-abc8-4737-b087-a0f1df04251d,SHOP_044,BEN_02224,2025-12-24 18:04:52.322714,Wheat,15,30.0,28.615898,77.224361,Central Delhi,0,273.0,18,False,False,False,False,True,1,0.30585135341227077
120d651b-0499-4451-a830-98ab2f5673bd,SHOP_044,BEN_00967,2025-12-25 08:02:28.322714,Sugar,2,40.0,28.615898,77.224361,Central Delhi,0,50256.0,8,False,False,False,True,False,1,0.3517458392453864
dbf45a1f-868d-4da0-b9c1-c4e60f40d940,SHOP_044,BEN_01342,2025-12-25 13:24:37.322714,Kerosene,1,25.0,28.615898,77.224361,Central Delhi,0,19329.0,13,True,False,False,False,False,1,0.2507981603907959
ea879fec-2506-4160-a344-a99ffbaa7290,SHOP_044,BEN_02065,2025-12-25 14:24:21.322714,Wheat,14,28.0,28.615898,77.224361,Central Delhi,0,3584.0,14,False,False,False,False,True,1,0.10933323385246035
b6a2b631-53d9-4ac2-abcd-787060605166,SHOP_044,BEN_01290,2025-12-25 17:45:31.322714,Wheat,6,12.0,28.615898,77.224361,Central Delhi,0,12070.0,17,False,False,False,False,True,1,0.2776024448956829
0d2464c6-3006-4e01-a61d-73656bb04475,SHOP_044,BEN_01102,2025-12-25 19:03:13.322714,Sugar,1,20.0,28.615898,77.224361,Central Delhi,0,4662.0,19,False,False,False,True,False,1,0.3003483857279721
d0e200db-67de-4dcb-951c-5ac0f028ac2a,SHOP_044,BEN_01383,2025-12-26 12:35:16.322714,Sugar,2,40.0,28.615898,77.224361,Central Delhi,0,63123.0,12,False,False,False,True,False,1,0.24605181519643543
19b464ce-67d4-4231-ac9e-ced7048c7951,SHOP_044,BEN_01442,2025-12-26 13:13:51.322714,Oil,1,50.0,28.615898,77.224361,Central Delhi,0,2315.0,13,False,True,False,False,False,1,0.15314965780753864
e216fb4c-f2c6-43b6-a797-0eb85816dfcc,SHOP_044,BEN_00021,2025-12-26 15:29:01.322714,Sugar,3,60.0,28.615898,77.224361,Central Delhi,0,8110.0,15,False,False,False,True,False,1,0.10326568231154787
005400d1-b3f3-47bb-b710-6ab09025f61b,SHOP_044,BEN_02029,2025-12-27 11:01:22.322714,Sugar,3,60.0,28.615898,77.224361,Central Delhi,0,70341.0,11,False,False,False,True,False,1,0.34018823941957477
1da438b1-ca08-422c-9e62-398950682b15,SHOP_044,BEN_00975,2025-12-27 11:05:25.322714,Oil,2,100.0,28.615898,77.224361,Central Delhi,0,243.0,11,False,True,False,False,False,1,0.20880243024629147
fa639180-47eb-4d1e-a804-d07257baeaad,SHOP_044,BEN_00243,2025-12-27 18:57:58.322714,Rice,14,42.0,28.615898,77.224361,Central Delhi,0,28353.0,18,False,False,True,False,False,1,0.3779122690573167
64651e07-8efc-4a9b-a315-5587fac1a254,SHOP_044,BEN_02599,2025-12-27 19:13:05.322714,Sugar,1,20.0,28.615898,77.224361,Central Delhi,0,907.0,19,False,False,False,True,False,1,0.3606098114788171
3dc72e9a-449c-4dce-89e6-b94b02502e3a,SHOP_044,BEN_02402,2025-12-28 13:58:27.322714,Oil,1,50.0,28.615898,77.224361,Central Delhi,0,67522.0,13,False,True,False,False,False,1,0.45450743692697565
08cbd075-c748-42e9-b611-d157933a7d6d,SHOP_044,BEN_02988,2025-12-29 10:05:50.322714,Kerosene,2,50.0,28.615898,77.224361,Central Delhi,0,72443.0,10,True,False,False,False,False,1,0.4329001851668164
fc0c39d1-3ec4-498c-b670-bc9520d08199,SHOP_044,BEN_02017,2025-12-29 16:02:25.322714,Kerosene,3,75.0,28.615898,77.224361,Central Delhi,0,21395.0,16,True,False,False,False,False,1,0.23164494350094378
d4e39929-bb0c-422c-90c9-e5be0040fc5f,SHOP_044,BEN_00752,2025-12-29 16:08:13.322714,Oil,1,50.0,28.615898,77.224361,Central Delhi,0,348.0,16,False,True,False,False,False,1,0.13025870577524534
785e6819-bb48-406e-8a05-8046b1419e33,SHOP_044,BEN_01305,2025-12-29 17:44:17.322714,Sugar,2,40.0,28.615898,77.224361,Central Delhi,0,5764.0,17,False,False,False,True,False,1,0.12965192437077783
00e1f7e1-b7b1-43eb-aad4-6e32bbe5cb6e,SHOP_044,BEN_00023,2025-12-30 15:29:11.322714,Kerosene,3,75.0,28.615898,77.224361,Central Delhi,0,78294.0,15,True,False,False,False,False,1,0.5016826852980517
a0e108f4-5aa5-4ee3-afde-190a4b68c1a2,SHOP_044,BEN_02291,2025-12-30 18:08:53.322714,Sugar,3,60.0,28.615898,77.224361,Central Delhi,0,9582.0,18,False,False,False,True,False,1,0.23650799311392756
d4f0602e-4283-4941-8404-ab5cf5a168ea,SHOP_044,BEN_01719,2025-12-30 18:54:52.322714,Wheat,10,20.0,28.615898,77.224361,Central Delhi,0,2759.0,18,False,False,False,False,True,1,0.2506905157512838
e033feec-2e40-48bb-853d-74ca479b7ca6,SHOP_044,BEN_02555,2025-12-30 18:58:23.322714,Kerosene,2,50.0,28.615898,77.224361,Central Delhi,0,211.0,18,True,False,False,False,False,1,0.23012991815080686
df1ff65d-1bd2-4001-a839-883b77e1e995,SHOP_044,BEN_01577,2025-12-30 19:43:36.322714,Kerosene,1,25.0,28.615898,77.224361,Central Delhi,0,2713.0,19,True,False,False,False,False,1,0.296431471266026
b7ee7826-9bfb-4a5d-a8a1-685f276c8499,SHOP_044,BEN_00947,2025-12-30 19:51:39.322714,Wheat,6,12.0,28.615898,77.224361,Central Delhi,0,483.0,19,False,False,False,False,True,1,0.44403909769246186
5a4f4b60-d083-41d8-8178-83b89f0b0146,SHOP_044,BEN_00694,2025-12-31 08:27:33.322714,Oil,1,50.0,28.615898,77.224361,Central Delhi,0,45354.0,8,False,True,False,False,False,1,0.3991392250465243
be419349-148d-43ad-b4d3-706c872adfe7,SHOP_044,BEN_02163,2025-12-31 10:46:41.322714,Wheat,5,10.0,28.615898,77.224361,Central Delhi,0,8348.0,10,False,False,False,False,True,1,0.33855023908809206
5b489cc7-5ca2-4fdd-9484-58ebae3c245d,SHOP_044,BEN_00875,2025-12-31 15:14:16.322714,Sugar,2,40.0,28.615898,77.224361,Central Delhi,0,16055.0,15,False,False,False,True,False,1,0.10242164693594163
b04012a3-867b-49d1-a12d-ef15845dc78e,SHOP_044,BEN_02665,2025-12-31 19:27:39.322714,Kerosene,3,75.0,28.615898,77.224361,Central Delhi,0,15203.0,19,True,False,False,False,False,1,0.2865705266889679
018aef36-f497-4657-9ea3-590e1bdeaeab,SHOP_044,BEN_01175,2026-01-01 09:01:46.322714,Oil,2,100.0,28.615898,77.224361,Central Delhi,0,48847.0,9,False,True,False,False,False,1,0.2834047397025741
fa0aadab-5cc6-4fa5-957d-2cf7c13ccada,SHOP_044,BEN_02114,2026-01-01 17:34:16.322714,Oil,2,100.0,28.615898,77.224361,Central Delhi,0,30750.0,17,False,True,False,False,False,1,0.3272849837824567
84742ee9-ddb9-4125-a23b-191f628da233,SHOP_044,BEN_02432,2026-01-02 08:49:50.322714,Oil,2,100.0,28.615898,77.224361,Central Delhi,0,54934.0,8,False,True,False,False,False,1,0.3516054755155975
1c487a74-6156-4c02-8d07-a803e51c4a93,SHOP_044,BEN_00606,2026-01-02 11:37:28.322714,Rice,6,18.0,28.615898,77.224361,Central Delhi,0,10058.0,11,False,False,True,False,False,1,0.24962552227699597
846ae004-317c-4b72-99b6-455703082851,SHOP_044,BEN_00595,2026-01-02 16:45:31.322714,Rice,8,24.0,28.615898,77.224361,Central Delhi,0,18483.0,16,False,False,True,False,False,1,0.24140752530242315
70e26c5e-431c-4e44-b94a-4732b99af004,SHOP_044,BEN_01653,2026-01-03 10:45:43.322714,Oil,2,100.0,28.615898,77.224361,Central Delhi,0,64812.0,10,False,True,False,False,False,1,0.3293251728736452
189c3b10-2f0b-4883-8785-4dff44ab8161,SHOP_044,BEN_01676,2026-01-03 10:46:49.322714,Wheat,5,10.0,28.615898,77.224361,Central Delhi,0,66.0,10,False,False,False,False,True,1,0.43252847897677543
685e9364-04a8-43c9-a4c4-780f0c35984f,SHOP_044,BEN_01532,2026-01-03 14:00:22.322714,Rice,8,24.0,28.615898,77.224361,Central Delhi,0,11613.0,14,False,False,True,False,False,1,0.17710611573052937
06ab38bc-63ab-42d9-9b34-3986089e98a4,SHOP_044,BEN_02973,2026-01-03 16:04:38.322714,Kerosene,1,25.0,28.615898,77.224361,Central Delhi,0,7456.0,16,True,False,False,False,False,1,0.15089089544773487
dfc4cc13-7b50-418b-ab51-88c4d152369c,SHOP_044,BEN_00455,2026-01-03 17:05:15.322714,Oil,2,100.0,28.615898,77.224361,Central Delhi,0,3637.0,17,False,True,False,False,False,1,0.09588351456255945
6543aa81-f723-4981-8724-b24ad8d212c4,SHOP_044,BEN_00460,2026-01-04 15:03:14.322714,Rice,15,45.0,28.615898,77.224361,Central Delhi,0,79079.0,15,False,False,True,False,False,1,0.5562985700563712
1b806d5c-0435-4df5-88e9-ef1bbf948301,SHOP_044,BEN_00391,2026-01-05 08:07:22.322714,Oil,2,100.0,28.615898,77.224361,Central Delhi,0,61448.0,8,False,True,False,False,False,1,0.40058168041530023
cbeba567-7e18-4f94-816d-f1efc392f984,SHOP_044,BEN_00340,2026-01-05 10:42:14.322714,Wheat,5,10.0,28.615898,77.224361,Central Delhi,0,9292.0,10,False,False,False,False,True,1,0.33706102757731027
41174e72-8837-4ab5-b3d9-b53102384b5b,SHOP_044,BEN_01362,2026-01-05 19:08:33.322714,Rice,19,57.0,28.615898,77.224361,Central Delhi,0,30379.0,19,False,False,True,False,False,-1,0.5886305499940283
5374db63-d17a-4408-86b4-3006cf9b7312,SHOP_044,BEN_02512,2026-01-06 08:16:36.322714,Oil,1,50.0,28.615898,77.224361,Central Delhi,0,47283.0,8,False,True,False,False,False,1,0.40088296426894515
780d4c4d-117e-4d57-9841-19e5410d2fc3,SHOP_044,BEN_01383,2026-01-06 10:07:07.322714,Wheat,19,38.0,28.615898,77.224361,Central Delhi,0,6631.0,10,False,False,False,False,True,1,0.39522769868475194
d2b73434-cd6a-442f-92c5-cb687e69d102,SHOP_044,BEN_01853,2026-01-06 10:10:41.322714,Oil,1,50.0,28.615898,77.224361,Central Delhi,0,214.0,10,False,True,False,False,False,1,0.2223841035780994
c5c4c9b6-db05-46b6-bd56-29e10d326b29,SHOP_044,BEN_02119,2026-01-06 17:55:40.322714,Oil,2,100.0,28.615898,77.224361,Central Delhi,0,27899.0,17,False,True,False,False,False,1,0.2789395143841438
eb9d8eed-d722-4d88-a020-2edaaf24991b,SHOP_044,BEN_02395,2026-01-07 10:21:24.322714,Kerosene,1,25.0,28.615898,77.224361,Central Delhi,0,59144.0,10,True,False,False,False,False,1,0.403440853028162
734f229c-9e64-424b-ab0e-3d7b576f7dbb,SHOP_044,BEN_01526,2026-01-07 13:01:49.322714,Kerosene,3,75.0,28.615898,77.224361,Central Delhi,0,9625.0,13,True,False,False,False,False,1,0.1918994056249953
5c37a43e-3da0-4cf4-87cb-d83b2ca9fe51,SHOP_044,BEN_01089,2026-01-07 15:52:35.322714,Wheat,16,32.0,28.615898,77.224361,Central Delhi,0,10246.0,15,False,False,False,False,True,1,0.14273420012756838
75000aa0-5da7-439f-90f0-5be33dd1826c,SHOP_044,BEN_02705,2026-01-08 09:19:28.322714,Rice,10,30.0,28.615898,77.224361,Central Delhi,0,62813.0,9,False,False,True,False,False,1,0.378674025068086
e6f4e642-5424-4961-af30-53c5f4fafcb0,SHOP_044,BEN_01676,2026-01-08 11:34:00.322714,Wheat,19,38.0,28.615898,77.224361,Central Delhi,0,8072.0,11,False,False,False,False,True,1,0.31074997693789985
8406a9b6-6350-4dd3-932e-ec260dc3ba6a,SHOP_044,BEN_01174,2026-01-08 11:53:22.322714,Sugar,2,40.0,28.615898,77.224361,Central Delhi,0,1162.0,11,False,False,False,True,False,1,0.19507340323402522
11bb6d5d-4761-4e79-a35c-4e4c9e2d4ba8,SHOP_044,BEN_01719,2026-01-08 13:05:48.322714,Oil,1,50.0,28.615898,77.224361,Central Delhi,0,4346.0,13,False,True,False,False,False,1,0.1317370209408868
904a9d25-c1c2-4a21-b12b-40a507087166,SHOP_044,BEN_00776,2026-01-08 15:13:39.322714,Wheat,18,36.0,28.615898,77.224361,Central Delhi,0,7671.0,15,False,False,False,False,True,1,0.20748894266233253
20e60f59-2a39-436f-8f22-ed76f2bb892b,SHOP_044,BEN_01724,2026-01-08 15:17:52.322714,Oil,2,100.0,28.615898,77.224361,Central Delhi,0,253.0,15,False,True,False,False,False,1,0.10202029218324288
9f56a1fa-7b80-4cd8-b06e-b33df059671b,SHOP_044,BEN_02641,2026-01-08 16:18:12.322714,Oil,1,50.0,28.615898,77.224361,Central Delhi,0,3620.0,16,False,True,False,False,False,1,0.09370862775398608
cced17a7-e874-4ff3-a839-ac874eed951b,SHOP_044,BEN_00449,2026-01-08 18:51:41.322714,Wheat,14,28.0,28.615898,77.224361,Central Delhi,0,9209.0,18,False,False,False,False,True,1,0.2138515021782305
df107714-7805-4492-b824-ead26c65eaf3,SHOP_044,BEN_01494,2026-01-09 13:58:55.322714,Sugar,3,60.0,28.615898,77.224361,Central Delhi,0,68834.0,13,False,False,False,True,False,1,0.38542253591365344
33623028-5a7f-4a73-8105-ff9634f57de5,SHOP_044,BEN_00029,2026-01-10 08:57:27.322714,Sugar,3,60.0,28.615898,77.224361,Central Delhi,0,68312.0,8,False,False,False,True,False,1,0.44373598369282174
761578fc-2393-4ce5-9eaa-ee1b1be30e21,SHOP_044,BEN_02771,2026-01-10 19:24:33.322714,Oil,2,100.0,28.615898,77.224361,Central Delhi,0,37626.0,19,False,True,False,False,False,1,0.4830226648749593
58a1f9ea-cae4-47f1-9830-d3a5ede3042e,SHOP_044,BEN_02204,2026-01-11 08:53:28.322714,Wheat,9,18.0,28.615898,77.224361,Central Delhi,0,48535.0,8,False,False,False,False,True,1,0.5656849429121296
0df5fe20-4b1a-4c74-8acb-a248a2100d5b,SHOP_044,BEN_01367,2026-01-11 11:11:15.322714,Rice,5,15.0,28.615898,77.224361,Central Delhi,0,8267.0,11,False,False,True,False,False,1,0.29028944132547657
9f39d875-15ca-43cc-916e-7e492d60c9e6,SHOP_044,BEN_01865,2026-01-11 12:36:12.322714,Kerosene,3,75.0,28.615898,77.224361,Central Delhi,0,5097.0,12,True,False,False,False,False,1,0.18279864303160048
141a9f8d-74de-41c5-9efd-37fc6371d4fa,SHOP_044,BEN_01943,2026-01-11 17:09:15.322714,Kerosene,1,25.0,28.615898,77.224361,Central Delhi,0,16383.0,17,True,False,False,False,False,1,0.24684329445139486
dbd8668f-6655-4338-95ca-cdf109aec9e4,SHOP_044,BEN_00130,2026-01-12 08:16:09.322714,Oil,1,50.0,28.615898,77.224361,Central Delhi,0,54414.0,8,False,True,False,False,False,1,0.3900220638692929
34e34c8e-d865-49ac-b9f3-b11f550e3f1a,SHOP_044,BEN_02697,2026-01-12 08:44:22.322714,Oil,2,100.0,28.615898,77.224361,Central Delhi,0,1693.0,8,False,True,False,False,False,1,0.36267466420550154
f0765402-2371-4edf-8f79-e0f4ba4dbf4b,SHOP_044,BEN_01262,2026-01-12 09:46:30.322714,Wheat,13,26.0,28.615898,77.224361,Central Delhi,0,3728.0,9,False,False,False,False,True,1,0.3707378591292173
47d42bc8-1bb7-4cc2-bcac-8090da54b588,SHOP_044,BEN_02532,2026-01-12 10:46:01.322714,Rice,12,36.0,28.615898,77.224361,Central Delhi,0,3571.0,10,False,False,True,False,False,1,0.22913598762437937
9b57dcd7-6448-4164-ad6a-b8a23c881f16,SHOP_044,BEN_00413,2026-01-12 11:01:16.322714,Kerosene,3,75.0,28.615898,77.224361,Central Delhi,0,915.0,11,True,False,False,False,False,1,0.287812736400544
2ca9ac84-18a9-4de9-9fed-ba2379c5755e,SHOP_044,BEN_02235,2026-01-12 11:22:28.322714,Kerosene,2,50.0,28.615898,77.224361,Central Delhi,0,1272.0,11,True,False,False,False,False,1,0.23511031536685528
f4b49ab0-bb24-47e0-b54b-880d4c05c4d4,SHOP_044,BEN_01771,2026-01-12 17:03:00.322714,Wheat,6,12.0,28.615898,77.224361,Central Delhi,0,20432.0,17,False,False,False,False,True,1,0.3743969220679251
623793db-b4df-4f7d-9203-a35a0b526b71,SHOP_044,BEN_00599,2026-01-13 09:23:42.322714,Wheat,19,38.0,28.615898,77.224361,Central Delhi,0,58842.0,9,False,False,False,False,True,1,0.5561472418276905
21cbd122-9337-4650-91b1-92884a15bfe7,SHOP_044,BEN_02424,2026-01-13 11:09:40.322714,Sugar,1,20.0,28.615898,77.224361,Central Delhi,0,6358.0,11,False,False,False,True,False,1,0.19425574133532042
e36c1636-c1ba-45be-866b-4d70517808b3,SHOP_044,BEN_00999,2026-01-13 12:26:23.322714,Kerosene,1,25.0,28.615898,77.224361,Central Delhi,0,4603.0,12,True,False,False,False,False,1,0.18118164911928208
bb6b2d12-8f96-400b-ba38-80113a2fadaf,SHOP_044,BEN_02691,2026-01-13 16:19:31.322714,Kerosene,2,50.0,28.615898,77.224361,Central Delhi,0,13988.0,16,True,False,False,False,False,1,0.11162472473989271
7a71cf9e-1e73-4cbc-a14a-f82ce54b8d44,SHOP_044,BEN_01282,2026-01-13 18:49:24.322714,Sugar,2,40.0,28.615898,77.224361,Central Delhi,0,8993.0,18,False,False,False,True,False,1,0.17898615774338028
62211bbe-854a-4cf8-a46c-db6b2565df29,SHOP_044,BEN_01470,2026-01-13 18:50:54.322714,Kerosene,1,25.0,28.615898,77.224361,Central Delhi,0,90.0,18,True,False,False,False,False,1,0.3223355221340114
5ae1792c-4a35-4962-9af9-67a43b511045,SHOP_044,BEN_00786,2026-01-14 08:14:22.322714,Wheat,15,30.0,28.615898,77.224361,Central Delhi,0,48208.0,8,False,False,False,False,True,1,0.5125816974370163
510b2c1d-31a5-4ff5-b808-e6b947c5e8a9,SHOP_044,BEN_02491,2026-01-14 10:15:19.322714,Wheat,20,40.0,28.615898,77.224361,Central Delhi,0,7257.0,10,False,False,False,False,True,1,0.446406015640488
3bccd987-2445-42c1-9b4e-f8de3d72bbf5,SHOP_044,BEN_00899,2026-01-14 12:59:44.322714,Rice,19,57.0,28.615898,77.224361,Central Delhi,0,9865.0,12,False,False,True,False,False,1,0.2877784770008615
2338a315-055a-4586-b7eb-2fc266e795b4,SHOP_044,BEN_01374,2026-01-14 16:10:52.322714,Kerosene,3,75.0,28.615898,77.224361,Central Delhi,0,11468.0,16,True,False,False,False,False,1,0.1536009045458392
ac859d51-c1dd-4c3c-828e-f2312498a00f,SHOP_044,BEN_00994,2026-01-14 19:25:31.322714,Kerosene,1,25.0,28.615898,77.224361,Central Delhi,0,11679.0,19,True,False,False,False,False,1,0.2744599092015827
d606ba9f-e498-4c9e-bd56-4da37984e6ad,SHOP_044,BEN_01913,2026-01-15 08:34:24.322714,Sugar,1,20.0,28.615898,77.224361,Central Delhi,0,47333.0,8,False,False,False,True,False,1,0.3973308199724421
55451053-ed69-4243-9fb1-127f1b42a335,SHOP_044,BEN_02125,2026-01-15 15:14:00.322714,Rice,8,24.0,28.615898,77.224361,Central Delhi,0,23976.0,15,False,False,True,False,False,1,0.2962783607423415
304ea97e-3612-41f6-9f53-8a4a7358ed38,SHOP_045,BEN_00178,2025-12-17 11:22:17.322714,Wheat,14,28.0,28.633767,77.205731,Central Delhi,0,9999.0,11,False,False,False,False,True,1,0.18336383718488025
9ecc8966-e101-431f-8266-3c6628711d16,SHOP_045,BEN_01096,2025-12-17 12:12:13.322714,Wheat,17,34.0,28.633767,77.205731,Central Delhi,0,2996.0,12,False,False,False,False,True,1,0.2374213485412735
8bece5d0-b225-437b-897d-b5a403cdf0ec,SHOP_045,BEN_00896,2025-12-18 08:48:47.322714,Rice,14,42.0,28.633767,77.205731,Central Delhi,0,74194.0,8,False,False,True,False,False,-1,0.5923716076918127
bc25977a-2a83-4f01-a96f-a3a7a7f26db8,SHOP_045,BEN_01158,2025-12-18 10:09:50.322714,Oil,1,50.0,28.633767,77.205731,Central Delhi,0,4863.0,10,False,True,False,False,False,1,0.18667885835600873
8dfb4a94-3259-42cd-a3e8-a9d78c3857d2,SHOP_045,BEN_00683,2025-12-19 11:43:27.322714,Wheat,13,26.0,28.633767,77.205731,Central Delhi,0,92017.0,11,False,False,False,False,True,-1,0.6431876289659779
6c096e55-6a6a-4a81-b027-091a42fea75b,SHOP_045,BEN_01194,2025-12-19 15:57:20.322714,Sugar,3,60.0,28.633767,77.205731,Central Delhi,0,15233.0,15,False,False,False,True,False,1,0.1522864938167895
6d04e148-21a6-40a9-8b5a-c330b0fad6eb,SHOP_045,BEN_02692,2025-12-19 16:26:51.322714,Rice,13,39.0,28.633767,77.205731,Central Delhi,0,1771.0,16,False,False,True,False,False,1,0.18456656406100574
9dcec21f-fafa-4764-8f01-c5ac3cfd389f,SHOP_045,BEN_02431,2025-12-19 17:30:05.322714,Sugar,3,60.0,28.633767,77.205731,Central Delhi,0,3794.0,17,False,False,False,True,False,1,0.15972362107447208
6edadf00-b4e1-4649-95cb-dd63b623785a,SHOP_045,BEN_00049,2025-12-20 08:42:36.322714,Rice,18,54.0,28.633767,77.205731,Central Delhi,0,54751.0,8,False,False,True,False,False,1,0.5105823075046712
6083a9fa-401c-43c0-9f95-6de6c064a49c,SHOP_045,BEN_01673,2025-12-20 11:12:52.322714,Oil,1,50.0,28.633767,77.205731,Central Delhi,0,9016.0,11,False,True,False,False,False,1,0.19260298362593842
af064401-c608-453a-944e-459bac0215fc,SHOP_045,BEN_01722,2025-12-20 11:51:34.322714,Rice,10,30.0,28.633767,77.205731,Central Delhi,0,2322.0,11,False,False,True,False,False,1,0.18936551896338155
7d1e5072-319b-4916-98b5-2f57b13f1588,SHOP_045,BEN_01720,2025-12-20 16:56:07.322714,Kerosene,1,25.0,28.633767,77.205731,Central Delhi,0,18273.0,16,True,False,False,False,False,1,0.23287664057740365
7ddfaaad-536b-4c81-b3a3-c606dcf938b7,SHOP_045,BEN_00818,2025-12-21 08:51:57.322714,Oil,1,50.0,28.633767,77.205731,Central Delhi,0,57350.0,8,False,True,False,False,False,1,0.40632445613474394
53eee602-dde4-4d43-8cd0-28b03f91d81e,SHOP_045,BEN_01326,2025-12-21 11:08:14.322714,Rice,11,33.0,28.633767,77.205731,Central Delhi,0,8177.0,11,False,False,True,False,False,1,0.1962894887665712
72f58c2a-4a66-4b84-9577-e41e907193fa,SHOP_045,BEN_00817,2025-12-21 14:29:03.322714,Kerosene,1,25.0,28.633767,77.205731,Central Delhi,0,12049.0,14,True,False,False,False,False,1,0.1578366300073455
12a3dc36-616d-40c5-8bec-241c60cabb60,SHOP_045,BEN_00832,2025-12-21 14:46:25.322714,Oil,2,100.0,28.633767,77.205731,Central Delhi,0,1042.0,14,False,True,False,False,False,1,0.10077630062795212
b3b15a78-b2df-42af-b1f1-957cb76a919c,SHOP_045,BEN_00954,2025-12-21 18:36:31.322714,Kerosene,1,25.0,28.633767,77.205731,Central Delhi,0,13806.0,18,True,False,False,False,False,1,0.21875624946135813
98de3fb5-3731-4783-8a8f-4f20f381861c,SHOP_045,BEN_02481,2025-12-22 08:05:05.322714,Sugar,1,20.0,28.633767,77.205731,Central Delhi,0,48514.0,8,False,False,False,True,False,1,0.39906325009984533
85d9445f-0d36-4364-9cbb-7e73fcca2df1,SHOP_045,BEN_00677,2025-12-22 14:15:31.322714,Sugar,2,40.0,28.633767,77.205731,Central Delhi,0,22226.0,14,False,False,False,True,False,1,0.17597395239097136
96668fbc-abf8-40dd-bfc6-f9445b69e0b7,SHOP_045,BEN_01821,2025-12-22 18:03:01.322714,Wheat,16,32.0,28.633767,77.205731,Central Delhi,0,13650.0,18,False,False,False,False,True,1,0.25337136596706833
3dd12f67-0f8c-45cf-a666-748f391a1f69,SHOP_045,BEN_00546,2025-12-23 16:03:20.322714,Sugar,1,20.0,28.633767,77.205731,Central Delhi,0,79219.0,16,False,False,False,True,False,1,0.4990316433110752
5811feb7-21de-40c1-9b5f-d19c41c3fe99,SHOP_045,BEN_00709,2025-12-24 10:25:00.322714,Sugar,1,20.0,28.633767,77.205731,Central Delhi,0,66100.0,10,False,False,False,True,False,1,0.3352084414651541
44ef69eb-6ddb-4c8e-aa4a-af17c95118de,SHOP_045,BEN_00415,2025-12-25 11:05:27.322714,Wheat,14,28.0,28.633767,77.205731,Central Delhi,0,88827.0,11,False,False,False,False,True,-1,0.6288795479005858
719d9087-235e-4240-908c-4751da1fdb9c,SHOP_045,BEN_02216,2025-12-25 19:37:04.322714,Wheat,9,18.0,28.633767,77.205731,Central Delhi,0,30697.0,19,False,False,False,False,True,1,0.5091098460687832
5b210adc-6c82-44c0-b2be-fbde361adf84,SHOP_045,BEN_00454,2025-12-26 08:06:27.322714,Rice,11,33.0,28.633767,77.205731,Central Delhi,0,44963.0,8,False,False,True,False,False,1,0.43271690349422787
449c9331-2d44-4511-8919-032be1592e4c,SHOP_045,BEN_01385,2025-12-26 08:27:15.322714,Oil,2,100.0,28.633767,77.205731,Central Delhi,0,1248.0,8,False,True,False,False,False,1,0.37135230330735913
07c71be0-4024-40d4-a67d-8749bdf3a6ff,SHOP_045,BEN_01169,2025-12-26 12:14:14.322714,Oil,1,50.0,28.633767,77.205731,Central Delhi,0,13619.0,12,False,True,False,False,False,1,0.1942521535034445
5437e4e5-c04b-4d9e-ac43-daced329843d,SHOP_045,BEN_00618,2025-12-26 14:11:55.322714,Sugar,1,20.0,28.633767,77.205731,Central Delhi,0,7061.0,14,False,False,False,True,False,1,0.08440863850154634
7bb2cb0f-491e-4f00-96a1-a84664397885,SHOP_045,BEN_02193,2025-12-27 09:01:18.322714,Oil,2,100.0,28.633767,77.205731,Central Delhi,0,67763.0,9,False,True,False,False,False,1,0.38554695001368766
269cbaa6-221c-472f-8b1e-f338531cc980,SHOP_045,BEN_00697,2025-12-27 10:49:18.322714,Sugar,2,40.0,28.633767,77.205731,Central Delhi,0,6480.0,10,False,False,False,True,False,1,0.2453286681642446
d28d4066-fa6a-4f08-9e4e-5f4e976a633d,SHOP_045,BEN_01867,2025-12-27 11:07:45.322714,Sugar,3,60.0,28.633767,77.205731,Central Delhi,0,1107.0,11,False,False,False,True,False,1,0.2523259982056993
42c3b694-65e7-402e-90f4-0231f898845c,SHOP_045,BEN_00666,2025-12-27 15:11:01.322714,Sugar,2,40.0,28.633767,77.205731,Central Delhi,0,14596.0,15,False,False,False,True,False,1,0.09302096125671777
1f53a2ec-b002-4e59-a2b7-5e92c0bb672c,SHOP_045,BEN_01035,2025-12-27 19:15:47.322714,Wheat,6,12.0,28.633767,77.205731,Central Delhi,0,14686.0,19,False,False,False,False,True,1,0.38369750913650424
2223fd1e-4ed2-4d54-9909-a6aef01d17b9,SHOP_045,BEN_00318,2025-12-28 12:53:34.322714,Kerosene,1,25.0,28.633767,77.205731,Central Delhi,0,63467.0,12,True,False,False,False,False,1,0.4712241244978978
7ff6729c-3f0b-4f22-b029-f76dcce8848c,SHOP_045,BEN_02959,2025-12-28 17:15:04.322714,Oil,1,50.0,28.633767,77.205731,Central Delhi,0,15690.0,17,False,True,False,False,False,1,0.19887884619952328
d63ad1bf-cc20-4e16-8da9-46045569deec,SHOP_045,BEN_01472,2025-12-28 17:37:25.322714,Oil,1,50.0,28.633767,77.205731,Central Delhi,0,1341.0,17,False,True,False,False,False,1,0.2143695972718851
84488946-b8e4-42ea-9696-64b21699af35,SHOP_045,BEN_01609,2025-12-29 10:53:21.322714,Wheat,12,24.0,28.633767,77.205731,Central Delhi,0,62156.0,10,False,False,False,False,True,1,0.4023034137949839
d7da431f-71fd-4bfc-9b11-62b58e099439,SHOP_045,BEN_00540,2025-12-29 11:54:52.322714,Kerosene,1,25.0,28.633767,77.205731,Central Delhi,0,3691.0,11,True,False,False,False,False,1,0.21907718913007046
ed90a0f0-e26d-440e-a5b8-fe13d71ac217,SHOP_045,BEN_00281,2025-12-29 13:22:48.322714,Wheat,13,26.0,28.633767,77.205731,Central Delhi,0,5276.0,13,False,False,False,False,True,1,0.11056043986914221
1b1d860b-25e5-4f10-b8d1-9ce7e4ea1fe5,SHOP_045,BEN_00666,2025-12-29 15:50:54.322714,Kerosene,3,75.0,28.633767,77.205731,Central Delhi,0,8886.0,15,True,False,False,False,False,1,0.1395504520067642
71f7ac67-aff2-4335-a4b7-26e46f9d4ab6,SHOP_045,BEN_01223,2025-12-29 15:52:38.322714,Wheat,10,20.0,28.633767,77.205731,Central Delhi,0,104.0,15,False,False,False,False,True,1,0.21902958521067017
1b47b3bb-a5a8-4d5c-9f7a-decf030724ec,SHOP_045,BEN_02052,2025-12-30 14:00:27.322714,Wheat,8,16.0,28.633767,77.205731,Central Delhi,0,79669.0,14,False,False,False,False,True,-1,0.589630197149812
139e8428-55eb-46ee-b6f6-eee1600b832d,SHOP_045,BEN_01434,2025-12-30 16:40:34.322714,Kerosene,2,50.0,28.633767,77.205731,Central Delhi,0,9607.0,16,True,False,False,False,False,1,0.10773566812757007
c7879de2-1996-43e4-a79a-964a8c238ccc,SHOP_045,BEN_02107,2025-12-31 08:03:09.322714,Oil,2,100.0,28.633767,77.205731,Central Delhi,0,55355.0,8,False,True,False,False,False,1,0.35536284969318077
4238576c-0ee8-450f-8dcc-87b27ee51410,SHOP_045,BEN_01973,2025-12-31 09:45:50.322714,Rice,6,18.0,28.633767,77.205731,Central Delhi,0,6161.0,9,False,False,True,False,False,1,0.3097077366784639
31d39d17-8802-4449-b9cb-a36f560fbbd1,SHOP_045,BEN_01932,2025-12-31 11:05:22.322714,Kerosene,3,75.0,28.633767,77.205731,Central Delhi,0,4772.0,11,True,False,False,False,False,1,0.23098658755653895
7a77d11b-79ec-4be2-88e1-5158d8a6751c,SHOP_045,BEN_02598,2025-12-31 13:43:11.322714,Oil,1,50.0,28.633767,77.205731,Central Delhi,0,9469.0,13,False,True,False,False,False,1,0.1446123546156698
14a36cf7-2e4d-4f64-a713-85bfe44d88b6,SHOP_045,BEN_00801,2025-12-31 17:17:48.322714,Kerosene,1,25.0,28.633767,77.205731,Central Delhi,0,12877.0,17,True,False,False,False,False,1,0.2214317603592143
3c3727c2-7b47-43bd-8d3f-5e3286e71b03,SHOP_045,BEN_01133,2026-01-01 10:58:11.322714,Kerosene,3,75.0,28.633767,77.205731,Central Delhi,0,63623.0,10,True,False,False,False,False,1,0.4012319581717312
adea0658-0679-4b3c-9725-76d891f22a9e,SHOP_045,BEN_02246,2026-01-01 14:12:45.322714,Rice,17,51.0,28.633767,77.205731,Central Delhi,0,11674.0,14,False,False,True,False,False,1,0.19931142366688553
bdd40572-cd97-4cca-92d0-78c665cdea12,SHOP_045,BEN_02664,2026-01-01 16:03:10.322714,Kerosene,3,75.0,28.633767,77.205731,Central Delhi,0,6625.0,16,True,False,False,False,False,1,0.13005190711251485
035bb655-ae4a-4a6b-9c70-a12269b34cf8,SHOP_045,BEN_00662,2026-01-02 09:36:03.322714,Kerosene,2,50.0,28.633767,77.205731,Central Delhi,0,63173.0,9,True,False,False,False,False,1,0.3982182991418953
e8973a0c-4aef-4283-b7bf-ccb7df727015,SHOP_045,BEN_02000,2026-01-02 11:28:34.322714,Rice,20,60.0,28.633767,77.205731,Central Delhi,0,6751.0,11,False,False,True,False,False,1,0.4193781555047748
c3115b3f-4038-4ce8-aa09-37faa9a6ab3f,SHOP_045,BEN_00769,2026-01-02 12:49:56.322714,Oil,2,100.0,28.633767,77.205731,Central Delhi,0,4882.0,12,False,True,False,False,False,1,0.11598678752241437
2c880eaa-340f-4803-a71f-8430294ee8d6,SHOP_045,BEN_00824,2026-01-02 16:26:52.322714,Sugar,2,40.0,28.633767,77.205731,Central Delhi,0,13016.0,16,False,False,False,True,False,1,0.09686346156100173
e05d0f34-7186-48e4-8326-33d241fa883f,SHOP_045,BEN_00863,2026-01-02 17:39:04.322714,Rice,7,21.0,28.633767,77.205731,Central Delhi,0,4332.0,17,False,False,True,False,False,1,0.2525590960480863
d66bdf60-4996-46e5-8680-7d5a1246585f,SHOP_045,BEN_00280,2026-01-02 18:25:33.322714,Sugar,3,60.0,28.633767,77.205731,Central Delhi,0,2789.0,18,False,False,False,True,False,1,0.25316294305215153
74118751-7078-4a91-8d99-1e895630c3ac,SHOP_045,BEN_02120,2026-01-02 19:59:59.322714,Rice,9,27.0,28.633767,77.205731,Central Delhi,0,5666.0,19,False,False,True,False,False,1,0.3300365291212943
7bad511b-4a4d-4dcc-89ae-22c7a46da3f0,SHOP_045,BEN_00419,2026-01-03 15:29:22.322714,Rice,16,48.0,28.633767,77.205731,Central Delhi,0,70163.0,15,False,False,True,False,False,1,0.5170570515288023
cf9194b4-5c20-48e1-b431-6374119a3efd,SHOP_045,BEN_02893,2026-01-03 17:45:02.322714,Sugar,3,60.0,28.633767,77.205731,Central Delhi,0,8140.0,17,False,False,False,True,False,1,0.14619963128751434
955b1ea9-a233-4763-8ff6-4d552fe40c62,SHOP_045,BEN_02155,2026-01-03 18:24:13.322714,Kerosene,1,25.0,28.633767,77.205731,Central Delhi,0,2351.0,18,True,False,False,False,False,1,0.2494119549829344
b54c1f4f-a806-40be-8da2-14a5f5a4f691,SHOP_045,BEN_01714,2026-01-04 11:37:54.322714,Sugar,1,20.0,28.633767,77.205731,Central Delhi,0,62021.0,11,False,False,False,True,False,1,0.310033981300509
0b8268dd-c5c9-4245-a807-cfeb7091275e,SHOP_045,BEN_01121,2026-01-04 12:30:07.322714,Wheat,19,38.0,28.633767,77.205731,Central Delhi,0,3133.0,12,False,False,False,False,True,1,0.30804943163638804
ad881c03-f8a2-4563-9974-4a45fdec22fa,SHOP_045,BEN_01152,2026-01-04 15:10:47.322714,Sugar,1,20.0,28.633767,77.205731,Central Delhi,0,9640.0,15,False,False,False,True,False,1,0.12933960568377273
126c5b8b-9902-4411-82d2-5381f9a88c84,SHOP_045,BEN_00734,2026-01-04 15:31:58.322714,Wheat,11,22.0,28.633767,77.205731,Central Delhi,0,1271.0,15,False,False,False,False,True,1,0.18574267856893084
d0ae5e14-5d0b-47d2-8122-363be70ea760,SHOP_045,BEN_00521,2026-01-04 19:01:44.322714,Wheat,8,16.0,28.633767,77.205731,Central Delhi,0,12586.0,19,False,False,False,False,True,1,0.3579605885021976
d28831c9-e223-4bd4-bfe8-b930c42e0e79,SHOP_045,BEN_01403,2026-01-05 10:58:08.322714,Sugar,1,20.0,28.633767,77.205731,Central Delhi,0,57384.0,10,False,False,False,True,False,1,0.30524318195224337
c081e1c7-2ed3-46bf-82a2-06f47d9dfc27,SHOP_045,BEN_00222,2026-01-05 13:41:40.322714,Oil,2,100.0,28.633767,77.205731,Central Delhi,0,9812.0,13,False,True,False,False,False,1,0.09449008908289791
475892a7-d52a-4eba-9a51-34b7a3848ef6,SHOP_045,BEN_00816,2026-01-06 13:23:49.322714,Rice,16,48.0,28.633767,77.205731,Central Delhi,0,85329.0,13,False,False,True,False,False,1,0.5640335796916844
8a58dcf0-9ad7-400f-9ebf-40684051352e,SHOP_045,BEN_00145,2026-01-06 16:50:33.322714,Rice,6,18.0,28.633767,77.205731,Central Delhi,0,12404.0,16,False,False,True,False,False,1,0.2099374446862044
b03e67e0-b5cb-498f-afde-8d2b12624752,SHOP_045,BEN_02098,2026-01-07 08:10:03.322714,Wheat,6,12.0,28.633767,77.205731,Central Delhi,0,55170.0,8,False,False,False,False,True,1,0.565569198221887
8313957e-8cd8-461e-ab09-a0cf566cb1ef,SHOP_045,BEN_01481,2026-01-07 19:38:58.322714,Wheat,9,18.0,28.633767,77.205731,Central Delhi,0,41335.0,19,False,False,False,False,True,1,0.5390536509302295
0deedb1f-aec6-4d79-a2ae-fd93343c0e23,SHOP_045,BEN_02517,2026-01-08 08:00:00.322714,Kerosene,3,75.0,28.633767,77.205731,Central Delhi,0,44462.0,8,True,False,False,False,False,1,0.4423071147806748
6b942cba-aff4-426e-865e-7e8676b37dd8,SHOP_045,BEN_00929,2026-01-08 15:27:42.322714,Sugar,2,40.0,28.633767,77.205731,Central Delhi,0,26862.0,15,False,False,False,True,False,1,0.20767266503694132
0944c891-b823-4de8-a152-9e56a7cd8a8d,SHOP_045,BEN_02774,2026-01-08 18:51:51.322714,Wheat,8,16.0,28.633767,77.205731,Central Delhi,0,12249.0,18,False,False,False,False,True,1,0.2963611435330641
d8183e35-be2e-4d2d-b49b-d7f1b0ca6154,SHOP_045,BEN_01071,2026-01-09 08:35:41.322714,Kerosene,3,75.0,28.633767,77.205731,Central Delhi,0,49430.0,8,True,False,False,False,False,1,0.4473008679376772
af1efed4-f60c-4ea5-b9c1-9f3707bda9b9,SHOP_045,BEN_00619,2026-01-09 10:12:52.322714,Rice,12,36.0,28.633767,77.205731,Central Delhi,0,5831.0,10,False,False,True,False,False,1,0.233002444449866
fc91868f-5e4f-45d0-9969-f57d05c9d435,SHOP_045,BEN_02862,2026-01-09 11:42:29.322714,Kerosene,2,50.0,28.633767,77.205731,Central Delhi,0,5377.0,11,True,False,False,False,False,1,0.19846203351573305
a2c5c95a-2b31-4929-b53f-c950d3103650,SHOP_045,BEN_02213,2026-01-10 08:08:49.322714,Oil,1,50.0,28.633767,77.205731,Central Delhi,0,73580.0,8,False,True,False,False,False,1,0.5244129110318627
932b2549-e2c8-4073-90e1-edb07c79b071,SHOP_045,BEN_01447,2026-01-10 08:12:20.322714,Kerosene,2,50.0,28.633767,77.205731,Central Delhi,0,211.0,8,True,False,False,False,False,1,0.4419533906186534
43d2e0be-80a0-42a5-81dd-8ca81110a081,SHOP_045,BEN_00114,2026-01-11 10:02:36.322714,Oil,2,100.0,28.633767,77.205731,Central Delhi,0,93016.0,10,False,True,False,False,False,1,0.5288648408896521
cf4904fd-4dbc-4b72-93e9-b179881cbd19,SHOP_045,BEN_00086,2026-01-11 13:07:54.322714,Sugar,3,60.0,28.633767,77.205731,Central Delhi,0,11118.0,13,False,False,False,True,False,1,0.16245800844570424
fe643eb3-5c20-4754-be57-2df4afae3fe7,SHOP_045,BEN_02991,2026-01-11 18:01:47.322714,Kerosene,3,75.0,28.633767,77.205731,Central Delhi,0,17633.0,18,True,False,False,False,False,1,0.23831020927092844
deda7895-6532-472e-9fc8-1ba7a2f948a5,SHOP_045,BEN_02448,2026-01-12 08:20:33.322714,Kerosene,1,25.0,28.633767,77.205731,Central Delhi,0,51526.0,8,True,False,False,False,False,1,0.46220100296794686
11e2fbaf-2a82-4e0d-b330-a70fe153466e,SHOP_045,BEN_02653,2026-01-12 08:33:26.322714,Oil,1,50.0,28.633767,77.205731,Central Delhi,0,773.0,8,False,True,False,False,False,1,0.3874590121460145
440ab046-6d4a-4882-8d41-f888511b2703,SHOP_045,BEN_01733,2026-01-12 10:21:12.322714,Kerosene,1,25.0,28.633767,77.205731,Central Delhi,0,6466.0,10,True,False,False,False,False,1,0.28044196656278786
bed2a708-27ae-4241-96ef-17fce1aeee3f,SHOP_045,BEN_01937,2026-01-12 14:26:01.322714,Kerosene,1,25.0,28.633767,77.205731,Central Delhi,0,14689.0,14,True,False,False,False,False,1,0.1819790716866887
31d09313-f19a-4ad5-8bbd-1b70641af643,SHOP_045,BEN_01949,2026-01-12 17:14:13.322714,Wheat,13,26.0,28.633767,77.205731,Central Delhi,0,10092.0,17,False,False,False,False,True,1,0.18189732846000983
30349422-7af4-431f-9dc9-742ed63fbdcd,SHOP_045,BEN_00161,2026-01-12 18:43:42.322714,Sugar,1,20.0,28.633767,77.205731,Central Delhi,0,5369.0,18,False,False,False,True,False,1,0.22001788325877036
6f7ab273-1f76-4ec4-bace-e7d422476256,SHOP_045,BEN_02168,2026-01-12 18:44:10.322714,Wheat,10,20.0,28.633767,77.205731,Central Delhi,0,28.0,18,False,False,False,False,True,1,0.3117915879895068
860ac255-04e0-4280-830f-9439e57c441d,SHOP_045,BEN_00659,2026-01-13 12:19:58.322714,Sugar,3,60.0,28.633767,77.205731,Central Delhi,0,63348.0,12,False,False,False,True,False,1,0.32959909925772285
4b82d921-3217-481d-bf6b-0a601c3756c2,SHOP_045,BEN_02431,2026-01-13 16:48:18.322714,Kerosene,2,50.0,28.633767,77.205731,Central Delhi,0,16100.0,16,True,False,False,False,False,1,0.1313675988314401
4c7df1c6-baa6-4527-ba92-6cd912753b22,SHOP_045,BEN_00026,2026-01-14 10:14:52.322714,Sugar,1,20.0,28.633767,77.205731,Central Delhi,0,62794.0,10,False,False,False,True,False,1,0.3209968007688959
8879f845-71d2-4a57-9280-130807861b7c,SHOP_045,BEN_02939,2026-01-14 12:56:56.322714,Sugar,1,20.0,28.633767,77.205731,Central Delhi,0,9724.0,12,False,False,False,True,False,1,0.15704616446943365
cb46ba29-6412-429c-b81b-545970e5ef5e,SHOP_045,BEN_01791,2026-01-14 17:32:41.322714,Sugar,2,40.0,28.633767,77.205731,Central Delhi,0,16545.0,17,False,False,False,True,False,1,0.20139747090495647
6e8398f6-2843-46fe-9c48-7ec0d4e03172,SHOP_045,BEN_00395,2026-01-14 18:56:42.322714,Oil,1,50.0,28.633767,77.205731,Central Delhi,0,5041.0,18,False,True,False,False,False,1,0.21263980532087506
4d755a21-e098-4527-a21c-b08177ddf1a7,SHOP_045,BEN_02342,2026-01-15 13:14:15.322714,Oil,2,100.0,28.633767,77.205731,Central Delhi,0,65853.0,13,False,True,False,False,False,1,0.37880563257122435
4edeef20-6313-4a1f-ba7f-d0b9cb0b376e,SHOP_045,BEN_01125,2026-01-15 16:19:57.322714,Oil,1,50.0,28.633767,77.205731,Central Delhi,0,11142.0,16,False,True,False,False,False,1,0.1107687708843903
c7dab28b-0cff-4829-b6e6-fd8b80f528d4,SHOP_046,BEN_00414,2025-12-16 16:44:21.322714,Sugar,1,20.0,28.634402,77.315239,East Delhi,0,9999.0,16,False,False,False,True,False,1,0.15264133464673596
1c4156ee-bf18-4857-8fc3-b079bb33aae2,SHOP_046,BEN_00342,2025-12-16 18:02:50.322714,Rice,9,27.0,28.634402,77.315239,East Delhi,0,4709.0,18,False,False,True,False,False,1,0.23520843843784717
b9f92c22-9ed4-4120-91e1-effd5b63cfa5,SHOP_046,BEN_01936,2025-12-17 08:23:51.322714,Wheat,20,40.0,28.634402,77.315239,East Delhi,0,51661.0,8,False,False,False,False,True,-1,0.6912396464934193
ed326035-9e43-4599-b941-f532fd6d2625,SHOP_046,BEN_02077,2025-12-17 11:12:51.322714,Sugar,3,60.0,28.634402,77.315239,East Delhi,0,10140.0,11,False,False,False,True,False,1,0.2330471199070573
e79a69c4-7b83-46de-a279-f42cdcf88446,SHOP_046,BEN_01361,2025-12-18 09:43:50.322714,Rice,10,30.0,28.634402,77.315239,East Delhi,0,81059.0,9,False,False,True,False,False,1,0.4734603933254923
43b8454f-05ad-460e-85e2-311e40ece49e,SHOP_046,BEN_00002,2025-12-18 11:18:09.322714,Oil,1,50.0,28.634402,77.315239,East Delhi,0,5659.0,11,False,True,False,False,False,1,0.1800764948501538
82878324-2bda-46d8-8472-295985acab1c,SHOP_046,BEN_02540,2025-12-18 19:44:46.322714,Rice,15,45.0,28.634402,77.315239,East Delhi,0,30397.0,19,False,False,True,False,False,1,0.48995982701178376
d54dbef1-90b4-483d-98c7-316815487ac4,SHOP_046,BEN_02570,2025-12-19 10:02:34.322714,Kerosene,1,25.0,28.634402,77.315239,East Delhi,0,51468.0,10,True,False,False,False,False,1,0.38275842727896814
36904141-9223-47bb-b97a-2ccfaa20c429,SHOP_046,BEN_02245,2025-12-19 10:08:31.322714,Wheat,20,40.0,28.634402,77.315239,East Delhi,0,357.0,10,False,False,False,False,True,1,0.5260872335864148
1c6e8338-0622-4678-9f48-a874ffb1ced2,SHOP_046,BEN_01030,2025-12-19 10:22:28.322714,Oil,2,100.0,28.634402,77.315239,East Delhi,0,837.0,10,False,True,False,False,False,1,0.205691800010936
ade49d81-2054-4283-9325-7a22a5c49adf,SHOP_046,BEN_01165,2025-12-19 15:42:33.322714,Kerosene,1,25.0,28.634402,77.315239,East Delhi,0,19205.0,15,True,False,False,False,False,1,0.23467112530371187
e5ea03b6-27a0-44bf-9546-cce29ae1ebad,SHOP_046,BEN_00239,2025-12-19 16:22:49.322714,Wheat,14,28.0,28.634402,77.315239,East Delhi,0,2416.0,16,False,False,False,False,True,1,0.16188428578265396
f124a5c1-1b43-4edc-b9b0-70e37dd994a4,SHOP_046,BEN_01773,2025-12-20 08:25:49.322714,Wheat,20,40.0,28.634402,77.315239,East Delhi,0,57780.0,8,False,False,False,False,True,-1,0.7017576903451109
cefdf24f-fa2b-4d90-8000-643050012ee7,SHOP_046,BEN_02829,2025-12-20 13:35:30.322714,Kerosene,2,50.0,28.634402,77.315239,East Delhi,0,18581.0,13,True,False,False,False,False,1,0.19559341831860533
c4587125-604b-4944-8769-8deeb3af28e7,SHOP_046,BEN_00706,2025-12-20 14:58:31.322714,Oil,2,100.0,28.634402,77.315239,East Delhi,0,4981.0,14,False,True,False,False,False,1,0.04420204994105481
210e4a74-f32a-4b7f-a989-3caddad83dac,SHOP_046,BEN_02813,2025-12-21 15:39:50.322714,Wheat,19,38.0,28.634402,77.315239,East Delhi,0,88879.0,15,False,False,False,False,True,-1,0.7075290449741638
dc0a04f6-e859-4b5a-ad48-2e52844cd8c9,SHOP_046,BEN_02974,2025-12-21 16:03:06.322714,Kerosene,3,75.0,28.634402,77.315239,East Delhi,0,1396.0,16,True,False,False,False,False,1,0.1772289354836563
3565ddb4-d6b8-40ce-ae6c-c16cb4bcbac1,SHOP_046,BEN_02561,2025-12-22 15:15:39.322714,Rice,19,57.0,28.634402,77.315239,East Delhi,0,83553.0,15,False,False,True,False,False,-1,0.6555963138824324
c857b44d-7ff8-4e06-99ed-238d542c4ac4,SHOP_046,BEN_02542,2025-12-22 15:45:37.322714,Rice,6,18.0,28.634402,77.315239,East Delhi,0,1798.0,15,False,False,True,False,False,1,0.2168699175789019
e5becb73-7a55-46b3-b050-d84886ed2eed,SHOP_046,BEN_00122,2025-12-22 17:05:14.322714,Wheat,8,16.0,28.634402,77.315239,East Delhi,0,4777.0,17,False,False,False,False,True,1,0.21621603377618237
c58290a6-7c35-4cf5-aa48-92927a158ccd,SHOP_046,BEN_02844,2025-12-22 17:33:01.322714,Sugar,1,20.0,28.634402,77.315239,East Delhi,0,1667.0,17,False,False,False,True,False,1,0.23252956795924662
ecfbe30d-b1d1-43a3-a553-bb670625360b,SHOP_046,BEN_00898,2025-12-23 13:49:31.322714,Oil,2,100.0,28.634402,77.315239,East Delhi,0,72990.0,13,False,True,False,False,False,1,0.4549611406246901
1c11ca17-4aed-4944-8a38-b5c995013b8e,SHOP_046,BEN_02715,2025-12-23 15:30:31.322714,Oil,1,50.0,28.634402,77.315239,East Delhi,0,6060.0,15,False,True,False,False,False,1,0.08518492844525383
2ea9161d-667b-4a08-b9dc-fa46f8e843e2,SHOP_046,BEN_02595,2025-12-23 17:54:48.322714,Wheat,15,30.0,28.634402,77.315239,East Delhi,0,8657.0,17,False,False,False,False,True,1,0.17774652109415295
edee4e14-a2e9-42e3-ab24-e42941ca9c7a,SHOP_046,BEN_02521,2025-12-24 08:13:37.322714,Oil,2,100.0,28.634402,77.315239,East Delhi,0,51529.0,8,False,True,False,False,False,1,0.35606645070321735
e2f3b677-3891-42a1-a60a-a21244ac0712,SHOP_046,BEN_01499,2025-12-24 18:08:33.322714,Rice,10,30.0,28.634402,77.315239,East Delhi,0,35696.0,18,False,False,True,False,False,1,0.4584282017493469
9fed1f62-ef40-4bfc-b427-a1efb63e558d,SHOP_046,BEN_02224,2025-12-25 17:49:51.322714,Oil,1,50.0,28.634402,77.315239,East Delhi,0,85278.0,17,False,True,False,False,False,-1,0.6883404339628284
70bec011-1138-4011-aca2-12915f95c854,SHOP_046,BEN_00892,2025-12-25 18:03:36.322714,Kerosene,1,25.0,28.634402,77.315239,East Delhi,0,825.0,18,True,False,False,False,False,1,0.29751074435641306
cef5ae60-71c1-47df-990c-e9600dc3d8c3,SHOP_046,BEN_00005,2025-12-25 19:28:35.322714,Oil,2,100.0,28.634402,77.315239,East Delhi,0,5099.0,19,False,True,False,False,False,1,0.24667148497563668
23d561ff-8adb-4536-a27e-f109caa66500,SHOP_046,BEN_00481,2025-12-25 19:34:41.322714,Oil,1,50.0,28.634402,77.315239,East Delhi,0,366.0,19,False,True,False,False,False,1,0.32407493667600606
e8d1547f-3fb9-4c4b-a932-172fcaf04673,SHOP_046,BEN_02270,2025-12-25 19:39:27.322714,Oil,2,100.0,28.634402,77.315239,East Delhi,0,286.0,19,False,True,False,False,False,1,0.31451725664545016
4e565737-f57a-4892-9141-a7f7af8db1be,SHOP_046,BEN_00031,2025-12-25 19:56:39.322714,Wheat,14,28.0,28.634402,77.315239,East Delhi,0,1032.0,19,False,False,False,False,True,1,0.36825772856154976
6b0bbeb4-413e-4b20-8c10-12cd0613123b,SHOP_046,BEN_00847,2025-12-26 09:05:59.322714,Kerosene,1,25.0,28.634402,77.315239,East Delhi,0,47360.0,9,True,False,False,False,False,1,0.4346718767579157
6930345e-1d77-465b-a762-9707aae5c2d1,SHOP_046,BEN_00426,2025-12-26 16:27:14.322714,Oil,2,100.0,28.634402,77.315239,East Delhi,0,26475.0,16,False,True,False,False,False,1,0.19090452808399677
bea5f0d2-4cc5-4699-b06e-a7bc2b8a230c,SHOP_046,BEN_00900,2025-12-27 09:19:55.322714,Kerosene,2,50.0,28.634402,77.315239,East Delhi,0,60761.0,9,True,False,False,False,False,1,0.3839997854028562
630d2dd1-5e71-4c20-b2c6-919f1fcd2817,SHOP_046,BEN_01106,2025-12-27 17:22:31.322714,Kerosene,2,50.0,28.634402,77.315239,East Delhi,0,28956.0,17,True,False,False,False,False,1,0.3096372114850182
d4921775-39fa-4e92-8cb2-816e0073d19d,SHOP_046,BEN_00215,2025-12-28 09:17:39.322714,Oil,1,50.0,28.634402,77.315239,East Delhi,0,57308.0,9,False,True,False,False,False,1,0.31102182196308115
1eef98de-b44b-4a9c-b468-6b795f2167a4,SHOP_046,BEN_02676,2025-12-28 09:18:37.322714,Wheat,8,16.0,28.634402,77.315239,East Delhi,0,58.0,9,False,False,False,False,True,1,0.4842237808588766
ba49918f-30f4-4341-ac00-46be8272a025,SHOP_046,BEN_01837,2025-12-28 11:20:14.322714,Wheat,19,38.0,28.634402,77.315239,East Delhi,0,7297.0,11,False,False,False,False,True,1,0.32323818082962014
b3a2f73c-022b-4e25-bc75-307352c8d983,SHOP_046,BEN_01471,2025-12-28 12:56:55.322714,Sugar,1,20.0,28.634402,77.315239,East Delhi,0,5801.0,12,False,False,False,True,False,1,0.13164041688651412
19a543f9-ed94-45d2-a04a-c8d135ae73a6,SHOP_046,BEN_00319,2025-12-28 13:42:41.322714,Kerosene,1,25.0,28.634402,77.315239,East Delhi,0,2746.0,13,True,False,False,False,False,1,0.15104721707071778
7f5f4934-3e24-495b-ba9f-9fed3ee38857,SHOP_046,BEN_00955,2025-12-29 09:49:06.322714,Wheat,20,40.0,28.634402,77.315239,East Delhi,0,72385.0,9,False,False,False,False,True,-1,0.6585672118252408
85ae0b7a-49f1-4637-999c-112662de6590,SHOP_046,BEN_00423,2025-12-29 11:24:15.322714,Sugar,2,40.0,28.634402,77.315239,East Delhi,0,5709.0,11,False,False,False,True,False,1,0.16835176911577066
512187fd-08d4-4f90-bc2e-3b00111ee4a0,SHOP_046,BEN_01775,2025-12-29 12:23:56.322714,Oil,1,50.0,28.634402,77.315239,East Delhi,0,3581.0,12,False,True,False,False,False,1,0.1360647734745566
76c7ac43-b47c-4e0e-9f08-bbc0b0794b62,SHOP_046,BEN_01059,2025-12-29 14:16:57.322714,Kerosene,1,25.0,28.634402,77.315239,East Delhi,0,6781.0,14,True,False,False,False,False,1,0.12879598135213371
f4003961-f3ad-4e1d-9ec1-76d1dd69d423,SHOP_046,BEN_01414,2025-12-29 18:28:21.322714,Wheat,10,20.0,28.634402,77.315239,East Delhi,0,15084.0,18,False,False,False,False,True,1,0.2592048028699266
3ca176d3-f0c6-47e2-98ce-e9ecf5bfab87,SHOP_046,BEN_02487,2025-12-29 19:55:27.322714,Wheat,17,34.0,28.634402,77.315239,East Delhi,0,5226.0,19,False,False,False,False,True,1,0.39490361983549277
370b6517-33b6-4db5-8214-7b26743fb0c9,SHOP_046,BEN_02178,2025-12-30 09:48:48.322714,Oil,1,50.0,28.634402,77.315239,East Delhi,0,50001.0,9,False,True,False,False,False,1,0.3053131374368815
98e89754-aea3-4925-8446-4291930f761f,SHOP_046,BEN_02758,2025-12-30 10:03:23.322714,Kerosene,2,50.0,28.634402,77.315239,East Delhi,0,875.0,10,True,False,False,False,False,1,0.2768698313102524
f6d885fb-f071-478f-bf66-c684e63447ec,SHOP_046,BEN_01786,2025-12-30 19:01:47.322714,Sugar,2,40.0,28.634402,77.315239,East Delhi,0,32304.0,19,False,False,False,True,False,1,0.47506186030817943
f14c2fd4-0edd-4cf7-97eb-385d8e245b24,SHOP_046,BEN_00828,2025-12-31 08:43:09.322714,Rice,19,57.0,28.634402,77.315239,East Delhi,0,49282.0,8,False,False,True,False,False,1,0.5556566326428872
f48fc26e-0ce7-46e2-a0c9-7d9c30eecd62,SHOP_046,BEN_01905,2025-12-31 12:01:36.322714,Rice,8,24.0,28.634402,77.315239,East Delhi,0,11907.0,12,False,False,True,False,False,1,0.16892299420246454
732ae586-b6c1-4d2c-9e88-831e217e024d,SHOP_046,BEN_02217,2025-12-31 13:37:22.322714,Kerosene,2,50.0,28.634402,77.315239,East Delhi,0,5746.0,13,True,False,False,False,False,1,0.14825774503819722
47939dab-8d46-42cd-a894-c58aa3221879,SHOP_046,BEN_01172,2025-12-31 13:46:20.322714,Rice,7,21.0,28.634402,77.315239,East Delhi,0,538.0,13,False,False,True,False,False,1,0.2193716041023121
67ec8ed9-2536-481f-b894-7e1f41da5584,SHOP_046,BEN_02453,2025-12-31 14:18:28.322714,Kerosene,2,50.0,28.634402,77.315239,East Delhi,0,1928.0,14,True,False,False,False,False,1,0.12321420588766308
aa78b0d9-6b9e-479f-94fe-6ab7d7f34c75,SHOP_046,BEN_01386,2025-12-31 14:37:03.322714,Wheat,15,30.0,28.634402,77.315239,East Delhi,0,1115.0,14,False,False,False,False,True,1,0.17835389529445633
3f97943a-da3c-496e-94e4-12fdbc4cc6a9,SHOP_046,BEN_01708,2025-12-31 15:00:57.322714,Kerosene,3,75.0,28.634402,77.315239,East Delhi,0,1434.0,15,True,False,False,False,False,1,0.1815351718635998
4ab9a7ac-39de-467c-9b83-346da5614ed6,SHOP_046,BEN_01711,2025-12-31 16:01:49.322714,Oil,1,50.0,28.634402,77.315239,East Delhi,0,3652.0,16,False,True,False,False,False,1,0.08771477755446783
89e1bb77-e011-4c43-9d4a-e999c417b1ba,SHOP_046,BEN_01660,2025-12-31 17:15:13.322714,Sugar,3,60.0,28.634402,77.315239,East Delhi,0,4404.0,17,False,False,False,True,False,1,0.1576396989571856
4ccea297-3062-4377-b7b1-04268bfe4fdf,SHOP_046,BEN_01644,2025-12-31 17:53:01.322714,Rice,12,36.0,28.634402,77.315239,East Delhi,0,2268.0,17,False,False,True,False,False,1,0.205566363156648
c6419c07-2d04-4187-b761-6fae3e6ede4b,SHOP_046,BEN_00240,2025-12-31 19:36:54.322714,Rice,17,51.0,28.634402,77.315239,East Delhi,0,6233.0,19,False,False,True,False,False,1,0.3911808518987876
87e8093a-6eba-4776-a573-4a0fc835bfb4,SHOP_046,BEN_00882,2025-12-31 19:37:37.322714,Oil,1,50.0,28.634402,77.315239,East Delhi,0,43.0,19,False,True,False,False,False,1,0.34143654146574365
16b8fe5e-e91b-4038-97aa-715baa25488c,SHOP_046,BEN_02804,2026-01-01 18:47:23.322714,Oil,1,50.0,28.634402,77.315239,East Delhi,0,83386.0,18,False,True,False,False,False,-1,0.6667275203996065
bad5ba86-16fa-4511-ab90-d517f6049404,SHOP_046,BEN_01084,2026-01-02 11:13:04.322714,Kerosene,3,75.0,28.634402,77.315239,East Delhi,0,59141.0,11,True,False,False,False,False,1,0.39836139566063405
e7876dcf-6d1a-48b4-a338-546be43594ff,SHOP_046,BEN_00107,2026-01-03 09:11:01.322714,Sugar,1,20.0,28.634402,77.315239,East Delhi,0,79077.0,9,False,False,False,True,False,1,0.4390208799052078
a61d3196-38ab-42be-ac98-fae80eeb079b,SHOP_046,BEN_01848,2026-01-03 18:05:10.322714,Sugar,3,60.0,28.634402,77.315239,East Delhi,0,32049.0,18,False,False,False,True,False,1,0.46230944479008745
a9154429-c3df-4611-9d9b-8c1f6d0245f5,SHOP_046,BEN_01824,2026-01-04 18:48:52.322714,Rice,5,15.0,28.634402,77.315239,East Delhi,0,89022.0,18,False,False,True,False,False,-1,0.6882740924726726
f28c2d9b-e317-4b23-a072-87503fce06e4,SHOP_046,BEN_01293,2026-01-04 19:04:52.322714,Kerosene,3,75.0,28.634402,77.315239,East Delhi,0,960.0,19,True,False,False,False,False,1,0.32866679642574853
9989a246-e287-476f-b534-7ea9affdd10a,SHOP_046,BEN_01401,2026-01-04 19:37:10.322714,Sugar,1,20.0,28.634402,77.315239,East Delhi,0,1938.0,19,False,False,False,True,False,1,0.34178180458394186
2e2d2563-f80c-41bc-ac5a-685e67863b30,SHOP_046,BEN_00005,2026-01-04 19:40:16.322714,Rice,5,15.0,28.634402,77.315239,East Delhi,0,186.0,19,False,False,True,False,False,1,0.42127567222573525
7540f921-5b1e-4119-ad55-eeaaff3e4a84,SHOP_046,BEN_03000,2026-01-05 12:20:28.322714,Kerosene,1,25.0,28.634402,77.315239,East Delhi,0,60012.0,12,True,False,False,False,False,1,0.44942971327753256
a6d8f7d8-ee39-4fd3-b3b4-adea274bbdb0,SHOP_046,BEN_02716,2026-01-05 19:39:28.322714,Sugar,1,20.0,28.634402,77.315239,East Delhi,0,26340.0,19,False,False,False,True,False,1,0.45062561609428387
c389a098-d5b9-4398-855e-e54cf2c22729,SHOP_046,BEN_01539,2026-01-06 09:46:25.322714,Wheat,15,30.0,28.634402,77.315239,East Delhi,0,50817.0,9,False,False,False,False,True,1,0.4704971743263921
0ca893e4-d78f-460d-a0c8-5ebfb8ba3662,SHOP_046,BEN_01954,2026-01-06 10:52:35.322714,Sugar,2,40.0,28.634402,77.315239,East Delhi,0,3970.0,10,False,False,False,True,False,1,0.21457888999501296
08582f9d-e289-480e-9df0-063a95552c43,SHOP_046,BEN_01583,2026-01-06 18:35:22.322714,Kerosene,3,75.0,28.634402,77.315239,East Delhi,0,27767.0,18,True,False,False,False,False,1,0.32650989463958985
30be4dfb-6ccf-4b38-ada9-82f515da7fa6,SHOP_046,BEN_01543,2026-01-07 08:43:57.322714,Sugar,3,60.0,28.634402,77.315239,East Delhi,0,50915.0,8,False,False,False,True,False,1,0.39005123600985525
79db85d8-5cc0-4706-ad7d-819d948cfba8,SHOP_046,BEN_02052,2026-01-07 09:39:40.322714,Sugar,2,40.0,28.634402,77.315239,East Delhi,0,3343.0,9,False,False,False,True,False,1,0.3285517560114765
0f1d1df6-a7e2-4137-af4e-a64b20dc9ecd,SHOP_046,BEN_02057,2026-01-07 11:09:32.322714,Wheat,16,32.0,28.634402,77.315239,East Delhi,0,5392.0,11,False,False,False,False,True,1,0.1996900883143381
f4577a24-a15d-43d6-ba9a-0d9170f0241a,SHOP_046,BEN_00147,2026-01-07 14:29:46.322714,Sugar,1,20.0,28.634402,77.315239,East Delhi,0,12014.0,14,False,False,False,True,False,1,0.11237019485154714
eae9961a-4341-4e14-b580-3789d69e24cc,SHOP_046,BEN_01398,2026-01-07 16:09:26.322714,Kerosene,2,50.0,28.634402,77.315239,East Delhi,0,5980.0,16,True,False,False,False,False,1,0.10005618842779956
c263062e-9937-4a77-a6b4-b9d6832ee0f3,SHOP_046,BEN_01993,2026-01-07 16:40:31.322714,Wheat,6,12.0,28.634402,77.315239,East Delhi,0,1865.0,16,False,False,False,False,True,1,0.25736258978330945
06f99ce2-f8dd-4b44-bec5-1aa7d308247e,SHOP_046,BEN_02878,2026-01-08 09:07:50.322714,Wheat,7,14.0,28.634402,77.315239,East Delhi,0,59239.0,9,False,False,False,False,True,1,0.4756822398671177
48fc2ac0-ccf2-495f-b1da-5c5433ebf20a,SHOP_046,BEN_02861,2026-01-08 10:02:52.322714,Oil,2,100.0,28.634402,77.315239,East Delhi,0,3302.0,10,False,True,False,False,False,1,0.17839018148093866
8f353fee-02f2-46f0-9960-39a69e074a2f,SHOP_046,BEN_01776,2026-01-08 15:44:00.322714,Rice,8,24.0,28.634402,77.315239,East Delhi,0,20468.0,15,False,False,True,False,False,1,0.2588766299483007
fe47e4d0-53c3-46a6-87f3-b3889b0d307c,SHOP_046,BEN_01921,2026-01-09 09:50:50.322714,Kerosene,2,50.0,28.634402,77.315239,East Delhi,0,65210.0,9,True,False,False,False,False,1,0.40614713587988543
4e2952aa-07c8-4481-ace3-5056a40ac79b,SHOP_046,BEN_02090,2026-01-09 12:33:12.322714,Wheat,20,40.0,28.634402,77.315239,East Delhi,0,9742.0,12,False,False,False,False,True,1,0.3440062376373285
48de809b-4fcc-4d20-bb1a-b2ed449809e3,SHOP_046,BEN_01045,2026-01-09 13:31:38.322714,Rice,12,36.0,28.634402,77.315239,East Delhi,0,3506.0,13,False,False,True,False,False,1,0.15053681123073998
5a15ca39-ade1-4f10-bbd4-215390a516ca,SHOP_046,BEN_00078,2026-01-09 18:01:09.322714,Oil,1,50.0,28.634402,77.315239,East Delhi,0,16171.0,18,False,True,False,False,False,1,0.24250106094875767
0b82e34a-e974-4363-b8c2-0f659a9c5675,SHOP_046,BEN_00011,2026-01-10 13:21:13.322714,Sugar,2,40.0,28.634402,77.315239,East Delhi,0,69604.0,13,False,False,False,True,False,1,0.29657305251479005
6a2f0200-4f99-4102-a7ca-0fc4c4a74571,SHOP_046,BEN_00354,2026-01-10 13:40:53.322714,Oil,2,100.0,28.634402,77.315239,East Delhi,0,1180.0,13,False,True,False,False,False,1,0.13295740245236737
c1465357-688d-457e-842f-6a2c2ff6f53d,SHOP_046,BEN_02348,2026-01-10 15:40:26.322714,Sugar,3,60.0,28.634402,77.315239,East Delhi,0,7173.0,15,False,False,False,True,False,1,0.10510131451664795
1ee1d738-7f99-4eac-91f6-5ae01f94427d,SHOP_046,BEN_02211,2026-01-10 16:10:22.322714,Kerosene,2,50.0,28.634402,77.315239,East Delhi,0,1796.0,16,True,False,False,False,False,1,0.11906011509200315
6af3e6a1-ef54-4520-ade0-b625b58e67ce,SHOP_046,BEN_02147,2026-01-10 19:52:03.322714,Kerosene,3,75.0,28.634402,77.315239,East Delhi,0,13301.0,19,True,False,False,False,False,1,0.28547930132130717
280bbb26-680b-4634-8c60-ed60d041882d,SHOP_046,BEN_01090,2026-01-11 13:14:10.322714,Oil,1,50.0,28.634402,77.315239,East Delhi,0,62527.0,13,False,True,False,False,False,1,0.4191077702895225
94e9fc9d-e24f-4e99-8f6f-8aec0f899870,SHOP_046,BEN_00848,2026-01-11 18:21:39.322714,Oil,1,50.0,28.634402,77.315239,East Delhi,0,18449.0,18,False,True,False,False,False,1,0.2576308561007539
2f6bdbac-94b4-4a7b-a3a3-184f749036f7,SHOP_046,BEN_01598,2026-01-12 09:32:23.322714,Kerosene,1,25.0,28.634402,77.315239,East Delhi,0,54644.0,9,True,False,False,False,False,1,0.4122457290325865
844e1e09-5e1b-4252-886e-c500d62015f4,SHOP_046,BEN_01135,2026-01-12 10:32:25.322714,Wheat,16,32.0,28.634402,77.315239,East Delhi,0,3602.0,10,False,False,False,False,True,1,0.27293557838805005
40d5f9cb-8e50-4e62-bb00-b2c4a56a8bb6,SHOP_046,BEN_00933,2026-01-12 13:12:26.322714,Oil,1,50.0,28.634402,77.315239,East Delhi,0,9601.0,13,False,True,False,False,False,1,0.1446123546156698
77c30d08-31a4-4432-a283-24414634ea5d,SHOP_046,BEN_00560,2026-01-12 15:10:40.322714,Oil,2,100.0,28.634402,77.315239,East Delhi,0,7094.0,15,False,True,False,False,False,1,0.0
7fc437db-1582-4842-9e49-daeb9c8f1b6a,SHOP_046,BEN_00090,2026-01-12 18:49:34.322714,Oil,2,100.0,28.634402,77.315239,East Delhi,0,13134.0,18,False,True,False,False,False,1,0.17769846109293902
b6c88edf-6e24-47a1-8b90-cbb5526122ab,SHOP_046,BEN_00457,2026-01-13 14:16:22.322714,Oil,2,100.0,28.634402,77.315239,East Delhi,0,70008.0,14,False,True,False,False,False,1,0.4592510360239328
0bac9911-e762-4e5e-a612-161b0d8fb53b,SHOP_046,BEN_02650,2026-01-13 18:00:10.322714,Sugar,3,60.0,28.634402,77.315239,East Delhi,0,13428.0,18,False,False,False,True,False,1,0.25005166317476474
c9099642-259b-4b09-9209-c2322f5f6af8,SHOP_046,BEN_01030,2026-01-13 19:48:24.322714,Sugar,2,40.0,28.634402,77.315239,East Delhi,0,6494.0,19,False,False,False,True,False,1,0.28607312239776245
b9154e68-9246-4eca-889c-eab716ca3116,SHOP_046,BEN_00522,2026-01-13 19:57:38.322714,Oil,1,50.0,28.634402,77.315239,East Delhi,0,554.0,19,False,True,False,False,False,1,0.31981486212001586
187d8645-85b4-42b4-83db-da1a0aeb9bcd,SHOP_046,BEN_00230,2026-01-14 08:22:57.322714,Sugar,3,60.0,28.634402,77.315239,East Delhi,0,44719.0,8,False,False,False,True,False,1,0.41636755240538503
ed6464d8-82d7-413d-9a5f-0c2d257486c6,SHOP_046,BEN_00129,2026-01-14 08:24:54.322714,Rice,9,27.0,28.634402,77.315239,East Delhi,0,117.0,8,False,False,True,False,False,1,0.4296872065524619
c05f0930-7ccb-4f93-94ed-fdf8018addb7,SHOP_046,BEN_02457,2026-01-14 12:00:40.322714,Sugar,1,20.0,28.634402,77.315239,East Delhi,0,12946.0,12,False,False,False,True,False,1,0.1710737662783527
77da5135-4a72-4623-8f5a-0474f675f1bd,SHOP_046,BEN_02002,2026-01-14 13:19:13.322714,Oil,2,100.0,28.634402,77.315239,East Delhi,0,4713.0,13,False,True,False,False,False,1,0.0807743124089828
74f4ebbd-d32a-4c8e-9d54-499d6eb6139f,SHOP_046,BEN_00323,2026-01-15 10:26:31.322714,Oil,1,50.0,28.634402,77.315239,East Delhi,0,76038.0,10,False,True,False,False,False,1,0.43993721209942
19384aac-820b-4672-b91c-a79799f05d76,SHOP_046,BEN_02061,2026-01-15 16:10:46.322714,Rice,5,15.0,28.634402,77.315239,East Delhi,0,20655.0,16,False,False,True,False,False,1,0.28184461888933565
ec9f16bd-5a2b-4e7c-adcb-31860b949951,SHOP_047,BEN_00806,2025-12-16 17:52:39.322714,Wheat,10,20.0,28.715937,77.10426,Rohini,0,9999.0,17,False,False,False,False,True,1,0.20274371661002405
d869941a-faab-4269-9a53-4c171f3160e7,SHOP_047,BEN_02536,2025-12-17 10:06:07.322714,Kerosene,1,25.0,28.715937,77.10426,Rohini,0,58408.0,10,True,False,False,False,False,1,0.39487698046611075
4ee6e696-3f7b-4e09-a793-4b0b72b3339b,SHOP_047,BEN_01462,2025-12-17 11:37:16.322714,Kerosene,3,75.0,28.715937,77.10426,Rohini,0,5469.0,11,True,False,False,False,False,1,0.23000656734230768
6d811e76-acb3-4e0a-bab7-cac5da1d81e5,SHOP_047,BEN_01362,2025-12-17 19:10:06.322714,Oil,2,100.0,28.715937,77.10426,Rohini,0,27170.0,19,False,True,False,False,False,1,0.3939121389666158
bf02fc3f-7648-4ca8-a398-b65e81c787c2,SHOP_047,BEN_00707,2025-12-18 14:16:44.322714,Wheat,5,10.0,28.715937,77.10426,Rohini,0,68798.0,14,False,False,False,False,True,1,0.57498441260979
7a042a1f-fd40-46ba-8297-6d58e0fba572,SHOP_047,BEN_00511,2025-12-19 16:15:28.322714,Sugar,2,40.0,28.715937,77.10426,Rohini,0,93524.0,16,False,False,False,True,False,1,0.5140696453072222
cf2a6eb8-2fcb-42a5-b08e-b8279ec9e402,SHOP_047,BEN_00758,2025-12-20 11:19:28.322714,Rice,10,30.0,28.715937,77.10426,Rohini,0,68640.0,11,False,False,True,False,False,1,0.3879052840491262
4c043df8-5125-4c47-90e8-175e467e689f,SHOP_047,BEN_01958,2025-12-20 12:33:35.322714,Oil,2,100.0,28.715937,77.10426,Rohini,0,4447.0,12,False,True,False,False,False,1,0.11367688236743512
8497ca3d-3910-4087-86f3-af2623b718a8,SHOP_047,BEN_02510,2025-12-20 13:15:34.322714,Oil,1,50.0,28.715937,77.10426,Rohini,0,2519.0,13,False,True,False,False,False,1,0.1441986839010389
04875572-73c7-473b-82c1-cb0f49d27c7a,SHOP_047,BEN_02979,2025-12-22 12:12:21.322714,Wheat,19,38.0,28.715937,77.10426,Rohini,0,169007.0,12,False,False,False,False,True,-1,0.9561065128143384
73f719d2-00a9-4ea2-8e65-b1eadfd7e96a,SHOP_047,BEN_00931,2025-12-22 17:00:39.322714,Kerosene,3,75.0,28.715937,77.10426,Rohini,0,17298.0,17,True,False,False,False,False,1,0.22264128819494633
daa46071-7bb7-48f8-8dce-371bda47cd3e,SHOP_047,BEN_00235,2025-12-23 10:11:19.322714,Oil,1,50.0,28.715937,77.10426,Rohini,0,61840.0,10,False,True,False,False,False,1,0.3483956686129477
ff3b272a-fde6-4b92-a4b9-7a6f33f561ad,SHOP_047,BEN_00445,2025-12-23 12:36:49.322714,Kerosene,3,75.0,28.715937,77.10426,Rohini,0,8730.0,12,True,False,False,False,False,1,0.19755951275726047
fc02116f-d3e0-43e9-8e47-16d358aaa602,SHOP_047,BEN_00738,2025-12-24 14:12:06.322714,Rice,13,39.0,28.715937,77.10426,Rohini,0,92117.0,14,False,False,True,False,False,-1,0.5900538027947179
7ff27337-31be-44b6-b92a-490722062cd1,SHOP_047,BEN_02016,2025-12-25 13:14:22.322714,Sugar,1,20.0,28.715937,77.10426,Rohini,0,82936.0,13,False,False,False,True,False,1,0.45840750209886993
e61440d1-3735-4c36-83db-a30ebcde8e0b,SHOP_047,BEN_00712,2025-12-25 14:43:33.322714,Wheat,13,26.0,28.715937,77.10426,Rohini,0,5351.0,14,False,False,False,False,True,1,0.1095915189855986
1abe6c7e-4dce-437b-a3aa-5210fdf66272,SHOP_047,BEN_02018,2025-12-25 16:20:31.322714,Rice,17,51.0,28.715937,77.10426,Rohini,0,5818.0,16,False,False,True,False,False,1,0.18546850546194255
b98734e9-7da6-44e8-9efc-646cd4061044,SHOP_047,BEN_01753,2025-12-25 18:20:22.322714,Kerosene,1,25.0,28.715937,77.10426,Rohini,0,7191.0,18,True,False,False,False,False,1,0.2169267771837915
dc1c6f19-c2db-4815-8dd2-459e7dbe7273,SHOP_047,BEN_02005,2025-12-25 19:28:53.322714,Rice,19,57.0,28.715937,77.10426,Rohini,0,4111.0,19,False,False,True,False,False,1,0.46025067142673537
b7ead0bc-3347-4f2c-ab6f-35639ee95c1a,SHOP_047,BEN_02293,2025-12-26 02:23:30.322714,Rice,12,36.0,28.715937,77.10426,Rohini,1,24877.0,2,False,False,True,False,False,-1,0.6918761225830019
be0ebedf-ec7a-4ba8-9145-e6c7dbbd17c1,SHOP_047,BEN_00291,2025-12-26 15:45:45.322714,Kerosene,3,75.0,28.715937,77.10426,Rohini,0,48135.0,15,True,False,False,False,False,1,0.3639719172052542
794cd432-ffe2-4bb6-9fbb-d4d8182e8e27,SHOP_047,BEN_00853,2025-12-26 16:58:35.322714,Wheat,14,28.0,28.715937,77.10426,Rohini,0,4370.0,16,False,False,False,False,True,1,0.12045572135070787
eacf8af3-35cf-4179-908e-f21ec676894c,SHOP_047,BEN_01798,2025-12-27 09:05:27.322714,Oil,1,50.0,28.715937,77.10426,Rohini,0,58012.0,9,False,True,False,False,False,1,0.3143709847243496
2a10d5b9-baad-4c50-8ce7-8dcbdb1ded3e,SHOP_047,BEN_00512,2025-12-27 11:44:29.322714,Rice,20,60.0,28.715937,77.10426,Rohini,0,9542.0,11,False,False,True,False,False,1,0.4224649983290254
728d1c3e-abc2-4589-a9d1-edd2ae4ae1fb,SHOP_047,BEN_02505,2025-12-28 16:26:37.322714,Sugar,1,20.0,28.715937,77.10426,Rohini,0,103328.0,16,False,False,False,True,False,-1,0.6911240594862298
a9440350-5842-4aa3-adab-58155400260f,SHOP_047,BEN_02105,2025-12-29 19:59:34.322714,Sugar,2,40.0,28.715937,77.10426,Rohini,0,99177.0,19,False,False,False,True,False,-1,0.7057365731803485
7c6e4e4b-3d55-4cc7-aed0-d62ed6afa2dd,SHOP_047,BEN_01808,2025-12-30 09:46:03.322714,Kerosene,1,25.0,28.715937,77.10426,Rohini,0,49589.0,9,True,False,False,False,False,1,0.42419291094264944
48feaa26-3866-4374-8f72-0ee1f83fa135,SHOP_047,BEN_02158,2025-12-30 10:15:24.322714,Oil,1,50.0,28.715937,77.10426,Rohini,0,1761.0,10,False,True,False,False,False,1,0.20340072465880954
1660c037-facc-45ff-8c92-941d275ef776,SHOP_047,BEN_01616,2025-12-30 11:44:58.322714,Wheat,14,28.0,28.715937,77.10426,Rohini,0,5374.0,11,False,False,False,False,True,1,0.18409195410083273
f7b98287-2b37-40c8-9f2e-a117e9daa906,SHOP_047,BEN_01908,2025-12-30 13:33:10.322714,Kerosene,3,75.0,28.715937,77.10426,Rohini,0,6492.0,13,True,False,False,False,False,1,0.16700897558681377
7c08c929-256f-4e05-9e80-5bb614df7a36,SHOP_047,BEN_01061,2025-12-30 17:42:45.322714,Wheat,18,36.0,28.715937,77.10426,Rohini,0,14975.0,17,False,False,False,False,True,1,0.3001196114367878
6a043635-8e80-4f97-aae8-3925413af6c1,SHOP_047,BEN_00413,2025-12-30 17:51:30.322714,Kerosene,3,75.0,28.715937,77.10426,Rohini,0,525.0,17,True,False,False,False,False,1,0.25250094390329236
5872a877-8d14-49b9-8577-4891730f716d,SHOP_047,BEN_01514,2025-12-30 18:20:14.322714,Rice,11,33.0,28.715937,77.10426,Rohini,0,1724.0,18,False,False,True,False,False,1,0.2443783524356809
5fd860cb-3b91-4663-b2c9-f370689b88ab,SHOP_047,BEN_00631,2025-12-30 19:41:03.322714,Wheat,9,18.0,28.715937,77.10426,Rohini,0,4849.0,19,False,False,False,False,True,1,0.2950371164743645
f8961df8-87e5-46af-8987-de65f0818260,SHOP_047,BEN_02411,2025-12-31 10:17:55.322714,Oil,1,50.0,28.715937,77.10426,Rohini,0,52612.0,10,False,True,False,False,False,1,0.3198714414277414
acbe8887-b5d6-4b86-9bbb-f515fd8313e0,SHOP_047,BEN_01585,2025-12-31 11:17:38.322714,Wheat,10,20.0,28.715937,77.10426,Rohini,0,3583.0,11,False,False,False,False,True,1,0.21066158406265734
449c2614-9e7e-4add-8b10-5125353bea2a,SHOP_047,BEN_02034,2025-12-31 14:30:28.322714,Sugar,1,20.0,28.715937,77.10426,Rohini,0,11570.0,14,False,False,False,True,False,1,0.10798387615321053
6f7727ed-ccb4-4412-84f5-1fe3a317a3dc,SHOP_047,BEN_02029,2026-01-01 10:17:04.322714,Kerosene,2,50.0,28.715937,77.10426,Rohini,0,71196.0,10,True,False,False,False,False,1,0.42902709607191314
c487fdf2-3c46-4f09-bac1-4b836fcc1a12,SHOP_047,BEN_02868,2026-01-01 10:30:40.322714,Oil,2,100.0,28.715937,77.10426,Rohini,0,816.0,10,False,True,False,False,False,1,0.205691800010936
46b64ee3-87c5-455f-8d2d-381a6ca0ddd7,SHOP_047,BEN_01812,2026-01-01 11:14:46.322714,Kerosene,3,75.0,28.715937,77.10426,Rohini,0,2646.0,11,True,False,False,False,False,1,0.23352615658583953
d1013dc4-7b8d-4f30-bdf6-6c9b10ae2b1e,SHOP_047,BEN_01016,2026-01-01 14:52:08.322714,Rice,11,33.0,28.715937,77.10426,Rohini,0,13042.0,14,False,False,True,False,False,1,0.14547145438891673
91852bd7-0eb0-4762-bc29-6bc61e2b0a6c,SHOP_047,BEN_01775,2026-01-01 15:45:08.322714,Wheat,12,24.0,28.715937,77.10426,Rohini,0,3180.0,15,False,False,False,False,True,1,0.14168679102715132
f0510260-0437-42c8-a22e-f4847ee878c9,SHOP_047,BEN_02589,2026-01-02 12:00:46.322714,Sugar,2,40.0,28.715937,77.10426,Rohini,0,72938.0,12,False,False,False,True,False,1,0.2954672800293286
03932294-67aa-4f1b-824d-1a7a0e46a2ca,SHOP_047,BEN_02281,2026-01-02 14:53:26.322714,Kerosene,1,25.0,28.715937,77.10426,Rohini,0,10360.0,14,True,False,False,False,False,1,0.15029848435337495
cbb6ad21-cfc5-490a-8ffe-781c3df238e4,SHOP_047,BEN_01309,2026-01-02 15:21:40.322714,Oil,2,100.0,28.715937,77.10426,Rohini,0,1694.0,15,False,True,False,False,False,1,0.054149594373770205
2e2ad7d4-f3e1-4482-88f0-e921dbf842ca,SHOP_047,BEN_01280,2026-01-02 19:48:22.322714,Kerosene,3,75.0,28.715937,77.10426,Rohini,0,16002.0,19,True,False,False,False,False,1,0.2984607658441908
221ab15d-4754-495f-981b-2055bc6a2b85,SHOP_047,BEN_00701,2026-01-03 09:21:17.322714,Sugar,3,60.0,28.715937,77.10426,Rohini,0,48775.0,9,False,False,False,True,False,1,0.34233067688339647
60121027-4da1-49a7-b326-61b5e86059ea,SHOP_047,BEN_02695,2026-01-03 17:08:37.322714,Wheat,20,40.0,28.715937,77.10426,Rohini,0,28040.0,17,False,False,False,False,True,1,0.5330547092687946
a2398333-d6c1-48c5-8803-7d8f63839550,SHOP_047,BEN_02901,2026-01-03 17:48:46.322714,Wheat,6,12.0,28.715937,77.10426,Rohini,0,2409.0,17,False,False,False,False,True,1,0.27138756173732215
ac365a80-320b-4e95-8c7a-dcd0996856b7,SHOP_047,BEN_01916,2026-01-03 19:12:12.322714,Kerosene,2,50.0,28.715937,77.10426,Rohini,0,5006.0,19,True,False,False,False,False,1,0.21353917673121614
a93efc94-c9d7-4e40-a8fb-d333dd9b3903,SHOP_047,BEN_01964,2026-01-03 19:41:25.322714,Wheat,19,38.0,28.715937,77.10426,Rohini,0,1753.0,19,False,False,False,False,True,1,0.4904439604332883
b5c57f4f-3f2d-4b44-bdc0-313683717fa5,SHOP_047,BEN_02716,2026-01-04 14:51:14.322714,Kerosene,2,50.0,28.715937,77.10426,Rohini,0,68989.0,14,True,False,False,False,False,1,0.4196414263082996
0e598924-bc26-4b02-9d63-d65931a80603,SHOP_047,BEN_00693,2026-01-04 16:01:45.322714,Rice,14,42.0,28.715937,77.10426,Rohini,0,4231.0,16,False,False,True,False,False,1,0.16670171730012256
60b90562-16b9-41cf-80e8-40a90c7580f5,SHOP_047,BEN_02673,2026-01-04 16:43:02.322714,Kerosene,2,50.0,28.715937,77.10426,Rohini,0,2477.0,16,True,False,False,False,False,1,0.10949456266190855
cd5ec311-8544-483a-b057-f1216a3916f8,SHOP_047,BEN_02036,2026-01-04 19:49:00.322714,Oil,1,50.0,28.715937,77.10426,Rohini,0,11158.0,19,False,True,False,False,False,1,0.2953567740073294
966c7a8a-c247-4b31-9f61-63b19aaa8952,SHOP_047,BEN_01339,2026-01-05 18:26:19.322714,Kerosene,1,25.0,28.715937,77.10426,Rohini,0,81439.0,18,True,False,False,False,False,-1,0.6675862938161982
0b0a1d31-f2aa-4f54-b9ec-b2901f256227,SHOP_047,BEN_02811,2026-01-06 13:20:00.322714,Sugar,3,60.0,28.715937,77.10426,Rohini,0,68021.0,13,False,False,False,True,False,1,0.3756895429872597
698b7acf-735e-482e-a75a-fc830faaea32,SHOP_047,BEN_00398,2026-01-06 16:57:01.322714,Oil,2,100.0,28.715937,77.10426,Rohini,0,13021.0,16,False,True,False,False,False,1,0.06529071749878679
effb85d9-8211-49fe-b9e3-f47d10da2e97,SHOP_047,BEN_02754,2026-01-07 11:29:09.322714,Sugar,1,20.0,28.715937,77.10426,Rohini,0,66728.0,11,False,False,False,True,False,1,0.3232148257710072
f9ab70c8-bf69-41ee-8ddc-dab2e8d9614c,SHOP_047,BEN_02289,2026-01-07 15:53:36.322714,Oil,1,50.0,28.715937,77.10426,Rohini,0,15867.0,15,False,True,False,False,False,1,0.13091192288555992
3a5bb7e1-cde6-450e-82e3-ce903548031b,SHOP_047,BEN_01389,2026-01-07 17:44:05.322714,Rice,20,60.0,28.715937,77.10426,Rohini,0,6629.0,17,False,False,True,False,False,1,0.3865534865553394
95ce390d-5e02-402a-8f9e-9397f3a992be,SHOP_047,BEN_00874,2026-01-08 13:56:57.322714,Oil,2,100.0,28.715937,77.10426,Rohini,0,72772.0,13,False,True,False,False,False,1,0.4549611406246901
d25f923b-9636-4658-8fcc-4c6cc58572ec,SHOP_047,BEN_02394,2026-01-08 15:57:02.322714,Sugar,2,40.0,28.715937,77.10426,Rohini,0,7205.0,15,False,False,False,True,False,1,0.0471513283173669
21358f98-68ad-4c77-8574-7382743eca75,SHOP_047,BEN_01827,2026-01-09 13:14:10.322714,Oil,2,100.0,28.715937,77.10426,Rohini,0,76628.0,13,False,True,False,False,False,1,0.4531909035407934
3c184a77-6363-441c-be04-e234c8f4f388,SHOP_047,BEN_00013,2026-01-09 13:54:30.322714,Wheat,16,32.0,28.715937,77.10426,Rohini,0,2420.0,13,False,False,False,False,True,1,0.1447952701751981
af11bfbd-d48b-4a19-b13f-e8983be36814,SHOP_047,BEN_02294,2026-01-09 14:28:21.322714,Kerosene,1,25.0,28.715937,77.10426,Rohini,0,2031.0,14,True,False,False,False,False,1,0.17198147339615832
85a10155-79ff-4f3b-8a48-3f1279ae78a6,SHOP_047,BEN_02941,2026-01-09 16:56:39.322714,Oil,2,100.0,28.715937,77.10426,Rohini,0,8898.0,16,False,True,False,False,False,1,0.030344328031201573
53c29f22-592e-45f8-a8d7-7287f67172a1,SHOP_047,BEN_02341,2026-01-10 09:06:53.322714,Oil,1,50.0,28.715937,77.10426,Rohini,0,58214.0,9,False,True,False,False,False,1,0.3115691337696775
44ae08b8-8777-48d8-b907-f392cdea2f3d,SHOP_047,BEN_00187,2026-01-10 10:41:39.322714,Rice,8,24.0,28.715937,77.10426,Rohini,0,5686.0,10,False,False,True,False,False,1,0.22934057344469805
7e3c5522-f988-4c59-aca6-746c20c9cb34,SHOP_047,BEN_00275,2026-01-10 12:21:25.322714,Sugar,1,20.0,28.715937,77.10426,Rohini,0,5986.0,12,False,False,False,True,False,1,0.13666737114040822
984cb909-d77c-4e55-bb9e-2b76e9b56110,SHOP_047,BEN_01773,2026-01-10 14:25:55.322714,Sugar,3,60.0,28.715937,77.10426,Rohini,0,7470.0,14,False,False,False,True,False,1,0.11348738876757225
666c3892-c04c-4021-ba7b-cdf044975e26,SHOP_047,BEN_02322,2026-01-10 14:49:31.322714,Wheat,10,20.0,28.715937,77.10426,Rohini,0,1416.0,14,False,False,False,False,True,1,0.18939898009766637
ae58fad1-9900-41c0-a912-816ba5738d44,SHOP_047,BEN_01783,2026-01-10 15:32:40.322714,Oil,2,100.0,28.715937,77.10426,Rohini,0,2589.0,15,False,True,False,False,False,1,0.02884320088822767
22cc894e-c8cd-4967-8ba2-fb4a71ec234f,SHOP_047,BEN_02837,2026-01-10 17:37:09.322714,Kerosene,3,75.0,28.715937,77.10426,Rohini,0,7469.0,17,True,False,False,False,False,1,0.18470983112984035
67fe1c0e-4f1b-4806-a57b-c31eaf153e26,SHOP_047,BEN_02963,2026-01-10 18:35:07.322714,Oil,2,100.0,28.715937,77.10426,Rohini,0,3478.0,18,False,True,False,False,False,1,0.16570865705541288
a3caffdd-53a6-4bec-96aa-a0686e9ecbd8,SHOP_047,BEN_02593,2026-01-11 09:47:14.322714,Rice,19,57.0,28.715937,77.10426,Rohini,0,54727.0,9,False,False,True,False,False,1,0.4962746788067523
f785b8dc-40b9-4b95-b072-29cfd445b986,SHOP_047,BEN_02117,2026-01-11 14:34:01.322714,Oil,2,100.0,28.715937,77.10426,Rohini,0,17207.0,14,False,True,False,False,False,1,0.13213647203744722
002f3c3f-63fd-4825-a02a-637ed7ec2f2d,SHOP_047,BEN_00754,2026-01-11 19:07:46.322714,Sugar,2,40.0,28.715937,77.10426,Rohini,0,16425.0,19,False,False,False,True,False,1,0.3197289835401217
a1b83966-9894-45cc-8974-5ad6a4e72ee2,SHOP_047,BEN_00206,2026-01-12 08:05:59.322714,Rice,10,30.0,28.715937,77.10426,Rohini,0,46693.0,8,False,False,True,False,False,1,0.4320877776291312
d6e0b9a6-587b-4862-801d-93355b7f7d68,SHOP_047,BEN_02591,2026-01-12 15:11:04.322714,Kerosene,2,50.0,28.715937,77.10426,Rohini,0,25505.0,15,True,False,False,False,False,1,0.20909976924583068
b456271e-12f4-4333-8c2b-fa0231332461,SHOP_047,BEN_00099,2026-01-13 09:11:23.322714,Oil,1,50.0,28.715937,77.10426,Rohini,0,64819.0,9,False,True,False,False,False,1,0.3789563243373475
9cb4e77f-59b5-4be8-8d70-64801df96d13,SHOP_047,BEN_02940,2026-01-13 10:21:10.322714,Oil,2,100.0,28.715937,77.10426,Rohini,0,4187.0,10,False,True,False,False,False,1,0.1755290180493353
77697e09-315d-4031-bfb3-01ea0b48b574,SHOP_047,BEN_00398,2026-01-13 13:02:39.322714,Rice,10,30.0,28.715937,77.10426,Rohini,0,9689.0,13,False,False,True,False,False,1,0.17616103886277906
2e647724-587f-446f-bf65-d43f90eb551d,SHOP_047,BEN_01840,2026-01-13 16:14:20.322714,Oil,2,100.0,28.715937,77.10426,Rohini,0,11501.0,16,False,True,False,False,False,1,0.053464199877866436
fa2f5596-7a1b-415a-9afb-d6f668fb6c14,SHOP_047,BEN_01906,2026-01-13 17:33:20.322714,Sugar,1,20.0,28.715937,77.10426,Rohini,0,4740.0,17,False,False,False,True,False,1,0.1646980715137661
20a7e35a-811a-430c-9013-a4473b934436,SHOP_047,BEN_02133,2026-01-14 08:06:15.322714,Oil,2,100.0,28.715937,77.10426,Rohini,0,52375.0,8,False,True,False,False,False,1,0.3482059621347161
32cda28d-0e71-4543-8aa6-6d98208b7601,SHOP_047,BEN_00702,2026-01-14 19:10:36.322714,Sugar,1,20.0,28.715937,77.10426,Rohini,0,39861.0,19,False,False,False,True,False,1,0.5567664024023443
c7f33bc1-6cae-4a52-a7ff-d75e543d4fd3,SHOP_047,BEN_02840,2026-01-15 10:16:31.322714,Kerosene,2,50.0,28.715937,77.10426,Rohini,0,54355.0,10,True,False,False,False,False,1,0.3042351875887653
a33dd904-eadc-4c18-85a6-f2ecff7f8c3a,SHOP_047,BEN_00787,2026-01-15 12:40:13.322714,Wheat,8,16.0,28.715937,77.10426,Rohini,0,8622.0,12,False,False,False,False,True,1,0.18731706235590379
d5d175fa-2bc1-4b77-95cb-d62016b91402,SHOP_048,BEN_00694,2025-12-16 18:08:56.322714,Kerosene,1,25.0,28.596532,77.044874,Dwarka,0,9999.0,18,True,False,False,False,False,1,0.22841132433851624
1294071a-355c-4cab-bc02-8dad6d8363af,SHOP_048,BEN_00085,2025-12-17 12:06:05.322714,Rice,14,42.0,28.596532,77.044874,Dwarka,0,64629.0,12,False,False,True,False,False,1,0.40777615520692756
1f39048d-e3c6-439f-ad5b-13beb0ed18c3,SHOP_048,BEN_00768,2025-12-17 12:06:11.322714,Wheat,6,12.0,28.596532,77.044874,Dwarka,0,6.0,12,False,False,False,False,True,1,0.32226666975184687
21b8c7e8-7839-416e-b6b7-9b58d83cd454,SHOP_048,BEN_02110,2025-12-17 13:07:27.322714,Sugar,1,20.0,28.596532,77.044874,Dwarka,0,3676.0,13,False,False,False,True,False,1,0.12613766543856708
49d40145-4388-4d89-b445-59a0fc658b4d,SHOP_048,BEN_00890,2025-12-17 13:41:07.322714,Rice,12,36.0,28.596532,77.044874,Dwarka,0,2020.0,13,False,False,True,False,False,1,0.1633665553036437
af7253c1-b459-44b9-b1e3-66e003e90a6e,SHOP_048,BEN_02558,2025-12-17 14:02:26.322714,Sugar,3,60.0,28.596532,77.044874,Dwarka,0,1279.0,14,False,False,False,True,False,1,0.15334186952272283
5df8edfd-d5f4-4e59-8946-51bd8a1926ae,SHOP_048,BEN_00597,2025-12-17 17:26:57.322714,Oil,1,50.0,28.596532,77.044874,Dwarka,0,12271.0,17,False,True,False,False,False,1,0.19258279098200637
9e118970-a773-4608-b41b-f1588659a8b5,SHOP_048,BEN_00786,2025-12-17 18:09:09.322714,Rice,5,15.0,28.596532,77.044874,Dwarka,0,2532.0,18,False,False,True,False,False,1,0.3309249900579244
f60df12d-b04a-405a-8961-0d7af27b09fd,SHOP_048,BEN_00018,2025-12-17 18:13:01.322714,Rice,18,54.0,28.596532,77.044874,Dwarka,0,232.0,18,False,False,True,False,False,1,0.3727502494112619
a0059a6d-e953-41a6-9080-b7d173b1d186,SHOP_048,BEN_02363,2025-12-18 10:56:33.322714,Rice,19,57.0,28.596532,77.044874,Dwarka,0,60212.0,10,False,False,True,False,False,1,0.46204607491933014
f8dfe2e7-b98f-44a4-a3d5-00b5afc8a744,SHOP_048,BEN_02073,2025-12-18 11:08:46.322714,Rice,18,54.0,28.596532,77.044874,Dwarka,0,733.0,11,False,False,True,False,False,1,0.3171117088468593
e0014942-60dd-4834-bcb1-1d8e6b0cefb1,SHOP_048,BEN_01764,2025-12-18 14:18:02.322714,Rice,11,33.0,28.596532,77.044874,Dwarka,0,11356.0,14,False,False,True,False,False,1,0.1374764833538183
12999371-cb99-4d22-93fd-b9c23befe263,SHOP_048,BEN_02260,2025-12-18 17:36:02.322714,Wheat,18,36.0,28.596532,77.044874,Dwarka,0,11880.0,17,False,False,False,False,True,1,0.29101591561717005
3e3b2d8b-6b66-48cd-8151-ecbc05ff9cf3,SHOP_048,BEN_00674,2025-12-19 13:26:21.322714,Oil,1,50.0,28.596532,77.044874,Dwarka,0,71419.0,13,False,True,False,False,False,1,0.5113036360368614
4d5cd8bd-9acf-4211-b204-07c9adc165f2,SHOP_048,BEN_00519,2025-12-19 16:26:33.322714,Rice,12,36.0,28.596532,77.044874,Dwarka,0,10812.0,16,False,False,True,False,False,1,0.16844177235079205
77f0249a-05cc-4e3d-9da9-7430548200ce,SHOP_048,BEN_01858,2025-12-20 10:42:52.322714,Oil,1,50.0,28.596532,77.044874,Dwarka,0,65779.0,10,False,True,False,False,False,1,0.3799361984014579
d2f91f95-0a6b-40fc-8eba-ce54c0161fd5,SHOP_048,BEN_00066,2025-12-20 16:51:23.322714,Oil,1,50.0,28.596532,77.044874,Dwarka,0,22111.0,16,False,True,False,False,False,1,0.2092745233905664
8633f969-8040-4bd8-8bee-83468a019f58,SHOP_048,BEN_01544,2025-12-21 13:00:23.322714,Kerosene,3,75.0,28.596532,77.044874,Dwarka,0,72540.0,13,True,False,False,False,False,1,0.4693133184693253
d117ce74-9f94-4182-a48e-b54cf7c74d1e,SHOP_048,BEN_02930,2025-12-21 17:22:35.322714,Oil,2,100.0,28.596532,77.044874,Dwarka,0,15732.0,17,False,True,False,False,False,1,0.13222675167622994
4259055e-f7f9-46e0-9631-c70bb5818964,SHOP_048,BEN_01863,2025-12-21 18:57:56.322714,Sugar,1,20.0,28.596532,77.044874,Dwarka,0,5721.0,18,False,False,False,True,False,1,0.2185390343880551
24fdb7ef-0dcb-4b34-a0ce-c122914ac059,SHOP_048,BEN_00845,2025-12-22 02:45:43.322714,Wheat,8,16.0,28.596532,77.044874,Dwarka,1,28067.0,2,False,False,False,False,True,-1,0.7888096457683332
c0b5eb7c-51a4-416d-b84f-3f81be8d56f0,SHOP_048,BEN_00953,2025-12-22 08:43:42.322714,Rice,8,24.0,28.596532,77.044874,Dwarka,0,21479.0,8,False,False,True,False,False,1,0.4507122304334783
65dfc621-f20c-481b-874a-d52ca6c030e8,SHOP_048,BEN_00755,2025-12-22 14:53:05.322714,Kerosene,1,25.0,28.596532,77.044874,Dwarka,0,22163.0,14,True,False,False,False,False,1,0.2691153109619766
f4715113-7ea4-438e-b6c0-c8b7289b86d4,SHOP_048,BEN_00506,2025-12-23 10:55:36.322714,Rice,5,15.0,28.596532,77.044874,Dwarka,0,72151.0,10,False,False,True,False,False,1,0.4937463456801483
50e66496-dedf-436f-918a-fbedb55e2603,SHOP_048,BEN_00135,2025-12-23 12:20:47.322714,Sugar,1,20.0,28.596532,77.044874,Dwarka,0,5111.0,12,False,False,False,True,False,1,0.12982568641795517
9a35ac9a-e165-403a-979a-60229eba7b68,SHOP_048,BEN_00296,2025-12-23 18:55:19.322714,Rice,6,18.0,28.596532,77.044874,Dwarka,0,23672.0,18,False,False,True,False,False,1,0.34613603365053774
e06fa520-1d7f-4af4-8ee5-f5b6dbb7f4e1,SHOP_048,BEN_00431,2025-12-24 09:06:18.322714,Rice,14,42.0,28.596532,77.044874,Dwarka,0,51059.0,9,False,False,True,False,False,1,0.3840053823703923
26bd9f17-837d-455d-9f6d-a0b8d5b30bf4,SHOP_048,BEN_00002,2025-12-24 12:08:21.322714,Kerosene,1,25.0,28.596532,77.044874,Dwarka,0,10923.0,12,True,False,False,False,False,1,0.2064202344887452
24828c78-6bd5-4a82-b32d-c51c86d5d2f2,SHOP_048,BEN_01218,2025-12-24 14:04:39.322714,Rice,9,27.0,28.596532,77.044874,Dwarka,0,6978.0,14,False,False,True,False,False,1,0.17581042657659307
427f6fb5-482a-425a-a7a0-d21d9ff913ec,SHOP_048,BEN_00855,2025-12-24 15:40:36.322714,Oil,2,100.0,28.596532,77.044874,Dwarka,0,5757.0,15,False,True,False,False,False,1,0.00860772230774054
3b68e18e-053b-42f7-8a67-616d08516bbb,SHOP_048,BEN_00120,2025-12-25 08:43:29.322714,Oil,2,100.0,28.596532,77.044874,Dwarka,0,61373.0,8,False,True,False,False,False,1,0.40058168041530023
1c02954c-af11-41fa-847f-1d019263e132,SHOP_048,BEN_02945,2025-12-25 09:14:55.322714,Kerosene,3,75.0,28.596532,77.044874,Dwarka,0,1886.0,9,True,False,False,False,False,1,0.36652640872708253
8904290b-4356-4f2d-a466-54f3ef9efefd,SHOP_048,BEN_00950,2025-12-25 09:37:27.322714,Kerosene,2,50.0,28.596532,77.044874,Dwarka,0,1352.0,9,True,False,False,False,False,1,0.347018892302966
5f2784eb-d09a-43b6-bc83-0707457a4451,SHOP_048,BEN_02932,2025-12-25 11:45:10.322714,Wheat,17,34.0,28.596532,77.044874,Dwarka,0,7663.0,11,False,False,False,False,True,1,0.24621445039031659
d03a0e93-da17-42a8-a8bf-e031841c6f17,SHOP_048,BEN_01407,2025-12-25 18:51:19.322714,Kerosene,2,50.0,28.596532,77.044874,Dwarka,0,25569.0,18,True,False,False,False,False,1,0.24647453496138444
bdb328be-b56b-4870-b3f6-ad58aad9ed4b,SHOP_048,BEN_02152,2025-12-26 10:12:48.322714,Wheat,16,32.0,28.596532,77.044874,Dwarka,0,55289.0,10,False,False,False,False,True,1,0.43494100225956356
892959fd-fba7-419d-9827-b848d683d295,SHOP_048,BEN_00272,2025-12-26 13:07:17.322714,Rice,5,15.0,28.596532,77.044874,Dwarka,0,10469.0,13,False,False,True,False,False,1,0.23592137000540042
7d5175c8-9cf7-4284-9a8a-917c8562dc2b,SHOP_048,BEN_00975,2025-12-26 14:29:24.322714,Oil,1,50.0,28.596532,77.044874,Dwarka,0,4927.0,14,False,True,False,False,False,1,0.11449457667775781
8cb8ac2d-11fd-4771-aa8a-10f4929552d7,SHOP_048,BEN_02156,2025-12-27 09:05:24.322714,Kerosene,3,75.0,28.596532,77.044874,Dwarka,0,66960.0,9,True,False,False,False,False,1,0.4643319146453585
bb25b2ce-36ed-49ca-96ca-f3169c9583aa,SHOP_048,BEN_00390,2025-12-27 12:57:04.322714,Wheat,15,30.0,28.596532,77.044874,Dwarka,0,13900.0,12,False,False,False,False,True,1,0.14858998692313613
660c10d6-8b1e-404d-97e8-396ad279a4cf,SHOP_048,BEN_02992,2025-12-27 13:28:06.322714,Sugar,2,40.0,28.596532,77.044874,Dwarka,0,1862.0,13,False,False,False,True,False,1,0.1121368429117155
bce7131b-89ab-4d09-abb6-dbe0d7be0077,SHOP_048,BEN_02846,2025-12-27 18:02:52.322714,Kerosene,3,75.0,28.596532,77.044874,Dwarka,0,16486.0,18,True,False,False,False,False,1,0.2322972305169943
476c3967-2a34-412a-90ea-a6926fb2ed71,SHOP_048,BEN_02807,2025-12-27 19:18:26.322714,Oil,1,50.0,28.596532,77.044874,Dwarka,0,4534.0,19,False,True,False,False,False,1,0.2808375121835273
59606feb-cca2-456f-b130-25e5b47898e7,SHOP_048,BEN_02886,2025-12-28 09:13:06.322714,Oil,2,100.0,28.596532,77.044874,Dwarka,0,50080.0,9,False,True,False,False,False,1,0.2781030192024008
a5fea249-90ad-4416-83be-82be74ea9807,SHOP_048,BEN_02740,2025-12-28 11:51:14.322714,Sugar,2,40.0,28.596532,77.044874,Dwarka,0,9488.0,11,False,False,False,True,False,1,0.16182285444070493
99af9ed3-2c4a-47a8-91d4-d5d004829221,SHOP_048,BEN_00566,2025-12-28 14:12:19.322714,Wheat,11,22.0,28.596532,77.044874,Dwarka,0,8465.0,14,False,False,False,False,True,1,0.10120901494131612
a020eaf2-da3a-4716-bc7d-9c2beb6d24f7,SHOP_048,BEN_00209,2025-12-28 16:57:59.322714,Wheat,16,32.0,28.596532,77.044874,Dwarka,0,9940.0,16,False,False,False,False,True,1,0.15882256548939755
43721711-418a-4d46-ba96-5923b8477e17,SHOP_048,BEN_01505,2025-12-28 18:33:39.322714,Wheat,18,36.0,28.596532,77.044874,Dwarka,0,5740.0,18,False,False,False,False,True,1,0.3214310351759326
eef3b88a-2022-4e38-a596-8ea2af298525,SHOP_048,BEN_02776,2025-12-28 18:53:20.322714,Rice,6,18.0,28.596532,77.044874,Dwarka,0,1181.0,18,False,False,True,False,False,1,0.29588736714075625
c1b34ac6-a087-4ab6-9fdc-82cca4c7c1a8,SHOP_048,BEN_00432,2025-12-29 08:00:12.322714,Rice,15,45.0,28.596532,77.044874,Dwarka,0,47212.0,8,False,False,True,False,False,1,0.4911251091290548
3a81c8f8-32da-4c57-ac53-00b1ffefaaac,SHOP_048,BEN_00063,2025-12-29 10:46:42.322714,Rice,17,51.0,28.596532,77.044874,Dwarka,0,9990.0,10,False,False,True,False,False,1,0.31536564205248585
805c984c-c616-4512-ab94-8a5c69c43434,SHOP_048,BEN_01735,2025-12-29 13:49:50.322714,Wheat,18,36.0,28.596532,77.044874,Dwarka,0,10988.0,13,False,False,False,False,True,1,0.2229435546833204
497374df-8c05-433c-ae3b-b0ff0de1d6e3,SHOP_048,BEN_02371,2025-12-29 15:51:51.322714,Wheat,9,18.0,28.596532,77.044874,Dwarka,0,7321.0,15,False,False,False,False,True,1,0.11928106795461174
590d06ea-f98f-4e46-9b47-5cccd1618fdc,SHOP_048,BEN_01817,2025-12-30 09:58:10.322714,Oil,1,50.0,28.596532,77.044874,Dwarka,0,65179.0,9,False,True,False,False,False,1,0.383864229383608
235fce99-b8f8-4901-a350-1c4b971e7959,SHOP_048,BEN_00856,2025-12-30 10:54:39.322714,Sugar,1,20.0,28.596532,77.044874,Dwarka,0,3389.0,10,False,False,False,True,False,1,0.26934515516399576
900313cd-a756-4785-bc3f-4dd49947ff76,SHOP_048,BEN_00775,2025-12-30 11:23:37.322714,Kerosene,1,25.0,28.596532,77.044874,Dwarka,0,1738.0,11,True,False,False,False,False,1,0.2750817280398999
9bf0beed-4ce0-493f-aef6-a79003872d7c,SHOP_048,BEN_01861,2025-12-31 08:01:07.322714,Rice,20,60.0,28.596532,77.044874,Dwarka,0,74250.0,8,False,False,True,False,False,-1,0.6955270157804336
a3ff1bf4-1832-45ac-b229-798af390baa0,SHOP_048,BEN_01759,2025-12-31 08:27:26.322714,Sugar,1,20.0,28.596532,77.044874,Dwarka,0,1579.0,8,False,False,False,True,False,1,0.45009218358937786
d99e7b12-5707-44fc-a83b-541830f4fce4,SHOP_048,BEN_01948,2025-12-31 10:03:34.322714,Kerosene,3,75.0,28.596532,77.044874,Dwarka,0,5768.0,10,True,False,False,False,False,1,0.25216300891837506
cc01214f-ea81-421f-98f0-a68a4f7f61a1,SHOP_048,BEN_01033,2025-12-31 10:42:11.322714,Sugar,1,20.0,28.596532,77.044874,Dwarka,0,2317.0,10,False,False,False,True,False,1,0.28052964911104916
e46662a1-77d9-4d50-a80d-d47c11e8363d,SHOP_048,BEN_02596,2025-12-31 12:15:36.322714,Kerosene,3,75.0,28.596532,77.044874,Dwarka,0,5605.0,12,True,False,False,False,False,1,0.18150944425387566
b6a827c1-e0b7-4f68-82fd-8c623af711a5,SHOP_048,BEN_02843,2025-12-31 14:13:17.322714,Kerosene,2,50.0,28.596532,77.044874,Dwarka,0,7061.0,14,True,False,False,False,False,1,0.10301280436795646
a8788461-7010-4c9c-8601-229455e62ada,SHOP_048,BEN_00226,2025-12-31 18:51:08.322714,Rice,17,51.0,28.596532,77.044874,Dwarka,0,16671.0,18,False,False,True,False,False,1,0.33466575078427807
9182154a-be3e-4fef-9e5d-ef2214ffd0a5,SHOP_048,BEN_02744,2026-01-01 08:42:04.322714,Sugar,3,60.0,28.596532,77.044874,Dwarka,0,49856.0,8,False,False,False,True,False,1,0.3924761568878573
a6e0897f-6e3f-4f22-97a4-14c55b7f1461,SHOP_048,BEN_00574,2026-01-01 13:54:19.322714,Rice,18,54.0,28.596532,77.044874,Dwarka,0,18735.0,13,False,False,True,False,False,1,0.24883848074638482
cb8bc915-9a35-43a4-b6c6-ce37b5d2dfaf,SHOP_048,BEN_02435,2026-01-02 09:28:04.322714,Rice,19,57.0,28.596532,77.044874,Dwarka,0,70425.0,9,False,False,True,False,False,1,0.5505328006339106
c98b8bdd-5956-4be1-ba0a-9f3efe93902e,SHOP_048,BEN_00527,2026-01-02 10:48:45.322714,Wheat,18,36.0,28.596532,77.044874,Dwarka,0,4841.0,10,False,False,False,False,True,1,0.3392972683757973
5980a66f-4524-42f1-82e5-9601d6975167,SHOP_048,BEN_01371,2026-01-02 11:27:29.322714,Oil,1,50.0,28.596532,77.044874,Dwarka,0,2324.0,11,False,True,False,False,False,1,0.19382018219324304
d22d894a-695f-4611-b0c9-75279513aefd,SHOP_048,BEN_01232,2026-01-02 11:41:02.322714,Sugar,1,20.0,28.596532,77.044874,Dwarka,0,813.0,11,False,False,False,True,False,1,0.25203815032261895
9f14d755-8a34-45a4-a1bd-a0e78c423540,SHOP_048,BEN_00706,2026-01-02 12:30:19.322714,Sugar,1,20.0,28.596532,77.044874,Dwarka,0,2957.0,12,False,False,False,True,False,1,0.15995579036126945
2b376e58-8fd3-416b-8d30-49a678b19dde,SHOP_048,BEN_02345,2026-01-02 14:31:30.322714,Kerosene,1,25.0,28.596532,77.044874,Dwarka,0,7271.0,14,True,False,False,False,False,1,0.1391834329650663
c2ac44e8-7d7f-4fa8-8d57-a56ab5a902d6,SHOP_048,BEN_00114,2026-01-03 12:37:14.322714,Wheat,7,14.0,28.596532,77.044874,Dwarka,0,79544.0,12,False,False,False,False,True,1,0.5769185330428472
ab5beda5-8f0d-4b05-a61e-0c7d4a2219f7,SHOP_048,BEN_01060,2026-01-03 13:30:55.322714,Sugar,2,40.0,28.596532,77.044874,Dwarka,0,3221.0,13,False,False,False,True,False,1,0.07928967697171863
8255bbe3-7a47-410d-8366-c2d48e4f56c3,SHOP_048,BEN_02983,2026-01-03 17:46:50.322714,Sugar,3,60.0,28.596532,77.044874,Dwarka,0,15355.0,17,False,False,False,True,False,1,0.19360030012322005
3e49f67e-b722-459e-8ece-0dfbd9c0995d,SHOP_048,BEN_02234,2026-01-04 12:05:19.322714,Wheat,13,26.0,28.596532,77.044874,Dwarka,0,65909.0,12,False,False,False,False,True,1,0.48576910081625246
dad273f4-a61a-4307-ae95-d3e33b36275e,SHOP_048,BEN_02598,2026-01-04 15:46:04.322714,Oil,1,50.0,28.596532,77.044874,Dwarka,0,13245.0,15,False,True,False,False,False,1,0.12675249996535848
d4cfc90a-c6bc-4567-bfb0-d670180904fa,SHOP_048,BEN_02895,2026-01-05 14:58:38.322714,Kerosene,1,25.0,28.596532,77.044874,Dwarka,0,83554.0,14,True,False,False,False,False,-1,0.6110883184079843
856f67ed-dcbc-4eb3-8426-d35aec3b9e52,SHOP_048,BEN_02084,2026-01-05 15:22:29.322714,Kerosene,2,50.0,28.596532,77.044874,Dwarka,0,1431.0,15,True,False,False,False,False,1,0.12248234021351084
4bc78c4c-082b-419c-b270-d8995b979657,SHOP_048,BEN_01723,2026-01-06 10:30:14.322714,Sugar,2,40.0,28.596532,77.044874,Dwarka,0,68865.0,10,False,False,False,True,False,1,0.2957539176307748
38bca183-fe69-419b-aa1f-4d44cc5e0461,SHOP_048,BEN_01668,2026-01-06 13:02:08.322714,Sugar,3,60.0,28.596532,77.044874,Dwarka,0,9114.0,13,False,False,False,True,False,1,0.14611371391611788
4377b9c8-462d-4d41-ba67-6a19ac190a96,SHOP_048,BEN_00228,2026-01-06 17:49:36.322714,Wheat,18,36.0,28.596532,77.044874,Dwarka,0,17248.0,17,False,False,False,False,True,1,0.3239904138137916
929cc148-afca-45c2-97ca-dc853b459107,SHOP_048,BEN_00060,2026-01-07 08:37:44.322714,Oil,1,50.0,28.596532,77.044874,Dwarka,0,53288.0,8,False,True,False,False,False,1,0.3940437578560114
a5ab5762-8e41-44eb-97d5-2bdbd4e4d701,SHOP_048,BEN_02492,2026-01-07 13:18:09.322714,Rice,17,51.0,28.596532,77.044874,Dwarka,0,16825.0,13,False,False,True,False,False,1,0.22959210491869758
d417a9f6-c3d0-464f-ae56-3eb79c677803,SHOP_048,BEN_00373,2026-01-07 13:35:54.322714,Kerosene,1,25.0,28.596532,77.044874,Dwarka,0,1065.0,13,True,False,False,False,False,1,0.21517790923201635
0411cd6d-925f-4d3e-8ec3-2fee004c99f2,SHOP_048,BEN_02090,2026-01-07 15:53:56.322714,Rice,16,48.0,28.596532,77.044874,Dwarka,0,8282.0,15,False,False,True,False,False,1,0.1736044088965205
0c4c9474-8f14-4b6e-8b76-2302ee6672a1,SHOP_048,BEN_01394,2026-01-07 19:26:31.322714,Rice,6,18.0,28.596532,77.044874,Dwarka,0,12755.0,19,False,False,True,False,False,1,0.3420740883057664
b3954199-e76b-4fd8-8f7b-1377a0f71a6b,SHOP_048,BEN_02337,2026-01-08 08:02:37.322714,Kerosene,1,25.0,28.596532,77.044874,Dwarka,0,45366.0,8,True,False,False,False,False,1,0.4842748624311401
31c6c5dd-04eb-403f-bb0f-18f1838452ea,SHOP_048,BEN_01969,2026-01-08 12:29:25.322714,Kerosene,1,25.0,28.596532,77.044874,Dwarka,0,16008.0,12,True,False,False,False,False,1,0.2601662948331669
b531fc8b-ab81-4931-ac37-75523c02e924,SHOP_048,BEN_01253,2026-01-08 16:06:46.322714,Wheat,20,40.0,28.596532,77.044874,Dwarka,0,13041.0,16,False,False,False,False,True,1,0.3448434315428121
4401e896-0f3e-4026-ac41-a9b5fe92ca2e,SHOP_048,BEN_00270,2026-01-09 11:00:03.322714,Wheat,6,12.0,28.596532,77.044874,Dwarka,0,67997.0,11,False,False,False,False,True,1,0.5081242919233471
99ef4a28-fc46-4c3f-b794-6a4746132d48,SHOP_048,BEN_00073,2026-01-09 14:00:10.322714,Sugar,2,40.0,28.596532,77.044874,Dwarka,0,10807.0,14,False,False,False,True,False,1,0.07990148798870367
4ab6a0f9-4789-4ba0-aab7-85b3f9d0ff1e,SHOP_048,BEN_02145,2026-01-09 16:43:56.322714,Rice,19,57.0,28.596532,77.044874,Dwarka,0,9826.0,16,False,False,True,False,False,1,0.2841683060102098
d668ff66-bc45-4179-bea5-2eddb15568a5,SHOP_048,BEN_00424,2026-01-09 18:59:07.322714,Sugar,2,40.0,28.596532,77.044874,Dwarka,0,8111.0,18,False,False,False,True,False,1,0.17636487571120069
cb10031e-2009-4877-8622-0a66247744c4,SHOP_048,BEN_01193,2026-01-10 08:48:23.322714,Kerosene,1,25.0,28.596532,77.044874,Dwarka,0,49756.0,8,True,False,False,False,False,1,0.47779227772711397
df43b0c3-9d63-4f4f-a004-644fa852b44f,SHOP_048,BEN_01606,2026-01-10 09:38:17.322714,Sugar,1,20.0,28.596532,77.044874,Dwarka,0,2994.0,9,False,False,False,True,False,1,0.3606669217669993
d6ba4873-707b-44b0-94ae-8b4e7e83ed26,SHOP_048,BEN_00710,2026-01-10 12:18:00.322714,Kerosene,3,75.0,28.596532,77.044874,Dwarka,0,9583.0,12,True,False,False,False,False,1,0.20635606458801964
3d790aa1-e2f2-4ca8-a59b-ddf7bdefd7af,SHOP_048,BEN_02429,2026-01-10 19:53:54.322714,Sugar,1,20.0,28.596532,77.044874,Dwarka,0,27354.0,19,False,False,False,True,False,1,0.48572525721037685
7484284f-f716-42f6-a91f-302c0d532f4c,SHOP_048,BEN_00727,2026-01-11 10:38:08.322714,Oil,1,50.0,28.596532,77.044874,Dwarka,0,53054.0,10,False,True,False,False,False,1,0.3198714414277414
a8648dae-8158-4199-bf45-2c7469cb247a,SHOP_048,BEN_02250,2026-01-11 13:37:50.322714,Wheat,8,16.0,28.596532,77.044874,Dwarka,0,10782.0,13,False,False,False,False,True,1,0.17984559335568356
f09943db-1d6c-40a0-a977-5caaa486582a,SHOP_048,BEN_00985,2026-01-11 14:25:35.322714,Rice,6,18.0,28.596532,77.044874,Dwarka,0,2865.0,14,False,False,True,False,False,1,0.17750996053338336
50b308e0-c0dd-4fa8-a795-28fbc5b42ded,SHOP_048,BEN_02719,2026-01-12 08:54:47.322714,Sugar,2,40.0,28.596532,77.044874,Dwarka,0,66552.0,8,False,False,False,True,False,1,0.3934085983548853
aec6e6cc-9949-4fbe-be27-b6008f582258,SHOP_048,BEN_02839,2026-01-12 08:57:59.322714,Kerosene,3,75.0,28.596532,77.044874,Dwarka,0,192.0,8,True,False,False,False,False,1,0.4595799808275261
3d73c8f5-895e-4d81-aa73-6a94fcfde4d6,SHOP_048,BEN_02477,2026-01-13 10:17:02.322714,Sugar,2,40.0,28.596532,77.044874,Dwarka,0,91143.0,10,False,False,False,True,False,1,0.4426335697206761
b9598dc9-fe27-46f2-b447-94c5c03099e4,SHOP_048,BEN_01624,2026-01-13 11:42:54.322714,Rice,13,39.0,28.596532,77.044874,Dwarka,0,5152.0,11,False,False,True,False,False,1,0.20416516138120805
c42ebe37-09f9-427d-95c1-d803c2a0ac5e,SHOP_048,BEN_01110,2026-01-13 11:47:56.322714,Kerosene,1,25.0,28.596532,77.044874,Dwarka,0,302.0,11,True,False,False,False,False,1,0.3135083530906851
0d06a5ba-2dc8-4722-b8bd-279f89aa16b0,SHOP_048,BEN_01593,2026-01-13 12:59:21.322714,Rice,13,39.0,28.596532,77.044874,Dwarka,0,4285.0,12,False,False,True,False,False,1,0.16328973368497224
fc214203-6db2-40c2-9819-15f7918a4a08,SHOP_048,BEN_02562,2026-01-13 18:11:07.322714,Wheat,6,12.0,28.596532,77.044874,Dwarka,0,18706.0,18,False,False,False,False,True,1,0.37427346317684057
44132191-fd9a-48c7-b67a-d7060c8be6ec,SHOP_048,BEN_02283,2026-01-13 18:59:59.322714,Rice,7,21.0,28.596532,77.044874,Dwarka,0,2932.0,18,False,False,True,False,False,1,0.286289872261602
90a9b92a-d54b-4645-b3f9-19682c34852d,SHOP_048,BEN_02495,2026-01-14 16:52:25.322714,Kerosene,3,75.0,28.596532,77.044874,Dwarka,0,78746.0,16,True,False,False,False,False,1,0.5454548334071775
1c67cf7c-726d-495c-8e12-979bb5f04eda,SHOP_048,BEN_01062,2026-01-15 09:28:17.322714,Wheat,7,14.0,28.596532,77.044874,Dwarka,0,59752.0,9,False,False,False,False,True,1,0.48372498355731053
9d6ae0fe-2750-4a83-9d04-3a8a066a0c2e,SHOP_048,BEN_00717,2026-01-15 12:41:45.322714,Wheat,8,16.0,28.596532,77.044874,Dwarka,0,11608.0,12,False,False,False,False,True,1,0.20820487308930397
8449d013-2698-4299-9f0d-8044e99a8632,SHOP_048,BEN_01543,2026-01-15 12:56:46.322714,Rice,20,60.0,28.596532,77.044874,Dwarka,0,901.0,12,False,False,True,False,False,1,0.4153563980287321
1251f293-1289-412e-bbec-939a10e8a411,SHOP_049,BEN_00089,2025-12-16 19:41:42.322714,Wheat,7,14.0,28.514677,77.242533,South Delhi,0,9999.0,19,False,False,False,False,True,1,0.34554162575642366
673b148d-bed4-4d3e-a2ad-2d313a38d77e,SHOP_049,BEN_00561,2025-12-16 19:46:04.322714,Kerosene,2,50.0,28.514677,77.242533,South Delhi,0,262.0,19,True,False,False,False,False,1,0.2929380215374306
34ff7fe6-1146-47d8-ada7-777fbcc0c654,SHOP_049,BEN_00154,2025-12-17 09:12:01.322714,Rice,7,21.0,28.514677,77.242533,South Delhi,0,48357.0,9,False,False,True,False,False,1,0.35541903765412786
3d96fb6a-879c-43e2-921b-a71b9cac0bab,SHOP_049,BEN_00083,2025-12-17 13:25:12.322714,Rice,11,33.0,28.514677,77.242533,South Delhi,0,15191.0,13,False,False,True,False,False,1,0.1593024133500382
9656c3bb-441c-438f-a33a-43b569fd9c2f,SHOP_049,BEN_01156,2025-12-17 17:12:09.322714,Oil,1,50.0,28.514677,77.242533,South Delhi,0,13617.0,17,False,True,False,False,False,1,0.20795765873535466
51ca1c39-64be-46b3-af48-f604cc8b47d4,SHOP_049,BEN_00883,2025-12-17 18:11:48.322714,Sugar,3,60.0,28.514677,77.242533,South Delhi,0,3579.0,18,False,False,False,True,False,1,0.24615029090720775
27d8437a-7fef-44cc-80b4-b2d7970c9f82,SHOP_049,BEN_02973,2025-12-18 08:25:27.322714,Rice,8,24.0,28.514677,77.242533,South Delhi,0,51219.0,8,False,False,True,False,False,1,0.40956743767386183
c2227236-b6d4-4a1b-bd10-501ea5a649d2,SHOP_049,BEN_00336,2025-12-18 13:47:01.322714,Sugar,1,20.0,28.514677,77.242533,South Delhi,0,19294.0,13,False,False,False,True,False,1,0.20306845683460362
87a6c9c6-6325-4c1a-9c73-a72eb055bdb9,SHOP_049,BEN_00255,2025-12-18 15:13:21.322714,Oil,2,100.0,28.514677,77.242533,South Delhi,0,5180.0,15,False,True,False,False,False,1,0.00860772230774054
cd42c3bf-c8cf-49d8-a0c3-1a9d4d7d1ed6,SHOP_049,BEN_01265,2025-12-18 15:48:18.322714,Sugar,3,60.0,28.514677,77.242533,South Delhi,0,2097.0,15,False,False,False,True,False,1,0.1377483364055237
8fcc23fa-906e-4f82-a183-0e619ef2ceb7,SHOP_049,BEN_00303,2025-12-18 17:04:54.322714,Wheat,18,36.0,28.514677,77.242533,South Delhi,0,4596.0,17,False,False,False,False,True,1,0.27105077144933626
2976f61f-a4d5-4ceb-afa6-783d354ca8c8,SHOP_049,BEN_02287,2025-12-18 17:18:20.322714,Oil,2,100.0,28.514677,77.242533,South Delhi,0,806.0,17,False,True,False,False,False,1,0.16687732460134758
f6e847d6-9237-404b-b8bb-f0f36f17c637,SHOP_049,BEN_01788,2025-12-19 11:08:33.322714,Kerosene,2,50.0,28.514677,77.242533,South Delhi,0,64213.0,11,True,False,False,False,False,1,0.37481381371587263
6ddf6e14-6e9e-4f8f-bafc-ebc358cdac77,SHOP_049,BEN_01592,2025-12-19 13:11:06.322714,Rice,11,33.0,28.514677,77.242533,South Delhi,0,7353.0,13,False,False,True,False,False,1,0.1377162917284424
8076d251-bf30-4a29-9975-63de0bf1d52e,SHOP_049,BEN_00171,2025-12-21 14:45:13.322714,Kerosene,3,75.0,28.514677,77.242533,South Delhi,0,178447.0,14,True,False,False,False,False,-1,0.9066835495482075
d55a36c6-8491-4afb-9e74-82f39d933fad,SHOP_049,BEN_02076,2025-12-23 11:03:45.322714,Sugar,1,20.0,28.514677,77.242533,South Delhi,0,159512.0,11,False,False,False,True,False,-1,0.8281423456763457
def8004e-a4b7-44a4-9511-6267a2a244e8,SHOP_049,BEN_01675,2025-12-23 14:00:27.322714,Sugar,2,40.0,28.514677,77.242533,South Delhi,0,10602.0,14,False,False,False,True,False,1,0.07031230859142557
325605d2-678e-489f-8ead-3d279783581c,SHOP_049,BEN_00455,2025-12-23 18:24:52.322714,Wheat,12,24.0,28.514677,77.242533,South Delhi,0,15865.0,18,False,False,False,False,True,1,0.26652635150119847
272c39c3-066f-458e-8ae0-ab0a9dd696df,SHOP_049,BEN_02066,2025-12-24 13:44:23.322714,Sugar,1,20.0,28.514677,77.242533,South Delhi,0,69571.0,13,False,False,False,True,False,1,0.39625984364633404
8794be99-0bea-47a4-8286-632766e260e5,SHOP_049,BEN_01182,2025-12-24 15:31:12.322714,Kerosene,3,75.0,28.514677,77.242533,South Delhi,0,6409.0,15,True,False,False,False,False,1,0.12300797584237222
69a1e8f5-9b35-4d97-a98c-658fb38ebf74,SHOP_049,BEN_00053,2025-12-25 15:10:36.322714,Kerosene,1,25.0,28.514677,77.242533,South Delhi,0,85164.0,15,True,False,False,False,False,-1,0.6326393173832916
db8f7d93-b9a6-48d0-a93d-fee772aa7a80,SHOP_049,BEN_01432,2025-12-25 17:36:02.322714,Wheat,12,24.0,28.514677,77.242533,South Delhi,0,8726.0,17,False,False,False,False,True,1,0.18177130351564996
a81ad89f-12f1-4129-a5cd-6aaadb9c97f2,SHOP_049,BEN_01213,2025-12-25 18:20:02.322714,Oil,2,100.0,28.514677,77.242533,South Delhi,0,2640.0,18,False,True,False,False,False,1,0.17465971434281902
c4d67538-a49f-4e4a-bfdc-1066635d7f15,SHOP_049,BEN_01573,2025-12-26 08:13:01.322714,Wheat,8,16.0,28.514677,77.242533,South Delhi,0,49979.0,8,False,False,False,False,True,1,0.5791776032899676
9b98962d-6190-44c2-9e8f-7b832c0aed4f,SHOP_049,BEN_01167,2025-12-26 11:06:04.322714,Kerosene,1,25.0,28.514677,77.242533,South Delhi,0,10383.0,11,True,False,False,False,False,1,0.2554715682850209
1fa9501d-cbd8-4519-9c5f-59156f40b2bb,SHOP_049,BEN_01305,2025-12-26 16:31:41.322714,Rice,13,39.0,28.514677,77.242533,South Delhi,0,19537.0,16,False,False,True,False,False,1,0.23549329875236474
feb7d57a-a580-4405-a553-b2c4f0eb1584,SHOP_049,BEN_01097,2025-12-28 09:13:31.322714,Sugar,1,20.0,28.514677,77.242533,South Delhi,0,146510.0,9,False,False,False,True,False,-1,0.7959789644312971
e24dd8ff-5ec0-4115-96f2-0d5aa9edfac8,SHOP_049,BEN_02099,2025-12-28 09:32:23.322714,Wheat,14,28.0,28.514677,77.242533,South Delhi,0,1132.0,9,False,False,False,False,True,1,0.4315805453416396
12461666-7f7d-40c1-84e3-a2d390a5a765,SHOP_049,BEN_00464,2025-12-28 13:04:09.322714,Sugar,1,20.0,28.514677,77.242533,South Delhi,0,12706.0,13,False,False,False,True,False,1,0.14998418448580275
e5243ded-7acc-42a3-b574-794a25f2b373,SHOP_049,BEN_00244,2025-12-28 13:33:24.322714,Sugar,2,40.0,28.514677,77.242533,South Delhi,0,1755.0,13,False,False,False,True,False,1,0.1121368429117155
ab965913-4b18-4ab5-89be-95adba9c52eb,SHOP_049,BEN_00015,2025-12-28 16:13:25.322714,Oil,1,50.0,28.514677,77.242533,South Delhi,0,9601.0,16,False,True,False,False,False,1,0.09483123091163065
944ec3d6-6f43-4398-8af4-fcd88493bdc8,SHOP_049,BEN_02727,2025-12-28 17:55:59.322714,Oil,2,100.0,28.514677,77.242533,South Delhi,0,6154.0,17,False,True,False,False,False,1,0.08334617895164936
c23a7584-24ea-4452-b4ca-8b79ce40553e,SHOP_049,BEN_02506,2025-12-29 16:56:39.322714,Wheat,11,22.0,28.514677,77.242533,South Delhi,0,82840.0,16,False,False,False,False,True,-1,0.6212373556336678
b50b0192-c3d0-424a-a72d-b9d4752aed46,SHOP_049,BEN_00023,2025-12-29 19:11:29.322714,Rice,14,42.0,28.514677,77.242533,South Delhi,0,8090.0,19,False,False,True,False,False,1,0.3418345699455845
d7db2ce0-12be-40b5-b570-dd60a9d2b7e1,SHOP_049,BEN_02147,2025-12-30 08:58:49.322714,Sugar,3,60.0,28.514677,77.242533,South Delhi,0,49640.0,8,False,False,False,True,False,1,0.3924761568878573
03dd8f9f-f442-420f-9290-69682afe71f6,SHOP_049,BEN_01128,2025-12-30 09:00:04.322714,Oil,2,100.0,28.514677,77.242533,South Delhi,0,75.0,9,False,True,False,False,False,1,0.3121697585454403
75f7156b-0e41-41eb-b0cb-1662be29a4e4,SHOP_049,BEN_01544,2025-12-30 09:59:40.322714,Wheat,18,36.0,28.514677,77.242533,South Delhi,0,3576.0,9,False,False,False,False,True,1,0.44647510736528506
f52e86e7-5efb-432d-be3a-e887a73a496f,SHOP_049,BEN_00589,2025-12-30 16:45:00.322714,Oil,2,100.0,28.514677,77.242533,South Delhi,0,24320.0,16,False,True,False,False,False,1,0.17596041594755385
a4e715d3-cfe5-4ba7-9dca-8308d811db04,SHOP_049,BEN_02733,2025-12-30 18:58:50.322714,Oil,1,50.0,28.514677,77.242533,South Delhi,0,8030.0,18,False,True,False,False,False,1,0.20746254892317967
641a43a3-bb4a-44eb-a4dc-c9df650b0d66,SHOP_049,BEN_02865,2025-12-31 16:50:19.322714,Oil,2,100.0,28.514677,77.242533,South Delhi,0,78689.0,16,False,True,False,False,False,1,0.4987190749497979
e93ecdbd-729f-4f61-b473-560ebd62251a,SHOP_049,BEN_00793,2026-01-01 10:27:40.322714,Kerosene,2,50.0,28.514677,77.242533,South Delhi,0,63441.0,10,True,False,False,False,False,1,0.35640368252871996
4f75f409-5aef-4c32-8d1a-cdc3675d1c36,SHOP_049,BEN_01348,2026-01-01 11:54:23.322714,Oil,1,50.0,28.514677,77.242533,South Delhi,0,5203.0,11,False,True,False,False,False,1,0.17305275740437626
f8c40c59-0b3b-480e-88b7-c265362b0f9d,SHOP_049,BEN_02295,2026-01-01 14:16:13.322714,Oil,1,50.0,28.514677,77.242533,South Delhi,0,8510.0,14,False,True,False,False,False,1,0.10085151393122882
f7341ca7-bc1e-4d5d-8b83-08bd8fa5f0b1,SHOP_049,BEN_02404,2026-01-01 18:32:01.322714,Rice,17,51.0,28.514677,77.242533,South Delhi,0,15348.0,18,False,False,True,False,False,1,0.3205955228469738
1661dc7a-fab6-46f6-9e18-94c956b44a71,SHOP_049,BEN_00261,2026-01-01 18:42:48.322714,Sugar,1,20.0,28.514677,77.242533,South Delhi,0,647.0,18,False,False,False,True,False,1,0.3007554632393864
c52f1c13-7cd3-4702-a6b8-e3105a7e902f,SHOP_049,BEN_00216,2026-01-02 10:09:54.322714,Wheat,13,26.0,28.514677,77.242533,South Delhi,0,55626.0,10,False,False,False,False,True,1,0.40467016300726566
5e919f6c-9375-4ab8-bb2d-d5e609a63b69,SHOP_049,BEN_00081,2026-01-02 16:34:49.322714,Wheat,13,26.0,28.514677,77.242533,South Delhi,0,23095.0,16,False,False,False,False,True,1,0.2850395706780536
008cbfd2-7b8e-4acb-8f1b-54e33219a3cf,SHOP_049,BEN_00046,2026-01-02 17:26:28.322714,Sugar,2,40.0,28.514677,77.242533,South Delhi,0,3099.0,17,False,False,False,True,False,1,0.13421613173049174
35f5ae7a-66d8-4473-b57e-8881f4f4ff71,SHOP_049,BEN_00702,2026-01-03 09:52:41.322714,Kerosene,2,50.0,28.514677,77.242533,South Delhi,0,59173.0,9,True,False,False,False,False,1,0.37989194734305265
53d891af-4d57-48cf-98c3-561f0f12a1f0,SHOP_049,BEN_01217,2026-01-03 14:11:13.322714,Sugar,2,40.0,28.514677,77.242533,South Delhi,0,15512.0,14,False,False,False,True,False,1,0.09514112017121651
cf4cac51-2900-4691-b6de-8df3210ac541,SHOP_049,BEN_01875,2026-01-03 14:33:07.322714,Sugar,3,60.0,28.514677,77.242533,South Delhi,0,1314.0,14,False,False,False,True,False,1,0.15334186952272283
0c28475e-fbde-4b8f-8804-d081fc9c1d1f,SHOP_049,BEN_02970,2026-01-04 09:37:48.322714,Oil,2,100.0,28.514677,77.242533,South Delhi,0,68681.0,9,False,True,False,False,False,1,0.40121154037916806
1eb46fa7-3598-4270-a5df-bc4d37123898,SHOP_049,BEN_00695,2026-01-04 12:35:25.322714,Wheat,18,36.0,28.514677,77.242533,South Delhi,0,10657.0,12,False,False,False,False,True,1,0.2440892206693276
308037d4-00cb-4248-8936-82868455d313,SHOP_049,BEN_00314,2026-01-04 13:47:35.322714,Sugar,1,20.0,28.514677,77.242533,South Delhi,0,4330.0,13,False,False,False,True,False,1,0.12502227270344818
8a07641a-c6ec-4c0f-b230-9dd7787ddb92,SHOP_049,BEN_02722,2026-01-04 18:48:13.322714,Sugar,1,20.0,28.514677,77.242533,South Delhi,0,18038.0,18,False,False,False,True,False,1,0.28961915708152514
bdae122c-533f-4f52-a743-4e0cec0a5fd4,SHOP_049,BEN_00441,2026-01-04 19:46:33.322714,Wheat,15,30.0,28.514677,77.242533,South Delhi,0,3500.0,19,False,False,False,False,True,1,0.31550635340143074
b9246a8f-634a-4e69-b14f-8afd43227b32,SHOP_049,BEN_00642,2026-01-05 10:26:50.322714,Sugar,1,20.0,28.514677,77.242533,South Delhi,0,52817.0,10,False,False,False,True,False,1,0.29348093276543225
363da3f5-62fa-492c-b5a7-128f6fccaa65,SHOP_049,BEN_01448,2026-01-05 11:16:18.322714,Oil,2,100.0,28.514677,77.242533,South Delhi,0,2968.0,11,False,True,False,False,False,1,0.152813042674047
77d1a19c-eb6e-422a-8dd8-07d8371aabb4,SHOP_049,BEN_00310,2026-01-05 14:32:54.322714,Wheat,13,26.0,28.514677,77.242533,South Delhi,0,11796.0,14,False,False,False,False,True,1,0.12560157583270132
535a0767-e815-4a15-a4e0-9d879184a2a3,SHOP_049,BEN_00758,2026-01-05 19:11:46.322714,Oil,1,50.0,28.514677,77.242533,South Delhi,0,16732.0,19,False,True,False,False,False,1,0.32898691982574174
af68e062-8d0c-4579-ba29-80d91373ca06,SHOP_049,BEN_00920,2026-01-06 08:52:40.322714,Sugar,1,20.0,28.514677,77.242533,South Delhi,0,49254.0,8,False,False,False,True,False,1,0.3955463120673025
195b0f63-f953-443d-9182-8c6877acf8ea,SHOP_049,BEN_00445,2026-01-06 09:42:36.322714,Rice,5,15.0,28.514677,77.242533,South Delhi,0,2996.0,9,False,False,True,False,False,1,0.3616209757533534
85f7c2de-f4a1-4674-85d2-35f35ae2ec86,SHOP_049,BEN_02608,2026-01-06 14:05:03.322714,Rice,12,36.0,28.514677,77.242533,South Delhi,0,15747.0,14,False,False,True,False,False,1,0.1699464808158322
6e62bcd2-373a-427e-879a-2dc577b18986,SHOP_049,BEN_02115,2026-01-06 14:44:15.322714,Wheat,12,24.0,28.514677,77.242533,South Delhi,0,2352.0,14,False,False,False,False,True,1,0.14607842858155212
ff0cb00e-82b9-461c-8a29-3cf5c34aec22,SHOP_049,BEN_00277,2026-01-06 14:46:28.322714,Oil,2,100.0,28.514677,77.242533,South Delhi,0,133.0,14,False,True,False,False,False,1,0.1307180324372746
b5e8ed10-3822-4197-a6d5-763fa6af3107,SHOP_049,BEN_02683,2026-01-07 09:02:45.322714,Oil,2,100.0,28.514677,77.242533,South Delhi,0,65777.0,9,False,True,False,False,False,1,0.36745154216207004
16cc0400-2e2e-45e8-86b6-3409b659e3f7,SHOP_049,BEN_00464,2026-01-07 13:16:05.322714,Rice,13,39.0,28.514677,77.242533,South Delhi,0,15200.0,13,False,False,True,False,False,1,0.188794815692451
99f23d07-fdd6-4aa8-9893-125db1aecad3,SHOP_049,BEN_01852,2026-01-07 13:27:27.322714,Rice,6,18.0,28.514677,77.242533,South Delhi,0,682.0,13,False,False,True,False,False,1,0.20936096161116663
b4b69794-cfe9-41b8-a8fd-0c4ae6f99366,SHOP_049,BEN_00449,2026-01-08 10:07:14.322714,Wheat,10,20.0,28.514677,77.242533,South Delhi,0,74387.0,10,False,False,False,False,True,1,0.48125119210781037
66c832ed-73ec-46f5-b818-7f16c0f72506,SHOP_049,BEN_00812,2026-01-08 10:30:37.322714,Rice,13,39.0,28.514677,77.242533,South Delhi,0,1403.0,10,False,False,True,False,False,1,0.2494651093208154
78fdc86f-d55d-40b7-bd35-ae83327e6faa,SHOP_049,BEN_00062,2026-01-08 12:28:05.322714,Wheat,8,16.0,28.514677,77.242533,South Delhi,0,7048.0,12,False,False,False,False,True,1,0.19576771287472627
bbb75170-e5d3-4de9-917c-c4d5d5ac7106,SHOP_049,BEN_02437,2026-01-08 13:07:15.322714,Kerosene,1,25.0,28.514677,77.242533,South Delhi,0,2350.0,13,True,False,False,False,False,1,0.18155170271645704
325d2dc9-566c-44c4-89f9-8aaaa563a4f3,SHOP_049,BEN_02797,2026-01-08 16:24:20.322714,Rice,16,48.0,28.514677,77.242533,South Delhi,0,11825.0,16,False,False,True,False,False,1,0.18288303063998007
8723a08e-ad1b-46f9-a027-662f4d7c268b,SHOP_049,BEN_00757,2026-01-08 19:20:20.322714,Oil,2,100.0,28.514677,77.242533,South Delhi,0,10560.0,19,False,True,False,False,False,1,0.2642715971573479
ee478a74-d812-445e-8875-06ffe7211d87,SHOP_049,BEN_02520,2026-01-09 16:18:30.322714,Rice,11,33.0,28.514677,77.242533,South Delhi,0,75490.0,16,False,False,True,False,False,1,0.5319012337058906
f08bee99-7f6a-4f96-87e5-66f9dfc66de8,SHOP_049,BEN_00891,2026-01-09 18:11:26.322714,Wheat,7,14.0,28.514677,77.242533,South Delhi,0,6776.0,18,False,False,False,False,True,1,0.25627777948719993
7220f83b-e36c-441f-a06c-dcecfa36881d,SHOP_049,BEN_01605,2026-01-10 14:12:01.322714,Rice,7,21.0,28.514677,77.242533,South Delhi,0,72035.0,14,False,False,True,False,False,1,0.48701343884922055
d20939de-2f68-4e63-802e-19d0f91c2af0,SHOP_049,BEN_02199,2026-01-10 17:44:42.322714,Oil,2,100.0,28.514677,77.242533,South Delhi,0,12761.0,17,False,True,False,False,False,1,0.12428305192865718
4e698ec4-2528-4581-9c43-947512f6034d,SHOP_049,BEN_02105,2026-01-10 18:25:00.322714,Kerosene,3,75.0,28.514677,77.242533,South Delhi,0,2418.0,18,True,False,False,False,False,1,0.21862133294852248
f85f724b-2326-4a14-bb55-d3831e2b8b11,SHOP_049,BEN_00131,2026-01-10 19:51:00.322714,Rice,17,51.0,28.514677,77.242533,South Delhi,0,5160.0,19,False,False,True,False,False,1,0.38663318759409815
e81a3502-137e-4710-b590-85d3678dd1e9,SHOP_049,BEN_02660,2026-01-11 15:41:16.322714,Kerosene,1,25.0,28.514677,77.242533,South Delhi,0,71416.0,15,True,False,False,False,False,1,0.5485813431972313
8913262b-3150-4a17-89da-8c0699837343,SHOP_049,BEN_02020,2026-01-11 17:16:52.322714,Kerosene,2,50.0,28.514677,77.242533,South Delhi,0,5736.0,17,True,False,False,False,False,1,0.13897345341191242
3fbf5e09-3a8f-43a2-af72-e95a55fafed4,SHOP_049,BEN_01351,2026-01-12 16:36:35.322714,Kerosene,2,50.0,28.514677,77.242533,South Delhi,0,83983.0,16,True,False,False,False,False,1,0.5521426778156927
d670c7b7-8fa2-4cf2-b7ce-a67f33860138,SHOP_049,BEN_00218,2026-01-12 18:28:38.322714,Rice,20,60.0,28.514677,77.242533,South Delhi,0,6723.0,18,False,False,True,False,False,1,0.43997480060142724
1133207b-3cd7-4dc4-b1e8-830aa03d1175,SHOP_049,BEN_00623,2026-01-13 09:40:20.322714,Sugar,2,40.0,28.514677,77.242533,South Delhi,0,54702.0,9,False,False,False,True,False,1,0.2833237372482233
62ccf668-606b-4e5f-b8c5-c7537426a9be,SHOP_049,BEN_01050,2026-01-13 13:40:28.322714,Oil,2,100.0,28.514677,77.242533,South Delhi,0,14408.0,13,False,True,False,False,False,1,0.12521602947277527
f9a496bf-5c4c-4aca-bdb1-dfebbc3bd24d,SHOP_049,BEN_02274,2026-01-13 17:10:48.322714,Oil,1,50.0,28.514677,77.242533,South Delhi,0,12620.0,17,False,True,False,False,False,1,0.19553490984939736
3979f786-8daf-44b4-96c2-0d9b723dcc99,SHOP_049,BEN_02510,2026-01-14 15:47:44.322714,Wheat,16,32.0,28.514677,77.242533,South Delhi,0,81416.0,15,False,False,False,False,True,-1,0.5955782516660191
4d2735d8-1de9-4ffc-a1d9-86f47a92d74a,SHOP_049,BEN_00803,2026-01-15 09:14:14.322714,Kerosene,1,25.0,28.514677,77.242533,South Delhi,0,62790.0,9,True,False,False,False,False,1,0.4533597124807388
c5e73c8e-9c91-4888-b805-3881277d5299,SHOP_049,BEN_00579,2026-01-15 11:00:14.322714,Sugar,1,20.0,28.514677,77.242533,South Delhi,0,6360.0,11,False,False,False,True,False,1,0.19425574133532042
ea3d3dbd-ba01-4d2a-a22b-04b84b9962f1,SHOP_049,BEN_01790,2026-01-15 13:09:49.322714,Rice,9,27.0,28.514677,77.242533,South Delhi,0,7775.0,13,False,False,True,False,False,1,0.1815728112108263
ae49a301-9bc0-4058-ade2-9a60430a6a38,SHOP_050,BEN_00679,2025-12-18 08:42:41.322714,Wheat,18,36.0,28.560938,77.180795,South Delhi,0,9999.0,8,False,False,False,False,True,1,0.5122148935050488
069b785f-aacd-4f44-b148-2d3324d3c846,SHOP_050,BEN_02071,2025-12-19 10:18:44.322714,Oil,2,100.0,28.560938,77.180795,South Delhi,0,92163.0,10,False,True,False,False,False,1,0.5288648408896521
b9927d4e-0f0c-4b09-a729-4d60284e0017,SHOP_050,BEN_01914,2025-12-19 10:36:29.322714,Rice,11,33.0,28.560938,77.180795,South Delhi,0,1065.0,10,False,False,True,False,False,1,0.2331308975268978
0e9673f9-fd5a-4fa6-a8f4-eaeb7d340557,SHOP_050,BEN_02258,2025-12-19 15:28:34.322714,Rice,18,54.0,28.560938,77.180795,South Delhi,0,17525.0,15,False,False,True,False,False,1,0.26838715507739724
a6cdd9bc-2068-4a51-8cf3-5b77707708bb,SHOP_050,BEN_00261,2025-12-20 11:54:55.322714,Kerosene,2,50.0,28.560938,77.180795,South Delhi,0,73581.0,11,True,False,False,False,False,1,0.444050600921325
8da9391a-d6d3-43a3-ba67-db698011d2b2,SHOP_050,BEN_02453,2025-12-20 12:24:21.322714,Wheat,6,12.0,28.560938,77.180795,South Delhi,0,1766.0,12,False,False,False,False,True,1,0.2729609866743116
fe3a3666-77f9-46ff-b59e-ee261c585db6,SHOP_050,BEN_02581,2025-12-20 14:22:38.322714,Rice,15,45.0,28.560938,77.180795,South Delhi,0,7097.0,14,False,False,True,False,False,1,0.14609756471953939
129a96fd-1867-4bac-b4e6-75163fc69360,SHOP_050,BEN_02068,2025-12-20 14:56:26.322714,Sugar,2,40.0,28.560938,77.180795,South Delhi,0,2028.0,14,False,False,False,True,False,1,0.0734469733999018
c8f1e4a8-08fa-417f-9321-42375923d76b,SHOP_050,BEN_00858,2025-12-21 11:20:44.322714,Kerosene,1,25.0,28.560938,77.180795,South Delhi,0,73458.0,11,True,False,False,False,False,1,0.5434488208343757
54a9f5a1-8d20-4878-a5e8-57ca587a4079,SHOP_050,BEN_01294,2025-12-21 11:42:06.322714,Sugar,1,20.0,28.560938,77.180795,South Delhi,0,1282.0,11,False,False,False,True,False,1,0.2388993135219376
bd88e38e-0c2b-494f-996f-309e75ea8eb8,SHOP_050,BEN_02196,2025-12-21 12:44:58.322714,Wheat,18,36.0,28.560938,77.180795,South Delhi,0,3772.0,12,False,False,False,False,True,1,0.22299259825646994
b6575021-4252-4658-bc58-26980ad5f887,SHOP_050,BEN_02572,2025-12-21 14:37:13.322714,Rice,14,42.0,28.560938,77.180795,South Delhi,0,6735.0,14,False,False,True,False,False,1,0.15297584344604664
9febdbb9-cc16-42c9-b37d-444eb0204d99,SHOP_050,BEN_02619,2025-12-22 13:11:29.322714,Rice,19,57.0,28.560938,77.180795,South Delhi,0,81256.0,13,False,False,True,False,False,1,0.5646015878278641
35e96afc-2f6f-47e0-9de0-11d9391007df,SHOP_050,BEN_02551,2025-12-23 08:00:35.322714,Kerosene,3,75.0,28.560938,77.180795,South Delhi,0,67746.0,8,True,False,False,False,False,1,0.5272600120122355
54d55d52-1c64-4d22-8de5-fdaaffaa2647,SHOP_050,BEN_02238,2025-12-23 11:23:49.322714,Oil,2,100.0,28.560938,77.180795,South Delhi,0,12194.0,11,False,True,False,False,False,1,0.1852416297165862
40b5b95e-6e4e-4ee6-a7a1-206c8cc71418,SHOP_050,BEN_01278,2025-12-23 11:37:42.322714,Wheat,19,38.0,28.560938,77.180795,South Delhi,0,833.0,11,False,False,False,False,True,1,0.3865180109310732
3e404085-5ade-4c97-aafe-0207b32a7acb,SHOP_050,BEN_01927,2025-12-23 12:32:14.322714,Kerosene,1,25.0,28.560938,77.180795,South Delhi,0,3272.0,12,True,False,False,False,False,1,0.1724011361630095
6a517597-a543-4c3d-8c50-b80117c3bec0,SHOP_050,BEN_00437,2025-12-23 12:57:29.322714,Kerosene,3,75.0,28.560938,77.180795,South Delhi,0,1515.0,12,True,False,False,False,False,1,0.22114788938465557
e92fee05-5377-4202-86c5-4fe5d4d49aee,SHOP_050,BEN_00420,2025-12-23 15:25:00.322714,Wheat,6,12.0,28.560938,77.180795,South Delhi,0,8851.0,15,False,False,False,False,True,1,0.18217082404583335
f41086fd-64e9-437e-802d-0044638b9294,SHOP_050,BEN_01662,2025-12-24 10:37:18.322714,Rice,17,51.0,28.560938,77.180795,South Delhi,0,69138.0,10,False,False,True,False,False,1,0.47477486001549574
a778f7e4-7a2e-4dea-a8a4-9461cf7bd16e,SHOP_050,BEN_00976,2025-12-24 11:21:23.322714,Sugar,3,60.0,28.560938,77.180795,South Delhi,0,2645.0,11,False,False,False,True,False,1,0.22936912498567918
6f09cd44-8a66-4e91-9bb2-15bb26fb1eb9,SHOP_050,BEN_01186,2025-12-24 12:39:57.322714,Kerosene,1,25.0,28.560938,77.180795,South Delhi,0,4714.0,12,True,False,False,False,False,1,0.17959658484292756
2b73897a-b8e4-4341-9426-b9f42e47e092,SHOP_050,BEN_00895,2025-12-25 09:37:06.322714,Rice,9,27.0,28.560938,77.180795,South Delhi,0,75429.0,9,False,False,True,False,False,1,0.4800224017947914
5f1b1b01-e57f-446a-a2be-51968bd309ef,SHOP_050,BEN_00268,2025-12-25 10:47:21.322714,Sugar,1,20.0,28.560938,77.180795,South Delhi,0,4215.0,10,False,False,False,True,False,1,0.2542949897944215
7a089ae4-96d3-479b-9b69-08ddd83a440c,SHOP_050,BEN_02387,2025-12-25 15:14:40.322714,Kerosene,1,25.0,28.560938,77.180795,South Delhi,0,16039.0,15,True,False,False,False,False,1,0.18870458318467015
97f814ee-3c9f-4d52-826e-681d8a964a4a,SHOP_050,BEN_01989,2025-12-25 18:25:51.322714,Wheat,5,10.0,28.560938,77.180795,South Delhi,0,11471.0,18,False,False,False,False,True,1,0.32746005615957363
bc3dc51f-aef0-487f-8a86-8d770158c93e,SHOP_050,BEN_02277,2025-12-25 18:27:04.322714,Rice,11,33.0,28.560938,77.180795,South Delhi,0,73.0,18,False,False,True,False,False,1,0.26705590889539155
dabe99f7-ed50-4f34-8fae-cfdd99b26239,SHOP_050,BEN_02207,2025-12-26 11:57:25.322714,Kerosene,3,75.0,28.560938,77.180795,South Delhi,0,63021.0,11,True,False,False,False,False,1,0.4259393705784815
7c60d203-3263-4ac6-aac7-651ad565899e,SHOP_050,BEN_01975,2025-12-26 12:28:19.322714,Oil,2,100.0,28.560938,77.180795,South Delhi,0,1854.0,12,False,True,False,False,False,1,0.12879444252313166
60888523-93e8-4303-be0e-4a45f60f2e1f,SHOP_050,BEN_00417,2025-12-26 12:35:57.322714,Sugar,2,40.0,28.560938,77.180795,South Delhi,0,458.0,12,False,False,False,True,False,1,0.13674397896920826
c763750c-157b-4e6f-84c3-06d9e1809e1b,SHOP_050,BEN_01234,2025-12-26 16:12:46.322714,Oil,1,50.0,28.560938,77.180795,South Delhi,0,13009.0,16,False,True,False,False,False,1,0.13387423658188458
fda82921-473d-4bcf-a4f7-3c6f2f2bc0c2,SHOP_050,BEN_02828,2025-12-27 13:09:57.322714,Rice,7,21.0,28.560938,77.180795,South Delhi,0,75431.0,13,False,False,True,False,False,1,0.47356832081304157
d0a959e7-1d5d-40da-a88e-77d69006b535,SHOP_050,BEN_01420,2025-12-28 08:50:59.322714,Sugar,2,40.0,28.560938,77.180795,South Delhi,0,70862.0,8,False,False,False,True,False,1,0.42088098604784874
f2ffedff-1246-4e13-ba12-f085cfe2c82b,SHOP_050,BEN_01094,2025-12-28 16:41:37.322714,Oil,2,100.0,28.560938,77.180795,South Delhi,0,28238.0,16,False,True,False,False,False,1,0.2325572250419602
ceb2a1d9-88b1-4c02-b91e-8d95c0ffa8d4,SHOP_050,BEN_00079,2025-12-28 19:08:43.322714,Rice,14,42.0,28.560938,77.180795,South Delhi,0,8826.0,19,False,False,True,False,False,1,0.3436800997076671
267bfae3-3635-4948-a9c7-28ee59639b4c,SHOP_050,BEN_00203,2025-12-29 08:44:28.322714,Wheat,12,24.0,28.560938,77.180795,South Delhi,0,48945.0,8,False,False,False,False,True,1,0.5238459441815568
159f15da-ae8f-476c-944d-d155b9c48871,SHOP_050,BEN_00334,2025-12-29 10:54:12.322714,Kerosene,2,50.0,28.560938,77.180795,South Delhi,0,7784.0,10,True,False,False,False,False,1,0.24334473301723897
77d06861-a750-4b84-abb1-ff17a85d4b20,SHOP_050,BEN_00605,2025-12-29 14:01:42.322714,Rice,13,39.0,28.560938,77.180795,South Delhi,0,11250.0,14,False,False,True,False,False,1,0.1792534876515342
138cc7e9-43e0-4356-95ad-a9d296b78099,SHOP_050,BEN_02095,2025-12-29 17:40:44.322714,Rice,19,57.0,28.560938,77.180795,South Delhi,0,13142.0,17,False,False,True,False,False,1,0.3092474874664527
4d7b31e2-58be-48ae-9cc5-d497a6fd7d26,SHOP_050,BEN_02604,2025-12-29 18:28:20.322714,Kerosene,3,75.0,28.560938,77.180795,South Delhi,0,2856.0,18,True,False,False,False,False,1,0.2142362687543694
1688a4ea-9d86-45db-9130-0c69065fa1e0,SHOP_050,BEN_00664,2025-12-29 19:59:44.322714,Kerosene,1,25.0,28.560938,77.180795,South Delhi,0,5484.0,19,True,False,False,False,False,1,0.25890022978790883
41239cf0-86f6-40a9-914e-b861b46e336a,SHOP_050,BEN_02285,2025-12-30 09:00:42.322714,Kerosene,3,75.0,28.560938,77.180795,South Delhi,0,46858.0,9,True,False,False,False,False,1,0.41699520094725784
8128ed66-553e-49e2-b78f-2c35de97947b,SHOP_050,BEN_00211,2025-12-30 11:41:05.322714,Kerosene,3,75.0,28.560938,77.180795,South Delhi,0,9623.0,11,True,False,False,False,False,1,0.2532084328015447
b372d3d9-da60-4e8a-8b1d-69a4d35db0e6,SHOP_050,BEN_00316,2025-12-30 13:01:37.322714,Sugar,3,60.0,28.560938,77.180795,South Delhi,0,4832.0,13,False,False,False,True,False,1,0.12964002659443324
e88863b1-6c95-4c97-a9dc-debde334ab39,SHOP_050,BEN_02675,2025-12-30 14:08:32.322714,Kerosene,2,50.0,28.560938,77.180795,South Delhi,0,4015.0,14,True,False,False,False,False,1,0.1076102760676182
8c0b4140-6c98-47f7-ae02-9b315231bc7d,SHOP_050,BEN_01528,2025-12-30 15:11:50.322714,Sugar,1,20.0,28.560938,77.180795,South Delhi,0,3798.0,15,False,False,False,True,False,1,0.12403215171874005
22e0e85e-162a-4593-8e6d-5522a63c3e05,SHOP_050,BEN_01268,2025-12-31 13:13:47.322714,Oil,2,100.0,28.560938,77.180795,South Delhi,0,79317.0,13,False,True,False,False,False,1,0.46671424032264164
cc9f5f60-3294-4e70-9a79-fa894448bbff,SHOP_050,BEN_01481,2025-12-31 14:50:27.322714,Wheat,14,28.0,28.560938,77.180795,South Delhi,0,5800.0,14,False,False,False,False,True,1,0.11543424060415863
762bce2f-4eda-4345-a23b-5013cdd881fd,SHOP_050,BEN_02987,2025-12-31 16:27:43.322714,Wheat,15,30.0,28.560938,77.180795,South Delhi,0,5836.0,16,False,False,False,False,True,1,0.13630633491206873
b7dddfc0-7b25-43a9-bc8c-94edd1a92ba8,SHOP_050,BEN_00305,2026-01-01 18:46:12.322714,Kerosene,2,50.0,28.560938,77.180795,South Delhi,0,94709.0,18,True,False,False,False,False,-1,0.6583431703277318
5d7a1c18-a644-4e22-8db6-587d6f8ddb83,SHOP_050,BEN_02801,2026-01-01 19:39:11.322714,Wheat,9,18.0,28.560938,77.180795,South Delhi,0,3179.0,19,False,False,False,False,True,1,0.3176639992203487
fe03b962-57e0-4311-84bf-26755a6e338d,SHOP_050,BEN_02626,2026-01-02 09:23:05.322714,Rice,11,33.0,28.560938,77.180795,South Delhi,0,49434.0,9,False,False,True,False,False,1,0.3176950973833589
6f6a167c-b9f4-49ac-9eee-dadcc6235813,SHOP_050,BEN_00784,2026-01-02 09:56:09.322714,Oil,1,50.0,28.560938,77.180795,South Delhi,0,1984.0,9,False,True,False,False,False,1,0.29256072160372654
9ae78e0f-f906-43f8-bd6b-e3d2d4c84132,SHOP_050,BEN_02089,2026-01-02 11:57:37.322714,Kerosene,3,75.0,28.560938,77.180795,South Delhi,0,7288.0,11,True,False,False,False,False,1,0.24129846907969243
a5ec9888-874d-4f64-822f-85efa8559a54,SHOP_050,BEN_00773,2026-01-04 10:22:00.322714,Rice,5,15.0,28.560938,77.180795,South Delhi,0,167063.0,10,False,False,True,False,False,-1,0.8909352682611207
033b6ec2-1bc6-4e10-b7f2-ece63857398c,SHOP_050,BEN_01791,2026-01-04 14:45:28.322714,Sugar,1,20.0,28.560938,77.180795,South Delhi,0,15808.0,14,False,False,False,True,False,1,0.14731106748856304
8c49d058-7a86-449e-a8cd-273ebf8f3586,SHOP_050,BEN_00520,2026-01-04 15:08:02.322714,Kerosene,1,25.0,28.560938,77.180795,South Delhi,0,1354.0,15,True,False,False,False,False,1,0.1812695721220503
3db081d6-8ecd-4b9a-b452-6d78087ef8f3,SHOP_050,BEN_02779,2026-01-06 09:16:35.322714,Rice,5,15.0,28.560938,77.180795,South Delhi,0,151713.0,9,False,False,True,False,False,-1,0.8164585808578508
586079c0-ffa3-4b26-8df7-5ea55ed2af44,SHOP_050,BEN_02140,2026-01-06 10:50:56.322714,Rice,5,15.0,28.560938,77.180795,South Delhi,0,5661.0,10,False,False,True,False,False,1,0.3092484491709709
551e1422-1ab1-4ff0-a5ca-c0101bc97a1f,SHOP_050,BEN_00634,2026-01-06 14:27:33.322714,Sugar,1,20.0,28.560938,77.180795,South Delhi,0,12997.0,14,False,False,False,True,False,1,0.12674822140804093
ed44574b-def7-415c-9d68-e7ea9514fdd4,SHOP_050,BEN_00741,2026-01-06 18:21:49.322714,Wheat,20,40.0,28.560938,77.180795,South Delhi,0,14056.0,18,False,False,False,False,True,1,0.43039579935868055
99f1b0ab-629c-482c-b89f-e23db0921816,SHOP_050,BEN_02819,2026-01-06 18:49:53.322714,Rice,16,48.0,28.560938,77.180795,South Delhi,0,1684.0,18,False,False,True,False,False,1,0.30654954753291763
1cb3d3ce-a73f-45c8-9f3d-04ac59d448b3,SHOP_050,BEN_02605,2026-01-07 15:50:09.322714,Oil,2,100.0,28.560938,77.180795,South Delhi,0,75616.0,15,False,True,False,False,False,1,0.47060120523351956
dde836a7-4fcd-4c5d-86be-c27f9a9e5639,SHOP_050,BEN_01220,2026-01-07 19:18:32.322714,Rice,13,39.0,28.560938,77.180795,South Delhi,0,12503.0,19,False,False,True,False,False,1,0.34520783935824584
b04b0b20-b60e-48f0-9165-2fcb45de3ec9,SHOP_050,BEN_02935,2026-01-08 08:03:01.322714,Kerosene,2,50.0,28.560938,77.180795,South Delhi,0,45869.0,8,True,False,False,False,False,1,0.4063338154244305
7b888b76-4997-4503-af48-30b6489d86cc,SHOP_050,BEN_01672,2026-01-08 11:23:14.322714,Wheat,13,26.0,28.560938,77.180795,South Delhi,0,12013.0,11,False,False,False,False,True,1,0.2114645362925665
12fb4f83-dd45-430b-a611-01f809ffc7ec,SHOP_050,BEN_01136,2026-01-08 13:48:21.322714,Kerosene,2,50.0,28.560938,77.180795,South Delhi,0,8707.0,13,True,False,False,False,False,1,0.14994093530140218
b8350509-b8fc-456b-8539-bdaf61518bde,SHOP_050,BEN_02894,2026-01-08 16:16:25.322714,Wheat,20,40.0,28.560938,77.180795,South Delhi,0,8884.0,16,False,False,False,False,True,1,0.33688484338471836
732c791c-2e96-4fe3-b6e9-3edfae95a30c,SHOP_050,BEN_02359,2026-01-09 16:21:21.322714,Wheat,19,38.0,28.560938,77.180795,South Delhi,0,86696.0,16,False,False,False,False,True,-1,0.7020746403794417
a5c1e883-0b60-4c4f-be31-729bb47fa5fe,SHOP_050,BEN_00221,2026-01-09 16:29:50.322714,Wheat,5,10.0,28.560938,77.180795,South Delhi,0,509.0,16,False,False,False,False,True,1,0.3314194350437882
c6224a77-926b-479a-a547-e7ed1f25222d,SHOP_050,BEN_00913,2026-01-09 17:22:30.322714,Rice,16,48.0,28.560938,77.180795,South Delhi,0,3160.0,17,False,False,True,False,False,1,0.22839767099060637
70c59635-dab3-4c2f-9108-9aa68ec2c1cf,SHOP_050,BEN_02844,2026-01-09 18:06:34.322714,Wheat,13,26.0,28.560938,77.180795,South Delhi,0,2644.0,18,False,False,False,False,True,1,0.23398652323086688
68306015-c9b1-44c4-8ff6-4ae04aa6331e,SHOP_050,BEN_01553,2026-01-10 15:14:29.322714,Wheat,17,34.0,28.560938,77.180795,South Delhi,0,76075.0,15,False,False,False,False,True,-1,0.5836248018847641
e782e443-74fe-439f-8d04-9c58739d6622,SHOP_050,BEN_02267,2026-01-10 15:30:53.322714,Wheat,12,24.0,28.560938,77.180795,South Delhi,0,984.0,15,False,False,False,False,True,1,0.20548352071837117
62254283-db69-41ab-82da-5d0c671d6e18,SHOP_050,BEN_00576,2026-01-10 16:13:39.322714,Sugar,3,60.0,28.560938,77.180795,South Delhi,0,2566.0,16,False,False,False,True,False,1,0.14005492130336628
40cf8769-38a4-41ee-9f22-080c5b9d8775,SHOP_050,BEN_01721,2026-01-10 19:59:41.322714,Wheat,10,20.0,28.560938,77.180795,South Delhi,0,13562.0,19,False,False,False,False,True,1,0.31823637790366893
71ae7385-5306-4010-b20a-23fd40a76507,SHOP_050,BEN_01643,2026-01-12 11:35:39.322714,Kerosene,2,50.0,28.560938,77.180795,South Delhi,0,142558.0,11,True,False,False,False,False,-1,0.7375912882827834
a1a36a54-93a0-49b1-b69f-05ca45e667f8,SHOP_050,BEN_00595,2026-01-12 13:25:19.322714,Sugar,1,20.0,28.560938,77.180795,South Delhi,0,6580.0,13,False,False,False,True,False,1,0.11443403480759273
7baa6416-5804-4dc5-891a-7c9577f191eb,SHOP_050,BEN_01999,2026-01-12 16:19:43.322714,Oil,1,50.0,28.560938,77.180795,South Delhi,0,10464.0,16,False,True,False,False,False,1,0.10778634556558137
85e74e6d-8a0b-47c4-ab65-4ab2be9cb105,SHOP_050,BEN_02765,2026-01-13 03:54:21.322714,Oil,2,100.0,28.560938,77.180795,South Delhi,1,41678.0,3,False,True,False,False,False,-1,0.6430500604829776
567a325e-ee0e-4777-8c67-8b9e53063bb0,SHOP_050,BEN_02767,2026-01-13 12:26:44.322714,Oil,2,100.0,28.560938,77.180795,South Delhi,0,30743.0,12,False,True,False,False,False,1,0.27474875458455533
7a846509-e682-4526-a9e0-4af7d3cf8fe4,SHOP_050,BEN_02122,2026-01-13 12:54:25.322714,Sugar,1,20.0,28.560938,77.180795,South Delhi,0,1661.0,12,False,False,False,True,False,1,0.16782446356866687
880bb9cc-e8f9-499a-828d-d97293b00b26,SHOP_050,BEN_00355,2026-01-13 13:00:08.322714,Oil,1,50.0,28.560938,77.180795,South Delhi,0,343.0,13,False,True,False,False,False,1,0.17680655245639698
b19d693e-6902-40e6-9983-ba5097151761,SHOP_050,BEN_00141,2026-01-13 18:11:53.322714,Oil,1,50.0,28.560938,77.180795,South Delhi,0,18705.0,18,False,True,False,False,False,1,0.2689778949004117
42bb51b4-51a7-4131-82f4-591538460cfd,SHOP_050,BEN_01933,2026-01-14 10:26:45.322714,Oil,2,100.0,28.560938,77.180795,South Delhi,0,58492.0,10,False,True,False,False,False,1,0.2897556258702763
db551634-8b56-45fc-9c68-f1268def6e1c,SHOP_050,BEN_00521,2026-01-14 12:17:19.322714,Kerosene,2,50.0,28.560938,77.180795,South Delhi,0,6634.0,12,True,False,False,False,False,1,0.15468311885362734
0dc69986-5fb6-4f4e-8301-746249735f6e,SHOP_050,BEN_02729,2026-01-14 14:19:15.322714,Oil,2,100.0,28.560938,77.180795,South Delhi,0,7316.0,14,False,True,False,False,False,1,0.03834936309755632
9d1b3e21-a413-4eaf-ab70-53652d8c5a5f,SHOP_050,BEN_00448,2026-01-14 17:16:36.322714,Kerosene,3,75.0,28.560938,77.180795,South Delhi,0,10641.0,17,True,False,False,False,False,1,0.21190112270554518
ab6a260d-07c0-42c2-a558-af6f8d182356,SHOP_050,BEN_02152,2026-01-14 19:30:47.322714,Rice,11,33.0,28.560938,77.180795,South Delhi,0,8051.0,19,False,False,True,False,False,1,0.3163655745637107
f9be92ce-7ef1-430f-b258-08a135303d22,SHOP_050,BEN_00510,2026-01-15 12:44:12.322714,Oil,1,50.0,28.560938,77.180795,South Delhi,0,62005.0,12,False,True,False,False,False,1,0.38364710874141283
