TransactionID,ShopID,BeneficiaryID,Timestamp,Item,Quantity,Price,Latitude,Longitude,District,is_fraud
a8facc1a-7401-4e43-b03f-42f07095f75e,SHOP_040,BEN_01408,2025-12-21 02:30:58.024274,Sugar,1,20.0,28.673266,77.089259,West Delhi,1
727366a4-124b-4fc0-af4b-fb0ce39164d2,SHOP_013,BEN_01361,2025-12-21 03:49:26.024274,Oil,2,100.0,28.689861,77.183213,North Delhi,1
296d3cae-8c71-42b0-9eca-cc54071c5f36,SHOP_032,BEN_02651,2025-12-21 19:26:44.024274,Kerosene,1,25.0,28.708017,77.126743,Rohini,0
04fcb269-1202-45b5-9dd1-d8bc8c641d8e,SHOP_029,BEN_01198,2025-12-21 19:29:53.024274,Kerosene,3,75.0,28.583723,77.064561,Dwarka,0
27baed13-72ec-461a-a5b8-ffab90912fcb,SHOP_028,BEN_01337,2025-12-21 19:37:19.024274,Oil,1,50.0,28.644078,77.187159,Central Delhi,0
352c59fb-e872-4802-8c81-3aeedbf92ddd,SHOP_018,BEN_01676,2025-12-21 19:38:45.024274,Wheat,18,36.0,28.610429,77.188088,Central Delhi,0
bba5ee5b-5cb5-4dcb-8271-dfae404a771b,SHOP_030,BEN_01345,2025-12-21 19:49:37.024274,Oil,1,50.0,28.656014,77.071143,West Delhi,0
28429ed1-12eb-4bdd-92dc-6af9e108a49a,SHOP_003,BEN_02777,2025-12-21 19:51:12.024274,Kerosene,2,50.0,28.506364,77.204896,South Delhi,0
05737589-8b74-43a8-bcdb-555e0ce7e192,SHOP_048,BEN_01968,2025-12-22 08:13:50.024274,Sugar,3,60.0,28.596532,77.044874,Dwarka,0
5b0820fe-ba63-4bfa-853d-33236c4aff9f,SHOP_008,BEN_01153,2025-12-22 08:23:42.024274,Rice,17,51.0,28.666336,77.103257,West Delhi,0
04972769-e50b-4f4a-8d16-d9d0c56df8c4,SHOP_017,BEN_00124,2025-12-22 08:30:42.024274,Oil,2,100.0,28.722696,77.129286,Rohini,0
5b2b0009-dd46-440b-83b8-54bee47cb472,SHOP_018,BEN_00628,2025-12-22 08:31:22.024274,Wheat,7,14.0,28.610429,77.188088,Central Delhi,0
215fa965-0196-421d-8fda-85ec6743aa6a,SHOP_018,BEN_02373,2025-12-22 08:40:36.024274,Rice,20,60.0,28.610429,77.188088,Central Delhi,0
d53fcbc8-7321-4edd-a644-697063cfbd17,SHOP_019,BEN_02789,2025-12-22 08:43:49.024274,Wheat,14,28.0,28.631679,77.201199,Central Delhi,0
a84cec82-1fe5-4044-a288-21aeebb427dc,SHOP_014,BEN_02497,2025-12-22 08:55:20.024274,Sugar,2,40.0,28.708352,77.106686,Rohini,0
a5ea624d-b1b3-4c3e-8b93-874db91b8c10,SHOP_007,BEN_02295,2025-12-22 08:57:30.024274,Oil,1,50.0,28.520513,77.217525,South Delhi,0
2a0c6599-bad5-475b-a56f-e075e7db84c4,SHOP_001,BEN_00217,2025-12-22 08:59:53.024274,Rice,20,60.0,28.563667,77.196744,South Delhi,0
d379dcce-7c0e-495d-8a26-c297207ae761,SHOP_022,BEN_01994,2025-12-22 08:59:54.024274,Sugar,2,40.0,28.696907,77.177649,North Delhi,0
a31cae12-5c31-4b84-bae1-eee255516265,SHOP_007,BEN_00425,2025-12-22 09:02:46.024274,Sugar,3,60.0,28.520513,77.217525,South Delhi,0
f207a776-6fcd-4014-bb60-9523aebc294d,SHOP_049,BEN_02530,2025-12-22 09:13:51.024274,Rice,19,57.0,28.514677,77.242533,South Delhi,0
8aa4a6d1-8f62-40fc-a687-2f5976386dcf,SHOP_026,BEN_01506,2025-12-22 09:17:16.024274,Wheat,12,24.0,28.645158,77.323228,East Delhi,0
3993b693-e477-4ac0-8b38-b16ec06f42b1,SHOP_021,BEN_00026,2025-12-22 09:19:49.024274,Kerosene,1,25.0,28.654216,77.114329,West Delhi,0
d12c252a-6480-4365-9ef1-360f43258917,SHOP_039,BEN_00299,2025-12-22 09:23:00.024274,Wheat,16,32.0,28.707365,77.109479,Rohini,0
607a2d14-bfb6-49f5-9c4c-b024029b07c1,SHOP_007,BEN_01369,2025-12-22 09:27:24.024274,Oil,1,50.0,28.520513,77.217525,South Delhi,0
abe9083e-cada-4e7c-887f-a30cb2654f12,SHOP_025,BEN_02839,2025-12-22 09:38:49.024274,Kerosene,3,75.0,28.624929,77.222474,Central Delhi,0
3e3b50d7-0407-4700-9f90-3274ba964465,SHOP_029,BEN_01375,2025-12-22 09:39:01.024274,Oil,1,50.0,28.583723,77.064561,Dwarka,0
d6421f54-3623-4664-a5df-16a4dc9b6dc1,SHOP_040,BEN_01238,2025-12-22 09:41:07.024274,Wheat,15,30.0,28.673266,77.089259,West Delhi,0
4e6641a5-e499-4644-bd34-0afe1866ff62,SHOP_012,BEN_02625,2025-12-22 09:56:28.024274,Wheat,13,26.0,28.618685,77.319017,East Delhi,0
f43c172d-afc8-47ce-a1f1-9d6964cf93ea,SHOP_018,BEN_01385,2025-12-22 09:57:09.024274,Kerosene,1,25.0,28.610429,77.188088,Central Delhi,0
a177baca-0ba3-4cdd-af7d-0b6ef9a40f71,SHOP_031,BEN_02130,2025-12-22 10:04:25.024274,Wheat,9,18.0,28.727982,77.18544,North Delhi,0
102c97b7-2b5e-4e86-a17c-b0d39e6a091b,SHOP_014,BEN_02496,2025-12-22 10:10:38.024274,Kerosene,3,75.0,28.708352,77.106686,Rohini,0
11cb8d27-2a97-4944-96b6-56cb4701af05,SHOP_029,BEN_02371,2025-12-22 10:10:38.024274,Rice,18,54.0,28.583723,77.064561,Dwarka,0
50d8cafe-94f9-4ae8-b5bf-3dff85d3867b,SHOP_019,BEN_00044,2025-12-22 10:17:01.024274,Wheat,14,28.0,28.631679,77.201199,Central Delhi,0
8ddf0adc-3703-4e46-a2ba-cbf2cf32e5f6,SHOP_031,BEN_02482,2025-12-22 10:19:01.024274,Sugar,1,20.0,28.727982,77.18544,North Delhi,0
3e7be3e1-4bf1-41c4-a0cc-b69a10ffc407,SHOP_042,BEN_02174,2025-12-22 10:19:24.024274,Oil,1,50.0,28.598757,77.020815,Dwarka,0
eccada80-23ee-4e1a-a2ff-8fe4fa7a8910,SHOP_034,BEN_00962,2025-12-22 10:26:11.024274,Oil,2,100.0,28.586699,77.035213,Dwarka,0
bd14f309-63fb-49bf-bd92-2002e249d0b7,SHOP_040,BEN_01183,2025-12-22 10:28:21.024274,Rice,11,33.0,28.673266,77.089259,West Delhi,0
48bd8dc7-a002-496f-bb6e-3aeec9866236,SHOP_033,BEN_02431,2025-12-22 10:41:34.024274,Rice,19,57.0,28.731131,77.204781,North Delhi,0
a39be132-7629-4d06-a17d-661ab9b818ca,SHOP_019,BEN_01993,2025-12-22 10:48:05.024274,Oil,2,100.0,28.631679,77.201199,Central Delhi,0
62fe3c70-cf6e-489b-b622-be57c858833d,SHOP_020,BEN_01896,2025-12-22 10:55:16.024274,Sugar,1,20.0,28.736478,77.119912,Rohini,0
f9221263-56c8-4bba-93ce-f033b4be88f0,SHOP_031,BEN_02648,2025-12-22 10:55:55.024274,Kerosene,1,25.0,28.727982,77.18544,North Delhi,0
f6a4a734-f0f2-43e0-b425-3c10d447a398,SHOP_028,BEN_01152,2025-12-22 10:57:37.024274,Kerosene,1,25.0,28.644078,77.187159,Central Delhi,0
aa884375-93c2-41bd-91c4-2031097d26b4,SHOP_014,BEN_00863,2025-12-22 10:59:50.024274,Oil,1,50.0,28.708352,77.106686,Rohini,0
f238a576-89af-4a64-9e06-d0990d18e39d,SHOP_038,BEN_00278,2025-12-22 11:03:34.024274,Wheat,12,24.0,28.737713,77.199062,North Delhi,0
483d0a1a-7eed-485d-ba36-40357f0fb54d,SHOP_014,BEN_01089,2025-12-22 11:06:25.024274,Kerosene,2,50.0,28.708352,77.106686,Rohini,0
fb470909-e280-47b3-a07d-91cf8320f410,SHOP_041,BEN_02358,2025-12-22 11:07:51.024274,Sugar,1,20.0,28.676266,77.100986,West Delhi,0
c56924d4-3801-407d-827b-ab436deeb7b2,SHOP_033,BEN_01876,2025-12-22 11:17:17.024274,Kerosene,2,50.0,28.731131,77.204781,North Delhi,0
4149fd63-2efe-4144-be4c-293748c83660,SHOP_037,BEN_01782,2025-12-22 11:22:24.024274,Oil,1,50.0,28.707215,77.215419,North Delhi,0
83548898-0f89-41e8-a024-fa9d88756cf6,SHOP_007,BEN_00042,2025-12-22 11:23:07.024274,Kerosene,3,75.0,28.520513,77.217525,South Delhi,0
d9f9bc4f-47c9-4da5-9dc0-a354c3b3ba66,SHOP_002,BEN_01572,2025-12-22 11:25:17.024274,Sugar,1,20.0,28.648957,77.10634,West Delhi,0
23b996b7-7f36-4bff-bd99-6c15eb45a3e9,SHOP_025,BEN_00829,2025-12-22 11:31:05.024274,Sugar,3,60.0,28.624929,77.222474,Central Delhi,0
97b22d3e-63f9-494a-b8ca-50ff5e066478,SHOP_011,BEN_01537,2025-12-22 11:31:30.024274,Wheat,18,36.0,28.732554,77.205993,North Delhi,0
dd3eb322-a321-4392-aa4c-db18f3bb964f,SHOP_029,BEN_02067,2025-12-22 11:35:17.024274,Rice,14,42.0,28.583723,77.064561,Dwarka,0
bee67d4f-f8f2-44b5-884c-d9a84ed5d728,SHOP_012,BEN_02220,2025-12-22 11:37:45.024274,Oil,2,100.0,28.618685,77.319017,East Delhi,0
34d12fdf-935f-4b5d-961c-6450caf53841,SHOP_014,BEN_00562,2025-12-22 11:37:58.024274,Sugar,3,60.0,28.708352,77.106686,Rohini,0
dd8d684d-0605-4fd0-be8c-e23e3c752ff5,SHOP_017,BEN_02822,2025-12-22 11:43:03.024274,Kerosene,2,50.0,28.722696,77.129286,Rohini,0
357dd75a-d4e3-48f0-8fd0-4b3bb7b0ec6e,SHOP_007,BEN_01384,2025-12-22 11:44:39.024274,Sugar,1,20.0,28.520513,77.217525,South Delhi,0
c763308a-a0cd-475a-bf20-59c7ad84235e,SHOP_007,BEN_01841,2025-12-22 11:51:20.024274,Kerosene,2,50.0,28.520513,77.217525,South Delhi,0
30e848f3-813e-4001-a835-4023514a2c38,SHOP_008,BEN_02013,2025-12-22 11:57:52.024274,Sugar,2,40.0,28.666336,77.103257,West Delhi,0
4f392d74-d5ca-4b31-b153-cda48c67575d,SHOP_009,BEN_01362,2025-12-22 12:01:11.024274,Wheat,10,20.0,28.633713,77.107844,West Delhi,0
02b46bea-efe3-4aba-9e4c-f1855ed650d4,SHOP_030,BEN_01822,2025-12-22 12:16:50.024274,Sugar,2,40.0,28.656014,77.071143,West Delhi,0
30a0ed12-5a69-47bc-b19c-bae8d3d18273,SHOP_046,BEN_01010,2025-12-22 12:18:31.024274,Kerosene,3,75.0,28.634402,77.315239,East Delhi,0
5d3f7358-67a0-4293-b181-209b6c88cf60,SHOP_028,BEN_02905,2025-12-22 12:30:16.024274,Oil,2,100.0,28.644078,77.187159,Central Delhi,0
e7b02618-a10d-4ce5-90e9-562869306794,SHOP_043,BEN_02738,2025-12-22 12:31:25.024274,Sugar,1,20.0,28.561519,77.048283,Dwarka,0
22ce8c4a-5f5a-4ac7-96dc-466c6d54a333,SHOP_045,BEN_01149,2025-12-22 12:35:25.024274,Rice,12,36.0,28.633767,77.205731,Central Delhi,0
dfd749db-9936-4bcc-ba79-670a18671a9b,SHOP_045,BEN_01584,2025-12-22 12:44:15.024274,Oil,2,100.0,28.633767,77.205731,Central Delhi,0
d413ace6-dc98-441d-99c8-c374b8454989,SHOP_047,BEN_02234,2025-12-22 12:44:45.024274,Sugar,1,20.0,28.715937,77.10426,Rohini,0
7ea70647-112e-43be-8eb2-dc8f7ce7aa66,SHOP_050,BEN_00660,2025-12-22 12:45:24.024274,Rice,5,15.0,28.560938,77.180795,South Delhi,0
a0321765-2812-4051-8942-453e3f030452,SHOP_016,BEN_00206,2025-12-22 12:53:27.024274,Kerosene,3,75.0,28.644796,77.107779,West Delhi,0
86c27488-aa7e-43fa-9b00-eb814f1f49e4,SHOP_033,BEN_00960,2025-12-22 12:56:43.024274,Rice,18,54.0,28.731131,77.204781,North Delhi,0
6c76dbdd-935e-4b7a-b586-5e4d8228a8c3,SHOP_018,BEN_02347,2025-12-22 12:59:04.024274,Rice,19,57.0,28.610429,77.188088,Central Delhi,0
137230cb-2bb4-4523-ac5f-7ca372d09d0a,SHOP_004,BEN_00348,2025-12-22 13:09:32.024274,Wheat,9,18.0,28.709316,77.129745,Rohini,0
efd939c1-907b-48bf-aadf-69b9ba1cbab6,SHOP_046,BEN_00607,2025-12-22 13:12:42.024274,Kerosene,2,50.0,28.634402,77.315239,East Delhi,0
d0f185ce-1e77-4b21-9cfa-fd091742d790,SHOP_032,BEN_02168,2025-12-22 13:15:15.024274,Wheat,19,38.0,28.708017,77.126743,Rohini,0
8e1ffb27-604c-4cb7-8377-e6775ac3dc38,SHOP_025,BEN_01193,2025-12-22 13:16:40.024274,Oil,2,100.0,28.624929,77.222474,Central Delhi,0
c3207920-c985-4d51-a984-4f5c21236c7a,SHOP_013,BEN_00311,2025-12-22 13:19:06.024274,Sugar,3,60.0,28.689861,77.183213,North Delhi,0
67db0591-cac1-4c31-9f32-243db0226129,SHOP_007,BEN_02828,2025-12-22 13:22:12.024274,Sugar,3,60.0,28.520513,77.217525,South Delhi,0
c83720b3-b8e8-41fb-8994-1acd23c0e845,SHOP_035,BEN_00996,2025-12-22 13:22:57.024274,Wheat,20,40.0,28.715607,77.125559,Rohini,0
e4911aab-a0e4-4170-853c-87212d04d691,SHOP_019,BEN_00480,2025-12-22 13:23:44.024274,Rice,8,24.0,28.631679,77.201199,Central Delhi,0
ff7cd8fe-9bf8-4573-a070-018b580c1044,SHOP_004,BEN_02085,2025-12-22 13:29:00.024274,Rice,12,36.0,28.709316,77.129745,Rohini,0
45542fc4-d2d6-4645-b550-5fe3e38fa81c,SHOP_046,BEN_01718,2025-12-22 13:41:41.024274,Wheat,11,22.0,28.634402,77.315239,East Delhi,0
ab63b9f5-b6e7-4e76-821b-0ee38832a859,SHOP_045,BEN_01878,2025-12-22 13:50:51.024274,Oil,1,50.0,28.633767,77.205731,Central Delhi,0
3cc2866e-73a2-4dda-a889-c0ef8715bb40,SHOP_040,BEN_00383,2025-12-22 13:55:55.024274,Wheat,14,28.0,28.673266,77.089259,West Delhi,0
a6749051-aaff-48f6-8cb7-8e61a5cc23ba,SHOP_037,BEN_00274,2025-12-22 14:05:56.024274,Rice,18,54.0,28.707215,77.215419,North Delhi,0
e91bf152-1147-4d58-be88-cf043d5a402c,SHOP_030,BEN_01740,2025-12-22 14:07:33.024274,Wheat,6,12.0,28.656014,77.071143,West Delhi,0
c9057182-00d1-4200-b0ed-772e6197c412,SHOP_014,BEN_02366,2025-12-22 14:10:39.024274,Wheat,18,36.0,28.708352,77.106686,Rohini,0
38d483e8-cb93-4673-992c-1d0d4f77730b,SHOP_004,BEN_01001,2025-12-22 14:12:20.024274,Wheat,5,10.0,28.709316,77.129745,Rohini,0
7d08c6e9-edb1-4e2e-9e31-fd5c89f1506f,SHOP_007,BEN_01787,2025-12-22 14:22:18.024274,Oil,2,100.0,28.520513,77.217525,South Delhi,0
70cf120a-eb61-4696-9db3-e1ff01612011,SHOP_023,BEN_02516,2025-12-22 14:27:59.024274,Wheat,14,28.0,28.592266,77.310411,East Delhi,0
01434a4c-dffc-4091-b984-b0d6072e044a,SHOP_021,BEN_00416,2025-12-22 14:34:44.024274,Rice,14,42.0,28.654216,77.114329,West Delhi,0
4b282292-8c91-4f9f-9cff-7bd82a875fe8,SHOP_040,BEN_02362,2025-12-22 14:44:23.024274,Wheat,12,24.0,28.673266,77.089259,West Delhi,0
b0259605-eabb-4aaa-a7ac-448c6c7ea5b8,SHOP_029,BEN_01253,2025-12-22 14:48:47.024274,Oil,2,100.0,28.583723,77.064561,Dwarka,0
e6c314eb-2cdf-48c3-89d5-9c0c4022ef94,SHOP_009,BEN_02591,2025-12-22 14:49:40.024274,Kerosene,1,25.0,28.633713,77.107844,West Delhi,0
7aec1494-f64a-4153-849e-0399c37b6e83,SHOP_013,BEN_00381,2025-12-22 15:08:19.024274,Oil,1,50.0,28.689861,77.183213,North Delhi,0
99695d35-7703-4fa3-bf47-0de39de703d2,SHOP_050,BEN_02375,2025-12-22 15:09:17.024274,Oil,2,100.0,28.560938,77.180795,South Delhi,0
db046024-2909-48eb-a0e0-b7939f790967,SHOP_037,BEN_01234,2025-12-22 15:09:53.024274,Kerosene,2,50.0,28.707215,77.215419,North Delhi,0
0103ce18-8ca8-45e5-86a4-850d96323390,SHOP_038,BEN_02664,2025-12-22 15:18:03.024274,Rice,5,15.0,28.737713,77.199062,North Delhi,0
9818cb75-73cd-49bf-b273-4c6904e10d6b,SHOP_032,BEN_01531,2025-12-22 15:19:13.024274,Wheat,20,40.0,28.708017,77.126743,Rohini,0
f223e5b1-bf0b-4901-a250-0b99dfbacec7,SHOP_008,BEN_00322,2025-12-22 15:22:19.024274,Oil,1,50.0,28.666336,77.103257,West Delhi,0
d191b3b5-7fc0-42b3-a8a1-6546e63399b9,SHOP_008,BEN_02998,2025-12-22 15:22:38.024274,Sugar,1,20.0,28.666336,77.103257,West Delhi,0
2c14db0d-9d10-449e-bdf6-464315c2d785,SHOP_014,BEN_00396,2025-12-22 15:23:43.024274,Oil,1,50.0,28.708352,77.106686,Rohini,0
61f5687e-ecd2-4767-bd5f-d59de0f5871f,SHOP_032,BEN_01030,2025-12-22 15:29:02.024274,Oil,2,100.0,28.708017,77.126743,Rohini,0
18af9f13-2156-4542-9611-7bb52c9ece13,SHOP_020,BEN_01282,2025-12-22 15:38:52.024274,Oil,1,50.0,28.736478,77.119912,Rohini,0
d401f893-63af-4c45-9514-2a1f84b4658e,SHOP_022,BEN_02280,2025-12-22 15:43:18.024274,Rice,5,15.0,28.696907,77.177649,North Delhi,0
fed1e011-1098-4eff-a80e-f01b6354ef05,SHOP_031,BEN_02236,2025-12-22 15:48:31.024274,Rice,6,18.0,28.727982,77.18544,North Delhi,0
1fbd1cc7-3bc0-4e33-a270-e11e421a8ca6,SHOP_026,BEN_00813,2025-12-22 15:51:57.024274,Oil,1,50.0,28.645158,77.323228,East Delhi,0
8059095b-19ec-4a38-962a-52686fe08d97,SHOP_006,BEN_00508,2025-12-22 16:05:49.024274,Wheat,5,10.0,28.6356,77.229758,Central Delhi,0
3be7d2dc-7558-4bb7-bde0-864a00ba4ea2,SHOP_025,BEN_01490,2025-12-22 16:06:24.024274,Wheat,7,14.0,28.624929,77.222474,Central Delhi,0
bfcb077d-1b51-4e85-a517-a89457a754c2,SHOP_013,BEN_02239,2025-12-22 16:08:33.024274,Kerosene,1,25.0,28.689861,77.183213,North Delhi,0
61fcc013-0bc8-40f2-8a6c-6a9ca7dcf15b,SHOP_049,BEN_00091,2025-12-22 16:22:49.024274,Kerosene,1,25.0,28.514677,77.242533,South Delhi,0
8f336618-457a-489c-9bfb-2d13cb168d6c,SHOP_008,BEN_02006,2025-12-22 16:29:48.024274,Wheat,5,10.0,28.666336,77.103257,West Delhi,0
8078459e-4305-497c-9dc6-ff06933ed0fb,SHOP_030,BEN_01313,2025-12-22 16:31:23.024274,Wheat,9,18.0,28.656014,77.071143,West Delhi,0
9d4dd7ab-4cfc-4b08-8915-e2d074c50e8e,SHOP_042,BEN_01850,2025-12-22 16:32:27.024274,Sugar,1,20.0,28.598757,77.020815,Dwarka,0
00f34913-082e-4123-97f0-65d94b080543,SHOP_006,BEN_01197,2025-12-22 16:32:49.024274,Oil,2,100.0,28.6356,77.229758,Central Delhi,0
c3834877-2f6f-4997-9652-3276c5f14829,SHOP_035,BEN_01674,2025-12-22 16:34:08.024274,Oil,1,50.0,28.715607,77.125559,Rohini,0
7fe89fdd-f23b-435f-a3a0-0f0140be3034,SHOP_050,BEN_01085,2025-12-22 16:35:22.024274,Oil,1,50.0,28.560938,77.180795,South Delhi,0
7fbe66ae-501d-4da6-9bee-362da47f4be8,SHOP_041,BEN_02067,2025-12-22 16:36:16.024274,Sugar,2,40.0,28.676266,77.100986,West Delhi,0
458b07dd-00c3-45e1-a1a5-1712a7b30cae,SHOP_014,BEN_01322,2025-12-22 16:43:16.024274,Wheat,15,30.0,28.708352,77.106686,Rohini,0
3ca0d6b8-043b-4d17-9148-be72820c623a,SHOP_034,BEN_02634,2025-12-22 16:49:07.024274,Sugar,2,40.0,28.586699,77.035213,Dwarka,0
bd89fcee-382a-439c-9c56-d8f66da90cc5,SHOP_034,BEN_02871,2025-12-22 16:51:09.024274,Sugar,2,40.0,28.586699,77.035213,Dwarka,0
b4eaf01d-4c02-4fab-9530-83b25a280da9,SHOP_016,BEN_01813,2025-12-22 17:17:27.024274,Sugar,1,20.0,28.644796,77.107779,West Delhi,0
07ed6b4b-8702-44c1-9ae7-2a5b2a881ef9,SHOP_001,BEN_01665,2025-12-22 17:19:46.024274,Wheat,5,10.0,28.563667,77.196744,South Delhi,0
5572a4ee-2de6-44ad-b7fe-4b9d2f7cf2db,SHOP_019,BEN_02642,2025-12-22 17:27:19.024274,Rice,8,24.0,28.631679,77.201199,Central Delhi,0
1497f987-13ab-4e51-b329-09f85c1174e3,SHOP_008,BEN_01730,2025-12-22 17:28:16.024274,Rice,20,60.0,28.666336,77.103257,West Delhi,0
b903e02c-3ebc-43e0-9e65-1bd79d9a1b00,SHOP_026,BEN_02111,2025-12-22 17:28:29.024274,Oil,2,100.0,28.645158,77.323228,East Delhi,0
1208427a-2343-4fd5-a9d1-5adadc1c4cb5,SHOP_034,BEN_00739,2025-12-22 17:31:52.024274,Rice,7,21.0,28.586699,77.035213,Dwarka,0
527f34b8-ea87-4c34-9e0a-b0321e176204,SHOP_041,BEN_01110,2025-12-22 17:46:23.024274,Kerosene,3,75.0,28.676266,77.100986,West Delhi,0
a1fab613-9d3e-49a8-9268-4bd055e1fe59,SHOP_038,BEN_02109,2025-12-22 17:46:52.024274,Kerosene,3,75.0,28.737713,77.199062,North Delhi,0
ad933740-fce0-4f8e-bbce-dff833cbba6e,SHOP_009,BEN_02602,2025-12-22 17:47:08.024274,Sugar,2,40.0,28.633713,77.107844,West Delhi,0
7ef8577e-9e00-47fc-9b64-df48a4f51932,SHOP_045,BEN_02882,2025-12-22 17:47:45.024274,Kerosene,3,75.0,28.633767,77.205731,Central Delhi,0
ab8cd498-2913-4443-a54d-304ba59f5b90,SHOP_046,BEN_01815,2025-12-22 17:48:28.024274,Rice,9,27.0,28.634402,77.315239,East Delhi,0
c5ad16fa-61b0-42ba-8857-26a7077d3d57,SHOP_004,BEN_02750,2025-12-22 17:52:56.024274,Oil,1,50.0,28.709316,77.129745,Rohini,0
c61b22e0-7b01-469c-9ed3-65d0d803c871,SHOP_049,BEN_00968,2025-12-22 17:53:31.024274,Sugar,3,60.0,28.514677,77.242533,South Delhi,0
2b17791e-89c8-4ed7-9340-012e8f8759a6,SHOP_031,BEN_01967,2025-12-22 18:05:15.024274,Oil,2,100.0,28.727982,77.18544,North Delhi,0
dbd4a676-f39f-44f1-be01-ab9364b63aff,SHOP_004,BEN_01801,2025-12-22 18:05:39.024274,Oil,1,50.0,28.709316,77.129745,Rohini,0
4f8a0da5-c336-43b9-b70a-f62003e6352a,SHOP_017,BEN_00914,2025-12-22 18:15:21.024274,Oil,2,100.0,28.722696,77.129286,Rohini,0
6394295b-9c84-45b5-8ec7-289cea17cf72,SHOP_033,BEN_02414,2025-12-22 18:18:53.024274,Rice,16,48.0,28.731131,77.204781,North Delhi,0
58e62eca-1d24-48a6-b737-359695e7ad0e,SHOP_049,BEN_02684,2025-12-22 18:24:28.024274,Wheat,14,28.0,28.514677,77.242533,South Delhi,0
dcc1fc92-6b43-4571-9f6c-0d9a8fb18849,SHOP_035,BEN_01044,2025-12-22 18:29:24.024274,Sugar,1,20.0,28.715607,77.125559,Rohini,0
e15289fc-5d17-4833-a21f-fa66626f6c12,SHOP_039,BEN_02542,2025-12-22 18:36:22.024274,Sugar,3,60.0,28.707365,77.109479,Rohini,0
e28e5988-8356-41db-b92b-5fdd28fb26a8,SHOP_048,BEN_02249,2025-12-22 18:37:56.024274,Sugar,1,20.0,28.596532,77.044874,Dwarka,0
0af1bf24-4b3a-45a8-9ad5-1d6a0f07a9af,SHOP_037,BEN_02063,2025-12-22 18:44:18.024274,Sugar,2,40.0,28.707215,77.215419,North Delhi,0
718001a3-9e5f-4226-9732-cf2d5bb5d2c4,SHOP_019,BEN_00765,2025-12-22 18:45:02.024274,Kerosene,3,75.0,28.631679,77.201199,Central Delhi,0
8601c9f2-0711-4a2e-80d9-254b32421b87,SHOP_041,BEN_01754,2025-12-22 18:49:29.024274,Sugar,3,60.0,28.676266,77.100986,West Delhi,0
c175ef6c-9912-4e81-9a8c-933524788720,SHOP_036,BEN_00244,2025-12-22 18:50:29.024274,Sugar,2,40.0,28.73997,77.11894,Rohini,0
3ef28c18-aecc-4b5d-9834-fb44ef11f9b5,SHOP_003,BEN_00658,2025-12-22 18:55:59.024274,Oil,2,100.0,28.506364,77.204896,South Delhi,0
ca329716-0031-4301-af5f-27d26dc478a7,SHOP_044,BEN_00033,2025-12-22 19:03:08.024274,Kerosene,3,75.0,28.615898,77.224361,Central Delhi,0
4b80906f-fc0a-4e92-97fc-1466b4f1c368,SHOP_004,BEN_01355,2025-12-22 19:04:58.024274,Oil,2,100.0,28.709316,77.129745,Rohini,0
34773e58-24b6-43a2-a068-a26225e717e7,SHOP_009,BEN_01012,2025-12-22 19:13:46.024274,Rice,19,57.0,28.633713,77.107844,West Delhi,0
bc89dbb6-4600-4847-9174-6d62570201c9,SHOP_012,BEN_02403,2025-12-22 19:16:27.024274,Wheat,15,30.0,28.618685,77.319017,East Delhi,0
1db02688-174d-4fae-b216-99152ce19c0d,SHOP_026,BEN_01600,2025-12-22 19:19:56.024274,Kerosene,2,50.0,28.645158,77.323228,East Delhi,0
de3d13e4-11d4-4eac-bf35-cc5d78285f33,SHOP_010,BEN_00437,2025-12-22 19:21:18.024274,Sugar,2,40.0,28.581134,77.064005,Dwarka,0
02edaab4-6c02-432e-b7fd-6547aff0e4a9,SHOP_043,BEN_00542,2025-12-22 19:26:05.024274,Sugar,1,20.0,28.561519,77.048283,Dwarka,0
03b04f55-885f-4652-b906-a5fba999f777,SHOP_045,BEN_00684,2025-12-22 19:37:00.024274,Sugar,1,20.0,28.633767,77.205731,Central Delhi,0
a8c77bc8-7603-4392-b6fe-a79bf348b24e,SHOP_014,BEN_00143,2025-12-22 19:42:26.024274,Oil,2,100.0,28.708352,77.106686,Rohini,0
8f56ef9c-2599-49f7-9ec3-57c645f8441b,SHOP_031,BEN_01162,2025-12-22 19:51:35.024274,Sugar,1,20.0,28.727982,77.18544,North Delhi,0
9d51d324-9818-4c11-a831-507fe20879b5,SHOP_037,BEN_00191,2025-12-22 19:54:59.024274,Kerosene,3,75.0,28.707215,77.215419,North Delhi,0
49b44e6a-5741-4dbb-943a-341d96c309ab,SHOP_028,BEN_01868,2025-12-23 08:01:54.024274,Kerosene,2,50.0,28.644078,77.187159,Central Delhi,0
44db954e-13a3-4429-af04-1f1debc0ddb1,SHOP_011,BEN_01899,2025-12-23 08:04:51.024274,Wheat,7,14.0,28.732554,77.205993,North Delhi,0
00916780-ccd1-41a1-9c22-9d11217617a0,SHOP_012,BEN_01752,2025-12-23 08:06:10.024274,Sugar,2,40.0,28.618685,77.319017,East Delhi,0
37810082-a124-493e-9d52-02d744ebaca7,SHOP_049,BEN_00035,2025-12-23 08:06:41.024274,Wheat,6,12.0,28.514677,77.242533,South Delhi,0
460d9f7e-6ee4-4b39-a3fb-840493ff93e9,SHOP_014,BEN_01492,2025-12-23 08:18:51.024274,Rice,12,36.0,28.708352,77.106686,Rohini,0
1247a8f2-75ed-421d-afb3-5e268f1ff6b3,SHOP_005,BEN_02956,2025-12-23 08:24:23.024274,Oil,1,50.0,28.599771,77.274279,East Delhi,0
e3d0cead-3c22-4621-86ef-7c1a9f96a90a,SHOP_046,BEN_00184,2025-12-23 08:25:14.024274,Sugar,1,20.0,28.634402,77.315239,East Delhi,0
e3d35396-b431-48b6-94be-f38b5962a906,SHOP_038,BEN_00267,2025-12-23 08:28:23.024274,Oil,1,50.0,28.737713,77.199062,North Delhi,0
1ff70564-13c7-4ac1-8226-973c28315df7,SHOP_025,BEN_00447,2025-12-23 08:29:12.024274,Rice,11,33.0,28.624929,77.222474,Central Delhi,0
859df13f-d40e-4f83-bcf7-fb62f19276d4,SHOP_005,BEN_00434,2025-12-23 08:29:59.024274,Rice,7,21.0,28.599771,77.274279,East Delhi,0
d4a7edd5-8137-4fd7-8dab-5000f31dc6a2,SHOP_038,BEN_00900,2025-12-23 08:33:19.024274,Sugar,1,20.0,28.737713,77.199062,North Delhi,0
070140af-6853-4d7d-8e59-a91e0d1de97c,SHOP_010,BEN_00580,2025-12-23 08:35:33.024274,Kerosene,1,25.0,28.581134,77.064005,Dwarka,0
f9f7e686-4580-4fe3-af8c-0989ee64764b,SHOP_017,BEN_00919,2025-12-23 08:39:12.024274,Sugar,1,20.0,28.722696,77.129286,Rohini,0
67b7bee5-5598-4852-add1-5ba9da82d18e,SHOP_012,BEN_02100,2025-12-23 08:39:17.024274,Wheat,14,28.0,28.618685,77.319017,East Delhi,0
5eb31d6a-2710-4763-95c0-c62e42b32623,SHOP_010,BEN_01468,2025-12-23 08:40:25.024274,Sugar,1,20.0,28.581134,77.064005,Dwarka,0
c8a650b8-709e-4474-8fae-14643a2f31ab,SHOP_041,BEN_02483,2025-12-23 08:42:34.024274,Oil,1,50.0,28.676266,77.100986,West Delhi,0
971f2aad-b81f-444c-99c7-d0fa40689625,SHOP_018,BEN_02721,2025-12-23 08:45:45.024274,Wheat,17,34.0,28.610429,77.188088,Central Delhi,0
d6639ced-5eae-4e4a-a5d1-774affe360da,SHOP_031,BEN_01511,2025-12-23 08:47:40.024274,Wheat,15,30.0,28.727982,77.18544,North Delhi,0
4ac1346d-1302-4e10-a4db-b2bb00831e98,SHOP_046,BEN_02454,2025-12-23 08:50:25.024274,Wheat,7,14.0,28.634402,77.315239,East Delhi,0
279594da-46d4-488e-8b9b-8c4167fb6052,SHOP_042,BEN_02191,2025-12-23 08:51:28.024274,Wheat,18,36.0,28.598757,77.020815,Dwarka,0
fabc10c5-7fd1-4763-b709-f8eaa7f20341,SHOP_008,BEN_02424,2025-12-23 08:56:30.024274,Sugar,2,40.0,28.666336,77.103257,West Delhi,0
0bf42b03-a1fa-458e-8aaa-ef784621c0f9,SHOP_010,BEN_01575,2025-12-23 08:59:26.024274,Sugar,3,60.0,28.581134,77.064005,Dwarka,0
4e7102bf-044c-4d78-bf4f-46a099410bff,SHOP_048,BEN_00480,2025-12-23 08:59:28.024274,Wheat,17,34.0,28.596532,77.044874,Dwarka,0
16ad3eae-9c1f-4d71-8d97-90d084659fd1,SHOP_044,BEN_01662,2025-12-23 09:06:01.024274,Sugar,2,40.0,28.615898,77.224361,Central Delhi,0
40678b03-45f2-425c-bbf7-b67eb728da32,SHOP_001,BEN_01473,2025-12-23 09:08:18.024274,Sugar,2,40.0,28.563667,77.196744,South Delhi,0
bb1d4f8e-4db1-4ee9-baba-dd656ca51878,SHOP_013,BEN_02216,2025-12-23 09:12:02.024274,Sugar,3,60.0,28.689861,77.183213,North Delhi,0
7656a294-2f85-46e1-810a-76e037a34c98,SHOP_046,BEN_01567,2025-12-23 09:17:46.024274,Sugar,3,60.0,28.634402,77.315239,East Delhi,0
457779cf-c87a-4d16-b8cf-6055b04750b4,SHOP_001,BEN_02715,2025-12-23 09:20:58.024274,Sugar,1,20.0,28.563667,77.196744,South Delhi,0
fb61ee35-d3b3-4eb9-9b7a-3b2964cc7abf,SHOP_017,BEN_02199,2025-12-23 09:22:56.024274,Oil,2,100.0,28.722696,77.129286,Rohini,0
ebeedd48-bfc1-4af3-ae88-01ac9863851c,SHOP_014,BEN_02566,2025-12-23 09:23:02.024274,Oil,2,100.0,28.708352,77.106686,Rohini,0
87b064da-8754-43c4-a747-cc6670cb8013,SHOP_018,BEN_00140,2025-12-23 09:26:16.024274,Wheat,12,24.0,28.610429,77.188088,Central Delhi,0
ab9dd65e-a763-4745-9c73-0302463f143b,SHOP_043,BEN_01576,2025-12-23 09:26:22.024274,Sugar,2,40.0,28.561519,77.048283,Dwarka,0
8508c1b6-dd3b-4c02-aa22-56384c13f33b,SHOP_037,BEN_01185,2025-12-23 09:26:40.024274,Kerosene,1,25.0,28.707215,77.215419,North Delhi,0
fc1c67e2-a193-45c8-bc8a-d1b2466a4716,SHOP_013,BEN_01579,2025-12-23 09:27:07.024274,Kerosene,1,25.0,28.689861,77.183213,North Delhi,0
d82dad1b-6396-4482-b93a-316363a4029f,SHOP_031,BEN_00074,2025-12-23 09:29:13.024274,Wheat,19,38.0,28.727982,77.18544,North Delhi,0
7ccfe4ad-ce90-4d2c-9f08-e37af54af639,SHOP_050,BEN_00444,2025-12-23 09:30:08.024274,Oil,1,50.0,28.560938,77.180795,South Delhi,0
1b53faf8-3e25-409e-b14c-0c6b815bda63,SHOP_022,BEN_02894,2025-12-23 09:32:29.024274,Oil,1,50.0,28.696907,77.177649,North Delhi,0
e2613313-01e6-46ae-b613-0d0935121276,SHOP_042,BEN_00612,2025-12-23 09:36:15.024274,Rice,10,30.0,28.598757,77.020815,Dwarka,0
af292c77-9edf-4a4b-a1c3-0dcef2ea66c2,SHOP_041,BEN_02096,2025-12-23 09:43:49.024274,Sugar,3,60.0,28.676266,77.100986,West Delhi,0
e40a2389-ef4d-4473-a6c8-6b3808a56ea4,SHOP_041,BEN_00244,2025-12-23 09:49:01.024274,Kerosene,1,25.0,28.676266,77.100986,West Delhi,0
c8f81149-4a58-422f-8b37-0291495b2b70,SHOP_048,BEN_01093,2025-12-23 09:50:25.024274,Rice,17,51.0,28.596532,77.044874,Dwarka,0
e1bed55c-c628-4957-9cbc-328389ae1260,SHOP_048,BEN_01144,2025-12-23 09:54:12.024274,Rice,12,36.0,28.596532,77.044874,Dwarka,0
64069d72-80fb-49c6-b09f-d861f884d404,SHOP_048,BEN_02024,2025-12-23 09:56:12.024274,Kerosene,2,50.0,28.596532,77.044874,Dwarka,0
f9bed0a8-f748-4875-a484-c3f3a7622cc5,SHOP_040,BEN_01226,2025-12-23 10:00:50.024274,Kerosene,3,75.0,28.673266,77.089259,West Delhi,0
d8d39b93-e724-40e7-b836-83efb8e15547,SHOP_008,BEN_01607,2025-12-23 10:04:29.024274,Wheat,6,12.0,28.666336,77.103257,West Delhi,0
2ec1c4bd-7f3e-4764-a933-0fa605f0dbfc,SHOP_009,BEN_00682,2025-12-23 10:04:39.024274,Sugar,1,20.0,28.633713,77.107844,West Delhi,0
cc808904-8509-4d8a-a410-a31497664c17,SHOP_029,BEN_02913,2025-12-23 10:09:36.024274,Oil,1,50.0,28.583723,77.064561,Dwarka,0
946591c7-1184-457a-b2e2-964b2a856d25,SHOP_035,BEN_01424,2025-12-23 10:37:44.024274,Oil,1,50.0,28.715607,77.125559,Rohini,0
418f2d50-027c-4998-9985-2d29a075f87e,SHOP_036,BEN_00940,2025-12-23 10:42:46.024274,Oil,1,50.0,28.73997,77.11894,Rohini,0
1c8ef647-9b35-454e-83d9-f1bc95b4ddd2,SHOP_019,BEN_00264,2025-12-23 10:45:30.024274,Rice,8,24.0,28.631679,77.201199,Central Delhi,0
de674bf8-d865-4f77-ad3d-4d33cf8377c4,SHOP_050,BEN_02348,2025-12-23 10:56:42.024274,Sugar,1,20.0,28.560938,77.180795,South Delhi,0
1a810f6e-818d-4d91-9ba2-84583ef182d4,SHOP_029,BEN_02716,2025-12-23 11:01:39.024274,Rice,12,36.0,28.583723,77.064561,Dwarka,0
1615e2b7-b82f-4e97-a157-e0694286b778,SHOP_040,BEN_02181,2025-12-23 11:04:14.024274,Kerosene,1,25.0,28.673266,77.089259,West Delhi,0
63828fb5-cffc-456f-aa69-ab1e91081d64,SHOP_024,BEN_00889,2025-12-23 11:04:32.024274,Rice,10,30.0,28.505958,77.198023,South Delhi,0
b6c23a77-c45a-4498-ae46-3d4a17b4a289,SHOP_047,BEN_01002,2025-12-23 11:04:51.024274,Sugar,2,40.0,28.715937,77.10426,Rohini,0
196296f5-4059-4c88-ab67-ba40c93a2acd,SHOP_009,BEN_01024,2025-12-23 11:08:43.024274,Wheat,20,40.0,28.633713,77.107844,West Delhi,0
12a71e15-c41d-40f8-8a00-75178ce85062,SHOP_014,BEN_01230,2025-12-23 11:13:19.024274,Kerosene,1,25.0,28.708352,77.106686,Rohini,0
aa7975b5-6bdd-4c89-9b93-6d9651f5c850,SHOP_027,BEN_00308,2025-12-23 11:16:24.024274,Kerosene,1,25.0,28.603311,77.025358,Dwarka,0
a303de17-1cb3-4fd5-9c2a-29a0e732ecfd,SHOP_026,BEN_00358,2025-12-23 11:18:22.024274,Oil,1,50.0,28.645158,77.323228,East Delhi,0
1e68f0e3-4241-46c2-a75e-a7e564fb3ac5,SHOP_039,BEN_01237,2025-12-23 11:19:37.024274,Rice,9,27.0,28.707365,77.109479,Rohini,0
3db3d1d4-0f21-47ae-b5ba-3d8036eaa96e,SHOP_019,BEN_02446,2025-12-23 11:36:00.024274,Rice,15,45.0,28.631679,77.201199,Central Delhi,0
afe18c65-774b-477d-bc0c-600c89a1f469,SHOP_016,BEN_01259,2025-12-23 11:36:10.024274,Kerosene,3,75.0,28.644796,77.107779,West Delhi,0
400f19ae-ddde-45da-a67b-8753c78a653e,SHOP_028,BEN_02264,2025-12-23 11:36:15.024274,Wheat,5,10.0,28.644078,77.187159,Central Delhi,0
e156ace0-36ef-4086-9c21-70ad424294ea,SHOP_046,BEN_00287,2025-12-23 11:52:59.024274,Rice,19,57.0,28.634402,77.315239,East Delhi,0
17af83b4-e3a6-4f3e-af2c-f684b4cdfdef,SHOP_044,BEN_02512,2025-12-23 12:05:12.024274,Oil,2,100.0,28.615898,77.224361,Central Delhi,0
0da5f599-2848-490d-bdc7-2a9a11971ff5,SHOP_050,BEN_01420,2025-12-23 12:06:17.024274,Oil,2,100.0,28.560938,77.180795,South Delhi,0
5516a665-dfde-4e92-bc20-f8111b4c2476,SHOP_037,BEN_02003,2025-12-23 12:07:17.024274,Oil,1,50.0,28.707215,77.215419,North Delhi,0
10a2a427-40e2-4b9f-be90-8e138eee335c,SHOP_032,BEN_01156,2025-12-23 12:17:57.024274,Kerosene,2,50.0,28.708017,77.126743,Rohini,0
c243f891-e1a9-4d31-8ab5-928d10c9f42f,SHOP_041,BEN_01538,2025-12-23 12:29:20.024274,Kerosene,2,50.0,28.676266,77.100986,West Delhi,0
1310d3d1-7b70-4c01-9597-ebeb0fec2fa5,SHOP_048,BEN_02198,2025-12-23 12:31:45.024274,Rice,7,21.0,28.596532,77.044874,Dwarka,0
53f6c8dc-5e51-42a2-bb0e-eb2eb88b7512,SHOP_016,BEN_00711,2025-12-23 12:33:29.024274,Sugar,3,60.0,28.644796,77.107779,West Delhi,0
dabc2821-61f2-4159-a93b-3844d054102a,SHOP_011,BEN_01602,2025-12-23 12:37:44.024274,Oil,1,50.0,28.732554,77.205993,North Delhi,0
4a3ba51b-f61b-4ce9-bc22-04ea6a2b5639,SHOP_029,BEN_02103,2025-12-23 12:42:49.024274,Oil,1,50.0,28.583723,77.064561,Dwarka,0
c7f01916-da57-4975-8334-f179fb034f1c,SHOP_042,BEN_00266,2025-12-23 12:44:58.024274,Sugar,2,40.0,28.598757,77.020815,Dwarka,0
ef444dc5-6d0e-4833-a193-16f1761588e8,SHOP_007,BEN_02496,2025-12-23 12:48:53.024274,Rice,18,54.0,28.520513,77.217525,South Delhi,0
199892a1-2800-4ec1-a776-83effc7b0e27,SHOP_009,BEN_01104,2025-12-23 12:52:15.024274,Oil,1,50.0,28.633713,77.107844,West Delhi,0
01154f1c-8516-4dde-b20e-df382a5d4b0d,SHOP_011,BEN_01467,2025-12-23 12:58:16.024274,Sugar,2,40.0,28.732554,77.205993,North Delhi,0
d66059ae-c72e-4cac-a299-4b42956be775,SHOP_050,BEN_00393,2025-12-23 13:01:57.024274,Kerosene,1,25.0,28.560938,77.180795,South Delhi,0
09103b18-869f-4d41-bf12-7e477cb76694,SHOP_041,BEN_01205,2025-12-23 13:02:56.024274,Sugar,1,20.0,28.676266,77.100986,West Delhi,0
bb23e661-5017-4212-8ad1-36a172b40b34,SHOP_042,BEN_01705,2025-12-23 13:03:23.024274,Rice,13,39.0,28.598757,77.020815,Dwarka,0
0a1f0633-715c-4986-b925-e44484476f5a,SHOP_003,BEN_00260,2025-12-23 13:03:44.024274,Wheat,6,12.0,28.506364,77.204896,South Delhi,0
1d20a781-52e9-45ec-a276-d22773f93ff0,SHOP_008,BEN_02944,2025-12-23 13:04:19.024274,Wheat,19,38.0,28.666336,77.103257,West Delhi,0
b24aa1f8-400b-4f56-957a-54604f3850fc,SHOP_004,BEN_00777,2025-12-23 13:05:33.024274,Rice,16,48.0,28.709316,77.129745,Rohini,0
91d5321a-e08a-4906-9bf8-97e462e949ed,SHOP_029,BEN_00082,2025-12-23 13:06:20.024274,Kerosene,1,25.0,28.583723,77.064561,Dwarka,0
796e27a2-946a-49c1-b391-ba4fafc0d3e1,SHOP_031,BEN_02618,2025-12-23 13:10:53.024274,Wheat,18,36.0,28.727982,77.18544,North Delhi,0
c054cb82-4731-4d13-9e1a-4730b2e89f6d,SHOP_044,BEN_01357,2025-12-23 13:13:03.024274,Sugar,2,40.0,28.615898,77.224361,Central Delhi,0
7195d422-b660-4b0f-a139-376745f107dd,SHOP_036,BEN_02504,2025-12-23 13:13:39.024274,Rice,10,30.0,28.73997,77.11894,Rohini,0
19abdc93-2a9c-45b5-a997-534f6a5bccca,SHOP_044,BEN_02775,2025-12-23 13:15:25.024274,Kerosene,3,75.0,28.615898,77.224361,Central Delhi,0
8a82bee2-3a21-4abc-86dd-5d942dd164da,SHOP_033,BEN_01124,2025-12-23 13:16:00.024274,Oil,2,100.0,28.731131,77.204781,North Delhi,0
6a9fa7c1-1bcf-4ffb-9630-01bc956770c5,SHOP_015,BEN_02397,2025-12-23 13:16:20.024274,Rice,12,36.0,28.630112,77.110956,West Delhi,0
f7f9f1ca-39b9-4ec1-8bc7-e838d645bda9,SHOP_044,BEN_02143,2025-12-23 13:18:34.024274,Oil,2,100.0,28.615898,77.224361,Central Delhi,0
17b68dbf-3ade-4487-9e27-7480815f63c6,SHOP_003,BEN_00765,2025-12-23 13:21:06.024274,Oil,1,50.0,28.506364,77.204896,South Delhi,0
db45021b-5297-49d0-9e16-341640af6031,SHOP_023,BEN_00973,2025-12-23 13:23:14.024274,Kerosene,3,75.0,28.592266,77.310411,East Delhi,0
538908cd-d006-47a5-b9c6-a8ad3058e48b,SHOP_045,BEN_01017,2025-12-23 13:24:38.024274,Kerosene,1,25.0,28.633767,77.205731,Central Delhi,0
7999d41c-95e5-40ab-a1bf-b84d1b4d03cf,SHOP_036,BEN_01203,2025-12-23 13:29:47.024274,Sugar,1,20.0,28.73997,77.11894,Rohini,0
1c632bc2-edb3-4040-8b85-d343c2c64356,SHOP_038,BEN_02036,2025-12-23 13:30:37.024274,Rice,14,42.0,28.737713,77.199062,North Delhi,0
b1b7db30-5ab9-46a7-8d53-5ca93844f40d,SHOP_031,BEN_02790,2025-12-23 13:35:22.024274,Oil,1,50.0,28.727982,77.18544,North Delhi,0
24f2d2fd-86eb-4e26-b712-28fcb01b8b3a,SHOP_040,BEN_02781,2025-12-23 13:35:28.024274,Sugar,2,40.0,28.673266,77.089259,West Delhi,0
0329e19a-a1ef-4cef-9695-e9d7830924cd,SHOP_035,BEN_00866,2025-12-23 13:39:27.024274,Sugar,2,40.0,28.715607,77.125559,Rohini,0
1337edac-af3b-4466-b362-4dd8935b1c3b,SHOP_018,BEN_01416,2025-12-23 13:42:21.024274,Rice,18,54.0,28.610429,77.188088,Central Delhi,0
504193c2-d288-43e3-a16c-c22f62006fc4,SHOP_042,BEN_02325,2025-12-23 13:48:19.024274,Wheat,9,18.0,28.598757,77.020815,Dwarka,0
7bfd84c5-d1b6-4db3-a7aa-d8abff955a7f,SHOP_006,BEN_02654,2025-12-23 13:53:47.024274,Oil,1,50.0,28.6356,77.229758,Central Delhi,0
f4157fff-9dd8-4a31-baf6-514eca37afb5,SHOP_035,BEN_02089,2025-12-23 14:02:48.024274,Sugar,1,20.0,28.715607,77.125559,Rohini,0
1ec3c96b-d00a-432c-a967-a4e996c58a2e,SHOP_049,BEN_01375,2025-12-23 14:04:25.024274,Rice,9,27.0,28.514677,77.242533,South Delhi,0
641d4a07-b349-4bf0-b461-5e719512260c,SHOP_045,BEN_00573,2025-12-23 14:08:05.024274,Wheat,18,36.0,28.633767,77.205731,Central Delhi,0
7de681ac-6f9f-49ee-bac6-462bb0c2165b,SHOP_049,BEN_00750,2025-12-23 14:13:34.024274,Wheat,15,30.0,28.514677,77.242533,South Delhi,0
6890127b-af9b-4b5b-9ba1-e584971aa6d1,SHOP_041,BEN_00422,2025-12-23 14:21:33.024274,Oil,2,100.0,28.676266,77.100986,West Delhi,0
e4a0c6da-ba8a-4973-9d49-f3a6ea017a30,SHOP_007,BEN_02457,2025-12-23 14:23:04.024274,Rice,19,57.0,28.520513,77.217525,South Delhi,0
ba209157-ad90-422b-827c-8f7e71d3b538,SHOP_006,BEN_02571,2025-12-23 14:33:51.024274,Oil,2,100.0,28.6356,77.229758,Central Delhi,0
3caf9ef9-e84c-46fd-811c-c414416bb0b1,SHOP_003,BEN_02330,2025-12-23 14:36:46.024274,Wheat,19,38.0,28.506364,77.204896,South Delhi,0
735b443c-a6e8-46c4-a21d-53029adefd47,SHOP_018,BEN_02112,2025-12-23 14:46:40.024274,Sugar,3,60.0,28.610429,77.188088,Central Delhi,0
352270b0-4857-4e1a-921b-266f23329a44,SHOP_033,BEN_01620,2025-12-23 14:46:47.024274,Kerosene,1,25.0,28.731131,77.204781,North Delhi,0
8d8671f0-50ca-4272-943f-fa52ee63addf,SHOP_023,BEN_01361,2025-12-23 14:47:10.024274,Rice,16,48.0,28.592266,77.310411,East Delhi,0
48271101-94a7-41ed-8b7d-6f019d1f777d,SHOP_016,BEN_01311,2025-12-23 14:47:42.024274,Rice,14,42.0,28.644796,77.107779,West Delhi,0
4cb72c92-fcee-442b-93e2-5957061a2aab,SHOP_025,BEN_00669,2025-12-23 14:49:17.024274,Wheat,7,14.0,28.624929,77.222474,Central Delhi,0
6bdb6e4d-8920-4885-80ff-0c9cee4ee5bb,SHOP_049,BEN_00759,2025-12-23 14:55:48.024274,Kerosene,2,50.0,28.514677,77.242533,South Delhi,0
5d2d8864-6b63-4c54-ac90-4887f8b30839,SHOP_008,BEN_02393,2025-12-23 15:01:12.024274,Oil,1,50.0,28.666336,77.103257,West Delhi,0
453caadf-acbd-4b33-a958-ee6899be83ad,SHOP_017,BEN_01163,2025-12-23 15:04:49.024274,Kerosene,2,50.0,28.722696,77.129286,Rohini,0
0ce6acab-9793-41e5-a079-78cb1f0d751d,SHOP_009,BEN_01476,2025-12-23 15:11:34.024274,Rice,18,54.0,28.633713,77.107844,West Delhi,0
ff7e597b-1bcd-428f-8b08-21b9d56313f4,SHOP_014,BEN_01745,2025-12-23 15:15:52.024274,Rice,6,18.0,28.708352,77.106686,Rohini,0
4c2ff1ef-c8ab-4a2c-befa-0867cb725064,SHOP_006,BEN_01785,2025-12-23 15:19:55.024274,Wheat,9,18.0,28.6356,77.229758,Central Delhi,0
41b896a2-c065-47f3-a1d5-8ce3a42ff46a,SHOP_042,BEN_01681,2025-12-23 15:22:46.024274,Sugar,2,40.0,28.598757,77.020815,Dwarka,0
f3cc7e64-95d5-4bb7-83ac-c24c97da87a6,SHOP_001,BEN_02017,2025-12-23 15:29:55.024274,Wheat,16,32.0,28.563667,77.196744,South Delhi,0
82522ec1-4ffd-43c7-b1e2-1fb9102e4281,SHOP_017,BEN_01478,2025-12-23 15:30:14.024274,Oil,2,100.0,28.722696,77.129286,Rohini,0
64ff004d-8ad3-4306-a6e9-c93f409af9c8,SHOP_022,BEN_00304,2025-12-23 15:35:23.024274,Wheat,7,14.0,28.696907,77.177649,North Delhi,0
728b7b31-5141-493a-ab2a-8e9a48537f1e,SHOP_025,BEN_01262,2025-12-23 15:36:11.024274,Rice,18,54.0,28.624929,77.222474,Central Delhi,0
76b51a54-5ecf-42f2-aeea-7043698c8935,SHOP_040,BEN_00967,2025-12-23 15:44:17.024274,Oil,2,100.0,28.673266,77.089259,West Delhi,0
75ce32e6-dd42-4dd2-86f2-5e050bb22c86,SHOP_037,BEN_01799,2025-12-23 15:45:54.024274,Rice,12,36.0,28.707215,77.215419,North Delhi,0
fe5272d6-37e6-4538-b636-1fced2ba4c32,SHOP_001,BEN_01370,2025-12-23 16:07:31.024274,Rice,8,24.0,28.563667,77.196744,South Delhi,0
71b01c66-f905-47f9-8b71-1bea833b207a,SHOP_048,BEN_01165,2025-12-23 16:07:36.024274,Wheat,19,38.0,28.596532,77.044874,Dwarka,0
c4a2b277-16d4-4cc1-87ae-0b43916090d2,SHOP_032,BEN_01175,2025-12-23 16:08:32.024274,Wheat,17,34.0,28.708017,77.126743,Rohini,0
3d530c3d-73f0-4756-88ca-d5a9d413dd15,SHOP_008,BEN_01406,2025-12-23 16:19:40.024274,Rice,15,45.0,28.666336,77.103257,West Delhi,0
f0821d34-875c-4eaf-8b5f-54970710b801,SHOP_009,BEN_02300,2025-12-23 16:24:00.024274,Sugar,3,60.0,28.633713,77.107844,West Delhi,0
f248514f-a772-4dbb-81e7-977f4de8aef8,SHOP_040,BEN_00726,2025-12-23 16:30:19.024274,Oil,1,50.0,28.673266,77.089259,West Delhi,0
572adf29-6fe7-4989-816a-c9aa895de3c0,SHOP_046,BEN_00682,2025-12-23 16:40:54.024274,Oil,1,50.0,28.634402,77.315239,East Delhi,0
436aeaeb-4887-45d5-96ef-68322abf74fa,SHOP_046,BEN_00094,2025-12-23 16:46:21.024274,Sugar,1,20.0,28.634402,77.315239,East Delhi,0
1e10ad4d-a140-4c7d-911f-f948a58dfdc4,SHOP_032,BEN_01233,2025-12-23 16:54:40.024274,Wheat,10,20.0,28.708017,77.126743,Rohini,0
a9001196-eacb-421b-81a6-af5350af5be0,SHOP_047,BEN_02098,2025-12-23 16:55:48.024274,Sugar,2,40.0,28.715937,77.10426,Rohini,0
a6910eb4-66b0-48a7-bca0-597b5aed9521,SHOP_032,BEN_00655,2025-12-23 17:04:22.024274,Kerosene,3,75.0,28.708017,77.126743,Rohini,0
5f6b276a-b9ac-4c5a-8176-f0f9067679f4,SHOP_015,BEN_02720,2025-12-23 17:12:45.024274,Kerosene,3,75.0,28.630112,77.110956,West Delhi,0
1c645ce8-04b4-42de-b083-79157cfdcfeb,SHOP_047,BEN_00947,2025-12-23 17:16:25.024274,Kerosene,3,75.0,28.715937,77.10426,Rohini,0
472e097c-d802-48df-ad97-d4153e6fc0a2,SHOP_048,BEN_02610,2025-12-23 17:17:08.024274,Sugar,1,20.0,28.596532,77.044874,Dwarka,0
5b06aeb5-139f-4b6f-8926-c8cf2905e640,SHOP_045,BEN_01843,2025-12-23 17:24:55.024274,Oil,1,50.0,28.633767,77.205731,Central Delhi,0
c913f365-fcd8-4b30-a06d-2f946ac153c4,SHOP_033,BEN_00766,2025-12-23 17:37:57.024274,Kerosene,3,75.0,28.731131,77.204781,North Delhi,0
e2ff2bdf-477d-4425-a56d-c4b459b7bbbb,SHOP_041,BEN_02023,2025-12-23 17:43:18.024274,Oil,2,100.0,28.676266,77.100986,West Delhi,0
84b4d605-b273-4940-8ffe-b9f15e858dbd,SHOP_028,BEN_01313,2025-12-23 17:44:36.024274,Sugar,1,20.0,28.644078,77.187159,Central Delhi,0
0ef9b927-c52f-4257-8654-a951e94b48b8,SHOP_038,BEN_01715,2025-12-23 17:49:12.024274,Wheat,15,30.0,28.737713,77.199062,North Delhi,0
71527659-eea3-48e8-97a4-7e889580061d,SHOP_016,BEN_01069,2025-12-23 17:55:49.024274,Wheat,20,40.0,28.644796,77.107779,West Delhi,0
8a582548-1f9b-4d57-82ac-ac9944aab557,SHOP_031,BEN_00224,2025-12-23 18:06:01.024274,Oil,2,100.0,28.727982,77.18544,North Delhi,0
569c0191-4edd-4fac-982a-3bee57f85bf5,SHOP_006,BEN_01445,2025-12-23 18:10:25.024274,Sugar,1,20.0,28.6356,77.229758,Central Delhi,0
3bb22bbf-b884-43fc-bafd-537de4e2a94e,SHOP_016,BEN_00856,2025-12-23 18:10:39.024274,Oil,1,50.0,28.644796,77.107779,West Delhi,0
2557c65b-d807-47c0-907e-567c03b018fb,SHOP_043,BEN_02916,2025-12-23 18:25:10.024274,Sugar,2,40.0,28.561519,77.048283,Dwarka,0
0df7a25d-cd87-4f1a-9739-6b0e8ae86b70,SHOP_015,BEN_01420,2025-12-23 18:31:47.024274,Sugar,3,60.0,28.630112,77.110956,West Delhi,0
6322d8ef-3778-4903-9594-0269e49685f9,SHOP_033,BEN_02835,2025-12-23 18:33:34.024274,Sugar,2,40.0,28.731131,77.204781,North Delhi,0
aaeea07b-fb78-401f-b4f5-3828ba88f328,SHOP_039,BEN_00663,2025-12-23 18:37:28.024274,Oil,2,100.0,28.707365,77.109479,Rohini,0
90bded67-ad19-4cf0-b5e1-06ad5c4a9dae,SHOP_019,BEN_02982,2025-12-23 18:46:58.024274,Sugar,3,60.0,28.631679,77.201199,Central Delhi,0
63d6bde5-16a5-44f1-bea2-6fa2c6ffba9d,SHOP_048,BEN_01059,2025-12-23 18:53:53.024274,Oil,1,50.0,28.596532,77.044874,Dwarka,0
f815d4dd-24d0-4a18-a0c1-0dfbb1ef0d19,SHOP_022,BEN_01519,2025-12-23 18:54:56.024274,Rice,19,57.0,28.696907,77.177649,North Delhi,0
f7b82f9c-a823-4c3e-b359-4ee4bafee7ab,SHOP_008,BEN_00725,2025-12-23 18:59:37.024274,Sugar,2,40.0,28.666336,77.103257,West Delhi,0
5f4ba84a-e097-4367-aec7-7224f625233b,SHOP_022,BEN_01969,2025-12-23 19:06:15.024274,Kerosene,3,75.0,28.696907,77.177649,North Delhi,0
a992b7d6-de91-4ef1-a1a5-b9e752648cef,SHOP_006,BEN_02429,2025-12-23 19:11:16.024274,Wheat,18,36.0,28.6356,77.229758,Central Delhi,0
c2d25a43-b6b3-4689-ac63-1e87f55f177c,SHOP_038,BEN_00996,2025-12-23 19:15:26.024274,Rice,9,27.0,28.737713,77.199062,North Delhi,0
a405cd1a-70f8-4ea9-9453-d2434d4103c3,SHOP_011,BEN_02226,2025-12-23 19:18:06.024274,Oil,1,50.0,28.732554,77.205993,North Delhi,0
29f2b2e0-4794-413c-aa49-f2324b6ab71f,SHOP_038,BEN_00077,2025-12-23 19:23:18.024274,Kerosene,1,25.0,28.737713,77.199062,North Delhi,0
64e7f526-6e11-44ff-9137-98ac07f09976,SHOP_009,BEN_00359,2025-12-23 19:28:48.024274,Wheat,20,40.0,28.633713,77.107844,West Delhi,0
5a8bd158-ba9c-4ac1-97c4-03bf973382b8,SHOP_007,BEN_02562,2025-12-23 19:39:32.024274,Wheat,7,14.0,28.520513,77.217525,South Delhi,0
fac445a9-abf9-4500-a37f-cd172b669c21,SHOP_021,BEN_00319,2025-12-23 19:42:37.024274,Wheat,19,38.0,28.654216,77.114329,West Delhi,0
1f068a1a-d9ff-4ec4-bc7c-06055edbb731,SHOP_031,BEN_01306,2025-12-23 19:46:31.024274,Rice,13,39.0,28.727982,77.18544,North Delhi,0
8ea8db7d-9069-4586-80a7-4cc8422fb1c0,SHOP_021,BEN_01273,2025-12-23 19:52:55.024274,Oil,2,100.0,28.654216,77.114329,West Delhi,0
a5de5b38-b376-42e3-b1f7-1cb3c63d671d,SHOP_034,BEN_01629,2025-12-24 02:00:17.024274,Rice,5,15.0,28.586699,77.035213,Dwarka,1
dbe537d0-3506-4852-92fa-5298cbbb0901,SHOP_030,BEN_00551,2025-12-24 08:00:57.024274,Kerosene,2,50.0,28.656014,77.071143,West Delhi,0
e5c49854-7136-44a9-9380-ae636c8cf4ff,SHOP_039,BEN_01428,2025-12-24 08:02:10.024274,Rice,6,18.0,28.707365,77.109479,Rohini,0
694d8906-9268-4919-8fe2-71fe802e8690,SHOP_047,BEN_01486,2025-12-24 08:03:41.024274,Sugar,2,40.0,28.715937,77.10426,Rohini,0
13cec709-1531-4aff-813b-feec03cf0854,SHOP_013,BEN_02091,2025-12-24 08:16:34.024274,Rice,16,48.0,28.689861,77.183213,North Delhi,0
5aaa459b-3f01-4170-8788-fa394e560556,SHOP_002,BEN_00587,2025-12-24 08:18:34.024274,Oil,2,100.0,28.648957,77.10634,West Delhi,0
8e929fbb-a553-4f5c-94b8-2bdb15b0b6ff,SHOP_027,BEN_01280,2025-12-24 08:30:20.024274,Sugar,3,60.0,28.603311,77.025358,Dwarka,0
7713bc8a-7b92-40f3-947f-6f0f939e5e69,SHOP_028,BEN_00008,2025-12-24 08:38:00.024274,Kerosene,1,25.0,28.644078,77.187159,Central Delhi,0
54d995b4-9034-4a1d-af10-99c3742e3292,SHOP_005,BEN_01110,2025-12-24 08:44:43.024274,Wheat,9,18.0,28.599771,77.274279,East Delhi,0
d30a4137-19ef-461c-8c21-5f90e83b1e3d,SHOP_047,BEN_01383,2025-12-24 08:45:11.024274,Oil,1,50.0,28.715937,77.10426,Rohini,0
38d95dd4-5008-4138-9166-438c0af41593,SHOP_015,BEN_01201,2025-12-24 08:55:45.024274,Wheat,10,20.0,28.630112,77.110956,West Delhi,0
9ae7f383-936c-4b46-8072-5bdf64312eb3,SHOP_031,BEN_02941,2025-12-24 09:09:39.024274,Rice,12,36.0,28.727982,77.18544,North Delhi,0
46249a7c-4b70-4330-b2a2-98cb4d86d92b,SHOP_042,BEN_00670,2025-12-24 09:11:23.024274,Kerosene,1,25.0,28.598757,77.020815,Dwarka,0
402b1d75-1517-495b-816f-5840fb3e26b5,SHOP_010,BEN_00450,2025-12-24 09:15:51.024274,Oil,2,100.0,28.581134,77.064005,Dwarka,0
a2882e08-bf9a-4921-8826-e513ff380407,SHOP_011,BEN_02127,2025-12-24 09:16:16.024274,Kerosene,3,75.0,28.732554,77.205993,North Delhi,0
d3a2881f-8089-42d6-b8ba-3061e41e2fcd,SHOP_032,BEN_02609,2025-12-24 09:40:09.024274,Kerosene,3,75.0,28.708017,77.126743,Rohini,0
fd6a5efa-8e60-4734-b091-7ae5b0fa97dd,SHOP_037,BEN_01025,2025-12-24 09:45:07.024274,Sugar,1,20.0,28.707215,77.215419,North Delhi,0
9cb0f570-a8ff-40d1-8993-9b036f83082a,SHOP_028,BEN_00687,2025-12-24 09:50:27.024274,Sugar,3,60.0,28.644078,77.187159,Central Delhi,0
66e99f5f-0477-460a-9129-c4bce96ee188,SHOP_015,BEN_00270,2025-12-24 10:04:40.024274,Oil,2,100.0,28.630112,77.110956,West Delhi,0
ff315f04-2529-458f-8793-f82068670a69,SHOP_032,BEN_01606,2025-12-24 10:13:55.024274,Kerosene,3,75.0,28.708017,77.126743,Rohini,0
c3fd1227-751c-4d3b-bc84-5872d2cf7e13,SHOP_015,BEN_00598,2025-12-24 10:14:28.024274,Sugar,2,40.0,28.630112,77.110956,West Delhi,0
c7a3272a-39e9-4d4b-bbba-adfd73308974,SHOP_019,BEN_02335,2025-12-24 10:14:34.024274,Oil,2,100.0,28.631679,77.201199,Central Delhi,0
23b8d04d-6ac4-4a5f-944b-c5a149462e42,SHOP_044,BEN_02786,2025-12-24 10:16:16.024274,Rice,11,33.0,28.615898,77.224361,Central Delhi,0
1b321415-156f-4c17-8a37-aba7a3210d01,SHOP_036,BEN_01725,2025-12-24 10:20:16.024274,Kerosene,3,75.0,28.73997,77.11894,Rohini,0
b2642627-ba75-457f-a15a-fcf1cc1b4ec7,SHOP_013,BEN_01381,2025-12-24 10:26:43.024274,Sugar,1,20.0,28.689861,77.183213,North Delhi,0
b507b6e3-6d10-4ee2-b6f5-a92d3a3dfbbf,SHOP_047,BEN_00347,2025-12-24 10:29:55.024274,Sugar,2,40.0,28.715937,77.10426,Rohini,0
b90f7598-1441-4d0b-aafc-43748d17234a,SHOP_026,BEN_01856,2025-12-24 10:30:37.024274,Oil,1,50.0,28.645158,77.323228,East Delhi,0
c3b66bda-6559-4882-9272-346f587e6cfd,SHOP_037,BEN_00097,2025-12-24 10:34:21.024274,Rice,9,27.0,28.707215,77.215419,North Delhi,0
fedd7177-a020-4102-8a6e-709acfe3eb94,SHOP_006,BEN_02493,2025-12-24 10:36:07.024274,Sugar,3,60.0,28.6356,77.229758,Central Delhi,0
e6db3214-4a85-42e2-8a44-f1c05f140fb4,SHOP_036,BEN_01808,2025-12-24 10:39:14.024274,Wheat,13,26.0,28.73997,77.11894,Rohini,0
2f435121-a7a1-4ea2-b764-f2b76296a891,SHOP_035,BEN_00762,2025-12-24 10:41:30.024274,Wheat,15,30.0,28.715607,77.125559,Rohini,0
54864a17-1097-4a0b-8299-1b93ca86a174,SHOP_020,BEN_00454,2025-12-24 10:52:05.024274,Oil,1,50.0,28.736478,77.119912,Rohini,0
65db75ff-626f-4f32-8852-7887216d773d,SHOP_041,BEN_01073,2025-12-24 10:52:34.024274,Wheat,6,12.0,28.676266,77.100986,West Delhi,0
12ee30ec-39a5-49e6-8c27-dfc9e10d6f5b,SHOP_037,BEN_00689,2025-12-24 10:55:33.024274,Oil,2,100.0,28.707215,77.215419,North Delhi,0
7ff94d5c-d420-40a8-86a1-68966bb06857,SHOP_019,BEN_02762,2025-12-24 11:02:24.024274,Sugar,1,20.0,28.631679,77.201199,Central Delhi,0
17533200-2569-4a74-aa72-7bbd0f58c2b3,SHOP_008,BEN_01907,2025-12-24 11:02:49.024274,Rice,15,45.0,28.666336,77.103257,West Delhi,0
a0e8af9f-0da4-4779-9cbb-648fbaf66142,SHOP_026,BEN_01206,2025-12-24 11:02:58.024274,Rice,16,48.0,28.645158,77.323228,East Delhi,0
82ec36b7-9a5a-47a0-99c4-14fd13fe74cb,SHOP_018,BEN_00672,2025-12-24 11:10:19.024274,Kerosene,2,50.0,28.610429,77.188088,Central Delhi,0
a55835a1-0911-4d1d-b062-a947714a1f27,SHOP_047,BEN_00393,2025-12-24 11:11:02.024274,Sugar,1,20.0,28.715937,77.10426,Rohini,0
2b97e092-42f9-4881-ab1b-58d72cf1bbea,SHOP_025,BEN_02637,2025-12-24 11:11:52.024274,Sugar,2,40.0,28.624929,77.222474,Central Delhi,0
62ecab8c-994b-4f68-bdee-6f3217850b15,SHOP_008,BEN_00459,2025-12-24 11:13:37.024274,Oil,1,50.0,28.666336,77.103257,West Delhi,0
24cbdcf9-783e-43b5-ae93-e16117ad28fb,SHOP_019,BEN_00930,2025-12-24 11:15:12.024274,Rice,6,18.0,28.631679,77.201199,Central Delhi,0
cc5d49f4-0cef-466f-8826-6e72ba9e754b,SHOP_038,BEN_00862,2025-12-24 11:19:44.024274,Oil,1,50.0,28.737713,77.199062,North Delhi,0
1aa63ac5-0f61-4861-8d6f-2270c7cea97e,SHOP_034,BEN_00840,2025-12-24 11:25:47.024274,Rice,11,33.0,28.586699,77.035213,Dwarka,0
3fc7baf1-285a-430c-8cb3-6a8ce9162846,SHOP_002,BEN_00908,2025-12-24 11:25:49.024274,Rice,14,42.0,28.648957,77.10634,West Delhi,0
946e3f18-7a9e-4587-b297-383e084aa845,SHOP_035,BEN_01601,2025-12-24 11:25:57.024274,Rice,20,60.0,28.715607,77.125559,Rohini,0
c17f0fb6-b46d-4a87-a96c-baab85b74cf3,SHOP_031,BEN_01536,2025-12-24 11:28:32.024274,Wheat,10,20.0,28.727982,77.18544,North Delhi,0
c133e712-ec81-4d36-b7fa-a923de9d462e,SHOP_003,BEN_02369,2025-12-24 11:38:31.024274,Rice,13,39.0,28.506364,77.204896,South Delhi,0
5b125d70-22f8-472a-9e53-3811021bbbb0,SHOP_034,BEN_02720,2025-12-24 11:40:02.024274,Sugar,2,40.0,28.586699,77.035213,Dwarka,0
efcc0686-58fe-4dea-b99a-1e2fedd88bc3,SHOP_037,BEN_02266,2025-12-24 11:44:12.024274,Wheat,15,30.0,28.707215,77.215419,North Delhi,0
c40dd621-fbea-4e5e-8ac8-6cfe328f35df,SHOP_032,BEN_02989,2025-12-24 11:46:38.024274,Rice,15,45.0,28.708017,77.126743,Rohini,0
8527f594-d962-42fb-98e9-df669ffeebb0,SHOP_045,BEN_00534,2025-12-24 11:54:24.024274,Wheat,20,40.0,28.633767,77.205731,Central Delhi,0
8673ff31-8cca-4d77-970e-6febbde90c34,SHOP_009,BEN_00335,2025-12-24 11:55:55.024274,Wheat,10,20.0,28.633713,77.107844,West Delhi,0
401ef59a-16b9-4720-8193-21d01a237bb2,SHOP_009,BEN_01695,2025-12-24 11:58:44.024274,Rice,10,30.0,28.633713,77.107844,West Delhi,0
4d81cbcb-efb2-49f4-89e6-1f7edc40ef0c,SHOP_012,BEN_02465,2025-12-24 11:59:52.024274,Sugar,3,60.0,28.618685,77.319017,East Delhi,0
caab1cbe-3392-4df4-8bee-ebca8f7c06de,SHOP_037,BEN_00839,2025-12-24 12:08:29.024274,Wheat,15,30.0,28.707215,77.215419,North Delhi,0
956d342f-16ea-47ee-8b62-0e72ebe5cc03,SHOP_029,BEN_02406,2025-12-24 12:09:00.024274,Kerosene,1,25.0,28.583723,77.064561,Dwarka,0
21bf4106-5363-4c3a-b159-eabcd33c60bd,SHOP_040,BEN_00129,2025-12-24 12:12:17.024274,Oil,2,100.0,28.673266,77.089259,West Delhi,0
afb719ba-065b-4311-adb3-d8873b604304,SHOP_034,BEN_00834,2025-12-24 12:16:22.024274,Oil,1,50.0,28.586699,77.035213,Dwarka,0
db95b727-db3a-4c3c-b490-11a25cf07638,SHOP_014,BEN_00683,2025-12-24 12:19:31.024274,Oil,1,50.0,28.708352,77.106686,Rohini,0
99a4cab9-46c5-4108-884e-951c4ba33059,SHOP_009,BEN_01057,2025-12-24 12:26:22.024274,Wheat,12,24.0,28.633713,77.107844,West Delhi,0
a3900f94-f9cc-49be-9285-2bca2206a0f3,SHOP_018,BEN_02531,2025-12-24 12:33:31.024274,Rice,12,36.0,28.610429,77.188088,Central Delhi,0
b2d77389-5a13-41cb-a26e-51e64606425b,SHOP_008,BEN_01061,2025-12-24 12:33:31.024274,Kerosene,3,75.0,28.666336,77.103257,West Delhi,0
246d0642-3055-4657-9485-dadfdc11a5dc,SHOP_019,BEN_00063,2025-12-24 12:35:29.024274,Wheat,15,30.0,28.631679,77.201199,Central Delhi,0
1ab6db67-da33-4236-9871-5bb5ec169539,SHOP_033,BEN_02455,2025-12-24 12:36:43.024274,Rice,16,48.0,28.731131,77.204781,North Delhi,0
b378d2f5-c38e-4bad-9634-e318c7b0876e,SHOP_016,BEN_01920,2025-12-24 12:44:33.024274,Wheat,12,24.0,28.644796,77.107779,West Delhi,0
9c793bfb-c109-4f00-b543-414ee6165c9f,SHOP_026,BEN_02395,2025-12-24 12:46:45.024274,Rice,8,24.0,28.645158,77.323228,East Delhi,0
8a9ac21d-4a30-4145-a60a-16357e0d0041,SHOP_010,BEN_00148,2025-12-24 13:02:12.024274,Kerosene,1,25.0,28.581134,77.064005,Dwarka,0
425a1429-2b0d-44f9-872d-a0723a7419c4,SHOP_022,BEN_00671,2025-12-24 13:03:01.024274,Oil,1,50.0,28.696907,77.177649,North Delhi,0
fe6d46e3-ea8e-4931-85a1-a16206c2a9a5,SHOP_046,BEN_02876,2025-12-24 13:09:56.024274,Rice,10,30.0,28.634402,77.315239,East Delhi,0
b33d0e03-a78a-42f3-be0e-a5dba59a8c28,SHOP_048,BEN_00374,2025-12-24 13:16:51.024274,Kerosene,2,50.0,28.596532,77.044874,Dwarka,0
e251018d-3b7b-4db9-bfec-71622db56794,SHOP_001,BEN_02423,2025-12-24 13:20:34.024274,Rice,5,15.0,28.563667,77.196744,South Delhi,0
55325b40-a348-4e89-adbb-52ac7a01aed0,SHOP_048,BEN_01351,2025-12-24 13:26:37.024274,Oil,2,100.0,28.596532,77.044874,Dwarka,0
d1f4ec71-06f5-4e01-9b8c-8a7e7c950910,SHOP_029,BEN_01567,2025-12-24 13:28:32.024274,Wheat,20,40.0,28.583723,77.064561,Dwarka,0
f043f052-73ad-44f7-b94a-32c68078a141,SHOP_045,BEN_01115,2025-12-24 13:29:44.024274,Oil,2,100.0,28.633767,77.205731,Central Delhi,0
4ea06091-9503-4823-961a-1d0ab14cb5f9,SHOP_031,BEN_00447,2025-12-24 13:33:43.024274,Kerosene,3,75.0,28.727982,77.18544,North Delhi,0
aef7652d-6207-43e1-92cf-44aa79c4f3bb,SHOP_015,BEN_02125,2025-12-24 13:40:06.024274,Oil,1,50.0,28.630112,77.110956,West Delhi,0
a6f5a6fc-c86b-4396-bac8-c1e015868689,SHOP_014,BEN_02378,2025-12-24 13:41:39.024274,Oil,1,50.0,28.708352,77.106686,Rohini,0
96f3530d-9e7d-4f64-9753-301e267bd81d,SHOP_044,BEN_02733,2025-12-24 13:47:20.024274,Kerosene,1,25.0,28.615898,77.224361,Central Delhi,0
8d481e13-95da-4b7e-af22-5fb4ddc0f74b,SHOP_009,BEN_02670,2025-12-24 13:47:29.024274,Wheat,5,10.0,28.633713,77.107844,West Delhi,0
8e91f1d5-877b-427c-950f-901463b78e80,SHOP_020,BEN_01860,2025-12-24 13:50:15.024274,Rice,5,15.0,28.736478,77.119912,Rohini,0
f89b8ccf-780d-44a8-8d1b-b0c9ab337b3f,SHOP_025,BEN_02459,2025-12-24 13:52:29.024274,Wheat,16,32.0,28.624929,77.222474,Central Delhi,0
cd457c76-1895-4041-a8a8-58deea88e85a,SHOP_008,BEN_02577,2025-12-24 13:56:44.024274,Sugar,1,20.0,28.666336,77.103257,West Delhi,0
251ef1f7-d486-497e-9b0b-483214184218,SHOP_036,BEN_00141,2025-12-24 14:02:31.024274,Kerosene,2,50.0,28.73997,77.11894,Rohini,0
f0fadc12-75d2-4868-bfc0-090efe78e866,SHOP_046,BEN_02286,2025-12-24 14:05:52.024274,Wheat,16,32.0,28.634402,77.315239,East Delhi,0
9dd37846-c079-4b0e-950f-fdc18949b59d,SHOP_027,BEN_02049,2025-12-24 14:15:25.024274,Sugar,1,20.0,28.603311,77.025358,Dwarka,0
2423c195-97c9-47dc-b489-1dceaf3c682f,SHOP_032,BEN_02651,2025-12-24 14:18:33.024274,Sugar,2,40.0,28.708017,77.126743,Rohini,0
d8130ff7-7c8d-4edb-89dd-30937a727893,SHOP_009,BEN_01946,2025-12-24 14:19:11.024274,Wheat,12,24.0,28.633713,77.107844,West Delhi,0
06665879-1d01-4059-bac8-e02b10ed34f7,SHOP_041,BEN_01048,2025-12-24 14:20:47.024274,Kerosene,2,50.0,28.676266,77.100986,West Delhi,0
058a9821-ca0b-4cdd-9e1f-6b556f838efb,SHOP_007,BEN_02401,2025-12-24 14:36:38.024274,Rice,18,54.0,28.520513,77.217525,South Delhi,0
4d2e7fb1-b2b4-45a3-aec1-fc7f4c538e2c,SHOP_019,BEN_02809,2025-12-24 14:49:07.024274,Rice,6,18.0,28.631679,77.201199,Central Delhi,0
053a959a-fa6b-4269-a247-beb43c8e39db,SHOP_028,BEN_00858,2025-12-24 14:49:31.024274,Rice,13,39.0,28.644078,77.187159,Central Delhi,0
d76085f0-068a-4d81-9a37-ab7431540e7c,SHOP_020,BEN_00972,2025-12-24 14:55:09.024274,Wheat,7,14.0,28.736478,77.119912,Rohini,0
3f943af6-94d2-4682-9ec2-5f3cd125b5b4,SHOP_022,BEN_01689,2025-12-24 14:56:29.024274,Rice,7,21.0,28.696907,77.177649,North Delhi,0
80622b52-d417-45d9-a79a-03f9db4ab265,SHOP_030,BEN_01874,2025-12-24 15:04:05.024274,Rice,17,51.0,28.656014,77.071143,West Delhi,0
de825ca4-2712-4178-b86e-493348419f00,SHOP_005,BEN_01996,2025-12-24 15:06:55.024274,Wheat,6,12.0,28.599771,77.274279,East Delhi,0
40650ddd-0d54-44ef-aea4-d5457f077be1,SHOP_008,BEN_01491,2025-12-24 15:13:23.024274,Sugar,2,40.0,28.666336,77.103257,West Delhi,0
8db2d80c-4e2a-46f9-88fb-7480a087d17c,SHOP_040,BEN_00540,2025-12-24 15:14:20.024274,Kerosene,1,25.0,28.673266,77.089259,West Delhi,0
bf6ef80a-9846-4e29-a7cc-1e7e5cd254c7,SHOP_044,BEN_02641,2025-12-24 15:15:52.024274,Rice,13,39.0,28.615898,77.224361,Central Delhi,0
5972d6f0-3b2e-4f00-9c40-cea6d39d5bbc,SHOP_010,BEN_02932,2025-12-24 15:18:13.024274,Sugar,1,20.0,28.581134,77.064005,Dwarka,0
8edeeba2-29c6-41df-a744-669589c9f3ec,SHOP_018,BEN_02451,2025-12-24 15:19:03.024274,Kerosene,2,50.0,28.610429,77.188088,Central Delhi,0
8d56c959-89ed-4aa7-9385-a5666d591cda,SHOP_005,BEN_02174,2025-12-24 15:22:06.024274,Kerosene,3,75.0,28.599771,77.274279,East Delhi,0
dabf6e81-e1c4-41f6-ad99-125112ae03f5,SHOP_041,BEN_00971,2025-12-24 15:26:45.024274,Oil,2,100.0,28.676266,77.100986,West Delhi,0
ca26e287-004d-4469-aa1a-6554eabae519,SHOP_022,BEN_01433,2025-12-24 15:34:37.024274,Wheat,8,16.0,28.696907,77.177649,North Delhi,0
3c42dbb1-917a-450c-affe-4d8808c9aca2,SHOP_013,BEN_00835,2025-12-24 15:35:29.024274,Sugar,2,40.0,28.689861,77.183213,North Delhi,0
b129f3a4-5098-4860-a5d5-3c6bf2aed55c,SHOP_028,BEN_02917,2025-12-24 15:35:43.024274,Wheat,11,22.0,28.644078,77.187159,Central Delhi,0
fe92f00c-9755-4f31-adcf-ad4e34796e13,SHOP_019,BEN_02472,2025-12-24 15:35:58.024274,Kerosene,1,25.0,28.631679,77.201199,Central Delhi,0
3629910c-85c3-4463-b385-c3da32a1ef79,SHOP_004,BEN_01940,2025-12-24 15:40:01.024274,Rice,15,45.0,28.709316,77.129745,Rohini,0
458aed78-e2ba-4ddd-ac6e-75d92b1c840a,SHOP_013,BEN_00394,2025-12-24 15:40:56.024274,Kerosene,2,50.0,28.689861,77.183213,North Delhi,0
eb350739-1192-4cea-8ed6-c280c388988d,SHOP_038,BEN_01283,2025-12-24 15:43:36.024274,Kerosene,3,75.0,28.737713,77.199062,North Delhi,0
0b50a675-3a27-4a30-9238-ebb13b4a6062,SHOP_011,BEN_01747,2025-12-24 15:44:28.024274,Sugar,3,60.0,28.732554,77.205993,North Delhi,0
893800ad-fe04-40b1-8825-a0dc132ce14e,SHOP_021,BEN_00605,2025-12-24 15:44:29.024274,Sugar,1,20.0,28.654216,77.114329,West Delhi,0
22fb7aa8-c99c-4399-a550-62f897691e49,SHOP_016,BEN_01847,2025-12-24 15:44:36.024274,Rice,19,57.0,28.644796,77.107779,West Delhi,0
77f8bf19-5535-42f6-8e8d-d93a7790ade5,SHOP_013,BEN_00945,2025-12-24 15:58:18.024274,Kerosene,3,75.0,28.689861,77.183213,North Delhi,0
405116bd-72bf-4670-8b3e-db301e34bf68,SHOP_005,BEN_00870,2025-12-24 16:07:11.024274,Sugar,3,60.0,28.599771,77.274279,East Delhi,0
a19192e5-bdf1-478d-8ab4-f57721ffa235,SHOP_042,BEN_01780,2025-12-24 16:16:50.024274,Oil,2,100.0,28.598757,77.020815,Dwarka,0
843ec95f-113c-4d73-b829-2f7db032e0ff,SHOP_042,BEN_02699,2025-12-24 16:21:21.024274,Wheat,11,22.0,28.598757,77.020815,Dwarka,0
e8f5d8d3-7a72-47c3-89b0-ced2da8d1865,SHOP_021,BEN_00743,2025-12-24 16:24:28.024274,Wheat,10,20.0,28.654216,77.114329,West Delhi,0
87929bde-721c-4e32-b612-8968ad26ba9f,SHOP_037,BEN_02254,2025-12-24 16:27:01.024274,Kerosene,1,25.0,28.707215,77.215419,North Delhi,0
5ecef9c4-cee7-4ee4-8fbd-e0b22394a06b,SHOP_024,BEN_02838,2025-12-24 16:27:37.024274,Kerosene,2,50.0,28.505958,77.198023,South Delhi,0
e06c2ea5-5110-4a92-8800-738c2e3f50b6,SHOP_001,BEN_01584,2025-12-24 16:34:51.024274,Sugar,1,20.0,28.563667,77.196744,South Delhi,0
36f94a7c-29e4-4436-819d-3855d3786a2f,SHOP_019,BEN_00386,2025-12-24 16:36:15.024274,Kerosene,3,75.0,28.631679,77.201199,Central Delhi,0
eb67c85d-b9e0-471d-9610-5aa36fc5e874,SHOP_014,BEN_01177,2025-12-24 16:39:50.024274,Sugar,3,60.0,28.708352,77.106686,Rohini,0
b7233872-dd9a-490b-83b3-30c095a0b055,SHOP_041,BEN_02650,2025-12-24 16:41:26.024274,Kerosene,2,50.0,28.676266,77.100986,West Delhi,0
5852369f-1e30-4559-9985-c4b6cfdc1fa7,SHOP_021,BEN_01322,2025-12-24 16:46:11.024274,Rice,17,51.0,28.654216,77.114329,West Delhi,0
51d19fe3-9e83-4d02-926c-31ed61dd6331,SHOP_048,BEN_01061,2025-12-24 16:46:12.024274,Rice,13,39.0,28.596532,77.044874,Dwarka,0
6d1a3525-9e3c-4c22-95cf-750a19b5bc4e,SHOP_017,BEN_02997,2025-12-24 16:47:58.024274,Oil,1,50.0,28.722696,77.129286,Rohini,0
676f4a07-7230-41a6-923f-74da1160446f,SHOP_027,BEN_01348,2025-12-24 16:48:47.024274,Sugar,1,20.0,28.603311,77.025358,Dwarka,0
a3b70280-3cdc-4bfe-bf89-af9198fba90b,SHOP_012,BEN_01376,2025-12-24 16:50:23.024274,Oil,1,50.0,28.618685,77.319017,East Delhi,0
8492d4c4-3eff-4843-b526-243874bad89b,SHOP_035,BEN_00149,2025-12-24 16:54:43.024274,Sugar,1,20.0,28.715607,77.125559,Rohini,0
4cfef0ce-d132-4581-b013-c6ff0628eaee,SHOP_020,BEN_00928,2025-12-24 16:55:24.024274,Sugar,1,20.0,28.736478,77.119912,Rohini,0
9b7a7f21-5c9d-4dd9-917a-9457103986ce,SHOP_016,BEN_00151,2025-12-24 16:59:22.024274,Sugar,2,40.0,28.644796,77.107779,West Delhi,0
39749972-43a0-4239-9bf5-986976b919b4,SHOP_012,BEN_00440,2025-12-24 17:02:32.024274,Rice,16,48.0,28.618685,77.319017,East Delhi,0
26cea7cc-e802-4324-9e40-85b5cba45681,SHOP_013,BEN_00499,2025-12-24 17:02:51.024274,Wheat,16,32.0,28.689861,77.183213,North Delhi,0
3a1611ba-59cd-4d8b-bbf3-71f01d01ee5c,SHOP_017,BEN_02611,2025-12-24 17:05:11.024274,Wheat,7,14.0,28.722696,77.129286,Rohini,0
040d70c2-84dc-448d-8d68-8a7719cf2a5f,SHOP_029,BEN_01668,2025-12-24 17:22:39.024274,Wheat,11,22.0,28.583723,77.064561,Dwarka,0
8e21951c-bd67-4d26-9530-95fb418a9a3b,SHOP_034,BEN_00714,2025-12-24 17:25:18.024274,Oil,2,100.0,28.586699,77.035213,Dwarka,0
fa4b0424-0313-49d9-ad37-90845fc8cc4c,SHOP_019,BEN_01121,2025-12-24 17:26:40.024274,Wheat,5,10.0,28.631679,77.201199,Central Delhi,0
df297397-496f-46d7-a4a9-e4a352a436de,SHOP_012,BEN_01428,2025-12-24 17:28:44.024274,Rice,12,36.0,28.618685,77.319017,East Delhi,0
ccfc318f-b930-492d-bf5f-e1854074f260,SHOP_050,BEN_02495,2025-12-24 17:35:49.024274,Sugar,1,20.0,28.560938,77.180795,South Delhi,0
f352ac0f-5e37-48be-a825-6e5401a2e746,SHOP_050,BEN_01574,2025-12-24 17:40:54.024274,Oil,1,50.0,28.560938,77.180795,South Delhi,0
172c07d2-0b9f-4e9e-b11e-423e0bf08745,SHOP_038,BEN_02334,2025-12-24 17:46:13.024274,Oil,1,50.0,28.737713,77.199062,North Delhi,0
3d8c4ff9-0717-4507-b1a7-7b4021216194,SHOP_046,BEN_00916,2025-12-24 17:51:30.024274,Kerosene,3,75.0,28.634402,77.315239,East Delhi,0
bdc254bb-c42d-49e2-94c5-866a25def871,SHOP_037,BEN_01588,2025-12-24 17:56:22.024274,Sugar,1,20.0,28.707215,77.215419,North Delhi,0
600b850e-9998-436a-a3ea-3b371df62d7f,SHOP_008,BEN_01372,2025-12-24 18:00:43.024274,Oil,1,50.0,28.666336,77.103257,West Delhi,0
1cea93c5-e744-4990-a6d9-5f245170dfd9,SHOP_016,BEN_02284,2025-12-24 18:03:54.024274,Wheat,15,30.0,28.644796,77.107779,West Delhi,0
b101c9b7-ab7c-4fd6-b597-20a1fc1c76b5,SHOP_030,BEN_02578,2025-12-24 18:13:25.024274,Oil,1,50.0,28.656014,77.071143,West Delhi,0
26624d5b-7a20-4f8d-9aae-73e724ea50b2,SHOP_040,BEN_00144,2025-12-24 18:20:44.024274,Kerosene,2,50.0,28.673266,77.089259,West Delhi,0
73069858-1971-4978-b222-aa781aef036f,SHOP_046,BEN_02992,2025-12-24 18:22:05.024274,Kerosene,1,25.0,28.634402,77.315239,East Delhi,0
2ce8ab74-7ed1-47be-9de4-1d92cc2b6d84,SHOP_006,BEN_02859,2025-12-24 18:25:21.024274,Rice,15,45.0,28.6356,77.229758,Central Delhi,0
f83e9a09-4cde-4d54-9a3c-0d4a7e0e6cf5,SHOP_007,BEN_01318,2025-12-24 18:33:38.024274,Kerosene,1,25.0,28.520513,77.217525,South Delhi,0
d596cd47-2107-4d70-aff8-99c43b020060,SHOP_022,BEN_00092,2025-12-24 18:33:43.024274,Sugar,2,40.0,28.696907,77.177649,North Delhi,0
71380731-efde-4e05-9e99-17edd4388651,SHOP_047,BEN_00141,2025-12-24 18:36:41.024274,Rice,11,33.0,28.715937,77.10426,Rohini,0
a5de46ae-b698-4adb-8037-31430d203b6e,SHOP_040,BEN_02488,2025-12-24 18:38:09.024274,Kerosene,1,25.0,28.673266,77.089259,West Delhi,0
c76d4ea8-92ea-4a01-9e5c-efbfffb7cc82,SHOP_038,BEN_01208,2025-12-24 18:40:55.024274,Oil,1,50.0,28.737713,77.199062,North Delhi,0
0489f051-73ae-4ab7-a9b9-92b91c80fa12,SHOP_048,BEN_02514,2025-12-24 18:41:31.024274,Sugar,1,20.0,28.596532,77.044874,Dwarka,0
11f66a76-6b7b-4c6b-9d60-f44dd5adc24c,SHOP_012,BEN_01547,2025-12-24 18:45:08.024274,Rice,11,33.0,28.618685,77.319017,East Delhi,0
f0f0c1c2-0572-44e6-aae6-4d1935fcd674,SHOP_015,BEN_02524,2025-12-24 18:45:14.024274,Sugar,1,20.0,28.630112,77.110956,West Delhi,0
f85de7bc-871b-44d1-b7a8-82fc5ceb4f39,SHOP_013,BEN_02986,2025-12-24 18:46:40.024274,Oil,1,50.0,28.689861,77.183213,North Delhi,0
09f7ac01-b34c-46d4-b6d6-0769264073a3,SHOP_023,BEN_02988,2025-12-24 18:48:52.024274,Oil,2,100.0,28.592266,77.310411,East Delhi,0
2c01da46-a3a6-429c-abed-1b007e0c41ff,SHOP_024,BEN_00339,2025-12-24 18:51:03.024274,Sugar,2,40.0,28.505958,77.198023,South Delhi,0
25ca70ab-8f7e-4ce7-a942-3c50a91eb553,SHOP_030,BEN_01568,2025-12-24 18:59:16.024274,Rice,14,42.0,28.656014,77.071143,West Delhi,0
8ae3d377-61ff-4bba-bb20-f87bb7ca15c5,SHOP_012,BEN_00421,2025-12-24 19:01:30.024274,Oil,1,50.0,28.618685,77.319017,East Delhi,0
2bc6e945-8b02-4e12-b440-2ca232e8390e,SHOP_011,BEN_00225,2025-12-24 19:07:50.024274,Oil,1,50.0,28.732554,77.205993,North Delhi,0
6cbe17ff-33bc-4989-9036-58477f2250b6,SHOP_021,BEN_02435,2025-12-24 19:09:47.024274,Wheat,15,30.0,28.654216,77.114329,West Delhi,0
47084ed5-070d-44a5-8b0a-dc2f82b53fbc,SHOP_004,BEN_00108,2025-12-24 19:18:47.024274,Kerosene,1,25.0,28.709316,77.129745,Rohini,0
e90c7e68-a44a-46f8-aee8-8072f7a0f285,SHOP_024,BEN_01720,2025-12-24 19:20:19.024274,Rice,18,54.0,28.505958,77.198023,South Delhi,0
5eddde7f-b7df-4614-96ff-88cf1c3b95ba,SHOP_007,BEN_01245,2025-12-24 19:29:42.024274,Kerosene,2,50.0,28.520513,77.217525,South Delhi,0
13a2e737-41f4-43dd-b745-71d6daa030c2,SHOP_021,BEN_02705,2025-12-24 19:31:26.024274,Wheat,5,10.0,28.654216,77.114329,West Delhi,0
d8d28f1b-09d4-4714-a403-f1dbd5df6a82,SHOP_042,BEN_01368,2025-12-24 19:33:39.024274,Sugar,1,20.0,28.598757,77.020815,Dwarka,0
b4f122fc-116c-4912-87f3-18ede0697339,SHOP_013,BEN_00555,2025-12-24 19:39:09.024274,Sugar,1,20.0,28.689861,77.183213,North Delhi,0
6896b578-2374-46a4-b2c2-a8c633be5f9e,SHOP_019,BEN_00675,2025-12-24 19:39:22.024274,Oil,1,50.0,28.631679,77.201199,Central Delhi,0
9b00ff19-0114-4ac2-949d-86a36593a606,SHOP_018,BEN_02028,2025-12-24 19:59:59.024274,Oil,2,100.0,28.610429,77.188088,Central Delhi,0
daac1b78-d17f-4d2e-9501-37058d3343b1,SHOP_016,BEN_02371,2025-12-25 02:57:12.024274,Kerosene,3,75.0,28.644796,77.107779,West Delhi,1
87877682-a391-4c0c-803f-3fc5a8308bd1,SHOP_031,BEN_02189,2025-12-25 03:06:31.024274,Sugar,1,20.0,28.727982,77.18544,North Delhi,1
a28547fd-14af-47a1-b1e9-1a14e31c7c05,SHOP_044,BEN_00990,2025-12-25 03:41:09.024274,Kerosene,3,75.0,28.615898,77.224361,Central Delhi,1
df02fc75-5a1d-48ab-99d8-268d7b69c4be,SHOP_013,BEN_00109,2025-12-25 08:05:08.024274,Sugar,2,40.0,28.689861,77.183213,North Delhi,0
83e64e7c-8439-4976-b953-13fc05675a7c,SHOP_044,BEN_02405,2025-12-25 08:11:11.024274,Sugar,1,20.0,28.615898,77.224361,Central Delhi,0
3b517e90-3e60-495e-a0fc-d36f7a1517f6,SHOP_032,BEN_01230,2025-12-25 08:20:07.024274,Rice,16,48.0,28.708017,77.126743,Rohini,0
3528fa11-3416-4d7b-a95c-833ab0cdb4d5,SHOP_042,BEN_02600,2025-12-25 08:20:15.024274,Kerosene,1,25.0,28.598757,77.020815,Dwarka,0
46b325a9-a30c-48f0-b8a3-247305cdd661,SHOP_012,BEN_02729,2025-12-25 08:21:45.024274,Oil,2,100.0,28.618685,77.319017,East Delhi,0
78df478a-ae20-4491-9741-c0f3ea9bbbc9,SHOP_028,BEN_02522,2025-12-25 08:35:35.024274,Kerosene,1,25.0,28.644078,77.187159,Central Delhi,0
4e66ecf3-5721-4d20-8885-e290cd3d2544,SHOP_036,BEN_01176,2025-12-25 08:41:23.024274,Sugar,3,60.0,28.73997,77.11894,Rohini,0
b0e0417e-2042-4039-9ac3-eca86c06b3be,SHOP_028,BEN_01316,2025-12-25 08:41:28.024274,Sugar,1,20.0,28.644078,77.187159,Central Delhi,0
5de536f2-651c-417e-a129-3e439f0acec1,SHOP_004,BEN_00703,2025-12-25 08:42:46.024274,Wheat,19,38.0,28.709316,77.129745,Rohini,0
f83dd123-93b6-4c7c-b8fb-6934ff9ab5a2,SHOP_007,BEN_01990,2025-12-25 08:46:09.024274,Oil,2,100.0,28.520513,77.217525,South Delhi,0
1a508d8b-0f26-4360-aa46-a9396d003c11,SHOP_048,BEN_00672,2025-12-25 08:49:09.024274,Kerosene,2,50.0,28.596532,77.044874,Dwarka,0
71c96617-a40d-4c44-90d1-02e95183aaf9,SHOP_003,BEN_00615,2025-12-25 08:52:13.024274,Kerosene,1,25.0,28.506364,77.204896,South Delhi,0
ec3b29f2-6764-4606-ab90-01b3ec11c3f7,SHOP_031,BEN_01771,2025-12-25 08:55:24.024274,Kerosene,1,25.0,28.727982,77.18544,North Delhi,0
e460b14c-f767-4782-bf2f-7089ab2e380b,SHOP_016,BEN_02587,2025-12-25 08:58:13.024274,Rice,13,39.0,28.644796,77.107779,West Delhi,0
12cfd183-11a6-4ee6-a1dd-edb9b0b62f6c,SHOP_042,BEN_00812,2025-12-25 08:58:17.024274,Rice,14,42.0,28.598757,77.020815,Dwarka,0
9e74f861-9092-413c-8eb3-1de9a2e73bcf,SHOP_019,BEN_02150,2025-12-25 08:59:34.024274,Rice,6,18.0,28.631679,77.201199,Central Delhi,0
7ee53816-78e0-4852-a9a8-c40d6f080aa9,SHOP_004,BEN_01814,2025-12-25 09:00:51.024274,Wheat,16,32.0,28.709316,77.129745,Rohini,0
7176fc78-ca83-4f62-8d5a-ae043c42d87c,SHOP_023,BEN_00968,2025-12-25 09:13:34.024274,Kerosene,3,75.0,28.592266,77.310411,East Delhi,0
0d2a0ea3-7a9d-48ad-9a19-8e64d5a65f84,SHOP_002,BEN_02108,2025-12-25 09:19:42.024274,Oil,1,50.0,28.648957,77.10634,West Delhi,0
5de9a3a4-4721-469f-b6cf-7cab73d03a32,SHOP_045,BEN_01350,2025-12-25 09:22:47.024274,Wheat,10,20.0,28.633767,77.205731,Central Delhi,0
f4a92d67-fe51-4dbc-ae6a-1cbab66cf9bc,SHOP_001,BEN_00451,2025-12-25 09:25:00.024274,Oil,1,50.0,28.563667,77.196744,South Delhi,0
0175e1f7-1971-4384-9e1e-f5efc5ac8997,SHOP_014,BEN_02525,2025-12-25 09:30:47.024274,Kerosene,2,50.0,28.708352,77.106686,Rohini,0
afdaa739-84d0-430a-81b6-63c044277606,SHOP_048,BEN_02627,2025-12-25 09:41:04.024274,Rice,12,36.0,28.596532,77.044874,Dwarka,0
c9fe5c00-1dac-4ba3-a689-60bff4bec7cf,SHOP_005,BEN_02528,2025-12-25 09:44:35.024274,Wheat,16,32.0,28.599771,77.274279,East Delhi,0
73adf51e-e9cb-4ca1-ab02-cf99821205f4,SHOP_039,BEN_02236,2025-12-25 09:44:51.024274,Kerosene,2,50.0,28.707365,77.109479,Rohini,0
f7685e76-087a-44dd-9280-481e6ff6f823,SHOP_010,BEN_00750,2025-12-25 09:45:16.024274,Oil,1,50.0,28.581134,77.064005,Dwarka,0
4b58a817-f2ce-4d91-a17b-4ab63a94daae,SHOP_014,BEN_00075,2025-12-25 09:49:30.024274,Kerosene,1,25.0,28.708352,77.106686,Rohini,0
5b8d207e-333e-459e-80e2-1bab1b22afe9,SHOP_014,BEN_01563,2025-12-25 10:00:42.024274,Kerosene,1,25.0,28.708352,77.106686,Rohini,0
3f218ade-d1d2-4759-bd5b-99a5198c61db,SHOP_033,BEN_01069,2025-12-25 10:05:19.024274,Kerosene,3,75.0,28.731131,77.204781,North Delhi,0
64f3d83d-151e-47d9-9095-8dbd193be4e0,SHOP_025,BEN_00228,2025-12-25 10:17:26.024274,Sugar,2,40.0,28.624929,77.222474,Central Delhi,0
541ccadd-3726-42c7-b69c-e8d3e29b03de,SHOP_017,BEN_01377,2025-12-25 10:19:13.024274,Sugar,1,20.0,28.722696,77.129286,Rohini,0
359b681d-a494-4f8f-8aed-42cf74106cdf,SHOP_021,BEN_00071,2025-12-25 10:21:59.024274,Wheat,5,10.0,28.654216,77.114329,West Delhi,0
090f3331-f108-4395-9caf-e2c909d5badd,SHOP_023,BEN_01050,2025-12-25 10:28:16.024274,Kerosene,3,75.0,28.592266,77.310411,East Delhi,0
c7579553-4468-4ad0-9d6f-5c08a16380ab,SHOP_001,BEN_00774,2025-12-25 10:31:41.024274,Wheat,19,38.0,28.563667,77.196744,South Delhi,0
5e783e7a-40af-4a64-9cce-765aeaa84cd4,SHOP_037,BEN_00875,2025-12-25 10:32:10.024274,Sugar,1,20.0,28.707215,77.215419,North Delhi,0
079abbe4-ee02-48cd-aeed-c52fc94bead5,SHOP_029,BEN_00680,2025-12-25 10:33:16.024274,Rice,11,33.0,28.583723,77.064561,Dwarka,0
0bf3e759-1be6-4489-9ad8-2b57dadeee3d,SHOP_016,BEN_00288,2025-12-25 10:35:46.024274,Rice,5,15.0,28.644796,77.107779,West Delhi,0
07da469a-16af-41c1-bbb6-16a8ef0d29b9,SHOP_023,BEN_02389,2025-12-25 10:38:22.024274,Oil,1,50.0,28.592266,77.310411,East Delhi,0
72b134bd-f5d4-4a0d-8540-5671f935dab2,SHOP_006,BEN_02893,2025-12-25 10:52:28.024274,Rice,15,45.0,28.6356,77.229758,Central Delhi,0
244eacae-4c8d-4aa1-91a6-fcd83f9a2ae5,SHOP_014,BEN_01757,2025-12-25 10:56:07.024274,Wheat,7,14.0,28.708352,77.106686,Rohini,0
dad25ffe-8e45-4498-b20b-3633655761a8,SHOP_028,BEN_00401,2025-12-25 11:09:57.024274,Kerosene,3,75.0,28.644078,77.187159,Central Delhi,0
9f121415-e0b4-4068-8300-3b4a94c07302,SHOP_040,BEN_02290,2025-12-25 11:13:54.024274,Wheat,18,36.0,28.673266,77.089259,West Delhi,0
b222c9eb-be16-4c1e-a114-d5dfbc376c0a,SHOP_037,BEN_01666,2025-12-25 11:16:22.024274,Kerosene,2,50.0,28.707215,77.215419,North Delhi,0
5b4322a1-3c01-4aed-91f6-4e2aa91fd99c,SHOP_017,BEN_00926,2025-12-25 11:17:41.024274,Rice,6,18.0,28.722696,77.129286,Rohini,0
8fbc0e9a-8c2c-4e1b-92ac-010c56f41e23,SHOP_032,BEN_01869,2025-12-25 11:20:30.024274,Sugar,1,20.0,28.708017,77.126743,Rohini,0
e8dd5073-e932-4a25-b19d-5c537d9e26c0,SHOP_040,BEN_00273,2025-12-25 11:23:04.024274,Wheat,15,30.0,28.673266,77.089259,West Delhi,0
a73a2927-5630-4eca-9e1a-ff0725000645,SHOP_030,BEN_00954,2025-12-25 11:25:24.024274,Rice,6,18.0,28.656014,77.071143,West Delhi,0
74b18e05-9056-4529-aa79-ad1b5e538ff8,SHOP_034,BEN_01389,2025-12-25 11:33:18.024274,Sugar,3,60.0,28.586699,77.035213,Dwarka,0
e3295632-3c15-41bb-9058-58b3ff54a963,SHOP_012,BEN_00580,2025-12-25 11:38:05.024274,Oil,2,100.0,28.618685,77.319017,East Delhi,0
7a84cbcb-7a28-4019-8e6b-65d6200c8ee8,SHOP_015,BEN_01764,2025-12-25 11:49:50.024274,Oil,2,100.0,28.630112,77.110956,West Delhi,0
cce8b081-1530-41b4-85eb-44814a00f02e,SHOP_002,BEN_02272,2025-12-25 11:53:15.024274,Oil,1,50.0,28.648957,77.10634,West Delhi,0
a53f599d-9953-4217-a778-18506847cd70,SHOP_008,BEN_00767,2025-12-25 11:54:03.024274,Oil,2,100.0,28.666336,77.103257,West Delhi,0
c2b85a49-e3d5-437c-9940-8ed80d87ecd6,SHOP_034,BEN_01585,2025-12-25 11:55:42.024274,Sugar,1,20.0,28.586699,77.035213,Dwarka,0
c796e000-edc2-4e2b-96bf-da22aff7fc9d,SHOP_048,BEN_01610,2025-12-25 12:01:11.024274,Sugar,1,20.0,28.596532,77.044874,Dwarka,0
b35dcaf0-1223-48b8-80ab-12e160600b1a,SHOP_041,BEN_00505,2025-12-25 12:02:08.024274,Kerosene,2,50.0,28.676266,77.100986,West Delhi,0
8363752b-28ae-488e-a1b3-82e41033a640,SHOP_008,BEN_02813,2025-12-25 12:12:47.024274,Wheat,12,24.0,28.666336,77.103257,West Delhi,0
b7fbcc56-8629-454c-8e4a-6e10d48f1e35,SHOP_028,BEN_00946,2025-12-25 12:24:54.024274,Wheat,9,18.0,28.644078,77.187159,Central Delhi,0
43aaa562-f1c6-4723-a12e-8640d20b4697,SHOP_011,BEN_01275,2025-12-25 12:26:23.024274,Oil,1,50.0,28.732554,77.205993,North Delhi,0
3f5fb2af-98d2-4dd5-a510-8cec442ff568,SHOP_011,BEN_01390,2025-12-25 12:28:37.024274,Sugar,2,40.0,28.732554,77.205993,North Delhi,0
453cff80-1dd9-49de-8226-aa168fcf3a5b,SHOP_004,BEN_01421,2025-12-25 12:29:07.024274,Sugar,1,20.0,28.709316,77.129745,Rohini,0
45201640-d169-40f8-831f-22e2ed8fe2a9,SHOP_021,BEN_00675,2025-12-25 12:33:28.024274,Oil,2,100.0,28.654216,77.114329,West Delhi,0
57c52c9e-87e0-413d-a26a-a05d50fd2fd6,SHOP_034,BEN_02964,2025-12-25 12:35:16.024274,Rice,16,48.0,28.586699,77.035213,Dwarka,0
0e2e83e9-0467-4efe-99d1-1570bd31067a,SHOP_012,BEN_01099,2025-12-25 12:40:24.024274,Sugar,2,40.0,28.618685,77.319017,East Delhi,0
1ff54de6-5aee-431d-a189-fdebfc5c7d34,SHOP_038,BEN_00400,2025-12-25 12:43:17.024274,Rice,6,18.0,28.737713,77.199062,North Delhi,0
614958c1-209c-47f5-b4a0-9b7f6ddf2a6b,SHOP_013,BEN_00892,2025-12-25 12:43:20.024274,Wheat,14,28.0,28.689861,77.183213,North Delhi,0
c37c2fbb-a264-47aa-b297-3909f1260b35,SHOP_019,BEN_00415,2025-12-25 12:52:32.024274,Wheat,17,34.0,28.631679,77.201199,Central Delhi,0
5f87968e-86f3-43c6-8102-9504c39a2950,SHOP_001,BEN_02915,2025-12-25 13:02:30.024274,Oil,2,100.0,28.563667,77.196744,South Delhi,0
560ccf2a-5f55-4079-9b47-340b5716f61b,SHOP_014,BEN_01479,2025-12-25 13:03:25.024274,Kerosene,1,25.0,28.708352,77.106686,Rohini,0
9acc7241-bb1f-4ea3-b3c1-c5f4baed1364,SHOP_038,BEN_02965,2025-12-25 13:04:35.024274,Rice,18,54.0,28.737713,77.199062,North Delhi,0
226c2f15-8bbc-49fa-91cf-7f65acd44276,SHOP_007,BEN_00531,2025-12-25 13:06:37.024274,Rice,13,39.0,28.520513,77.217525,South Delhi,0
12181449-fd9a-47e5-92de-1da16adcf850,SHOP_001,BEN_01549,2025-12-25 13:07:58.024274,Rice,20,60.0,28.563667,77.196744,South Delhi,0
0ed0869a-07af-42b6-83d8-4f4e9e31199f,SHOP_019,BEN_00622,2025-12-25 13:20:32.024274,Wheat,10,20.0,28.631679,77.201199,Central Delhi,0
0993474f-7902-49d3-b2f4-ae3a03f8e20b,SHOP_002,BEN_02129,2025-12-25 13:20:59.024274,Sugar,2,40.0,28.648957,77.10634,West Delhi,0
de19e053-65d2-46d4-afb5-2051c18e35c0,SHOP_031,BEN_01068,2025-12-25 13:26:38.024274,Oil,2,100.0,28.727982,77.18544,North Delhi,0
ffc92a49-c392-4d52-803e-934ebb292e06,SHOP_049,BEN_01266,2025-12-25 13:30:23.024274,Sugar,2,40.0,28.514677,77.242533,South Delhi,0
5ff90249-7c1b-45ec-8dc1-7170a9308674,SHOP_034,BEN_00800,2025-12-25 13:31:31.024274,Kerosene,3,75.0,28.586699,77.035213,Dwarka,0
b674fab0-bcf0-4ee8-8e87-cd55b8a14617,SHOP_025,BEN_02961,2025-12-25 13:31:52.024274,Rice,16,48.0,28.624929,77.222474,Central Delhi,0
7fde152b-2b9c-4a16-a077-1f48f4cd5190,SHOP_019,BEN_01493,2025-12-25 13:36:15.024274,Rice,16,48.0,28.631679,77.201199,Central Delhi,0
c84aea74-327f-4647-a2b0-85127c226bbb,SHOP_029,BEN_02176,2025-12-25 13:41:04.024274,Rice,6,18.0,28.583723,77.064561,Dwarka,0
b76d4fb3-cb55-461b-97b4-33f794ddbd92,SHOP_012,BEN_01403,2025-12-25 13:47:07.024274,Sugar,3,60.0,28.618685,77.319017,East Delhi,0
5d22a50d-1ff5-450b-ae3b-1ad417fa2fdc,SHOP_022,BEN_01810,2025-12-25 13:49:56.024274,Kerosene,1,25.0,28.696907,77.177649,North Delhi,0
96536f91-6a4c-4a24-94e4-4316efe7b0e5,SHOP_015,BEN_01405,2025-12-25 13:50:39.024274,Oil,2,100.0,28.630112,77.110956,West Delhi,0
9497d9c8-6489-4542-bbd7-a1ed4626202e,SHOP_013,BEN_00346,2025-12-25 13:54:26.024274,Wheat,19,38.0,28.689861,77.183213,North Delhi,0
94620a1c-0f72-4bc1-85cb-e797b69e5ea2,SHOP_041,BEN_01588,2025-12-25 13:54:57.024274,Sugar,2,40.0,28.676266,77.100986,West Delhi,0
92f521b8-adff-49af-b4d9-70007cf95861,SHOP_017,BEN_01023,2025-12-25 13:56:01.024274,Sugar,2,40.0,28.722696,77.129286,Rohini,0
5e0c6679-d942-4e52-bebc-6c147fa4fa3b,SHOP_029,BEN_01930,2025-12-25 13:57:16.024274,Sugar,2,40.0,28.583723,77.064561,Dwarka,0
49fd9366-ba00-4bdb-90da-2f1474f71fef,SHOP_013,BEN_02342,2025-12-25 14:08:36.024274,Wheat,12,24.0,28.689861,77.183213,North Delhi,0
abd5dc6a-b403-45f6-b61e-6ef4f28497ba,SHOP_019,BEN_00037,2025-12-25 14:08:54.024274,Rice,12,36.0,28.631679,77.201199,Central Delhi,0
67678bbc-8314-4989-a50a-506bca2b2c4f,SHOP_013,BEN_02896,2025-12-25 14:15:37.024274,Rice,20,60.0,28.689861,77.183213,North Delhi,0
58d56d6d-ff9d-42a3-928e-cfaaffd4d207,SHOP_046,BEN_02123,2025-12-25 14:15:56.024274,Wheat,13,26.0,28.634402,77.315239,East Delhi,0
d5c07678-6e35-44ad-9d91-ba7e850e2029,SHOP_038,BEN_01964,2025-12-25 14:19:42.024274,Wheat,14,28.0,28.737713,77.199062,North Delhi,0
7d396feb-8f10-428d-b7e4-6a47d496a112,SHOP_046,BEN_01772,2025-12-25 14:22:29.024274,Sugar,3,60.0,28.634402,77.315239,East Delhi,0
eb4d43d7-dff9-479a-bb98-10dfa0825480,SHOP_023,BEN_02724,2025-12-25 14:32:19.024274,Oil,2,100.0,28.592266,77.310411,East Delhi,0
61c4b9c3-f043-49e8-bf5f-3e99f96be44e,SHOP_050,BEN_00941,2025-12-25 14:37:05.024274,Sugar,1,20.0,28.560938,77.180795,South Delhi,0
e8c44ada-a566-411f-ab34-dfdcbebe913e,SHOP_011,BEN_00066,2025-12-25 14:52:40.024274,Wheat,5,10.0,28.732554,77.205993,North Delhi,0
c9ad11ae-a798-4076-bde2-5c2eceea1d80,SHOP_008,BEN_00290,2025-12-25 15:04:04.024274,Wheat,9,18.0,28.666336,77.103257,West Delhi,0
94acd102-7ea0-4004-9dfc-12f2ba84f47a,SHOP_030,BEN_01224,2025-12-25 15:16:30.024274,Rice,9,27.0,28.656014,77.071143,West Delhi,0
fadd5557-bf9d-43d2-aaff-a8cc6ae29307,SHOP_033,BEN_02527,2025-12-25 15:17:59.024274,Rice,7,21.0,28.731131,77.204781,North Delhi,0
06162435-73a9-40d3-8dbe-817dbc5dded7,SHOP_004,BEN_00056,2025-12-25 15:19:27.024274,Rice,7,21.0,28.709316,77.129745,Rohini,0
3f79a12e-3f5b-4d46-8599-307f666cfe73,SHOP_009,BEN_01831,2025-12-25 15:28:20.024274,Wheat,18,36.0,28.633713,77.107844,West Delhi,0
a8f2e11a-c2a2-44fb-871d-0eeda627c573,SHOP_004,BEN_02926,2025-12-25 15:29:59.024274,Oil,2,100.0,28.709316,77.129745,Rohini,0
8f79f5d5-40d8-4b0d-99f2-a05fc5fc4b45,SHOP_008,BEN_02830,2025-12-25 15:42:25.024274,Oil,2,100.0,28.666336,77.103257,West Delhi,0
0fe51c3c-5c44-4f2e-bc7c-fa52c3c2330f,SHOP_003,BEN_01697,2025-12-25 15:42:36.024274,Oil,1,50.0,28.506364,77.204896,South Delhi,0
a543abb7-9279-468a-b9c2-0b1ee1a46f94,SHOP_049,BEN_00591,2025-12-25 15:45:08.024274,Rice,16,48.0,28.514677,77.242533,South Delhi,0
9457dc00-9df8-4c48-9c18-a3b7298c8f63,SHOP_001,BEN_01181,2025-12-25 15:57:35.024274,Kerosene,2,50.0,28.563667,77.196744,South Delhi,0
82eb7a33-190d-4137-821b-a7ab37c652b8,SHOP_033,BEN_00250,2025-12-25 16:03:26.024274,Oil,1,50.0,28.731131,77.204781,North Delhi,0
dd690086-5694-4418-8425-b91546101a0d,SHOP_040,BEN_00128,2025-12-25 16:06:03.024274,Rice,9,27.0,28.673266,77.089259,West Delhi,0
a4c80387-672d-4a6c-8558-d2503ad178d8,SHOP_007,BEN_00326,2025-12-25 16:09:09.024274,Rice,10,30.0,28.520513,77.217525,South Delhi,0
a1c8526c-484c-4146-838f-a21d4df862fa,SHOP_048,BEN_01336,2025-12-25 16:09:59.024274,Oil,2,100.0,28.596532,77.044874,Dwarka,0
a8880111-5135-4dca-a3bf-19835645c630,SHOP_030,BEN_00970,2025-12-25 16:16:09.024274,Kerosene,1,25.0,28.656014,77.071143,West Delhi,0
a419a66f-0be2-40b2-99d4-83dfcd07ccb5,SHOP_012,BEN_01164,2025-12-25 16:16:31.024274,Kerosene,1,25.0,28.618685,77.319017,East Delhi,0
751d786d-132b-4979-b72d-1bf3d0c4a0e4,SHOP_024,BEN_01314,2025-12-25 16:19:52.024274,Wheat,16,32.0,28.505958,77.198023,South Delhi,0
a8747963-93f5-4e3c-82bb-25a2325f9da2,SHOP_007,BEN_02632,2025-12-25 16:29:23.024274,Kerosene,3,75.0,28.520513,77.217525,South Delhi,0
80bc331c-5115-4870-a59a-33295fd109c5,SHOP_045,BEN_01879,2025-12-25 16:33:19.024274,Kerosene,3,75.0,28.633767,77.205731,Central Delhi,0
219b5256-d8ac-4e5f-bb39-c9c01f84ccb9,SHOP_049,BEN_01407,2025-12-25 16:35:18.024274,Oil,2,100.0,28.514677,77.242533,South Delhi,0
b7c9d87c-00bc-4a3f-8bbd-409de91b2c34,SHOP_008,BEN_00183,2025-12-25 16:46:20.024274,Oil,2,100.0,28.666336,77.103257,West Delhi,0
8190ed61-c870-487e-bb43-3c81b0384030,SHOP_048,BEN_02058,2025-12-25 16:56:31.024274,Kerosene,1,25.0,28.596532,77.044874,Dwarka,0
7b6c4443-611e-4d26-8268-179ed74a1840,SHOP_019,BEN_00390,2025-12-25 16:56:33.024274,Rice,5,15.0,28.631679,77.201199,Central Delhi,0
7a07d81a-db7b-4bc4-8ded-b2dabc1804b8,SHOP_022,BEN_00774,2025-12-25 17:03:25.024274,Rice,19,57.0,28.696907,77.177649,North Delhi,0
0bfc6a12-94d7-4c89-bb3c-6c9bbee8462d,SHOP_049,BEN_00550,2025-12-25 17:14:46.024274,Sugar,1,20.0,28.514677,77.242533,South Delhi,0
659137bb-00e0-4c0f-a73b-0a3ba896ca4c,SHOP_037,BEN_02693,2025-12-25 17:18:42.024274,Rice,19,57.0,28.707215,77.215419,North Delhi,0
396e7921-7219-4c6b-b8f1-51b04e5a2b63,SHOP_012,BEN_01120,2025-12-25 17:22:44.024274,Rice,11,33.0,28.618685,77.319017,East Delhi,0
933dc8a8-a5a5-4510-a578-c300398c44c6,SHOP_009,BEN_01132,2025-12-25 17:25:31.024274,Sugar,2,40.0,28.633713,77.107844,West Delhi,0
e1eb5655-5591-4c97-a9dc-679271a4df43,SHOP_011,BEN_01471,2025-12-25 17:34:15.024274,Wheat,5,10.0,28.732554,77.205993,North Delhi,0
3aa60c17-ed56-4cac-8ba7-7967f5cae8c6,SHOP_030,BEN_02718,2025-12-25 17:35:39.024274,Sugar,1,20.0,28.656014,77.071143,West Delhi,0
edd611ac-8cc9-428f-87ae-5c9e66a13e9e,SHOP_013,BEN_00062,2025-12-25 17:43:51.024274,Rice,8,24.0,28.689861,77.183213,North Delhi,0
b45085cd-d19e-47b3-b348-340f4988df3c,SHOP_013,BEN_00913,2025-12-25 17:46:05.024274,Oil,1,50.0,28.689861,77.183213,North Delhi,0
c4dc9a95-17a3-4c00-b07f-827237d8af79,SHOP_012,BEN_01532,2025-12-25 17:46:12.024274,Rice,16,48.0,28.618685,77.319017,East Delhi,0
2b4211e1-3e0b-4ecd-bf32-496ad06b2010,SHOP_024,BEN_01721,2025-12-25 17:59:02.024274,Kerosene,1,25.0,28.505958,77.198023,South Delhi,0
ed7d464d-3dbb-4e15-944e-9bf445fb4cbe,SHOP_019,BEN_00458,2025-12-25 18:07:18.024274,Oil,2,100.0,28.631679,77.201199,Central Delhi,0
248fe34b-219b-411e-8bc4-9d7792ff886a,SHOP_010,BEN_02301,2025-12-25 18:25:00.024274,Oil,1,50.0,28.581134,77.064005,Dwarka,0
f26eb762-76fb-4d24-b05e-f78655f1d8f8,SHOP_050,BEN_00318,2025-12-25 18:32:46.024274,Kerosene,1,25.0,28.560938,77.180795,South Delhi,0
68f2aeeb-3e29-48ff-80d2-e2ead4622d1e,SHOP_015,BEN_02327,2025-12-25 18:34:06.024274,Oil,1,50.0,28.630112,77.110956,West Delhi,0
994ea547-0f27-4877-b885-bce546b73d7e,SHOP_037,BEN_01146,2025-12-25 18:36:43.024274,Sugar,3,60.0,28.707215,77.215419,North Delhi,0
1faecbb2-9ee9-4553-8d24-41884a881c07,SHOP_037,BEN_00791,2025-12-25 18:47:43.024274,Sugar,3,60.0,28.707215,77.215419,North Delhi,0
4a6779d5-c925-41da-9849-f508098f3d6c,SHOP_049,BEN_01835,2025-12-25 18:50:44.024274,Wheat,5,10.0,28.514677,77.242533,South Delhi,0
b244c722-72c6-468d-ade5-f524887ffe42,SHOP_024,BEN_00191,2025-12-25 18:54:57.024274,Kerosene,2,50.0,28.505958,77.198023,South Delhi,0
3fd641ee-ab37-45f8-bf49-5480fe1a50e0,SHOP_043,BEN_01597,2025-12-25 18:55:32.024274,Wheat,17,34.0,28.561519,77.048283,Dwarka,0
bbe7b8af-97be-46af-980e-f28ca7d705f1,SHOP_036,BEN_00633,2025-12-25 19:02:12.024274,Oil,2,100.0,28.73997,77.11894,Rohini,0
89f0f3cd-b266-4954-9581-b6a89366106d,SHOP_030,BEN_00854,2025-12-25 19:03:15.024274,Kerosene,2,50.0,28.656014,77.071143,West Delhi,0
37d4be20-5e03-450b-b2e9-8f10d1ce3d07,SHOP_044,BEN_00948,2025-12-25 19:03:28.024274,Kerosene,2,50.0,28.615898,77.224361,Central Delhi,0
d90f8276-ea16-43ea-a287-bfc3e060e21a,SHOP_004,BEN_02911,2025-12-25 19:07:13.024274,Wheat,20,40.0,28.709316,77.129745,Rohini,0
28974f29-ee7b-478f-9245-06580b7337cc,SHOP_008,BEN_02436,2025-12-25 19:07:25.024274,Wheat,9,18.0,28.666336,77.103257,West Delhi,0
dc80c925-dded-4946-bd74-71fbb3192320,SHOP_040,BEN_01784,2025-12-25 19:10:54.024274,Kerosene,1,25.0,28.673266,77.089259,West Delhi,0
569f998d-a65f-472e-abb1-61e68943da50,SHOP_014,BEN_02569,2025-12-25 19:14:29.024274,Rice,9,27.0,28.708352,77.106686,Rohini,0
0867d9be-3e51-4cac-adf7-79c77e7b1602,SHOP_013,BEN_02388,2025-12-25 19:21:19.024274,Wheat,14,28.0,28.689861,77.183213,North Delhi,0
75cfe16c-2016-4509-be2c-eee0c854f678,SHOP_038,BEN_00229,2025-12-25 19:21:53.024274,Kerosene,2,50.0,28.737713,77.199062,North Delhi,0
ea2d029c-c09d-412d-8c0c-3f3008666862,SHOP_026,BEN_00227,2025-12-25 19:24:14.024274,Wheat,16,32.0,28.645158,77.323228,East Delhi,0
b553d34f-d686-48bd-9609-60cbcac5f7c8,SHOP_045,BEN_00630,2025-12-25 19:33:49.024274,Oil,1,50.0,28.633767,77.205731,Central Delhi,0
34f7efd9-5eb5-49ec-a7be-26e236218910,SHOP_032,BEN_00255,2025-12-25 19:45:36.024274,Oil,2,100.0,28.708017,77.126743,Rohini,0
bcd4c604-f5e2-4df4-ba65-6606e4aa7333,SHOP_028,BEN_00849,2025-12-25 19:49:12.024274,Wheat,12,24.0,28.644078,77.187159,Central Delhi,0
d8a64902-3851-463a-862e-2ffa729a8b33,SHOP_020,BEN_00650,2025-12-25 19:56:42.024274,Rice,13,39.0,28.736478,77.119912,Rohini,0
b7793ac5-f5cd-4254-8caf-7e12e1a289f0,SHOP_005,BEN_02938,2025-12-25 19:58:00.024274,Sugar,3,60.0,28.599771,77.274279,East Delhi,0
44c6c8a4-d82e-4104-96c0-0097f637e66b,SHOP_039,BEN_03000,2025-12-26 08:03:23.024274,Wheat,9,18.0,28.707365,77.109479,Rohini,0
22d74764-1265-48c4-9fc1-d852f4c9ef68,SHOP_043,BEN_00384,2025-12-26 08:05:51.024274,Oil,1,50.0,28.561519,77.048283,Dwarka,0
2e9d6fe9-d1a8-4e86-8abb-8616eba935c1,SHOP_014,BEN_00978,2025-12-26 08:13:50.024274,Wheat,18,36.0,28.708352,77.106686,Rohini,0
03546267-81fe-4ff9-b39b-05b196bc90be,SHOP_023,BEN_02369,2025-12-26 08:21:46.024274,Oil,1,50.0,28.592266,77.310411,East Delhi,0
02892ff5-f6fd-461d-a829-d94b7787c0bb,SHOP_028,BEN_02200,2025-12-26 08:22:35.024274,Kerosene,1,25.0,28.644078,77.187159,Central Delhi,0
023c600a-4c53-4b5d-9584-99da73a97b87,SHOP_045,BEN_02126,2025-12-26 08:25:15.024274,Wheat,9,18.0,28.633767,77.205731,Central Delhi,0
ecf6289a-94c5-4b23-888f-254e96487a1c,SHOP_020,BEN_01877,2025-12-26 08:40:57.024274,Oil,2,100.0,28.736478,77.119912,Rohini,0
7750c991-ed72-448e-9999-e658e10577c0,SHOP_046,BEN_02260,2025-12-26 08:42:48.024274,Kerosene,2,50.0,28.634402,77.315239,East Delhi,0
392d236d-7214-4c5e-888d-6244f6a913e7,SHOP_015,BEN_02811,2025-12-26 08:44:14.024274,Rice,6,18.0,28.630112,77.110956,West Delhi,0
6ad83aff-852d-46c2-9bed-26d9cc7c9271,SHOP_021,BEN_01770,2025-12-26 09:03:03.024274,Sugar,3,60.0,28.654216,77.114329,West Delhi,0
bcbac445-51be-4348-9620-bee9bf1c7419,SHOP_041,BEN_00814,2025-12-26 09:08:38.024274,Oil,2,100.0,28.676266,77.100986,West Delhi,0
dc6ca0a7-ab33-42ff-b399-52f65c6e882f,SHOP_036,BEN_01289,2025-12-26 09:13:05.024274,Sugar,2,40.0,28.73997,77.11894,Rohini,0
d7aa8b79-2f7d-4b7e-810f-ad5e31e58df6,SHOP_037,BEN_02218,2025-12-26 09:22:21.024274,Sugar,3,60.0,28.707215,77.215419,North Delhi,0
38343d0a-e1a8-4713-b23b-b9e5ed6b5a3b,SHOP_038,BEN_01726,2025-12-26 09:23:02.024274,Rice,15,45.0,28.737713,77.199062,North Delhi,0
1049f568-dd8c-4de1-bb3d-96f844df3fad,SHOP_044,BEN_00783,2025-12-26 09:24:52.024274,Oil,2,100.0,28.615898,77.224361,Central Delhi,0
8811be34-42e4-488e-a5ff-c70ba163d7fa,SHOP_049,BEN_02966,2025-12-26 09:35:45.024274,Oil,1,50.0,28.514677,77.242533,South Delhi,0
764484b3-7be3-4f04-89e8-a0e69d3f3eb7,SHOP_043,BEN_01118,2025-12-26 09:38:24.024274,Wheat,14,28.0,28.561519,77.048283,Dwarka,0
1d9c2781-1d04-4214-a18f-4cf9967cebbd,SHOP_045,BEN_01754,2025-12-26 09:42:57.024274,Oil,2,100.0,28.633767,77.205731,Central Delhi,0
6b8ce557-0d2a-4e89-a46f-02b95c0db651,SHOP_008,BEN_00833,2025-12-26 09:58:59.024274,Kerosene,1,25.0,28.666336,77.103257,West Delhi,0
e28ef0fa-7937-4400-ac0d-737c6ecac25f,SHOP_042,BEN_00247,2025-12-26 09:59:02.024274,Wheat,13,26.0,28.598757,77.020815,Dwarka,0
e50eeaf0-366b-4f06-af3f-3dc8ae9e9515,SHOP_018,BEN_00334,2025-12-26 10:14:58.024274,Kerosene,3,75.0,28.610429,77.188088,Central Delhi,0
6eea5d7a-5dc0-4870-9709-bc6ce4ef7e26,SHOP_044,BEN_02682,2025-12-26 10:26:34.024274,Wheat,7,14.0,28.615898,77.224361,Central Delhi,0
309fcf90-2c6b-4654-be7e-db0d63490d3a,SHOP_023,BEN_00198,2025-12-26 10:27:21.024274,Oil,2,100.0,28.592266,77.310411,East Delhi,0
9c91193f-7580-4603-b7e8-82056b9f9846,SHOP_044,BEN_00598,2025-12-26 10:27:30.024274,Oil,1,50.0,28.615898,77.224361,Central Delhi,0
d8b6fe91-0f02-4f05-9539-747a5b57e295,SHOP_021,BEN_02924,2025-12-26 10:27:54.024274,Sugar,3,60.0,28.654216,77.114329,West Delhi,0
e2bccc2d-4c88-4ce6-b740-d5bb6811d82f,SHOP_044,BEN_02632,2025-12-26 10:28:14.024274,Oil,1,50.0,28.615898,77.224361,Central Delhi,0
75641062-39fa-4d48-b088-4ede7b090399,SHOP_039,BEN_02327,2025-12-26 10:28:52.024274,Rice,10,30.0,28.707365,77.109479,Rohini,0
4ddf2acd-85a9-4b1b-b0b6-32209d7e1e4a,SHOP_047,BEN_00884,2025-12-26 10:31:23.024274,Wheat,5,10.0,28.715937,77.10426,Rohini,0
b416241c-34e3-444f-b262-6b9a2b016871,SHOP_029,BEN_02503,2025-12-26 10:33:08.024274,Oil,1,50.0,28.583723,77.064561,Dwarka,0
172d44b9-20ee-4ac8-a448-5998caafd36f,SHOP_032,BEN_01090,2025-12-26 10:35:47.024274,Wheat,19,38.0,28.708017,77.126743,Rohini,0
b993d604-2389-46ca-978a-4dfe0521685b,SHOP_001,BEN_02817,2025-12-26 10:51:53.024274,Sugar,1,20.0,28.563667,77.196744,South Delhi,0
1befa174-0e05-478e-a6df-06382c64d2c3,SHOP_010,BEN_01304,2025-12-26 11:01:38.024274,Kerosene,1,25.0,28.581134,77.064005,Dwarka,0
ae1a7eca-e49e-4bbb-9142-1637e1b15865,SHOP_037,BEN_00104,2025-12-26 11:04:24.024274,Oil,1,50.0,28.707215,77.215419,North Delhi,0
5a13f4d3-5f90-4774-a610-d004718041d9,SHOP_014,BEN_02347,2025-12-26 11:09:36.024274,Kerosene,2,50.0,28.708352,77.106686,Rohini,0
cdb6c9ee-6a0a-4c57-8c6e-f018999a1ca5,SHOP_036,BEN_01280,2025-12-26 11:10:13.024274,Kerosene,2,50.0,28.73997,77.11894,Rohini,0
6387d936-fde0-41bf-aa58-be5da9b71af0,SHOP_038,BEN_01523,2025-12-26 11:10:43.024274,Rice,5,15.0,28.737713,77.199062,North Delhi,0
f7d4b915-946d-4151-bf4f-a1190038d065,SHOP_023,BEN_01599,2025-12-26 11:11:37.024274,Rice,14,42.0,28.592266,77.310411,East Delhi,0
6d1eabb6-e3ba-45ea-9008-172d2add880a,SHOP_032,BEN_02015,2025-12-26 11:13:45.024274,Rice,5,15.0,28.708017,77.126743,Rohini,0
d89d7cce-28a3-4d99-a1ba-16191b4cb680,SHOP_043,BEN_02816,2025-12-26 11:14:25.024274,Oil,1,50.0,28.561519,77.048283,Dwarka,0
8ef1ae3a-971d-4bdc-acf1-1639034313d6,SHOP_034,BEN_00376,2025-12-26 11:15:37.024274,Sugar,3,60.0,28.586699,77.035213,Dwarka,0
0134de2a-f26c-4523-9084-4cda600a6bc9,SHOP_032,BEN_02202,2025-12-26 11:17:37.024274,Wheat,6,12.0,28.708017,77.126743,Rohini,0
9fbb699c-07cb-494d-92b5-911d3eed8589,SHOP_034,BEN_01247,2025-12-26 11:22:45.024274,Wheat,7,14.0,28.586699,77.035213,Dwarka,0
172d4daf-9409-4ae2-afc4-79861d58f1cd,SHOP_050,BEN_01013,2025-12-26 11:29:38.024274,Wheat,17,34.0,28.560938,77.180795,South Delhi,0
cfaecc14-c2b9-4da8-bbf1-f2abfe869b61,SHOP_025,BEN_00931,2025-12-26 11:33:13.024274,Sugar,2,40.0,28.624929,77.222474,Central Delhi,0
2fce725d-5a9e-4661-b9be-9da7ec84abe2,SHOP_040,BEN_02463,2025-12-26 11:34:49.024274,Kerosene,2,50.0,28.673266,77.089259,West Delhi,0
e38d88ae-b7ba-4ded-8c94-deb1dbc7ec06,SHOP_011,BEN_01083,2025-12-26 11:36:03.024274,Sugar,2,40.0,28.732554,77.205993,North Delhi,0
41c60102-593e-4200-ae3f-ac1da3ce246c,SHOP_042,BEN_01598,2025-12-26 11:37:37.024274,Rice,12,36.0,28.598757,77.020815,Dwarka,0
5154619c-df39-4817-a576-d999c2396fb4,SHOP_041,BEN_00976,2025-12-26 11:45:39.024274,Oil,1,50.0,28.676266,77.100986,West Delhi,0
b1eb8bd2-2b50-4f1e-8672-787f2037e6a4,SHOP_007,BEN_02961,2025-12-26 11:48:36.024274,Kerosene,2,50.0,28.520513,77.217525,South Delhi,0
57dfd4fd-703b-4b04-aa8d-3061043d12a0,SHOP_014,BEN_00935,2025-12-26 11:51:18.024274,Rice,12,36.0,28.708352,77.106686,Rohini,0
3232609a-a20a-47eb-9e20-fc65a2097e07,SHOP_013,BEN_02336,2025-12-26 11:51:52.024274,Oil,1,50.0,28.689861,77.183213,North Delhi,0
405cf5df-77f2-487e-aa52-5dfde48dfd0c,SHOP_002,BEN_00299,2025-12-26 11:53:57.024274,Kerosene,3,75.0,28.648957,77.10634,West Delhi,0
dc0a6000-7824-4d89-b6d0-84d78698a038,SHOP_020,BEN_01682,2025-12-26 11:54:50.024274,Rice,12,36.0,28.736478,77.119912,Rohini,0
b4edc2a2-9880-4b21-81dd-5f063f569598,SHOP_003,BEN_02784,2025-12-26 11:55:45.024274,Rice,17,51.0,28.506364,77.204896,South Delhi,0
9010015a-b1f8-4f67-af94-92ef7d931f15,SHOP_001,BEN_02831,2025-12-26 11:56:46.024274,Wheat,16,32.0,28.563667,77.196744,South Delhi,0
fe769876-4f1a-4301-9ea2-284699cd706d,SHOP_046,BEN_00540,2025-12-26 11:57:12.024274,Sugar,3,60.0,28.634402,77.315239,East Delhi,0
60f0d887-f8f2-49ff-9a69-3bf950006e23,SHOP_032,BEN_01462,2025-12-26 11:57:21.024274,Sugar,2,40.0,28.708017,77.126743,Rohini,0
3b60b794-b6fd-4894-a8b0-19924f11ab40,SHOP_032,BEN_02233,2025-12-26 12:02:36.024274,Rice,18,54.0,28.708017,77.126743,Rohini,0
da7b2d49-98e6-4449-b12a-cf0b28bf3cc1,SHOP_026,BEN_00909,2025-12-26 12:03:52.024274,Wheat,8,16.0,28.645158,77.323228,East Delhi,0
be920281-6720-48de-b8d5-6d5636d5041c,SHOP_039,BEN_01831,2025-12-26 12:05:29.024274,Oil,2,100.0,28.707365,77.109479,Rohini,0
f8e6074d-9d78-4ab8-be14-16ee20320920,SHOP_004,BEN_01053,2025-12-26 12:08:06.024274,Rice,19,57.0,28.709316,77.129745,Rohini,0
da418bd1-5937-4891-a213-3787d8892a44,SHOP_026,BEN_02804,2025-12-26 12:08:32.024274,Rice,8,24.0,28.645158,77.323228,East Delhi,0
4ba22061-1d6c-4388-b24a-46bd2c846baf,SHOP_038,BEN_01262,2025-12-26 12:09:57.024274,Wheat,20,40.0,28.737713,77.199062,North Delhi,0
a1dbc268-85a2-43ac-82d3-1c1d74eff918,SHOP_037,BEN_02663,2025-12-26 12:10:00.024274,Sugar,2,40.0,28.707215,77.215419,North Delhi,0
d1228167-e3cd-430c-806b-e15afb6b43c3,SHOP_029,BEN_02980,2025-12-26 12:16:43.024274,Oil,1,50.0,28.583723,77.064561,Dwarka,0
9fcda775-49a9-4785-bad4-bf3ef74cfd86,SHOP_026,BEN_02388,2025-12-26 12:18:00.024274,Rice,8,24.0,28.645158,77.323228,East Delhi,0
f91715d8-4ea1-4697-b6c4-a52f80e07290,SHOP_029,BEN_02660,2025-12-26 12:31:35.024274,Oil,2,100.0,28.583723,77.064561,Dwarka,0
393f43ec-aa68-487c-b2f4-66d750406c6a,SHOP_013,BEN_02563,2025-12-26 12:41:37.024274,Wheat,6,12.0,28.689861,77.183213,North Delhi,0
adc5e0d5-9113-4e20-a44c-225ccafbcc23,SHOP_025,BEN_00595,2025-12-26 12:49:24.024274,Oil,2,100.0,28.624929,77.222474,Central Delhi,0
457a573e-447f-46ed-bd05-775172144f2d,SHOP_001,BEN_00708,2025-12-26 12:56:27.024274,Wheat,18,36.0,28.563667,77.196744,South Delhi,0
98356973-49b2-4725-a845-c25073d64cdf,SHOP_018,BEN_01064,2025-12-26 12:56:57.024274,Kerosene,1,25.0,28.610429,77.188088,Central Delhi,0
763cea77-e2db-4376-8ad3-8ac53a997bb3,SHOP_048,BEN_01729,2025-12-26 13:10:15.024274,Wheat,18,36.0,28.596532,77.044874,Dwarka,0
ad833fb8-5258-4223-b629-159d14d33380,SHOP_014,BEN_01413,2025-12-26 13:10:47.024274,Wheat,19,38.0,28.708352,77.106686,Rohini,0
78ee8455-f339-44f1-b8d5-dc5283c6ff79,SHOP_017,BEN_02949,2025-12-26 13:13:22.024274,Rice,8,24.0,28.722696,77.129286,Rohini,0
5bc8022a-22bd-4000-8d94-d497fcd24b46,SHOP_038,BEN_01847,2025-12-26 13:18:26.024274,Oil,1,50.0,28.737713,77.199062,North Delhi,0
2387ba7a-c61d-4dca-b41d-6bf12019a208,SHOP_040,BEN_02871,2025-12-26 13:25:45.024274,Sugar,2,40.0,28.673266,77.089259,West Delhi,0
f9eff8aa-f3ee-4818-9a00-074a810eebcc,SHOP_031,BEN_02757,2025-12-26 13:26:10.024274,Rice,6,18.0,28.727982,77.18544,North Delhi,0
8ffcbafe-3e1b-4a3f-86d5-bd9c73ea1bb5,SHOP_026,BEN_00205,2025-12-26 13:26:36.024274,Wheat,9,18.0,28.645158,77.323228,East Delhi,0
71bae098-1d6d-4b77-b5c9-0296392390e8,SHOP_011,BEN_01070,2025-12-26 13:33:21.024274,Rice,18,54.0,28.732554,77.205993,North Delhi,0
a36ab2c6-6fa8-482d-a27a-6cbca1f4624c,SHOP_028,BEN_02151,2025-12-26 13:45:57.024274,Oil,1,50.0,28.644078,77.187159,Central Delhi,0
d77ffce0-7c50-4b01-a94e-1748be6b6b24,SHOP_035,BEN_00997,2025-12-26 13:47:10.024274,Rice,15,45.0,28.715607,77.125559,Rohini,0
2360c875-a4c5-4837-8e97-1ecf6947c51c,SHOP_030,BEN_00881,2025-12-26 13:50:28.024274,Rice,17,51.0,28.656014,77.071143,West Delhi,0
9c13a969-07f9-4a09-8b24-485d659d2d2e,SHOP_006,BEN_00272,2025-12-26 13:51:27.024274,Oil,2,100.0,28.6356,77.229758,Central Delhi,0
2c7a7f8f-b9f9-4444-b237-47f5a6886bd6,SHOP_042,BEN_02107,2025-12-26 13:57:27.024274,Kerosene,2,50.0,28.598757,77.020815,Dwarka,0
b0fa975c-3102-409f-a65c-97a981786151,SHOP_030,BEN_01036,2025-12-26 14:15:16.024274,Sugar,1,20.0,28.656014,77.071143,West Delhi,0
9a141ac4-c1d7-4969-b553-cfe615c7b106,SHOP_047,BEN_02863,2025-12-26 14:15:23.024274,Kerosene,2,50.0,28.715937,77.10426,Rohini,0
d5251ebc-4058-4338-a1cb-38434ea9cd8d,SHOP_027,BEN_01326,2025-12-26 14:16:21.024274,Kerosene,2,50.0,28.603311,77.025358,Dwarka,0
e7eb5a53-cfea-4688-a4b2-67c3488b1592,SHOP_024,BEN_02407,2025-12-26 14:18:01.024274,Wheat,19,38.0,28.505958,77.198023,South Delhi,0
de10bea8-3778-43cb-abdc-a14548b191a4,SHOP_007,BEN_02728,2025-12-26 14:22:59.024274,Sugar,2,40.0,28.520513,77.217525,South Delhi,0
ca691e00-6df0-4c03-ac7f-15d88a101afa,SHOP_041,BEN_02285,2025-12-26 14:23:05.024274,Rice,15,45.0,28.676266,77.100986,West Delhi,0
1b779099-87ff-4a93-93f1-2f410d161ed7,SHOP_038,BEN_00792,2025-12-26 14:24:54.024274,Rice,14,42.0,28.737713,77.199062,North Delhi,0
d1f64e1b-933b-46a9-b0a0-b68c739aeff2,SHOP_017,BEN_00201,2025-12-26 14:31:35.024274,Oil,1,50.0,28.722696,77.129286,Rohini,0
3f017ae3-5fbf-414f-b36c-466ea04a7247,SHOP_020,BEN_00180,2025-12-26 14:35:37.024274,Kerosene,1,25.0,28.736478,77.119912,Rohini,0
56b8dff4-076e-4479-a26a-459ea848e566,SHOP_020,BEN_00566,2025-12-26 14:39:46.024274,Oil,2,100.0,28.736478,77.119912,Rohini,0
12dba54f-6fe3-4b5b-8e01-2e77fde87236,SHOP_017,BEN_01937,2025-12-26 14:46:14.024274,Rice,13,39.0,28.722696,77.129286,Rohini,0
e348cefa-2bea-4f3a-b51f-c0a9ce7b3dfb,SHOP_010,BEN_01392,2025-12-26 14:47:15.024274,Rice,18,54.0,28.581134,77.064005,Dwarka,0
cba3787f-3d8a-45b5-b790-a06ce099e87d,SHOP_035,BEN_00679,2025-12-26 14:49:05.024274,Sugar,1,20.0,28.715607,77.125559,Rohini,0
94d9c729-ca2c-4697-a504-588e8f154f91,SHOP_034,BEN_00867,2025-12-26 15:00:26.024274,Sugar,3,60.0,28.586699,77.035213,Dwarka,0
4d86547d-1482-4e2c-a5e2-32e0391421f7,SHOP_046,BEN_02969,2025-12-26 15:06:13.024274,Wheat,19,38.0,28.634402,77.315239,East Delhi,0
483520c2-e52a-41ed-86bc-234d46259f7c,SHOP_010,BEN_01581,2025-12-26 15:19:11.024274,Rice,17,51.0,28.581134,77.064005,Dwarka,0
2e6dd12f-781d-4ca8-9928-f95e701f71a1,SHOP_012,BEN_00637,2025-12-26 15:39:19.024274,Rice,15,45.0,28.618685,77.319017,East Delhi,0
8561c803-21c1-474f-ae03-f7f71debb232,SHOP_005,BEN_00699,2025-12-26 15:41:59.024274,Kerosene,1,25.0,28.599771,77.274279,East Delhi,0
69d42409-172b-462c-a55a-9d8a4c06b0b1,SHOP_043,BEN_01907,2025-12-26 15:44:57.024274,Oil,2,100.0,28.561519,77.048283,Dwarka,0
5e4694bc-eb2e-44e2-ab13-75edd51dcef6,SHOP_012,BEN_00333,2025-12-26 15:46:34.024274,Oil,1,50.0,28.618685,77.319017,East Delhi,0
c778e534-10a1-4e97-ba49-7fd995f2f069,SHOP_022,BEN_02657,2025-12-26 15:48:00.024274,Sugar,2,40.0,28.696907,77.177649,North Delhi,0
de5836ad-494d-4196-bea6-2522401f9213,SHOP_039,BEN_00445,2025-12-26 15:55:42.024274,Rice,13,39.0,28.707365,77.109479,Rohini,0
bb054432-ab64-49a1-a16f-cebc9c572d8e,SHOP_048,BEN_02019,2025-12-26 15:57:33.024274,Oil,2,100.0,28.596532,77.044874,Dwarka,0
8cecb9e1-b07f-406c-8d96-ad97e6b41ee2,SHOP_023,BEN_00294,2025-12-26 16:06:56.024274,Wheat,8,16.0,28.592266,77.310411,East Delhi,0
b518a215-0d62-4e92-b75e-5c05bf84e6c6,SHOP_023,BEN_02783,2025-12-26 16:09:25.024274,Kerosene,1,25.0,28.592266,77.310411,East Delhi,0
294f321d-3ffd-4559-94df-da0c1a789953,SHOP_033,BEN_02505,2025-12-26 16:14:35.024274,Oil,2,100.0,28.731131,77.204781,North Delhi,0
8a829ff6-71ff-4fb4-aa67-f92ed6a56b15,SHOP_036,BEN_00205,2025-12-26 16:15:15.024274,Wheat,9,18.0,28.73997,77.11894,Rohini,0
1a54e8c4-1520-4b7a-af7d-31c6ea97c8a2,SHOP_013,BEN_02880,2025-12-26 16:28:32.024274,Oil,1,50.0,28.689861,77.183213,North Delhi,0
c45c5a4c-08a6-4a55-a398-3b56d04dbdcf,SHOP_039,BEN_00444,2025-12-26 16:35:22.024274,Wheat,10,20.0,28.707365,77.109479,Rohini,0
874994c5-333b-46ee-8314-76ec9c63963e,SHOP_040,BEN_01814,2025-12-26 16:35:55.024274,Kerosene,2,50.0,28.673266,77.089259,West Delhi,0
73d9f927-61cc-4cbe-8b35-9448ed3dea56,SHOP_001,BEN_00567,2025-12-26 16:37:07.024274,Rice,18,54.0,28.563667,77.196744,South Delhi,0
5b4e02de-beb6-4873-8383-f7a6db1fa00b,SHOP_044,BEN_01143,2025-12-26 16:37:28.024274,Wheat,5,10.0,28.615898,77.224361,Central Delhi,0
fa04f09b-3d40-4e58-8cfa-471b6f65f3e8,SHOP_045,BEN_02263,2025-12-26 16:52:05.024274,Sugar,3,60.0,28.633767,77.205731,Central Delhi,0
934d6ada-1502-4bba-8e8f-584c67f6fd0e,SHOP_039,BEN_02087,2025-12-26 16:52:26.024274,Rice,15,45.0,28.707365,77.109479,Rohini,0
8cddb75c-3a21-4a22-93d8-b822eebd8785,SHOP_045,BEN_01583,2025-12-26 16:58:28.024274,Oil,1,50.0,28.633767,77.205731,Central Delhi,0
f4f73c40-7128-4da9-a13e-9732e1f86750,SHOP_028,BEN_00309,2025-12-26 17:02:37.024274,Wheat,6,12.0,28.644078,77.187159,Central Delhi,0
82cc3b40-3bd9-44be-a41b-b92ff6d2f8c4,SHOP_003,BEN_01552,2025-12-26 17:15:44.024274,Wheat,20,40.0,28.506364,77.204896,South Delhi,0
f5b4fd0a-ee0f-4565-bbcf-3d00a913331a,SHOP_026,BEN_02093,2025-12-26 17:16:29.024274,Wheat,17,34.0,28.645158,77.323228,East Delhi,0
e3a3b771-00ed-435b-a9ed-22a21addb08e,SHOP_013,BEN_02581,2025-12-26 17:18:46.024274,Kerosene,3,75.0,28.689861,77.183213,North Delhi,0
69530d43-05f1-4a67-a933-b417e7436251,SHOP_029,BEN_01633,2025-12-26 17:26:20.024274,Kerosene,1,25.0,28.583723,77.064561,Dwarka,0
48da0a04-6c50-4e33-80ec-81bf77b76d9c,SHOP_030,BEN_01165,2025-12-26 17:34:38.024274,Sugar,2,40.0,28.656014,77.071143,West Delhi,0
f77e3931-d2d9-49b2-8714-685a99881e21,SHOP_044,BEN_02338,2025-12-26 17:40:10.024274,Sugar,3,60.0,28.615898,77.224361,Central Delhi,0
a5371018-c7f4-4c1b-ab08-04b0add4c6f2,SHOP_014,BEN_00691,2025-12-26 17:42:07.024274,Kerosene,1,25.0,28.708352,77.106686,Rohini,0
b26046e6-3171-48e4-88c5-86a6599c1a45,SHOP_043,BEN_01836,2025-12-26 17:43:39.024274,Rice,5,15.0,28.561519,77.048283,Dwarka,0
9c75a46a-53fc-4dfb-ae1f-7be89e840b6c,SHOP_041,BEN_01325,2025-12-26 17:45:26.024274,Wheat,8,16.0,28.676266,77.100986,West Delhi,0
2435ec90-6094-45db-b9a8-46545a37609a,SHOP_029,BEN_02293,2025-12-26 17:47:33.024274,Sugar,3,60.0,28.583723,77.064561,Dwarka,0
6226d41b-5f0a-4df5-b0e0-90a35315f760,SHOP_039,BEN_01252,2025-12-26 17:58:54.024274,Kerosene,2,50.0,28.707365,77.109479,Rohini,0
35cf49b0-a790-4174-8581-0f89ec23fbf7,SHOP_029,BEN_02333,2025-12-26 18:00:21.024274,Sugar,2,40.0,28.583723,77.064561,Dwarka,0
02115a83-dbc0-45ea-8182-1c4205eb41cc,SHOP_031,BEN_01974,2025-12-26 18:00:23.024274,Kerosene,2,50.0,28.727982,77.18544,North Delhi,0
a7719e6f-c28a-4cd4-b11e-f9bef9404c86,SHOP_047,BEN_00742,2025-12-26 18:05:12.024274,Kerosene,2,50.0,28.715937,77.10426,Rohini,0
4d9daf1f-f6fe-40a5-9a48-a903083207fa,SHOP_026,BEN_02024,2025-12-26 18:13:27.024274,Wheat,16,32.0,28.645158,77.323228,East Delhi,0
9e19eeec-206a-4568-82ab-ea9bc36d28a4,SHOP_019,BEN_00533,2025-12-26 18:16:15.024274,Sugar,1,20.0,28.631679,77.201199,Central Delhi,0
a7954c92-00f6-4dc7-950c-c1c8dc852cb9,SHOP_027,BEN_02275,2025-12-26 18:23:52.024274,Rice,15,45.0,28.603311,77.025358,Dwarka,0
3a5ed7e4-a74c-4e79-944e-9b036fbb953d,SHOP_025,BEN_00061,2025-12-26 18:25:50.024274,Wheat,6,12.0,28.624929,77.222474,Central Delhi,0
57cc9b4d-fed1-4218-b5fa-622a0ba45b68,SHOP_034,BEN_00144,2025-12-26 18:26:21.024274,Sugar,3,60.0,28.586699,77.035213,Dwarka,0
b5a41021-d54f-4862-aaaa-8bdc71a95b39,SHOP_010,BEN_01956,2025-12-26 18:38:48.024274,Kerosene,1,25.0,28.581134,77.064005,Dwarka,0
40eb0660-069c-4f7f-8b1e-f75a3d828dca,SHOP_013,BEN_02363,2025-12-26 18:48:27.024274,Sugar,2,40.0,28.689861,77.183213,North Delhi,0
40fa95c9-de79-4231-9eda-cf4bc2f6706d,SHOP_018,BEN_01295,2025-12-26 18:51:40.024274,Wheat,18,36.0,28.610429,77.188088,Central Delhi,0
73fbfde1-19c3-45ae-8048-9c5abdbf715d,SHOP_016,BEN_01556,2025-12-26 18:56:32.024274,Sugar,1,20.0,28.644796,77.107779,West Delhi,0
0b282da6-e003-4fc6-8681-1e379a17eb85,SHOP_009,BEN_00623,2025-12-26 19:00:17.024274,Sugar,3,60.0,28.633713,77.107844,West Delhi,0
b1880f77-2d44-43ad-9128-18c07c7ed3a9,SHOP_037,BEN_00326,2025-12-26 19:04:57.024274,Rice,20,60.0,28.707215,77.215419,North Delhi,0
e06dfcd7-af0d-41a9-bfff-852e563b3a54,SHOP_029,BEN_02494,2025-12-26 19:07:00.024274,Sugar,1,20.0,28.583723,77.064561,Dwarka,0
97437bde-8f9d-4a9d-9b0b-0dde57ea3803,SHOP_039,BEN_00517,2025-12-26 19:11:56.024274,Kerosene,2,50.0,28.707365,77.109479,Rohini,0
61fd5de7-7f0d-46c3-9ab0-a36c1585e204,SHOP_021,BEN_01542,2025-12-26 19:13:39.024274,Oil,1,50.0,28.654216,77.114329,West Delhi,0
7f155f20-9787-4ce5-8b3c-800b52a38b6f,SHOP_050,BEN_00424,2025-12-26 19:17:01.024274,Wheat,6,12.0,28.560938,77.180795,South Delhi,0
21726665-8b48-47c1-8026-1016f27b9cc8,SHOP_043,BEN_02137,2025-12-26 19:19:31.024274,Rice,17,51.0,28.561519,77.048283,Dwarka,0
8da48cde-16a5-4a76-9f96-ab41370ca4e5,SHOP_043,BEN_00929,2025-12-26 19:24:30.024274,Rice,7,21.0,28.561519,77.048283,Dwarka,0
cb94478d-9cb3-45b3-97ac-d90624700af6,SHOP_039,BEN_01568,2025-12-26 19:25:04.024274,Kerosene,2,50.0,28.707365,77.109479,Rohini,0
f08ed300-46e5-486c-85c7-141283e65b35,SHOP_006,BEN_02372,2025-12-26 19:33:10.024274,Oil,1,50.0,28.6356,77.229758,Central Delhi,0
11b86312-41bb-411c-869a-663e8179017b,SHOP_025,BEN_01886,2025-12-26 19:36:59.024274,Rice,6,18.0,28.624929,77.222474,Central Delhi,0
b2fd111f-b15c-4a04-b4d3-0e4fef86ba92,SHOP_001,BEN_01947,2025-12-26 19:38:05.024274,Sugar,3,60.0,28.563667,77.196744,South Delhi,0
abc7a94c-e52f-4449-82b4-ba39512efae5,SHOP_043,BEN_01247,2025-12-26 19:47:31.024274,Rice,17,51.0,28.561519,77.048283,Dwarka,0
e63e7467-1185-48e4-90f1-2a2676b4ea6c,SHOP_032,BEN_02221,2025-12-26 19:49:15.024274,Sugar,3,60.0,28.708017,77.126743,Rohini,0
909211a9-3f3d-4ffd-8761-a7dbacade1c0,SHOP_015,BEN_02596,2025-12-27 08:03:26.024274,Oil,1,50.0,28.630112,77.110956,West Delhi,0
65270280-807d-4e18-9748-cf2bdf1fcb74,SHOP_034,BEN_02252,2025-12-27 08:06:17.024274,Wheat,5,10.0,28.586699,77.035213,Dwarka,0
ec373793-7530-4eeb-add4-a30398625be7,SHOP_045,BEN_02214,2025-12-27 08:08:10.024274,Wheat,17,34.0,28.633767,77.205731,Central Delhi,0
cd42f5b5-0ca9-42d6-bd12-c5c2666897e8,SHOP_016,BEN_00095,2025-12-27 08:11:55.024274,Kerosene,1,25.0,28.644796,77.107779,West Delhi,0
9bdac614-0170-48f8-b912-39d577c07be9,SHOP_018,BEN_01299,2025-12-27 08:15:08.024274,Rice,18,54.0,28.610429,77.188088,Central Delhi,0
235a9317-1a04-4184-bb5d-20c32199b5eb,SHOP_040,BEN_01338,2025-12-27 08:17:57.024274,Wheat,19,38.0,28.673266,77.089259,West Delhi,0
e4957355-6a65-457a-aba9-d6f7a7c8f2df,SHOP_039,BEN_00061,2025-12-27 08:24:19.024274,Sugar,1,20.0,28.707365,77.109479,Rohini,0
67bfa8c0-a259-42e2-932c-ee8b145cd989,SHOP_021,BEN_01509,2025-12-27 08:28:46.024274,Rice,8,24.0,28.654216,77.114329,West Delhi,0
bd0e3023-05a6-4731-a1c9-baaec00f7162,SHOP_004,BEN_01468,2025-12-27 08:30:40.024274,Sugar,3,60.0,28.709316,77.129745,Rohini,0
b01be55b-0847-4ed5-ba05-c8b44984500d,SHOP_025,BEN_01088,2025-12-27 08:31:45.024274,Kerosene,2,50.0,28.624929,77.222474,Central Delhi,0
2d66cacb-be98-4d4b-9da2-b1eeed579959,SHOP_006,BEN_00939,2025-12-27 08:32:27.024274,Wheat,10,20.0,28.6356,77.229758,Central Delhi,0
86997ed2-b142-4125-be43-761f201adcdb,SHOP_014,BEN_02774,2025-12-27 08:37:28.024274,Oil,2,100.0,28.708352,77.106686,Rohini,0
4e36b280-993c-4321-badf-bea3cd5e385c,SHOP_038,BEN_02445,2025-12-27 08:42:15.024274,Oil,2,100.0,28.737713,77.199062,North Delhi,0
30d670ee-ad54-4a17-b337-3e8028c205f7,SHOP_024,BEN_02400,2025-12-27 08:42:26.024274,Wheat,19,38.0,28.505958,77.198023,South Delhi,0
7896cf76-476f-451c-b931-83704af7df44,SHOP_004,BEN_01183,2025-12-27 08:45:23.024274,Sugar,1,20.0,28.709316,77.129745,Rohini,0
994cdce8-3ce0-4a10-870f-2c21fed210d7,SHOP_012,BEN_00044,2025-12-27 08:55:37.024274,Wheat,20,40.0,28.618685,77.319017,East Delhi,0
538b0f4b-d992-4456-93f3-74a6f8e3b986,SHOP_022,BEN_01892,2025-12-27 09:05:32.024274,Kerosene,2,50.0,28.696907,77.177649,North Delhi,0
9120a467-8ea5-40cf-a7dd-9bb8705b3f39,SHOP_005,BEN_01201,2025-12-27 09:08:25.024274,Rice,16,48.0,28.599771,77.274279,East Delhi,0
c88e6eff-6dd4-4075-a62f-35b0ce75776f,SHOP_009,BEN_00064,2025-12-27 09:15:31.024274,Wheat,19,38.0,28.633713,77.107844,West Delhi,0
424beca1-41c1-4ea1-8cd6-66b60da3a881,SHOP_029,BEN_02471,2025-12-27 09:20:22.024274,Oil,2,100.0,28.583723,77.064561,Dwarka,0
ba7305ee-c62f-4b57-a46e-24f684c51b4b,SHOP_009,BEN_02146,2025-12-27 09:22:01.024274,Rice,7,21.0,28.633713,77.107844,West Delhi,0
b18edaf3-0dc0-4ca4-9807-9b846a4606a5,SHOP_015,BEN_02893,2025-12-27 09:24:33.024274,Rice,10,30.0,28.630112,77.110956,West Delhi,0
a202a6fb-de3d-4030-9658-76934fcb6bda,SHOP_020,BEN_00891,2025-12-27 09:24:45.024274,Wheat,7,14.0,28.736478,77.119912,Rohini,0
8b4ee007-6f30-486a-a9e0-7bb7fcce0b42,SHOP_013,BEN_00300,2025-12-27 09:26:45.024274,Rice,8,24.0,28.689861,77.183213,North Delhi,0
603b4aea-024d-4107-a759-c912b5bf206f,SHOP_023,BEN_01388,2025-12-27 09:30:22.024274,Wheat,13,26.0,28.592266,77.310411,East Delhi,0
41eadb1c-9591-42dd-83c2-6f9a23dc521b,SHOP_008,BEN_02679,2025-12-27 09:38:49.024274,Rice,13,39.0,28.666336,77.103257,West Delhi,0
19b076e6-73e7-493a-8dd8-291259629a3c,SHOP_012,BEN_01294,2025-12-27 09:52:57.024274,Rice,7,21.0,28.618685,77.319017,East Delhi,0
9ba5c1d3-5565-4949-b224-b66329039512,SHOP_031,BEN_01632,2025-12-27 09:57:35.024274,Rice,14,42.0,28.727982,77.18544,North Delhi,0
a4b4fb10-2e49-4e16-8c48-710a640a56f9,SHOP_038,BEN_00665,2025-12-27 10:03:27.024274,Kerosene,1,25.0,28.737713,77.199062,North Delhi,0
671ca143-7cba-4dd3-be49-850e98161f06,SHOP_023,BEN_01317,2025-12-27 10:07:34.024274,Wheat,12,24.0,28.592266,77.310411,East Delhi,0
5bceabb2-eab6-4722-9021-eff1a60ae08d,SHOP_026,BEN_01466,2025-12-27 10:15:04.024274,Wheat,6,12.0,28.645158,77.323228,East Delhi,0
4e629554-5d09-4e70-bf98-7ce824ccdf98,SHOP_040,BEN_02825,2025-12-27 10:17:22.024274,Oil,1,50.0,28.673266,77.089259,West Delhi,0
3e992b69-2ab7-4f52-81a4-f9d5c5c30539,SHOP_021,BEN_00898,2025-12-27 10:17:48.024274,Kerosene,2,50.0,28.654216,77.114329,West Delhi,0
e5cfe322-b648-4077-a0c2-4e83a2743cae,SHOP_012,BEN_00720,2025-12-27 10:22:32.024274,Sugar,2,40.0,28.618685,77.319017,East Delhi,0
e9e0b46c-d8db-4940-baf6-be7ac9287ca5,SHOP_002,BEN_00363,2025-12-27 10:28:09.024274,Oil,1,50.0,28.648957,77.10634,West Delhi,0
55c1810e-e835-491b-b1ed-ecf4ad72f6ab,SHOP_026,BEN_00407,2025-12-27 10:40:00.024274,Kerosene,1,25.0,28.645158,77.323228,East Delhi,0
b8cb0a91-2303-4eb5-bd2f-97f9af57d0c7,SHOP_030,BEN_02788,2025-12-27 10:52:55.024274,Sugar,3,60.0,28.656014,77.071143,West Delhi,0
8313dbaa-8a1e-4925-b997-40ba1c704929,SHOP_012,BEN_02390,2025-12-27 10:59:56.024274,Wheat,7,14.0,28.618685,77.319017,East Delhi,0
2a415780-d54d-4d43-8166-ad33838d3637,SHOP_029,BEN_02022,2025-12-27 11:03:08.024274,Oil,2,100.0,28.583723,77.064561,Dwarka,0
3884e128-fd18-4dcb-a740-4bf393be27eb,SHOP_024,BEN_02764,2025-12-27 11:03:32.024274,Rice,9,27.0,28.505958,77.198023,South Delhi,0
a099b310-df4f-442b-8ae9-0551d1c3c5ba,SHOP_012,BEN_02411,2025-12-27 11:07:47.024274,Sugar,2,40.0,28.618685,77.319017,East Delhi,0
af5f4db4-4c3f-4052-9f85-115c4441df12,SHOP_005,BEN_00848,2025-12-27 11:11:35.024274,Wheat,15,30.0,28.599771,77.274279,East Delhi,0
75b30143-493c-4627-b37a-5d52cb90ef10,SHOP_001,BEN_01608,2025-12-27 11:15:46.024274,Oil,1,50.0,28.563667,77.196744,South Delhi,0
2ece8c80-6a34-484f-b383-7cdc04d237e4,SHOP_006,BEN_01143,2025-12-27 11:28:10.024274,Sugar,1,20.0,28.6356,77.229758,Central Delhi,0
1babb482-d2dd-4dda-b288-5c99618dc711,SHOP_028,BEN_01894,2025-12-27 11:29:15.024274,Oil,2,100.0,28.644078,77.187159,Central Delhi,0
ae04b223-d3fb-47f5-80b2-d17c5375bdab,SHOP_027,BEN_01782,2025-12-27 11:33:31.024274,Kerosene,2,50.0,28.603311,77.025358,Dwarka,0
e29fb0a1-f5b6-48f3-9f33-ff0d6f1516e2,SHOP_042,BEN_02862,2025-12-27 11:37:13.024274,Kerosene,2,50.0,28.598757,77.020815,Dwarka,0
86e5e7c5-0887-4db7-972d-6d263e3f55cf,SHOP_050,BEN_02381,2025-12-27 11:38:02.024274,Wheat,5,10.0,28.560938,77.180795,South Delhi,0
2d2eca0d-6d79-4dcb-b9b7-992e52d66434,SHOP_011,BEN_01031,2025-12-27 11:44:37.024274,Rice,17,51.0,28.732554,77.205993,North Delhi,0
9496b38b-18f6-40bd-a4d9-8a7668f38475,SHOP_050,BEN_02149,2025-12-27 11:44:40.024274,Oil,2,100.0,28.560938,77.180795,South Delhi,0
d1c6a7a0-2902-4fca-aec7-f1e0183d996e,SHOP_034,BEN_00621,2025-12-27 11:44:45.024274,Oil,2,100.0,28.586699,77.035213,Dwarka,0
f6604c1e-f315-4167-b5b9-ec59aca11b38,SHOP_015,BEN_00035,2025-12-27 11:46:49.024274,Wheat,10,20.0,28.630112,77.110956,West Delhi,0
a16eb25a-bde7-400c-bb90-cfffca0249c7,SHOP_050,BEN_00353,2025-12-27 11:49:54.024274,Sugar,2,40.0,28.560938,77.180795,South Delhi,0
e40a4cea-83d5-4168-b43f-a2add1ceea59,SHOP_006,BEN_00015,2025-12-27 11:51:10.024274,Oil,2,100.0,28.6356,77.229758,Central Delhi,0
e70c1f42-35c3-4d23-87f5-e77d428c3a01,SHOP_013,BEN_01644,2025-12-27 11:51:37.024274,Wheat,19,38.0,28.689861,77.183213,North Delhi,0
b6b56a47-fd17-4043-a1c9-be2151de4cd5,SHOP_005,BEN_00395,2025-12-27 11:53:10.024274,Kerosene,1,25.0,28.599771,77.274279,East Delhi,0
c92ebcb6-634b-41a6-8fde-130700642432,SHOP_011,BEN_02407,2025-12-27 11:55:30.024274,Kerosene,3,75.0,28.732554,77.205993,North Delhi,0
457c8f02-4cf3-4f55-9c42-bfcdfd74feb5,SHOP_008,BEN_02812,2025-12-27 12:00:33.024274,Wheat,7,14.0,28.666336,77.103257,West Delhi,0
9c504edc-1bf4-4bd5-8e1f-90d658659765,SHOP_009,BEN_01611,2025-12-27 12:06:45.024274,Oil,1,50.0,28.633713,77.107844,West Delhi,0
12fb98a8-1dd5-4456-84d5-541af2abc53a,SHOP_045,BEN_02915,2025-12-27 12:15:33.024274,Kerosene,1,25.0,28.633767,77.205731,Central Delhi,0
58d4867d-50ff-4775-ba54-5a18db73efcf,SHOP_019,BEN_01055,2025-12-27 12:15:34.024274,Sugar,3,60.0,28.631679,77.201199,Central Delhi,0
e65e7d58-c7d8-42b0-9028-06f6d2ffd990,SHOP_043,BEN_02310,2025-12-27 12:25:46.024274,Wheat,17,34.0,28.561519,77.048283,Dwarka,0
49fa5e3b-13d6-482c-bc07-402cb4e0a5f8,SHOP_041,BEN_00769,2025-12-27 12:33:26.024274,Kerosene,2,50.0,28.676266,77.100986,West Delhi,0
90bba0a6-5568-4966-9c9a-e369c7a4e561,SHOP_041,BEN_00269,2025-12-27 12:49:41.024274,Sugar,2,40.0,28.676266,77.100986,West Delhi,0
1d8be3b1-324a-47f0-bd63-7b622a9ab8ac,SHOP_049,BEN_02358,2025-12-27 12:57:13.024274,Rice,17,51.0,28.514677,77.242533,South Delhi,0
af63b001-6b8c-41c3-8116-ec6ee15f31a1,SHOP_035,BEN_02492,2025-12-27 13:00:49.024274,Oil,1,50.0,28.715607,77.125559,Rohini,0
871ab94b-41ad-4375-9828-6d71631ae3c7,SHOP_037,BEN_00649,2025-12-27 13:04:11.024274,Sugar,2,40.0,28.707215,77.215419,North Delhi,0
3b7f0e26-1284-4bc0-98b9-cbd0f3cf9e1a,SHOP_011,BEN_00345,2025-12-27 13:07:46.024274,Rice,8,24.0,28.732554,77.205993,North Delhi,0
aab61e5b-1431-4737-9dc4-4d66f01f8957,SHOP_032,BEN_01235,2025-12-27 13:07:49.024274,Kerosene,2,50.0,28.708017,77.126743,Rohini,0
b223e720-c381-4385-ae40-06afe5f637da,SHOP_017,BEN_01051,2025-12-27 13:11:07.024274,Kerosene,1,25.0,28.722696,77.129286,Rohini,0
a279be99-05a1-4ddb-9a6d-67ef0d6ccc0d,SHOP_024,BEN_01357,2025-12-27 13:15:52.024274,Rice,16,48.0,28.505958,77.198023,South Delhi,0
50389568-3c66-4336-9af6-c556f1c1ffdf,SHOP_017,BEN_00577,2025-12-27 13:23:45.024274,Kerosene,2,50.0,28.722696,77.129286,Rohini,0
185a0b45-2897-4b75-8b88-1b63c54a9ee5,SHOP_038,BEN_00579,2025-12-27 13:25:11.024274,Wheat,11,22.0,28.737713,77.199062,North Delhi,0
b5b3256c-c428-40b3-ac45-a96ae0231e06,SHOP_017,BEN_00768,2025-12-27 13:26:50.024274,Wheat,5,10.0,28.722696,77.129286,Rohini,0
6588b56f-6b09-48e0-a806-852f4526fb03,SHOP_001,BEN_02022,2025-12-27 13:33:03.024274,Rice,16,48.0,28.563667,77.196744,South Delhi,0
1d22b1d6-a6e4-48aa-a742-b743d9cb2e21,SHOP_010,BEN_01484,2025-12-27 13:33:50.024274,Wheat,11,22.0,28.581134,77.064005,Dwarka,0
6b3af61f-3d1c-4ab5-8f76-9c9d6174a732,SHOP_043,BEN_02263,2025-12-27 13:42:28.024274,Wheat,10,20.0,28.561519,77.048283,Dwarka,0
b3555fd0-fa1c-4091-97a6-1fc81a45d4e1,SHOP_050,BEN_01257,2025-12-27 13:54:42.024274,Wheat,14,28.0,28.560938,77.180795,South Delhi,0
91666bec-6c4f-4d02-9e85-da208060aad5,SHOP_048,BEN_02541,2025-12-27 13:57:39.024274,Oil,2,100.0,28.596532,77.044874,Dwarka,0
3eb46183-dfef-4397-87c8-b074498c034f,SHOP_044,BEN_01204,2025-12-27 14:01:17.024274,Oil,1,50.0,28.615898,77.224361,Central Delhi,0
e7354e46-be17-4c02-84cf-0e9ba228fc00,SHOP_028,BEN_01623,2025-12-27 14:03:21.024274,Rice,12,36.0,28.644078,77.187159,Central Delhi,0
31e7993d-502e-430e-96e3-6d24baf13100,SHOP_034,BEN_00809,2025-12-27 14:06:12.024274,Sugar,1,20.0,28.586699,77.035213,Dwarka,0
2a753210-abbf-4c27-848c-b594e232da42,SHOP_026,BEN_02666,2025-12-27 14:10:47.024274,Wheat,17,34.0,28.645158,77.323228,East Delhi,0
997ba85e-bb2e-46fc-81be-4bf4533e8a94,SHOP_039,BEN_00038,2025-12-27 14:13:41.024274,Wheat,14,28.0,28.707365,77.109479,Rohini,0
2391d8bc-3f13-4205-9592-56ea83504ca2,SHOP_042,BEN_00420,2025-12-27 14:16:31.024274,Sugar,2,40.0,28.598757,77.020815,Dwarka,0
c116edfa-a405-492a-b5ef-72661b89f9a8,SHOP_027,BEN_01857,2025-12-27 14:18:27.024274,Sugar,1,20.0,28.603311,77.025358,Dwarka,0
f8bdff30-ee2e-4a10-850e-4086f0a3c5ef,SHOP_020,BEN_01789,2025-12-27 14:31:20.024274,Oil,2,100.0,28.736478,77.119912,Rohini,0
8fc500f2-706b-48b2-a4e0-c6ed656af7c4,SHOP_050,BEN_02041,2025-12-27 14:31:36.024274,Oil,2,100.0,28.560938,77.180795,South Delhi,0
212b2f6f-9244-40aa-8adb-475ad8152e6e,SHOP_017,BEN_00722,2025-12-27 14:33:16.024274,Kerosene,2,50.0,28.722696,77.129286,Rohini,0
a0cb3173-5c57-488e-9322-762a35659071,SHOP_018,BEN_00281,2025-12-27 14:37:29.024274,Kerosene,2,50.0,28.610429,77.188088,Central Delhi,0
4da245fa-1873-461d-9727-0f8d7c0715bd,SHOP_047,BEN_02927,2025-12-27 14:42:54.024274,Rice,11,33.0,28.715937,77.10426,Rohini,0
c44540ab-f055-4c8f-8f85-ee73c7b09438,SHOP_017,BEN_02900,2025-12-27 14:46:32.024274,Kerosene,3,75.0,28.722696,77.129286,Rohini,0
e3aa898e-ffa0-4546-bf51-a69c50edc31c,SHOP_030,BEN_02421,2025-12-27 14:49:51.024274,Oil,1,50.0,28.656014,77.071143,West Delhi,0
b78f3bf8-b564-46d9-8105-4b87b76df020,SHOP_028,BEN_01412,2025-12-27 14:50:36.024274,Wheat,8,16.0,28.644078,77.187159,Central Delhi,0
aeaa5190-1673-4bc0-adf6-789d5dcf2e5b,SHOP_021,BEN_02285,2025-12-27 14:52:41.024274,Rice,14,42.0,28.654216,77.114329,West Delhi,0
4de0a19c-3f95-4424-9b76-8250c48d0115,SHOP_029,BEN_02205,2025-12-27 14:59:20.024274,Oil,1,50.0,28.583723,77.064561,Dwarka,0
6f6e2ead-3708-4ba6-b9d9-924c25ff38e4,SHOP_048,BEN_01215,2025-12-27 15:02:04.024274,Oil,2,100.0,28.596532,77.044874,Dwarka,0
91615179-28c7-4e98-a3e4-1331a658c09e,SHOP_013,BEN_01518,2025-12-27 15:04:16.024274,Sugar,2,40.0,28.689861,77.183213,North Delhi,0
f25a4854-20d7-412d-9ef4-8428a21b20d7,SHOP_010,BEN_01980,2025-12-27 15:06:27.024274,Rice,10,30.0,28.581134,77.064005,Dwarka,0
926ae7e4-796c-45db-967d-3c52f4bf2676,SHOP_023,BEN_01871,2025-12-27 15:10:04.024274,Rice,14,42.0,28.592266,77.310411,East Delhi,0
7e13633d-0b89-4e48-a417-04523d56218d,SHOP_033,BEN_00980,2025-12-27 15:15:57.024274,Oil,2,100.0,28.731131,77.204781,North Delhi,0
cec0a7e1-9f61-4acf-b874-26d2f9b58a8a,SHOP_022,BEN_01406,2025-12-27 15:16:58.024274,Sugar,3,60.0,28.696907,77.177649,North Delhi,0
bb29a3da-a67d-4270-a3d3-0d87176ff5a1,SHOP_001,BEN_01738,2025-12-27 15:27:18.024274,Wheat,18,36.0,28.563667,77.196744,South Delhi,0
c70a046f-fbeb-409a-8a02-cd95eedcd420,SHOP_026,BEN_02927,2025-12-27 15:29:12.024274,Wheat,10,20.0,28.645158,77.323228,East Delhi,0
b3d1baf2-252a-4b76-8207-e1a788dfa651,SHOP_042,BEN_00692,2025-12-27 15:30:11.024274,Kerosene,3,75.0,28.598757,77.020815,Dwarka,0
e19016f1-2093-4938-9cda-89a0b0cd2e38,SHOP_044,BEN_01305,2025-12-27 15:33:15.024274,Oil,1,50.0,28.615898,77.224361,Central Delhi,0
d337a5bf-0da1-47a5-b2bd-c2f92316c22b,SHOP_030,BEN_01436,2025-12-27 15:35:56.024274,Sugar,1,20.0,28.656014,77.071143,West Delhi,0
2d8196f3-26e5-4a78-ac82-8e657c68fba0,SHOP_034,BEN_00590,2025-12-27 15:37:54.024274,Kerosene,2,50.0,28.586699,77.035213,Dwarka,0
883511ff-fb85-4944-aca1-798eddd54d00,SHOP_016,BEN_00807,2025-12-27 15:42:06.024274,Oil,2,100.0,28.644796,77.107779,West Delhi,0
6df145a9-1ed1-4f71-91d2-950cf2828317,SHOP_049,BEN_02014,2025-12-27 15:44:06.024274,Rice,8,24.0,28.514677,77.242533,South Delhi,0
d597a796-40db-4b4c-b407-9d64e0c7afb3,SHOP_015,BEN_02015,2025-12-27 15:53:45.024274,Kerosene,2,50.0,28.630112,77.110956,West Delhi,0
d7e97fed-c70e-4bb7-b59f-cafd948d1e20,SHOP_050,BEN_01409,2025-12-27 15:58:07.024274,Rice,16,48.0,28.560938,77.180795,South Delhi,0
8183c030-58ab-44a1-bf2d-04ab6255be65,SHOP_006,BEN_00185,2025-12-27 16:04:49.024274,Wheat,20,40.0,28.6356,77.229758,Central Delhi,0
902406be-9533-48bc-8da6-ef0a774fe893,SHOP_011,BEN_02826,2025-12-27 16:06:06.024274,Oil,2,100.0,28.732554,77.205993,North Delhi,0
fd59b763-dfaf-4955-957c-d0a7ba4de0eb,SHOP_041,BEN_00904,2025-12-27 16:09:03.024274,Kerosene,2,50.0,28.676266,77.100986,West Delhi,0
f3e165cf-8780-4619-9a8e-5177b759b6c0,SHOP_043,BEN_00112,2025-12-27 16:15:52.024274,Sugar,3,60.0,28.561519,77.048283,Dwarka,0
ec20d21b-4f2e-4911-bfdc-6f5b95599779,SHOP_028,BEN_02540,2025-12-27 16:18:09.024274,Rice,8,24.0,28.644078,77.187159,Central Delhi,0
207ad7d3-b788-4301-978d-eb9a1fd4afc2,SHOP_036,BEN_01762,2025-12-27 16:21:26.024274,Rice,9,27.0,28.73997,77.11894,Rohini,0
6bd08683-2b6f-480d-9cb9-5561ebfa7917,SHOP_046,BEN_00803,2025-12-27 16:23:24.024274,Kerosene,3,75.0,28.634402,77.315239,East Delhi,0
1e983d39-5a14-4277-ac10-5e7f1c77fb44,SHOP_006,BEN_00054,2025-12-27 16:33:08.024274,Sugar,1,20.0,28.6356,77.229758,Central Delhi,0
d7ab3dc4-a5c7-4278-a7ca-d300f309d262,SHOP_008,BEN_01436,2025-12-27 16:42:55.024274,Kerosene,1,25.0,28.666336,77.103257,West Delhi,0
6d850c48-29e1-4d58-82df-a4cdb40f3c83,SHOP_005,BEN_02906,2025-12-27 16:44:16.024274,Wheat,13,26.0,28.599771,77.274279,East Delhi,0
6fb11eea-22d1-44f6-85d6-94f5377110f5,SHOP_049,BEN_00581,2025-12-27 16:58:54.024274,Oil,2,100.0,28.514677,77.242533,South Delhi,0
d83838e5-9368-44f7-bbdb-6804d7856690,SHOP_033,BEN_00123,2025-12-27 17:13:08.024274,Rice,18,54.0,28.731131,77.204781,North Delhi,0
831add68-8f17-404e-bf48-a39d517c2f82,SHOP_050,BEN_00551,2025-12-27 17:13:45.024274,Kerosene,2,50.0,28.560938,77.180795,South Delhi,0
9a7b12f5-ab78-4fea-b0d7-3ed8fd40d35b,SHOP_014,BEN_02214,2025-12-27 17:19:19.024274,Rice,5,15.0,28.708352,77.106686,Rohini,0
dbcb0999-1127-460f-9f77-318a3f1c3684,SHOP_036,BEN_00608,2025-12-27 17:20:53.024274,Rice,18,54.0,28.73997,77.11894,Rohini,0
0dff0d3c-7268-4df2-83f6-a069e3084144,SHOP_014,BEN_00103,2025-12-27 17:28:33.024274,Wheat,14,28.0,28.708352,77.106686,Rohini,0
a5d973aa-1341-4306-83a3-0bbb4b7509e9,SHOP_031,BEN_02686,2025-12-27 17:30:17.024274,Rice,16,48.0,28.727982,77.18544,North Delhi,0
5db82a9f-6ba0-4101-91df-cdece7f0704c,SHOP_050,BEN_00716,2025-12-27 17:51:19.024274,Rice,20,60.0,28.560938,77.180795,South Delhi,0
86ae8d4d-6894-4df4-89ce-dca3a449c556,SHOP_001,BEN_02827,2025-12-27 17:55:40.024274,Kerosene,2,50.0,28.563667,77.196744,South Delhi,0
78d6e2ca-17d4-4e1c-81fa-7de631afc075,SHOP_049,BEN_00103,2025-12-27 18:01:02.024274,Kerosene,2,50.0,28.514677,77.242533,South Delhi,0
d130557f-d376-42f4-b55e-410f7ea647a0,SHOP_002,BEN_01824,2025-12-27 18:04:36.024274,Rice,14,42.0,28.648957,77.10634,West Delhi,0
89544e92-8a46-4bfc-8c89-82635752afe5,SHOP_028,BEN_00949,2025-12-27 18:15:26.024274,Sugar,2,40.0,28.644078,77.187159,Central Delhi,0
f346aadb-36b3-4443-9d9b-ec35b88041c6,SHOP_004,BEN_00012,2025-12-27 18:15:37.024274,Oil,1,50.0,28.709316,77.129745,Rohini,0
e93d72ea-836d-4d2a-92b3-2bf67143c00c,SHOP_021,BEN_01423,2025-12-27 18:24:41.024274,Rice,10,30.0,28.654216,77.114329,West Delhi,0
8b4efe05-2ab6-481d-9351-3c20af0d64ca,SHOP_045,BEN_00845,2025-12-27 18:27:16.024274,Kerosene,3,75.0,28.633767,77.205731,Central Delhi,0
2d577f19-c983-490a-a245-b22f7e19f94c,SHOP_033,BEN_00979,2025-12-27 18:30:45.024274,Rice,8,24.0,28.731131,77.204781,North Delhi,0
4f89232f-a853-49bf-892f-25137c9a9155,SHOP_019,BEN_02920,2025-12-27 18:32:11.024274,Rice,12,36.0,28.631679,77.201199,Central Delhi,0
09d36a6b-533a-43d9-a4c1-2abedb5d6930,SHOP_046,BEN_00902,2025-12-27 18:34:28.024274,Wheat,11,22.0,28.634402,77.315239,East Delhi,0
919f9c30-3736-4fd2-a03c-0d3b2a6ea0d6,SHOP_025,BEN_00190,2025-12-27 18:38:44.024274,Kerosene,1,25.0,28.624929,77.222474,Central Delhi,0
69aa8411-9d0f-4bdd-9808-57c5980ae752,SHOP_018,BEN_00667,2025-12-27 18:40:45.024274,Wheat,20,40.0,28.610429,77.188088,Central Delhi,0
1ee58e1e-daa7-4d3e-99c9-f144285697a2,SHOP_002,BEN_01118,2025-12-27 18:46:38.024274,Sugar,1,20.0,28.648957,77.10634,West Delhi,0
fe81db6b-718f-4fcb-b0eb-5c3cdcf17479,SHOP_045,BEN_02508,2025-12-27 18:48:31.024274,Rice,15,45.0,28.633767,77.205731,Central Delhi,0
59d9e33a-ae7d-49a7-96cc-122a76ff7f11,SHOP_040,BEN_02931,2025-12-27 19:02:31.024274,Oil,1,50.0,28.673266,77.089259,West Delhi,0
124bfe9a-aaf4-4059-b11a-700be7a8e2dc,SHOP_042,BEN_01758,2025-12-27 19:06:08.024274,Rice,13,39.0,28.598757,77.020815,Dwarka,0
aa1eabff-2f64-456e-b8e8-de949e9b704f,SHOP_035,BEN_02543,2025-12-27 19:07:21.024274,Oil,1,50.0,28.715607,77.125559,Rohini,0
9af0f031-ceb3-4288-937d-93ab46eb77b9,SHOP_046,BEN_02121,2025-12-27 19:13:38.024274,Wheat,11,22.0,28.634402,77.315239,East Delhi,0
98305678-bf7c-4a1a-9d7d-fddc884c0316,SHOP_012,BEN_02071,2025-12-27 19:15:02.024274,Kerosene,1,25.0,28.618685,77.319017,East Delhi,0
e8fd75ef-379d-4b86-918e-b125822cf51d,SHOP_039,BEN_00464,2025-12-27 19:17:09.024274,Oil,2,100.0,28.707365,77.109479,Rohini,0
f9ba6b46-ac07-4917-9f87-11e48b00f875,SHOP_035,BEN_00057,2025-12-27 19:17:35.024274,Kerosene,2,50.0,28.715607,77.125559,Rohini,0
151ecfee-06d6-4806-9144-d275cf1a6a9b,SHOP_038,BEN_02148,2025-12-27 19:20:55.024274,Rice,6,18.0,28.737713,77.199062,North Delhi,0
9ad79780-27b5-4daf-959a-29418d83dcb8,SHOP_049,BEN_01603,2025-12-27 19:22:22.024274,Rice,6,18.0,28.514677,77.242533,South Delhi,0
fc46eef3-1082-4f5c-9e62-d5eea8141e85,SHOP_037,BEN_01483,2025-12-27 19:25:42.024274,Wheat,10,20.0,28.707215,77.215419,North Delhi,0
d4b877c3-c586-41f6-b9f7-0bac2429bd07,SHOP_041,BEN_00795,2025-12-27 19:27:30.024274,Oil,1,50.0,28.676266,77.100986,West Delhi,0
a4dbd39a-0ac2-4e90-bcd5-66e28709fc7f,SHOP_039,BEN_00594,2025-12-27 19:28:06.024274,Kerosene,2,50.0,28.707365,77.109479,Rohini,0
6f045929-f95d-465b-b48f-1f583e6d1572,SHOP_018,BEN_01939,2025-12-27 19:33:45.024274,Kerosene,3,75.0,28.610429,77.188088,Central Delhi,0
5f1885b0-f2aa-4a57-83ba-28dd0efa4bfb,SHOP_043,BEN_02279,2025-12-27 19:38:04.024274,Sugar,2,40.0,28.561519,77.048283,Dwarka,0
084d1f98-65b4-4630-a944-1ea9e67b66df,SHOP_048,BEN_01116,2025-12-27 19:45:40.024274,Wheat,13,26.0,28.596532,77.044874,Dwarka,0
53857a35-1225-4488-bb71-e5f3563238aa,SHOP_017,BEN_00943,2025-12-27 19:49:13.024274,Sugar,1,20.0,28.722696,77.129286,Rohini,0
68df05a0-9111-479d-93f5-c0a7c16b95e0,SHOP_026,BEN_02980,2025-12-27 19:59:26.024274,Kerosene,3,75.0,28.645158,77.323228,East Delhi,0
beb01e69-08cb-4dc6-abe5-4281bc5c15e5,SHOP_045,BEN_01244,2025-12-27 19:59:51.024274,Kerosene,3,75.0,28.633767,77.205731,Central Delhi,0
855cd19b-acaf-4430-a89c-207addfe9c19,SHOP_008,BEN_01501,2025-12-28 02:07:45.024274,Oil,1,50.0,28.666336,77.103257,West Delhi,1
6c6d6dc7-6074-47ae-876a-6c4266d9e19b,SHOP_015,BEN_01922,2025-12-28 08:01:17.024274,Wheat,20,40.0,28.630112,77.110956,West Delhi,0
26d823eb-711b-4a3a-9f1c-a376734bafdd,SHOP_011,BEN_00118,2025-12-28 08:01:54.024274,Oil,1,50.0,28.732554,77.205993,North Delhi,0
4b322c44-368b-4d51-a883-e9ee5f261533,SHOP_046,BEN_00179,2025-12-28 08:05:40.024274,Kerosene,1,25.0,28.634402,77.315239,East Delhi,0
ce1c3439-596e-4c1b-a9ad-e32e0a1d4dbb,SHOP_016,BEN_02511,2025-12-28 08:08:41.024274,Kerosene,1,25.0,28.644796,77.107779,West Delhi,0
24139f95-8495-4540-b0ad-a025711db809,SHOP_023,BEN_02873,2025-12-28 08:09:39.024274,Oil,1,50.0,28.592266,77.310411,East Delhi,0
ad4343aa-3bb8-4374-9b26-158ac30cdbab,SHOP_002,BEN_00043,2025-12-28 08:18:21.024274,Wheat,17,34.0,28.648957,77.10634,West Delhi,0
69c0e7b9-9892-4594-b915-a40303759add,SHOP_027,BEN_00666,2025-12-28 08:28:07.024274,Oil,2,100.0,28.603311,77.025358,Dwarka,0
2a0434bc-05d5-4e35-8d27-24f0e466386d,SHOP_025,BEN_01395,2025-12-28 08:35:06.024274,Wheat,8,16.0,28.624929,77.222474,Central Delhi,0
54011c95-7c26-4a98-9534-1751b7f66d9c,SHOP_050,BEN_01140,2025-12-28 08:39:04.024274,Oil,2,100.0,28.560938,77.180795,South Delhi,0
4854726c-2024-431d-b707-7d6617df98c2,SHOP_010,BEN_01028,2025-12-28 08:39:50.024274,Wheat,5,10.0,28.581134,77.064005,Dwarka,0
42f55889-481c-4f94-9a0a-537b3fbd0bbe,SHOP_016,BEN_02242,2025-12-28 08:41:16.024274,Wheat,5,10.0,28.644796,77.107779,West Delhi,0
5aac8fc3-b939-4925-b200-011a193600dc,SHOP_026,BEN_02956,2025-12-28 08:41:22.024274,Oil,1,50.0,28.645158,77.323228,East Delhi,0
89f158d3-175b-4471-a0ed-59a09a87e924,SHOP_040,BEN_02699,2025-12-28 08:45:50.024274,Sugar,1,20.0,28.673266,77.089259,West Delhi,0
68cf6844-5fac-46b8-858b-6ab0d5da1597,SHOP_036,BEN_01951,2025-12-28 08:49:01.024274,Oil,1,50.0,28.73997,77.11894,Rohini,0
60166ae0-a186-45bc-b545-e048c9fe5b8a,SHOP_042,BEN_01884,2025-12-28 08:57:18.024274,Rice,12,36.0,28.598757,77.020815,Dwarka,0
fe4f7120-85e5-4230-acb3-4813899d32ab,SHOP_008,BEN_00006,2025-12-28 09:04:59.024274,Sugar,1,20.0,28.666336,77.103257,West Delhi,0
9937bc6d-22dc-4f54-be2a-532de419dfca,SHOP_031,BEN_02610,2025-12-28 09:05:19.024274,Rice,6,18.0,28.727982,77.18544,North Delhi,0
39ed729c-649b-42dc-9dbd-e62632f21c69,SHOP_017,BEN_01284,2025-12-28 09:08:45.024274,Oil,1,50.0,28.722696,77.129286,Rohini,0
b032270e-2703-4d45-9429-8c01c1f9716a,SHOP_035,BEN_01051,2025-12-28 09:09:36.024274,Sugar,1,20.0,28.715607,77.125559,Rohini,0
41d52ce2-8282-46b0-af75-7657acdcb94c,SHOP_024,BEN_02348,2025-12-28 09:10:52.024274,Sugar,1,20.0,28.505958,77.198023,South Delhi,0
8f3ce86b-9d63-464b-9c29-813d8db6608d,SHOP_034,BEN_00955,2025-12-28 09:11:35.024274,Oil,1,50.0,28.586699,77.035213,Dwarka,0
7afd1adf-6933-4101-a9ed-ccec2b266f76,SHOP_044,BEN_01148,2025-12-28 09:16:24.024274,Oil,2,100.0,28.615898,77.224361,Central Delhi,0
11eb771e-a0ce-4f36-8258-8db5f4a16077,SHOP_003,BEN_01294,2025-12-28 09:22:56.024274,Sugar,1,20.0,28.506364,77.204896,South Delhi,0
b30a71c6-a23d-46b7-9c03-bb34d62c851b,SHOP_037,BEN_00755,2025-12-28 09:23:47.024274,Sugar,3,60.0,28.707215,77.215419,North Delhi,0
59a9ea5c-8e72-454c-b7a2-844fb753e37c,SHOP_047,BEN_01211,2025-12-28 09:25:38.024274,Wheat,9,18.0,28.715937,77.10426,Rohini,0
3155693f-b301-490d-bfff-943ef8a628d6,SHOP_017,BEN_00524,2025-12-28 09:28:21.024274,Wheat,9,18.0,28.722696,77.129286,Rohini,0
dfc3de02-b598-4b6e-946c-b1aabb9ebc42,SHOP_014,BEN_00549,2025-12-28 09:35:27.024274,Kerosene,2,50.0,28.708352,77.106686,Rohini,0
14855063-4982-4b33-8961-803db8719021,SHOP_048,BEN_02861,2025-12-28 09:43:28.024274,Oil,2,100.0,28.596532,77.044874,Dwarka,0
30381e8d-8bc1-4a2d-a8fd-4c9f6b26554b,SHOP_024,BEN_01370,2025-12-28 09:43:52.024274,Kerosene,2,50.0,28.505958,77.198023,South Delhi,0
42e7f6ca-6f0f-410c-849e-cc95c2f78965,SHOP_015,BEN_00882,2025-12-28 09:44:06.024274,Rice,10,30.0,28.630112,77.110956,West Delhi,0
e180f3b6-e6c9-4721-b318-82705d84ee0b,SHOP_043,BEN_00440,2025-12-28 09:45:24.024274,Rice,16,48.0,28.561519,77.048283,Dwarka,0
2e3e343b-331b-4106-8eeb-e0259336ebd5,SHOP_023,BEN_00900,2025-12-28 09:46:22.024274,Rice,16,48.0,28.592266,77.310411,East Delhi,0
a838e219-88d4-43d5-b6c4-bdd85925b22c,SHOP_021,BEN_00958,2025-12-28 09:48:17.024274,Rice,13,39.0,28.654216,77.114329,West Delhi,0
1d300c7c-7b77-4d68-8d43-7322d7684f2e,SHOP_019,BEN_02217,2025-12-28 09:48:29.024274,Kerosene,1,25.0,28.631679,77.201199,Central Delhi,0
bf5ffb23-e230-4c99-80bd-f96b96947e6a,SHOP_038,BEN_02391,2025-12-28 09:51:50.024274,Kerosene,2,50.0,28.737713,77.199062,North Delhi,0
efc0077b-1f49-4aca-a6d7-cbfdf5ee13e4,SHOP_025,BEN_02796,2025-12-28 09:59:34.024274,Oil,1,50.0,28.624929,77.222474,Central Delhi,0
621f150d-af45-482a-b0cd-3f89e39113e1,SHOP_005,BEN_00391,2025-12-28 10:04:16.024274,Rice,10,30.0,28.599771,77.274279,East Delhi,0
60702943-54f0-4b46-8d65-1901f959d78b,SHOP_028,BEN_01216,2025-12-28 10:11:41.024274,Kerosene,1,25.0,28.644078,77.187159,Central Delhi,0
f0326efc-acb5-4867-8503-62d8c01e0f49,SHOP_017,BEN_00360,2025-12-28 10:12:31.024274,Wheat,11,22.0,28.722696,77.129286,Rohini,0
0749c02d-6f3d-402f-b46c-0e930e1458ff,SHOP_027,BEN_02555,2025-12-28 10:29:17.024274,Sugar,2,40.0,28.603311,77.025358,Dwarka,0
4ebc8e4e-67cd-444b-b3ef-f8677d2974b8,SHOP_045,BEN_02241,2025-12-28 10:34:12.024274,Wheat,6,12.0,28.633767,77.205731,Central Delhi,0
6ec45142-8492-4989-bc2f-a513b34a654a,SHOP_033,BEN_02249,2025-12-28 10:35:06.024274,Kerosene,3,75.0,28.731131,77.204781,North Delhi,0
ddf4d115-66bb-4379-9585-12446fa62eb4,SHOP_032,BEN_00088,2025-12-28 10:37:11.024274,Kerosene,3,75.0,28.708017,77.126743,Rohini,0
ec3dd7de-a445-44db-85d4-0915b1d0a45a,SHOP_019,BEN_01450,2025-12-28 10:42:45.024274,Sugar,3,60.0,28.631679,77.201199,Central Delhi,0
09797242-12f6-43dd-8abb-c1759e251ee7,SHOP_048,BEN_00970,2025-12-28 10:43:01.024274,Sugar,3,60.0,28.596532,77.044874,Dwarka,0
586bb052-64b9-4bcb-9184-afc37539edac,SHOP_048,BEN_01601,2025-12-28 10:44:17.024274,Kerosene,3,75.0,28.596532,77.044874,Dwarka,0
4d83f7ef-579c-4ee6-9121-b21b3b38b3f0,SHOP_048,BEN_02510,2025-12-28 10:46:06.024274,Rice,8,24.0,28.596532,77.044874,Dwarka,0
6dd61a4a-c493-43d8-8ece-c20ed8f1bbfb,SHOP_032,BEN_00028,2025-12-28 11:01:27.024274,Sugar,2,40.0,28.708017,77.126743,Rohini,0
9accc0f2-821f-4a6c-bff5-71a690ba0ddd,SHOP_001,BEN_00081,2025-12-28 11:03:10.024274,Wheat,18,36.0,28.563667,77.196744,South Delhi,0
2e4c5fc9-8952-43c6-8b2b-3ed08a30c39d,SHOP_024,BEN_01038,2025-12-28 11:04:22.024274,Wheat,10,20.0,28.505958,77.198023,South Delhi,0
79eaab9b-ed1d-41fd-bec9-be38f75c3192,SHOP_029,BEN_01333,2025-12-28 11:10:12.024274,Sugar,1,20.0,28.583723,77.064561,Dwarka,0
e6d8fd4e-6060-428f-b637-375a3a8c1c0c,SHOP_018,BEN_00541,2025-12-28 11:10:39.024274,Rice,15,45.0,28.610429,77.188088,Central Delhi,0
c1c4b6e0-a2b0-47a1-8d7e-d5f6110978b4,SHOP_028,BEN_02719,2025-12-28 11:12:07.024274,Oil,1,50.0,28.644078,77.187159,Central Delhi,0
f654436c-3d57-44de-816b-1d9fc9167fd3,SHOP_025,BEN_00331,2025-12-28 11:15:17.024274,Rice,6,18.0,28.624929,77.222474,Central Delhi,0
91a698b2-6af7-47b9-b66d-05d3632cb7e2,SHOP_043,BEN_01088,2025-12-28 11:18:21.024274,Oil,2,100.0,28.561519,77.048283,Dwarka,0
1d8f42d9-e1de-4bf6-bb8f-c4ed18727a9f,SHOP_009,BEN_00652,2025-12-28 11:19:21.024274,Kerosene,1,25.0,28.633713,77.107844,West Delhi,0
777dea42-764c-4f0a-b011-e8f9817b1e38,SHOP_002,BEN_00173,2025-12-28 11:19:41.024274,Rice,8,24.0,28.648957,77.10634,West Delhi,0
c1b34940-5c3d-4a7f-aa0b-10278febdf93,SHOP_041,BEN_01838,2025-12-28 11:27:08.024274,Oil,1,50.0,28.676266,77.100986,West Delhi,0
010f53a7-e554-4b37-ad21-15ecdf1cd1c5,SHOP_048,BEN_01541,2025-12-28 11:29:18.024274,Rice,6,18.0,28.596532,77.044874,Dwarka,0
9a6a1227-be63-4914-aa97-3ed4a0b893e5,SHOP_036,BEN_01016,2025-12-28 11:31:00.024274,Sugar,2,40.0,28.73997,77.11894,Rohini,0
3b427bb3-81d0-4477-bdfe-3de5d2883cfc,SHOP_048,BEN_01362,2025-12-28 11:45:59.024274,Sugar,2,40.0,28.596532,77.044874,Dwarka,0
5a370cc4-1cd9-4294-960f-200e5554c992,SHOP_043,BEN_00155,2025-12-28 11:56:52.024274,Sugar,1,20.0,28.561519,77.048283,Dwarka,0
e3557676-ed46-418c-93e3-f5d9de00ddf9,SHOP_036,BEN_00102,2025-12-28 11:57:44.024274,Wheat,10,20.0,28.73997,77.11894,Rohini,0
96255795-779e-4ff1-b991-cc5d0a50abfe,SHOP_020,BEN_01554,2025-12-28 11:58:18.024274,Kerosene,1,25.0,28.736478,77.119912,Rohini,0
a52bf21e-c902-43a7-83c1-947abca0572d,SHOP_050,BEN_00318,2025-12-28 11:59:59.024274,Sugar,1,20.0,28.560938,77.180795,South Delhi,0
a36343fd-ebc9-4c52-9f8b-ae16bef134aa,SHOP_015,BEN_02973,2025-12-28 12:00:03.024274,Kerosene,1,25.0,28.630112,77.110956,West Delhi,0
d87612de-7b65-47d0-b43c-21aa77812c75,SHOP_021,BEN_01209,2025-12-28 12:02:52.024274,Sugar,1,20.0,28.654216,77.114329,West Delhi,0
a7094943-bbb4-46e9-9378-ce11839e0d9b,SHOP_040,BEN_02912,2025-12-28 12:06:01.024274,Sugar,2,40.0,28.673266,77.089259,West Delhi,0
7a4ebff1-52c7-4f9c-ae08-836bb9c9ad84,SHOP_025,BEN_02833,2025-12-28 12:08:37.024274,Oil,2,100.0,28.624929,77.222474,Central Delhi,0
60571b49-6760-4d2f-8a5c-cb1fd949fc5f,SHOP_022,BEN_01295,2025-12-28 12:09:39.024274,Oil,1,50.0,28.696907,77.177649,North Delhi,0
55a2fe9b-3cd1-4e78-aa7b-b6e90d719624,SHOP_038,BEN_01631,2025-12-28 12:12:12.024274,Rice,7,21.0,28.737713,77.199062,North Delhi,0
d180cd52-b833-4831-b894-e938be017abf,SHOP_011,BEN_01167,2025-12-28 12:17:04.024274,Wheat,8,16.0,28.732554,77.205993,North Delhi,0
b53abbe5-07b5-470b-9c49-3ad4e5e4dba7,SHOP_005,BEN_02412,2025-12-28 12:23:53.024274,Sugar,3,60.0,28.599771,77.274279,East Delhi,0
ab294b52-efa1-434f-a7da-a719dfcbcb73,SHOP_007,BEN_01669,2025-12-28 12:27:29.024274,Oil,1,50.0,28.520513,77.217525,South Delhi,0
edfe6ed5-b3bd-4057-a049-b972e20a98d0,SHOP_032,BEN_00560,2025-12-28 12:35:16.024274,Oil,1,50.0,28.708017,77.126743,Rohini,0
c0d3c342-c4f6-40cd-a6d6-b0463768d585,SHOP_020,BEN_00680,2025-12-28 12:43:39.024274,Kerosene,2,50.0,28.736478,77.119912,Rohini,0
36503360-1623-469c-9bcc-5ea55e94bdc3,SHOP_021,BEN_01231,2025-12-28 12:43:42.024274,Kerosene,3,75.0,28.654216,77.114329,West Delhi,0
73575b52-3bcc-455a-a280-5261a34e6eb1,SHOP_027,BEN_01934,2025-12-28 12:50:53.024274,Kerosene,1,25.0,28.603311,77.025358,Dwarka,0
cc1274b3-fa80-4cc9-a84e-b42295f3a13d,SHOP_007,BEN_00472,2025-12-28 12:51:08.024274,Oil,1,50.0,28.520513,77.217525,South Delhi,0
39236b1b-a369-4500-bfc1-309131201b16,SHOP_002,BEN_01534,2025-12-28 13:00:29.024274,Wheat,18,36.0,28.648957,77.10634,West Delhi,0
9688f38c-de32-4ff3-a406-18b4f131aa5a,SHOP_023,BEN_02261,2025-12-28 13:09:38.024274,Sugar,2,40.0,28.592266,77.310411,East Delhi,0
2b81267d-532b-4e29-b1a4-96333214acb3,SHOP_022,BEN_01066,2025-12-28 13:14:18.024274,Oil,1,50.0,28.696907,77.177649,North Delhi,0
67493a78-3a87-4efc-bd9f-16743d1163d3,SHOP_040,BEN_02063,2025-12-28 13:16:25.024274,Kerosene,3,75.0,28.673266,77.089259,West Delhi,0
c74ba6eb-0ffd-4012-8e6a-49438eda54cd,SHOP_036,BEN_01617,2025-12-28 13:16:52.024274,Wheat,13,26.0,28.73997,77.11894,Rohini,0
c8c0f651-be0e-4b2c-8b51-9a1863665793,SHOP_025,BEN_02850,2025-12-28 13:21:38.024274,Kerosene,3,75.0,28.624929,77.222474,Central Delhi,0
fd821548-12b2-40da-b446-62589744eec7,SHOP_003,BEN_00835,2025-12-28 13:22:35.024274,Wheat,10,20.0,28.506364,77.204896,South Delhi,0
153a5933-9aec-4329-af14-3e79f6366c21,SHOP_003,BEN_01424,2025-12-28 13:23:28.024274,Oil,2,100.0,28.506364,77.204896,South Delhi,0
0a16be4d-9daa-4195-a439-95257d7f0678,SHOP_036,BEN_02523,2025-12-28 13:25:10.024274,Rice,18,54.0,28.73997,77.11894,Rohini,0
653c7a15-c617-4ce4-af23-9327bc60f718,SHOP_050,BEN_00603,2025-12-28 13:27:19.024274,Oil,2,100.0,28.560938,77.180795,South Delhi,0
3363b23f-79fe-44f0-810a-07591b5a3be9,SHOP_050,BEN_00509,2025-12-28 13:29:25.024274,Rice,5,15.0,28.560938,77.180795,South Delhi,0
f9e66c7f-a4e9-4a29-ab9e-5d44adc493fa,SHOP_050,BEN_02763,2025-12-28 13:42:45.024274,Oil,1,50.0,28.560938,77.180795,South Delhi,0
74f9f852-bdd0-4265-a56d-b3ce05b2936e,SHOP_014,BEN_02302,2025-12-28 13:43:14.024274,Wheat,9,18.0,28.708352,77.106686,Rohini,0
f1b68b22-bb94-4b75-bbd9-143b586eb70f,SHOP_032,BEN_02489,2025-12-28 13:43:26.024274,Rice,16,48.0,28.708017,77.126743,Rohini,0
09ff30c3-5573-4da6-8d8b-287ddfcebd81,SHOP_009,BEN_02678,2025-12-28 13:52:04.024274,Wheat,15,30.0,28.633713,77.107844,West Delhi,0
49ee5165-7c76-4e47-a4ad-55b0d22ceeb7,SHOP_019,BEN_00602,2025-12-28 14:00:06.024274,Kerosene,1,25.0,28.631679,77.201199,Central Delhi,0
4d6f4479-82e7-44b8-a082-ef288f03f904,SHOP_026,BEN_02027,2025-12-28 14:00:06.024274,Oil,1,50.0,28.645158,77.323228,East Delhi,0
89edcd48-0c2a-4a51-a725-a7fae2344bc7,SHOP_044,BEN_02604,2025-12-28 14:01:16.024274,Rice,6,18.0,28.615898,77.224361,Central Delhi,0
99e48280-d8de-415c-beed-35759167c16b,SHOP_049,BEN_02262,2025-12-28 14:03:14.024274,Oil,2,100.0,28.514677,77.242533,South Delhi,0
0fc6fa90-8645-4eb0-b54f-ce80bc867b36,SHOP_019,BEN_00301,2025-12-28 14:03:42.024274,Rice,7,21.0,28.631679,77.201199,Central Delhi,0
0f3fca7e-ccc8-4096-b002-579d8d7e5fbc,SHOP_003,BEN_02196,2025-12-28 14:16:29.024274,Oil,1,50.0,28.506364,77.204896,South Delhi,0
32139c23-abae-405b-ae08-e4b76b6b8cc4,SHOP_031,BEN_02044,2025-12-28 14:16:50.024274,Sugar,3,60.0,28.727982,77.18544,North Delhi,0
0ababa69-f013-4c59-a5f8-bae84bceae2f,SHOP_032,BEN_02668,2025-12-28 14:24:57.024274,Rice,16,48.0,28.708017,77.126743,Rohini,0
6724632b-b79a-4447-b3c3-d98848e756d3,SHOP_047,BEN_01921,2025-12-28 14:26:24.024274,Oil,2,100.0,28.715937,77.10426,Rohini,0
ccee4b7b-937c-4b72-a65b-192e6a6c696e,SHOP_045,BEN_00505,2025-12-28 14:28:20.024274,Wheat,10,20.0,28.633767,77.205731,Central Delhi,0
2f4b83e2-9744-45a3-8e21-63dbc3ef949e,SHOP_011,BEN_01113,2025-12-28 14:28:29.024274,Wheat,11,22.0,28.732554,77.205993,North Delhi,0
5e76e6c6-1085-4613-9cc0-4511c000a042,SHOP_043,BEN_00475,2025-12-28 14:30:43.024274,Kerosene,3,75.0,28.561519,77.048283,Dwarka,0
1fd8da75-fdf0-46c1-a807-18238dfd4cfa,SHOP_030,BEN_00897,2025-12-28 14:37:09.024274,Kerosene,1,25.0,28.656014,77.071143,West Delhi,0
9e7886bd-bc8d-4dc4-8b61-39fcd13a647f,SHOP_010,BEN_01080,2025-12-28 14:44:24.024274,Sugar,3,60.0,28.581134,77.064005,Dwarka,0
e8b34955-7668-4d27-ad25-7360be7d12b5,SHOP_042,BEN_01523,2025-12-28 14:49:31.024274,Oil,2,100.0,28.598757,77.020815,Dwarka,0
d8d5a017-cdae-4f42-9b05-fcc22a94cec4,SHOP_020,BEN_00067,2025-12-28 14:49:49.024274,Sugar,2,40.0,28.736478,77.119912,Rohini,0
cc790290-1b24-494c-b062-54e8f772e77a,SHOP_024,BEN_01108,2025-12-28 14:52:53.024274,Oil,2,100.0,28.505958,77.198023,South Delhi,0
98ca6122-15e3-450f-bad3-41bfe2826cfb,SHOP_035,BEN_02970,2025-12-28 14:58:59.024274,Rice,12,36.0,28.715607,77.125559,Rohini,0
a6a6f39a-69b8-4c5e-aab2-7ecd1c39417f,SHOP_003,BEN_00029,2025-12-28 15:04:23.024274,Oil,1,50.0,28.506364,77.204896,South Delhi,0
4b4c3cca-5b7d-4f0c-89a8-f7aa5e51db3f,SHOP_033,BEN_01879,2025-12-28 15:04:47.024274,Rice,14,42.0,28.731131,77.204781,North Delhi,0
ee5fc70f-95b6-4cc7-9af8-7b857799ac26,SHOP_039,BEN_02977,2025-12-28 15:13:16.024274,Sugar,2,40.0,28.707365,77.109479,Rohini,0
0fc0348d-cb31-486d-acbc-05d37563a569,SHOP_003,BEN_00822,2025-12-28 15:18:56.024274,Rice,11,33.0,28.506364,77.204896,South Delhi,0
5c5f90bb-c600-4a97-a1c3-33ebcf976a86,SHOP_014,BEN_00317,2025-12-28 15:38:07.024274,Rice,7,21.0,28.708352,77.106686,Rohini,0
24293164-70ac-44dc-8eae-eddf85ed4776,SHOP_045,BEN_01092,2025-12-28 15:41:33.024274,Rice,5,15.0,28.633767,77.205731,Central Delhi,0
a9ead568-b793-4348-98b1-8c6f87858bdb,SHOP_038,BEN_00860,2025-12-28 15:42:07.024274,Kerosene,2,50.0,28.737713,77.199062,North Delhi,0
f038629c-9cca-4edf-b89b-9be37c17980a,SHOP_026,BEN_01504,2025-12-28 15:46:19.024274,Oil,2,100.0,28.645158,77.323228,East Delhi,0
6263425f-0496-438e-aa17-913ef4c01a3e,SHOP_005,BEN_00466,2025-12-28 15:46:43.024274,Wheat,11,22.0,28.599771,77.274279,East Delhi,0
ca395f3b-77e3-4436-b70f-2102469eeb3d,SHOP_031,BEN_02539,2025-12-28 15:57:13.024274,Oil,1,50.0,28.727982,77.18544,North Delhi,0
13e729fb-8dbd-4c43-8548-76ba6d9fcc69,SHOP_042,BEN_01661,2025-12-28 16:03:34.024274,Wheat,8,16.0,28.598757,77.020815,Dwarka,0
7fd8f582-8f2d-4c34-850d-f49703542cf5,SHOP_034,BEN_00937,2025-12-28 16:08:05.024274,Wheat,19,38.0,28.586699,77.035213,Dwarka,0
fcacbbe3-ae8e-40ce-9cc3-fd0c43f2813e,SHOP_041,BEN_01808,2025-12-28 16:25:17.024274,Oil,1,50.0,28.676266,77.100986,West Delhi,0
06e607cf-1a04-4676-8a86-8d74ef458b46,SHOP_027,BEN_00355,2025-12-28 16:32:35.024274,Rice,6,18.0,28.603311,77.025358,Dwarka,0
e2fdfbfa-808c-4b88-aac2-34a63b5bb4f8,SHOP_017,BEN_01656,2025-12-28 16:36:48.024274,Sugar,2,40.0,28.722696,77.129286,Rohini,0
22ddeafc-b358-4d0e-9cc2-e69a7719d776,SHOP_044,BEN_00346,2025-12-28 16:38:42.024274,Kerosene,3,75.0,28.615898,77.224361,Central Delhi,0
820f0ef8-4833-435a-bf7d-9341fd476a4d,SHOP_050,BEN_01091,2025-12-28 16:39:19.024274,Kerosene,2,50.0,28.560938,77.180795,South Delhi,0
e388d8df-b68e-4327-81e4-02fc31a80d45,SHOP_019,BEN_02955,2025-12-28 16:43:50.024274,Rice,5,15.0,28.631679,77.201199,Central Delhi,0
dbaeee6d-5a13-4701-abfc-9e243ef4ed2a,SHOP_018,BEN_00608,2025-12-28 16:44:31.024274,Sugar,2,40.0,28.610429,77.188088,Central Delhi,0
bc448e2f-7798-4fc2-beed-27cb43be9505,SHOP_038,BEN_00704,2025-12-28 16:51:26.024274,Sugar,3,60.0,28.737713,77.199062,North Delhi,0
ed1a85ba-bf83-4f3d-ae58-f875a48f7bf4,SHOP_019,BEN_02855,2025-12-28 16:56:14.024274,Wheat,5,10.0,28.631679,77.201199,Central Delhi,0
f6dc51a8-9c14-48c8-bc5c-0627f700cdd3,SHOP_022,BEN_00351,2025-12-28 17:01:46.024274,Oil,2,100.0,28.696907,77.177649,North Delhi,0
05006689-5f83-4e32-99d5-43b24f9097cd,SHOP_013,BEN_01658,2025-12-28 17:02:06.024274,Sugar,3,60.0,28.689861,77.183213,North Delhi,0
efcf3747-12b0-480d-8e79-6d3fd62ce954,SHOP_008,BEN_01496,2025-12-28 17:03:17.024274,Oil,2,100.0,28.666336,77.103257,West Delhi,0
971d5963-562c-4642-916f-0f2e71bbfd3e,SHOP_012,BEN_01569,2025-12-28 17:03:39.024274,Oil,2,100.0,28.618685,77.319017,East Delhi,0
019358e0-507f-49d4-aaf5-6ef7cb072819,SHOP_026,BEN_00108,2025-12-28 17:15:17.024274,Wheat,9,18.0,28.645158,77.323228,East Delhi,0
b1e45e25-0562-484a-810e-1850b5ed1fae,SHOP_024,BEN_00064,2025-12-28 17:40:02.024274,Wheat,19,38.0,28.505958,77.198023,South Delhi,0
8f01e4fd-a47b-4911-9454-a59ea37f9b3f,SHOP_020,BEN_01095,2025-12-28 17:44:04.024274,Kerosene,1,25.0,28.736478,77.119912,Rohini,0
2e35fd0d-01a5-46c8-a0ab-098c8d212d11,SHOP_021,BEN_02098,2025-12-28 17:46:52.024274,Rice,12,36.0,28.654216,77.114329,West Delhi,0
bb0b1cba-e264-469e-aec4-8329c396fe6d,SHOP_022,BEN_01688,2025-12-28 17:47:17.024274,Sugar,2,40.0,28.696907,77.177649,North Delhi,0
e3a49c61-94e0-4409-a7f6-51e5ef06bad6,SHOP_011,BEN_02671,2025-12-28 18:02:03.024274,Oil,1,50.0,28.732554,77.205993,North Delhi,0
468267f3-cf55-4d56-a048-9f6d35d02793,SHOP_019,BEN_02676,2025-12-28 18:09:44.024274,Sugar,2,40.0,28.631679,77.201199,Central Delhi,0
8d9894de-f9b6-4d49-81be-85d1f7f10287,SHOP_049,BEN_00548,2025-12-28 18:13:25.024274,Wheat,12,24.0,28.514677,77.242533,South Delhi,0
ee6e34c7-118f-4214-b74a-fd26aa379ded,SHOP_043,BEN_02925,2025-12-28 18:15:53.024274,Sugar,3,60.0,28.561519,77.048283,Dwarka,0
d4055873-cce2-44e6-92a4-b18fcc53e6a1,SHOP_045,BEN_02935,2025-12-28 18:16:37.024274,Oil,2,100.0,28.633767,77.205731,Central Delhi,0
1005c56d-21a3-4f7c-a783-245dd4f16162,SHOP_012,BEN_02297,2025-12-28 18:21:39.024274,Wheat,15,30.0,28.618685,77.319017,East Delhi,0
8a090ddb-5728-4ae4-92c6-c5d649e92645,SHOP_035,BEN_00891,2025-12-28 18:24:59.024274,Wheat,7,14.0,28.715607,77.125559,Rohini,0
8b6101f1-75b7-4a35-9305-500a0c9bda3d,SHOP_008,BEN_01796,2025-12-28 18:28:52.024274,Oil,2,100.0,28.666336,77.103257,West Delhi,0
eb0245b0-2509-4f21-97c9-5869d1e46446,SHOP_041,BEN_02349,2025-12-28 18:35:06.024274,Wheat,16,32.0,28.676266,77.100986,West Delhi,0
3b1b5353-7073-4b02-a605-7e6d49baa64b,SHOP_010,BEN_01185,2025-12-28 18:41:19.024274,Oil,2,100.0,28.581134,77.064005,Dwarka,0
1c1b172c-e3c0-4805-8577-a89d189f435b,SHOP_040,BEN_00136,2025-12-28 18:44:57.024274,Sugar,3,60.0,28.673266,77.089259,West Delhi,0
64d6ec2c-131e-43a5-971c-395d3d053973,SHOP_043,BEN_02854,2025-12-28 18:45:03.024274,Oil,1,50.0,28.561519,77.048283,Dwarka,0
5c61ff64-3fb6-4a56-a5b9-cdfad7c8840a,SHOP_048,BEN_02464,2025-12-28 18:48:22.024274,Kerosene,1,25.0,28.596532,77.044874,Dwarka,0
e132c27c-0479-49bc-8050-dbf06abc5294,SHOP_029,BEN_00060,2025-12-28 18:52:08.024274,Rice,9,27.0,28.583723,77.064561,Dwarka,0
d5b45cdf-d2c7-4dca-93f5-1db0c2737d2b,SHOP_041,BEN_00454,2025-12-28 18:55:58.024274,Wheat,13,26.0,28.676266,77.100986,West Delhi,0
548c4c09-1bef-4663-8d9c-2692dfd72dc3,SHOP_011,BEN_02541,2025-12-28 18:56:37.024274,Sugar,3,60.0,28.732554,77.205993,North Delhi,0
904cb8e9-b39d-4303-b140-deca3e0c0cf8,SHOP_042,BEN_00164,2025-12-28 18:58:43.024274,Sugar,1,20.0,28.598757,77.020815,Dwarka,0
9b35a1da-ea9c-48aa-90de-562d85a59400,SHOP_022,BEN_02631,2025-12-28 18:59:33.024274,Sugar,1,20.0,28.696907,77.177649,North Delhi,0
bbef2a93-a2a8-48d3-8522-d9312af06543,SHOP_030,BEN_02889,2025-12-28 19:00:34.024274,Sugar,2,40.0,28.656014,77.071143,West Delhi,0
4045ac48-53bc-42c8-836c-027249204283,SHOP_030,BEN_02611,2025-12-28 19:00:46.024274,Rice,16,48.0,28.656014,77.071143,West Delhi,0
029de069-6356-4a5e-bcac-5bbe62a0945f,SHOP_011,BEN_01463,2025-12-28 19:03:53.024274,Sugar,1,20.0,28.732554,77.205993,North Delhi,0
a69957d6-3de3-4c71-ba32-3c4273f8856d,SHOP_006,BEN_02333,2025-12-28 19:06:11.024274,Kerosene,1,25.0,28.6356,77.229758,Central Delhi,0
2a6609af-2b4f-4de1-84fd-f801579f90a6,SHOP_030,BEN_00732,2025-12-28 19:06:16.024274,Oil,2,100.0,28.656014,77.071143,West Delhi,0
ea6b7e6b-3d40-49b4-bf0b-72ddd1eca46e,SHOP_036,BEN_01998,2025-12-28 19:06:54.024274,Oil,1,50.0,28.73997,77.11894,Rohini,0
7b6fdbbf-9910-4e67-b79a-a4817cf6ca08,SHOP_023,BEN_01418,2025-12-28 19:07:13.024274,Kerosene,1,25.0,28.592266,77.310411,East Delhi,0
5058f583-c001-4c8e-a05d-408abb9fcf2e,SHOP_033,BEN_02968,2025-12-28 19:07:35.024274,Sugar,3,60.0,28.731131,77.204781,North Delhi,0
935ccfe9-870c-43ea-84f9-a2f01f2d4d6a,SHOP_002,BEN_02325,2025-12-28 19:08:35.024274,Wheat,7,14.0,28.648957,77.10634,West Delhi,0
7fcd862c-f011-4bb9-a65f-dc02eb510a97,SHOP_012,BEN_01374,2025-12-28 19:10:32.024274,Kerosene,3,75.0,28.618685,77.319017,East Delhi,0
24b29c7a-258a-43f3-9b7e-40cfd4b17896,SHOP_015,BEN_01087,2025-12-28 19:16:01.024274,Oil,2,100.0,28.630112,77.110956,West Delhi,0
b9d5e0ee-9571-4a19-b193-21816cf344dd,SHOP_050,BEN_00306,2025-12-28 19:23:46.024274,Oil,1,50.0,28.560938,77.180795,South Delhi,0
549c3814-cd77-4a95-b46b-d3af2e4b8fb8,SHOP_033,BEN_01212,2025-12-28 19:24:21.024274,Kerosene,2,50.0,28.731131,77.204781,North Delhi,0
6a3ab3ee-272c-48cb-a0f7-aac4e0b39ffb,SHOP_023,BEN_00233,2025-12-28 19:32:13.024274,Wheat,13,26.0,28.592266,77.310411,East Delhi,0
1d7a3da0-e559-4672-9cae-9efdb2d3f3c2,SHOP_007,BEN_00729,2025-12-28 19:33:12.024274,Oil,2,100.0,28.520513,77.217525,South Delhi,0
f840e866-7872-403d-b6bd-b78ad95adaac,SHOP_019,BEN_01744,2025-12-28 19:33:41.024274,Wheat,16,32.0,28.631679,77.201199,Central Delhi,0
98930e70-b279-4c33-8b8a-8abb527fcc89,SHOP_006,BEN_01950,2025-12-28 19:36:43.024274,Wheat,16,32.0,28.6356,77.229758,Central Delhi,0
73d10673-a989-4920-8a54-7c6b2dd6908c,SHOP_033,BEN_02904,2025-12-28 19:53:40.024274,Oil,1,50.0,28.731131,77.204781,North Delhi,0
b5b9634c-44ac-4ab9-8f5d-acc95ab94d24,SHOP_042,BEN_02857,2025-12-28 19:54:29.024274,Sugar,2,40.0,28.598757,77.020815,Dwarka,0
df1fe97d-5202-4385-9c62-ca17895785e6,SHOP_027,BEN_02330,2025-12-28 19:56:57.024274,Rice,9,27.0,28.603311,77.025358,Dwarka,0
97170490-e4d3-499a-a1e8-57e15845898f,SHOP_025,BEN_02782,2025-12-29 08:02:26.024274,Wheat,19,38.0,28.624929,77.222474,Central Delhi,0
5887b113-fac8-41aa-909d-d6d9523b8129,SHOP_018,BEN_00564,2025-12-29 08:06:39.024274,Rice,13,39.0,28.610429,77.188088,Central Delhi,0
10289895-f497-4934-ab6f-d077bc1e00a2,SHOP_019,BEN_02787,2025-12-29 08:12:03.024274,Sugar,2,40.0,28.631679,77.201199,Central Delhi,0
f4d03e08-1fdb-4bda-86ef-79f0a7cdf8cd,SHOP_025,BEN_01301,2025-12-29 08:15:16.024274,Wheat,15,30.0,28.624929,77.222474,Central Delhi,0
8fcabdd4-6c27-4704-9b7f-7bbca1a278b6,SHOP_030,BEN_00329,2025-12-29 08:23:00.024274,Sugar,1,20.0,28.656014,77.071143,West Delhi,0
b53c663c-fd67-4104-869c-755d3cf652ba,SHOP_006,BEN_02683,2025-12-29 08:27:33.024274,Rice,7,21.0,28.6356,77.229758,Central Delhi,0
62c97d30-6d84-435d-8884-3feaa484b63d,SHOP_049,BEN_02705,2025-12-29 08:45:13.024274,Kerosene,1,25.0,28.514677,77.242533,South Delhi,0
bbefdeff-46c4-48d9-a50e-b99f37ffc44d,SHOP_049,BEN_00847,2025-12-29 08:50:37.024274,Kerosene,2,50.0,28.514677,77.242533,South Delhi,0
8ff2f20a-5165-4cd1-ba73-1d7fc9c62563,SHOP_024,BEN_00109,2025-12-29 08:51:18.024274,Wheat,11,22.0,28.505958,77.198023,South Delhi,0
6d4c207f-8cd5-47ec-858f-6d89287a1ea6,SHOP_037,BEN_00154,2025-12-29 08:55:09.024274,Kerosene,2,50.0,28.707215,77.215419,North Delhi,0
9823f213-c685-4df5-ae1f-eff6032cf506,SHOP_030,BEN_02414,2025-12-29 08:57:36.024274,Kerosene,3,75.0,28.656014,77.071143,West Delhi,0
5a2e94cb-f0bf-46d1-9251-51f5d1bae288,SHOP_046,BEN_01211,2025-12-29 08:58:51.024274,Sugar,1,20.0,28.634402,77.315239,East Delhi,0
30b2fb9a-00ec-4acd-a5c7-f07387b8ca3b,SHOP_035,BEN_01766,2025-12-29 09:09:04.024274,Oil,1,50.0,28.715607,77.125559,Rohini,0
8ddbdf02-85d5-4d07-852f-c383d86da16c,SHOP_018,BEN_01100,2025-12-29 09:09:14.024274,Oil,2,100.0,28.610429,77.188088,Central Delhi,0
0ac2da39-1320-49f7-9d88-bb8853033957,SHOP_012,BEN_01639,2025-12-29 09:12:34.024274,Wheat,18,36.0,28.618685,77.319017,East Delhi,0
601a5ed4-1507-4e16-930e-cc59b599ccf5,SHOP_005,BEN_00019,2025-12-29 09:14:21.024274,Oil,2,100.0,28.599771,77.274279,East Delhi,0
c4cefb8e-59a3-4fb4-a0ad-871415e751f0,SHOP_035,BEN_00352,2025-12-29 09:16:58.024274,Rice,17,51.0,28.715607,77.125559,Rohini,0
00b1e431-cc4a-4608-8065-cef3624aac60,SHOP_042,BEN_01974,2025-12-29 09:17:20.024274,Wheat,6,12.0,28.598757,77.020815,Dwarka,0
2760eb2d-e3a8-467f-ad70-634ce84fbef5,SHOP_040,BEN_01392,2025-12-29 09:31:17.024274,Sugar,3,60.0,28.673266,77.089259,West Delhi,0
693d6d85-8a03-4fcd-badb-226245aac21e,SHOP_002,BEN_01768,2025-12-29 09:34:41.024274,Rice,16,48.0,28.648957,77.10634,West Delhi,0
a04cae8d-7d59-4c43-bc2e-25f3370061b4,SHOP_027,BEN_00754,2025-12-29 09:37:31.024274,Oil,2,100.0,28.603311,77.025358,Dwarka,0
eddf79ce-14c0-4624-b6ef-c138040d53fd,SHOP_023,BEN_01630,2025-12-29 09:38:53.024274,Kerosene,3,75.0,28.592266,77.310411,East Delhi,0
33560e51-9b07-490c-adea-ffb81bcb120a,SHOP_007,BEN_01794,2025-12-29 09:38:59.024274,Wheat,19,38.0,28.520513,77.217525,South Delhi,0
4d023021-a6bf-4253-aa29-2ed53c9132f0,SHOP_002,BEN_02073,2025-12-29 09:39:04.024274,Sugar,3,60.0,28.648957,77.10634,West Delhi,0
c76f7274-8474-494c-975c-cc7cf659c5d1,SHOP_047,BEN_01826,2025-12-29 09:42:57.024274,Sugar,3,60.0,28.715937,77.10426,Rohini,0
6decf88d-984a-4739-9c7b-21cd1080ad79,SHOP_011,BEN_01811,2025-12-29 09:54:50.024274,Sugar,1,20.0,28.732554,77.205993,North Delhi,0
8a37e569-3d11-4c53-a52f-2ae19fa06601,SHOP_018,BEN_00905,2025-12-29 09:59:52.024274,Wheat,13,26.0,28.610429,77.188088,Central Delhi,0
12bb4829-5771-4590-bed9-de68c7c3f362,SHOP_049,BEN_00956,2025-12-29 10:00:20.024274,Sugar,3,60.0,28.514677,77.242533,South Delhi,0
4ada5f78-8a11-4ee6-bb16-ab77839e3a27,SHOP_003,BEN_00028,2025-12-29 10:01:55.024274,Oil,2,100.0,28.506364,77.204896,South Delhi,0
95119edf-0013-4b24-ba4e-12cc78137857,SHOP_042,BEN_02687,2025-12-29 10:05:09.024274,Oil,2,100.0,28.598757,77.020815,Dwarka,0
5ddb97f4-c040-4860-b1d1-d0892bb10f4a,SHOP_002,BEN_00187,2025-12-29 10:06:30.024274,Wheat,19,38.0,28.648957,77.10634,West Delhi,0
4646449c-9253-43d1-a069-68562927bacd,SHOP_011,BEN_02052,2025-12-29 10:17:36.024274,Sugar,2,40.0,28.732554,77.205993,North Delhi,0
ad0cfe06-a25f-4698-bc66-3b2132bd7478,SHOP_013,BEN_01286,2025-12-29 10:20:17.024274,Oil,2,100.0,28.689861,77.183213,North Delhi,0
d3665e98-4ba4-4f94-958c-db38107f7f8b,SHOP_026,BEN_02903,2025-12-29 10:25:00.024274,Rice,10,30.0,28.645158,77.323228,East Delhi,0
6d069c3f-c446-4ab0-9fe5-7871534f7e48,SHOP_037,BEN_01803,2025-12-29 10:38:13.024274,Kerosene,2,50.0,28.707215,77.215419,North Delhi,0
d9af6bba-c289-4738-8527-e75cbd85e971,SHOP_005,BEN_02621,2025-12-29 10:50:28.024274,Kerosene,1,25.0,28.599771,77.274279,East Delhi,0
416687cb-14c3-411c-b85e-6cfb4e7e47ef,SHOP_023,BEN_01094,2025-12-29 10:58:29.024274,Rice,7,21.0,28.592266,77.310411,East Delhi,0
49bd963e-136f-4f86-a847-f80845095a87,SHOP_018,BEN_02157,2025-12-29 11:02:02.024274,Kerosene,2,50.0,28.610429,77.188088,Central Delhi,0
df79b1d4-1cd8-4d50-9fc6-972ee8ecb32c,SHOP_017,BEN_00408,2025-12-29 11:10:09.024274,Wheat,12,24.0,28.722696,77.129286,Rohini,0
4c9b4d74-3343-4ef2-bf8c-edb43ed0ce52,SHOP_003,BEN_01086,2025-12-29 11:10:25.024274,Wheat,9,18.0,28.506364,77.204896,South Delhi,0
a0912bfe-6b1c-4bab-8283-721caad61a7e,SHOP_011,BEN_01813,2025-12-29 11:12:22.024274,Wheat,11,22.0,28.732554,77.205993,North Delhi,0
bb85e64d-b29a-4e8b-878c-ede599e45d90,SHOP_017,BEN_01552,2025-12-29 11:13:10.024274,Sugar,1,20.0,28.722696,77.129286,Rohini,0
f4d4903c-5be2-41f5-8566-abfdbdc3a122,SHOP_038,BEN_01580,2025-12-29 11:14:57.024274,Sugar,1,20.0,28.737713,77.199062,North Delhi,0
5e66bf78-48af-4ece-8325-ee499e83e3e3,SHOP_044,BEN_00585,2025-12-29 11:16:56.024274,Rice,19,57.0,28.615898,77.224361,Central Delhi,0
c7896275-7c1e-4f5d-84c4-e921b0854f14,SHOP_016,BEN_00131,2025-12-29 11:18:31.024274,Sugar,3,60.0,28.644796,77.107779,West Delhi,0
6d284b03-0fbc-4c5f-af9b-34ddb83f2bbb,SHOP_008,BEN_00691,2025-12-29 11:18:55.024274,Rice,8,24.0,28.666336,77.103257,West Delhi,0
96c949aa-60b0-42fd-926e-acee7bbb3dd9,SHOP_027,BEN_00189,2025-12-29 11:24:21.024274,Oil,2,100.0,28.603311,77.025358,Dwarka,0
c5402998-d65d-4c9a-b0e5-2a0278ddbff9,SHOP_005,BEN_02240,2025-12-29 11:34:43.024274,Wheat,14,28.0,28.599771,77.274279,East Delhi,0
3fe72fb6-7f8a-4f1d-9fea-0f07123549cd,SHOP_050,BEN_01635,2025-12-29 11:36:59.024274,Wheat,12,24.0,28.560938,77.180795,South Delhi,0
23a44f8b-e423-47b1-87f9-fd935122b87a,SHOP_041,BEN_00132,2025-12-29 11:37:15.024274,Rice,6,18.0,28.676266,77.100986,West Delhi,0
32ecd168-b859-4eb6-8d72-bcdf6a438d1c,SHOP_025,BEN_00815,2025-12-29 11:39:42.024274,Oil,2,100.0,28.624929,77.222474,Central Delhi,0
34a703ab-6f95-4c27-85a1-4d06d7917ee9,SHOP_042,BEN_00544,2025-12-29 11:42:41.024274,Oil,2,100.0,28.598757,77.020815,Dwarka,0
f7f05a04-5383-4b22-952a-628e5024f734,SHOP_034,BEN_00269,2025-12-29 11:45:15.024274,Rice,15,45.0,28.586699,77.035213,Dwarka,0
86ed09ec-fde9-4639-b814-7985bf501086,SHOP_015,BEN_02789,2025-12-29 11:52:45.024274,Sugar,3,60.0,28.630112,77.110956,West Delhi,0
d8a57996-16a3-4c77-a77a-cbb047d1d7b9,SHOP_026,BEN_02870,2025-12-29 11:55:46.024274,Wheat,18,36.0,28.645158,77.323228,East Delhi,0
2c913eff-029a-438e-8d8b-58a07facdc92,SHOP_017,BEN_01164,2025-12-29 11:56:50.024274,Oil,1,50.0,28.722696,77.129286,Rohini,0
9c4be171-6afd-4b40-9f59-17867ecb0e14,SHOP_021,BEN_02448,2025-12-29 12:17:34.024274,Rice,15,45.0,28.654216,77.114329,West Delhi,0
c75ecf5b-6557-490c-9d48-9f57838da074,SHOP_030,BEN_00733,2025-12-29 12:17:59.024274,Oil,1,50.0,28.656014,77.071143,West Delhi,0
fa7ab2b8-2713-471e-bce1-5ee240e69994,SHOP_035,BEN_01651,2025-12-29 12:19:07.024274,Sugar,1,20.0,28.715607,77.125559,Rohini,0
90f1690a-6d01-4ad0-a415-977981705f77,SHOP_017,BEN_01418,2025-12-29 12:19:52.024274,Oil,2,100.0,28.722696,77.129286,Rohini,0
08502dde-0d8c-4134-b663-fefadbca6cc7,SHOP_033,BEN_01298,2025-12-29 12:24:04.024274,Rice,16,48.0,28.731131,77.204781,North Delhi,0
de3f160c-9fd3-47ff-8876-6aa03396cf59,SHOP_003,BEN_01887,2025-12-29 12:31:26.024274,Kerosene,3,75.0,28.506364,77.204896,South Delhi,0
af85e22d-b299-4d57-8917-ebb869c626f2,SHOP_034,BEN_01764,2025-12-29 12:32:00.024274,Kerosene,1,25.0,28.586699,77.035213,Dwarka,0
1a330b27-ad48-4733-9a63-f2ad75f1df2c,SHOP_019,BEN_01721,2025-12-29 12:47:13.024274,Wheat,6,12.0,28.631679,77.201199,Central Delhi,0
a1bd6b4a-9c92-4b90-a0ba-8ebb91985f63,SHOP_015,BEN_02933,2025-12-29 12:47:28.024274,Rice,8,24.0,28.630112,77.110956,West Delhi,0
20440590-5aae-4405-ac27-fb28cfaa58b2,SHOP_035,BEN_02701,2025-12-29 12:49:41.024274,Oil,2,100.0,28.715607,77.125559,Rohini,0
a427d533-e969-43db-82d0-7c8c9628a40b,SHOP_041,BEN_01817,2025-12-29 13:03:24.024274,Rice,20,60.0,28.676266,77.100986,West Delhi,0
2335754c-0eee-4108-8527-22bef939475c,SHOP_023,BEN_02359,2025-12-29 13:20:14.024274,Wheat,5,10.0,28.592266,77.310411,East Delhi,0
115552e6-0ca6-4214-b07e-a32021a24d39,SHOP_037,BEN_01162,2025-12-29 13:23:20.024274,Rice,17,51.0,28.707215,77.215419,North Delhi,0
9faddaaa-910a-490f-bc26-923ef4f14253,SHOP_013,BEN_00547,2025-12-29 13:24:44.024274,Kerosene,2,50.0,28.689861,77.183213,North Delhi,0
b92b5c0c-300c-4366-b693-974ff0aa5716,SHOP_004,BEN_02172,2025-12-29 13:27:09.024274,Kerosene,2,50.0,28.709316,77.129745,Rohini,0
d526699d-ef22-4dcd-af35-52cf8dea6e15,SHOP_032,BEN_01421,2025-12-29 13:28:27.024274,Kerosene,1,25.0,28.708017,77.126743,Rohini,0
89e679c3-053e-42b0-95e3-0ebbc84904aa,SHOP_005,BEN_01787,2025-12-29 13:34:10.024274,Oil,2,100.0,28.599771,77.274279,East Delhi,0
d1edad42-9298-4a81-a23d-4e6dd7df08d9,SHOP_032,BEN_01026,2025-12-29 13:38:30.024274,Rice,10,30.0,28.708017,77.126743,Rohini,0
0636d9a5-5b3c-4fc6-9b79-7fb5b1afd1f0,SHOP_029,BEN_00554,2025-12-29 13:42:24.024274,Kerosene,2,50.0,28.583723,77.064561,Dwarka,0
dd64928d-8992-42a3-adab-2b921b2ce1d9,SHOP_030,BEN_00149,2025-12-29 13:57:28.024274,Oil,2,100.0,28.656014,77.071143,West Delhi,0
0ec9e9d2-9feb-487d-a5f3-aa3ac55b243d,SHOP_040,BEN_00261,2025-12-29 14:02:13.024274,Sugar,2,40.0,28.673266,77.089259,West Delhi,0
acf4d962-f513-4bcf-a1d2-e4c59f04d614,SHOP_050,BEN_00800,2025-12-29 14:04:33.024274,Kerosene,2,50.0,28.560938,77.180795,South Delhi,0
6e232b79-b38f-44a4-b5ff-5e4c402b6f63,SHOP_007,BEN_00894,2025-12-29 14:19:53.024274,Wheat,13,26.0,28.520513,77.217525,South Delhi,0
0ffa61c3-079a-4fec-9505-a1f1fd2db57a,SHOP_037,BEN_01413,2025-12-29 14:22:03.024274,Oil,1,50.0,28.707215,77.215419,North Delhi,0
919d3a56-4a6c-4211-9143-cfd7235bde9f,SHOP_016,BEN_00840,2025-12-29 14:23:16.024274,Kerosene,2,50.0,28.644796,77.107779,West Delhi,0
214eccc1-0780-4267-976f-2958b7368f58,SHOP_021,BEN_00356,2025-12-29 14:23:51.024274,Oil,2,100.0,28.654216,77.114329,West Delhi,0
95da5d31-811b-4013-88e5-2d7d5a121067,SHOP_004,BEN_00892,2025-12-29 14:26:49.024274,Kerosene,1,25.0,28.709316,77.129745,Rohini,0
485597bc-db6b-4a3c-b30e-d8f5a101cc47,SHOP_010,BEN_01207,2025-12-29 14:28:38.024274,Oil,2,100.0,28.581134,77.064005,Dwarka,0
0ebcf91e-a767-43ba-bc72-aa19ca173ab1,SHOP_030,BEN_02997,2025-12-29 14:31:45.024274,Kerosene,2,50.0,28.656014,77.071143,West Delhi,0
7a68462d-c554-4da3-ad4c-da6ca64281b4,SHOP_039,BEN_01213,2025-12-29 14:32:30.024274,Wheat,14,28.0,28.707365,77.109479,Rohini,0
ab48c12d-d73b-4325-9cf5-9e5aeea4c2b9,SHOP_036,BEN_02764,2025-12-29 14:40:53.024274,Rice,7,21.0,28.73997,77.11894,Rohini,0
4abac83d-51e4-4ff7-8b5c-4c1cec8a243c,SHOP_010,BEN_02993,2025-12-29 14:43:44.024274,Oil,2,100.0,28.581134,77.064005,Dwarka,0
1bbfda52-746a-4809-9621-014026810493,SHOP_046,BEN_01883,2025-12-29 14:50:25.024274,Wheat,7,14.0,28.634402,77.315239,East Delhi,0
82669db8-1ee6-492e-bb6c-105818ff231a,SHOP_012,BEN_01727,2025-12-29 14:59:27.024274,Rice,9,27.0,28.618685,77.319017,East Delhi,0
49e536f7-bda5-4acc-a256-d9c0232f550b,SHOP_015,BEN_02846,2025-12-29 15:08:21.024274,Wheat,18,36.0,28.630112,77.110956,West Delhi,0
b22445ce-3556-4bf6-85e8-fad67f82cfec,SHOP_030,BEN_02522,2025-12-29 15:21:50.024274,Wheat,10,20.0,28.656014,77.071143,West Delhi,0
e9ea9fa4-2ee8-4a21-be10-09e4cb753717,SHOP_048,BEN_01736,2025-12-29 15:25:36.024274,Oil,2,100.0,28.596532,77.044874,Dwarka,0
5bef5d12-f461-4015-a707-ed2e6c6af53c,SHOP_043,BEN_02624,2025-12-29 15:26:19.024274,Rice,19,57.0,28.561519,77.048283,Dwarka,0
d3b3bc62-832b-47b9-9333-71ecf31d0c19,SHOP_027,BEN_01426,2025-12-29 15:27:42.024274,Wheat,20,40.0,28.603311,77.025358,Dwarka,0
f3a3f328-f1ed-4865-bdb4-9b1acaa91610,SHOP_008,BEN_00698,2025-12-29 15:33:09.024274,Oil,1,50.0,28.666336,77.103257,West Delhi,0
fe85f923-edd8-41a7-a38f-00e09ddc96ae,SHOP_026,BEN_02093,2025-12-29 15:33:11.024274,Rice,14,42.0,28.645158,77.323228,East Delhi,0
d804c3fa-3afb-4c5e-b9f8-62736b0e13f0,SHOP_048,BEN_01821,2025-12-29 15:33:49.024274,Sugar,1,20.0,28.596532,77.044874,Dwarka,0
9fbb3403-8d33-48a6-90a7-937e1aad784a,SHOP_021,BEN_02012,2025-12-29 15:41:02.024274,Rice,19,57.0,28.654216,77.114329,West Delhi,0
8efff887-7500-4cc1-9a20-8e5bba5f499f,SHOP_045,BEN_01733,2025-12-29 16:19:22.024274,Kerosene,2,50.0,28.633767,77.205731,Central Delhi,0
d837fef1-e277-46da-970d-37d164d5943d,SHOP_045,BEN_02736,2025-12-29 16:19:33.024274,Sugar,3,60.0,28.633767,77.205731,Central Delhi,0
8efca816-2eb7-46f2-a280-197cf0aaf9d8,SHOP_046,BEN_02524,2025-12-29 16:21:55.024274,Wheat,12,24.0,28.634402,77.315239,East Delhi,0
51a75671-262b-48b3-9c8f-6a64661d88d9,SHOP_026,BEN_02896,2025-12-29 16:25:58.024274,Wheat,20,40.0,28.645158,77.323228,East Delhi,0
de4c84b0-9980-4afb-8f23-16db66fc0d1e,SHOP_034,BEN_01625,2025-12-29 16:26:16.024274,Oil,2,100.0,28.586699,77.035213,Dwarka,0
78cb132b-8e05-47ec-a5aa-660db7c6a929,SHOP_043,BEN_01465,2025-12-29 16:33:43.024274,Oil,1,50.0,28.561519,77.048283,Dwarka,0
24b42a95-866f-4d7c-9240-1bf7c2ead9c2,SHOP_003,BEN_01655,2025-12-29 16:34:36.024274,Oil,1,50.0,28.506364,77.204896,South Delhi,0
98808d2e-d3be-45dd-a057-a7ee00e49d5e,SHOP_036,BEN_00955,2025-12-29 16:34:58.024274,Wheat,15,30.0,28.73997,77.11894,Rohini,0
e554792e-1157-46c1-bb98-f892a905c1f3,SHOP_040,BEN_01161,2025-12-29 16:38:07.024274,Kerosene,3,75.0,28.673266,77.089259,West Delhi,0
98820027-a48c-4abe-b736-92761562edea,SHOP_010,BEN_02644,2025-12-29 16:39:29.024274,Kerosene,1,25.0,28.581134,77.064005,Dwarka,0
802366dd-ac81-42f6-af07-fb0f310ac22b,SHOP_016,BEN_02581,2025-12-29 16:59:36.024274,Kerosene,3,75.0,28.644796,77.107779,West Delhi,0
d5395430-e866-4293-9702-669dab22274e,SHOP_011,BEN_02050,2025-12-29 17:11:15.024274,Wheat,5,10.0,28.732554,77.205993,North Delhi,0
247df933-492c-4357-b762-fc51469ef832,SHOP_016,BEN_01828,2025-12-29 17:12:33.024274,Oil,1,50.0,28.644796,77.107779,West Delhi,0
89865cc9-43a4-4ed8-86f9-b1958bfc7a13,SHOP_048,BEN_02201,2025-12-29 17:13:23.024274,Sugar,2,40.0,28.596532,77.044874,Dwarka,0
e075a014-7297-42c6-b577-409e90970b5f,SHOP_013,BEN_01203,2025-12-29 17:22:17.024274,Rice,14,42.0,28.689861,77.183213,North Delhi,0
054ab607-1f46-47b4-8b76-9a3cdeb12e86,SHOP_020,BEN_01582,2025-12-29 17:27:20.024274,Sugar,3,60.0,28.736478,77.119912,Rohini,0
a391d1d9-539e-4f89-917c-e8d062436787,SHOP_038,BEN_02688,2025-12-29 17:32:53.024274,Rice,6,18.0,28.737713,77.199062,North Delhi,0
aa628ad3-4f31-406a-895f-1c9b62db66b8,SHOP_043,BEN_01699,2025-12-29 17:40:26.024274,Wheat,6,12.0,28.561519,77.048283,Dwarka,0
c1dd86c5-a903-4a10-9006-1900b9f1efca,SHOP_041,BEN_02557,2025-12-29 17:43:03.024274,Kerosene,1,25.0,28.676266,77.100986,West Delhi,0
8a1432af-8027-452c-9135-7c337e1390af,SHOP_013,BEN_01347,2025-12-29 17:44:53.024274,Kerosene,1,25.0,28.689861,77.183213,North Delhi,0
0f9e6b29-9e51-41da-89e3-c8fb936e235b,SHOP_043,BEN_01046,2025-12-29 17:47:29.024274,Oil,2,100.0,28.561519,77.048283,Dwarka,0
c9d3c8b7-ad55-4282-8d48-7b81ac67950c,SHOP_012,BEN_00434,2025-12-29 17:47:47.024274,Sugar,1,20.0,28.618685,77.319017,East Delhi,0
bb4dd454-65c9-43c9-bdba-cfa47d8fbf7b,SHOP_007,BEN_01384,2025-12-29 17:58:40.024274,Wheat,16,32.0,28.520513,77.217525,South Delhi,0
649714e6-b6c2-4414-aff6-15197667ec26,SHOP_005,BEN_00247,2025-12-29 18:02:02.024274,Oil,2,100.0,28.599771,77.274279,East Delhi,0
d46aa61c-945b-4f98-aefb-dccf03a3cd7d,SHOP_006,BEN_02737,2025-12-29 18:03:35.024274,Kerosene,2,50.0,28.6356,77.229758,Central Delhi,0
eb964121-487f-4e66-81c9-272e697a7a23,SHOP_022,BEN_02321,2025-12-29 18:07:05.024274,Sugar,1,20.0,28.696907,77.177649,North Delhi,0
e7b4798a-3085-427b-a8bc-a72e76971606,SHOP_006,BEN_01217,2025-12-29 18:09:30.024274,Rice,18,54.0,28.6356,77.229758,Central Delhi,0
5b54a199-411c-4b03-b7fb-d2961e3752fd,SHOP_048,BEN_02484,2025-12-29 18:10:27.024274,Rice,7,21.0,28.596532,77.044874,Dwarka,0
96ef40e7-a101-4923-b2ab-4a0cc7052bf8,SHOP_032,BEN_00583,2025-12-29 18:13:50.024274,Oil,2,100.0,28.708017,77.126743,Rohini,0
8e65bec5-c797-40a4-8615-58a0d912a8c3,SHOP_033,BEN_00545,2025-12-29 18:17:01.024274,Kerosene,3,75.0,28.731131,77.204781,North Delhi,0
1839ba9d-f71f-47be-be17-9d256505058d,SHOP_021,BEN_01818,2025-12-29 18:25:01.024274,Kerosene,3,75.0,28.654216,77.114329,West Delhi,0
356cdba2-fdae-438c-806b-e1b3e1dd1063,SHOP_040,BEN_01502,2025-12-29 18:25:20.024274,Rice,5,15.0,28.673266,77.089259,West Delhi,1
0a1f1cd6-13bc-4758-ae2e-fcae9c46a06c,SHOP_040,BEN_00552,2025-12-29 18:25:22.024274,Rice,5,15.0,28.673266,77.089259,West Delhi,1
303e27b2-6964-4070-8c95-2c1d09ea5a26,SHOP_040,BEN_00404,2025-12-29 18:25:24.024274,Rice,5,15.0,28.673266,77.089259,West Delhi,1
589f8ace-7b4b-4f85-8429-e01b0df7d405,SHOP_040,BEN_01200,2025-12-29 18:25:26.024274,Rice,5,15.0,28.673266,77.089259,West Delhi,1
9330c0f6-68bd-41f9-8660-82788835dc3b,SHOP_040,BEN_00377,2025-12-29 18:25:28.024274,Rice,5,15.0,28.673266,77.089259,West Delhi,1
8e1d4c82-2543-43f4-84f7-e530bdee2efd,SHOP_040,BEN_02494,2025-12-29 18:25:30.024274,Rice,5,15.0,28.673266,77.089259,West Delhi,1
982d8ee5-eb23-4797-aa9c-c6420c78b0dc,SHOP_040,BEN_00070,2025-12-29 18:25:32.024274,Rice,5,15.0,28.673266,77.089259,West Delhi,1
43d28b03-56f4-44c5-9be5-6f6c0a5af59e,SHOP_040,BEN_01553,2025-12-29 18:25:34.024274,Rice,5,15.0,28.673266,77.089259,West Delhi,1
eb090f77-ab76-4fca-a3e5-6b1ccfdc18ee,SHOP_040,BEN_01018,2025-12-29 18:25:36.024274,Rice,5,15.0,28.673266,77.089259,West Delhi,1
611f095f-bbd2-4e00-bd78-d46efcb5da28,SHOP_040,BEN_02648,2025-12-29 18:25:38.024274,Rice,5,15.0,28.673266,77.089259,West Delhi,1
6e7c2ea8-aeab-4d9a-95bd-dea62abbc714,SHOP_040,BEN_01279,2025-12-29 18:25:40.024274,Rice,5,15.0,28.673266,77.089259,West Delhi,1
0741e7c5-b332-4144-892d-e6d5995d0026,SHOP_040,BEN_01295,2025-12-29 18:25:42.024274,Rice,5,15.0,28.673266,77.089259,West Delhi,1
4b76a9e7-a01d-4c5e-b5d8-eaeb42b2b661,SHOP_040,BEN_01552,2025-12-29 18:25:44.024274,Rice,5,15.0,28.673266,77.089259,West Delhi,1
ceb95052-4328-4282-8ce7-fe824a87acb7,SHOP_040,BEN_02717,2025-12-29 18:25:46.024274,Rice,5,15.0,28.673266,77.089259,West Delhi,1
8d52ca59-08d4-448f-80e8-fa12e5ea084d,SHOP_040,BEN_02148,2025-12-29 18:25:48.024274,Rice,5,15.0,28.673266,77.089259,West Delhi,1
66e61a72-ba01-4fb5-901e-b6a1a286f214,SHOP_040,BEN_00298,2025-12-29 18:25:50.024274,Rice,5,15.0,28.673266,77.089259,West Delhi,1
d784d267-7ba0-4106-9cd6-05d9a469a03e,SHOP_040,BEN_00328,2025-12-29 18:25:52.024274,Rice,5,15.0,28.673266,77.089259,West Delhi,1
d0be99d7-9690-4947-8328-c43fce99c90a,SHOP_040,BEN_02661,2025-12-29 18:25:54.024274,Rice,5,15.0,28.673266,77.089259,West Delhi,1
196608bb-229c-4511-9558-6dc411ce4ba9,SHOP_040,BEN_02497,2025-12-29 18:25:56.024274,Rice,5,15.0,28.673266,77.089259,West Delhi,1
facc46b7-8a79-44a3-b29e-1a3d006678cb,SHOP_040,BEN_01077,2025-12-29 18:25:58.024274,Rice,5,15.0,28.673266,77.089259,West Delhi,1
4be05fef-a8a4-466f-a5e2-799f430cf7bb,SHOP_021,BEN_02942,2025-12-29 18:27:47.024274,Oil,1,50.0,28.654216,77.114329,West Delhi,0
0b7a2439-f3f5-4ab9-9608-0c96691ba161,SHOP_041,BEN_00034,2025-12-29 18:33:00.024274,Rice,7,21.0,28.676266,77.100986,West Delhi,0
3a0c50ea-0d8e-4879-92b1-ca3a51e95b4b,SHOP_045,BEN_01219,2025-12-29 18:36:39.024274,Rice,17,51.0,28.633767,77.205731,Central Delhi,0
73ad541c-8ade-438d-b056-fc7eda8a3a6b,SHOP_022,BEN_00360,2025-12-29 18:43:49.024274,Oil,1,50.0,28.696907,77.177649,North Delhi,0
9fedbaf4-13c7-4a7b-b705-35a81490b460,SHOP_013,BEN_00712,2025-12-29 18:47:06.024274,Wheat,9,18.0,28.689861,77.183213,North Delhi,0
e7ba25f1-a9cd-4ea9-ab25-7de9d2117d3a,SHOP_008,BEN_00409,2025-12-29 18:48:15.024274,Wheat,17,34.0,28.666336,77.103257,West Delhi,0
1a660c69-6e36-4f9e-a337-176b5d48aa05,SHOP_014,BEN_01500,2025-12-29 18:52:40.024274,Sugar,2,40.0,28.708352,77.106686,Rohini,0
6b066587-fcc8-47dc-a67b-5021cc523ec6,SHOP_037,BEN_00416,2025-12-29 18:53:10.024274,Oil,1,50.0,28.707215,77.215419,North Delhi,0
fcfdcdc9-4102-46ac-a982-8379eb417cf9,SHOP_042,BEN_02128,2025-12-29 18:58:44.024274,Oil,1,50.0,28.598757,77.020815,Dwarka,0
36713935-0a5c-460d-8c32-458eddede817,SHOP_007,BEN_00325,2025-12-29 18:59:11.024274,Rice,11,33.0,28.520513,77.217525,South Delhi,0
15877c19-aafb-4753-9c02-53782161f8b2,SHOP_005,BEN_01176,2025-12-29 19:06:51.024274,Wheat,13,26.0,28.599771,77.274279,East Delhi,0
b82506a6-f8eb-4464-840f-2f0cee8406c8,SHOP_019,BEN_00233,2025-12-29 19:13:25.024274,Kerosene,1,25.0,28.631679,77.201199,Central Delhi,0
a3916dfe-37b2-44da-8ae4-cf5655e58ba4,SHOP_035,BEN_01942,2025-12-29 19:14:48.024274,Oil,1,50.0,28.715607,77.125559,Rohini,0
dde37f64-eb6f-4458-b592-a14f885365f4,SHOP_023,BEN_01404,2025-12-29 19:15:50.024274,Oil,1,50.0,28.592266,77.310411,East Delhi,0
600e6fa1-f3da-43a2-b470-06f7a6400707,SHOP_038,BEN_02365,2025-12-29 19:20:44.024274,Rice,10,30.0,28.737713,77.199062,North Delhi,0
109822aa-b8fb-4902-8bce-41dc0fdcb9c7,SHOP_027,BEN_00819,2025-12-29 19:22:54.024274,Kerosene,2,50.0,28.603311,77.025358,Dwarka,0
95d9d5ef-3391-4ac8-bd7a-1b57aae2f2f2,SHOP_049,BEN_01379,2025-12-29 19:32:33.024274,Kerosene,2,50.0,28.514677,77.242533,South Delhi,0
d5c13cd7-50a3-46d4-9eca-cedfcebde8e9,SHOP_035,BEN_02146,2025-12-29 19:36:37.024274,Sugar,3,60.0,28.715607,77.125559,Rohini,0
2a7ce392-9ba9-47bd-b506-1e053ffcee4f,SHOP_008,BEN_02455,2025-12-29 19:37:53.024274,Rice,10,30.0,28.666336,77.103257,West Delhi,0
d269b3c4-bc7b-4662-b294-39da0fcc8cce,SHOP_009,BEN_02317,2025-12-29 19:38:39.024274,Kerosene,3,75.0,28.633713,77.107844,West Delhi,0
5dca2125-12b8-4cba-b7c0-d25ec0261e71,SHOP_014,BEN_02795,2025-12-29 19:38:51.024274,Sugar,1,20.0,28.708352,77.106686,Rohini,0
2191aa7e-aa89-4e84-b29d-0fbbc465a013,SHOP_033,BEN_02273,2025-12-29 19:58:07.024274,Sugar,1,20.0,28.731131,77.204781,North Delhi,0
57f6df76-5639-49f9-aa17-f2ea6fa793f2,SHOP_019,BEN_00593,2025-12-30 02:19:39.024274,Kerosene,2,50.0,28.631679,77.201199,Central Delhi,1
b537a7c3-0f39-4474-9d22-7592b4ff3c0c,SHOP_023,BEN_02545,2025-12-30 08:12:03.024274,Wheat,7,14.0,28.592266,77.310411,East Delhi,0
406c3ab8-a653-434d-b761-9d54c7e33594,SHOP_050,BEN_00787,2025-12-30 08:18:46.024274,Sugar,3,60.0,28.560938,77.180795,South Delhi,0
d50e5415-4f1b-4352-8106-d68d83cd96e4,SHOP_009,BEN_02164,2025-12-30 08:31:34.024274,Oil,1,50.0,28.633713,77.107844,West Delhi,0
ebf21c95-4869-4205-b42f-907109f8529a,SHOP_020,BEN_00727,2025-12-30 08:39:25.024274,Kerosene,1,25.0,28.736478,77.119912,Rohini,0
5a6224d2-a3d3-41a3-a324-5d62ea953e12,SHOP_041,BEN_01205,2025-12-30 08:40:36.024274,Wheat,9,18.0,28.676266,77.100986,West Delhi,0
2d9d2269-e01a-4d25-a6e8-ac8b4cdc1b3e,SHOP_029,BEN_01635,2025-12-30 08:40:48.024274,Wheat,15,30.0,28.583723,77.064561,Dwarka,0
b6e8df63-1f26-49bf-a6a5-125e50918d7f,SHOP_035,BEN_00093,2025-12-30 08:45:45.024274,Kerosene,3,75.0,28.715607,77.125559,Rohini,0
94e069dc-fa6b-4cba-a435-690334b7f2d0,SHOP_047,BEN_02167,2025-12-30 08:52:30.024274,Rice,10,30.0,28.715937,77.10426,Rohini,0
b7faac38-40f3-45d5-9513-2c7cb02d9aa4,SHOP_014,BEN_00616,2025-12-30 08:56:08.024274,Sugar,2,40.0,28.708352,77.106686,Rohini,0
670e546c-387e-4ff5-b963-b5e0a118b634,SHOP_038,BEN_02564,2025-12-30 09:00:51.024274,Wheat,18,36.0,28.737713,77.199062,North Delhi,0
d790010a-e816-475c-b3c0-d33a80c644e1,SHOP_046,BEN_01439,2025-12-30 09:03:21.024274,Wheat,16,32.0,28.634402,77.315239,East Delhi,0
347431b2-2f05-4dc0-943c-92e6899caf3d,SHOP_049,BEN_01984,2025-12-30 09:16:09.024274,Sugar,1,20.0,28.514677,77.242533,South Delhi,0
9e09a81d-35a9-4269-84c5-c1ff12c6ffdc,SHOP_002,BEN_02404,2025-12-30 09:16:48.024274,Wheat,18,36.0,28.648957,77.10634,West Delhi,0
064867f0-8492-4395-8dcc-39c2c9c36264,SHOP_050,BEN_00065,2025-12-30 09:25:15.024274,Kerosene,3,75.0,28.560938,77.180795,South Delhi,0
8f4667d2-b4c0-44d4-b7c9-096ece65acdc,SHOP_031,BEN_00070,2025-12-30 09:27:24.024274,Oil,1,50.0,28.727982,77.18544,North Delhi,0
406e9c57-e3d7-4b2b-b01e-a46bb9ff16ac,SHOP_044,BEN_01678,2025-12-30 09:31:01.024274,Sugar,1,20.0,28.615898,77.224361,Central Delhi,0
e714cd1a-4372-4b61-a511-b8c08b2e2353,SHOP_021,BEN_02054,2025-12-30 09:36:18.024274,Sugar,2,40.0,28.654216,77.114329,West Delhi,0
4e9dd24e-36fd-493c-a681-0ad9c45a86bb,SHOP_048,BEN_02895,2025-12-30 09:48:53.024274,Sugar,3,60.0,28.596532,77.044874,Dwarka,0
95dbe450-1bc3-42f4-8e96-bc2f7c196a5b,SHOP_008,BEN_02820,2025-12-30 09:50:51.024274,Rice,8,24.0,28.666336,77.103257,West Delhi,0
cb289803-a4a5-4da9-b9e8-cdcdb4cdb8e6,SHOP_037,BEN_01453,2025-12-30 09:53:07.024274,Oil,1,50.0,28.707215,77.215419,North Delhi,0
45b556fb-c281-4618-bbd8-6b4faeb2ee07,SHOP_004,BEN_02919,2025-12-30 09:56:45.024274,Wheat,15,30.0,28.709316,77.129745,Rohini,0
26ed0061-dc3e-4bfb-b8d4-f7759129feaa,SHOP_027,BEN_02672,2025-12-30 10:00:10.024274,Wheat,15,30.0,28.603311,77.025358,Dwarka,0
e33821ac-4bfd-491c-bdbd-a9065120a541,SHOP_013,BEN_01689,2025-12-30 10:04:24.024274,Kerosene,3,75.0,28.689861,77.183213,North Delhi,0
e3cec44f-ceae-43c9-9826-b58b4d5fe27c,SHOP_015,BEN_02710,2025-12-30 10:11:37.024274,Sugar,2,40.0,28.630112,77.110956,West Delhi,0
234f8cee-1af5-4c97-aff6-b2ecd4b035e2,SHOP_045,BEN_00770,2025-12-30 10:15:58.024274,Rice,13,39.0,28.633767,77.205731,Central Delhi,0
4ec0710d-c544-4b23-b3d2-d0d9e25118ff,SHOP_018,BEN_00168,2025-12-30 10:17:44.024274,Wheat,17,34.0,28.610429,77.188088,Central Delhi,0
a856bfe7-7b61-4632-9ef3-2545fab2ae37,SHOP_038,BEN_00337,2025-12-30 10:26:47.024274,Rice,18,54.0,28.737713,77.199062,North Delhi,0
db002be5-ef53-4601-adc9-144703497313,SHOP_030,BEN_01075,2025-12-30 10:37:54.024274,Sugar,1,20.0,28.656014,77.071143,West Delhi,0
e927b2b7-a49e-4b09-97ef-79d558f8b5cd,SHOP_023,BEN_02538,2025-12-30 10:41:31.024274,Oil,1,50.0,28.592266,77.310411,East Delhi,0
2369497f-eebe-4ea2-b5e9-215e9186ae39,SHOP_047,BEN_00668,2025-12-30 10:45:05.024274,Wheat,20,40.0,28.715937,77.10426,Rohini,0
e9b32a7b-3a18-4089-8fe0-68de61555b29,SHOP_043,BEN_02916,2025-12-30 10:45:48.024274,Kerosene,2,50.0,28.561519,77.048283,Dwarka,0
2fcf508f-408a-4b0e-91e2-c3d0b35d6f00,SHOP_014,BEN_00158,2025-12-30 10:51:08.024274,Kerosene,1,25.0,28.708352,77.106686,Rohini,0
513c99ce-e99d-4d6f-9281-8ef857aa8d2c,SHOP_005,BEN_01134,2025-12-30 10:56:10.024274,Wheat,15,30.0,28.599771,77.274279,East Delhi,0
058b5ac2-0614-4486-9bab-4a1973f96a53,SHOP_026,BEN_01752,2025-12-30 10:57:52.024274,Wheat,14,28.0,28.645158,77.323228,East Delhi,0
86311b28-14e2-4731-9606-f05a0d180567,SHOP_024,BEN_00485,2025-12-30 11:01:45.024274,Sugar,3,60.0,28.505958,77.198023,South Delhi,0
a073481e-5972-438f-ae27-fdd60a20363d,SHOP_046,BEN_02565,2025-12-30 11:07:14.024274,Sugar,1,20.0,28.634402,77.315239,East Delhi,0
f2f6d768-b1ca-4d4e-903c-2a18c68a70be,SHOP_046,BEN_02038,2025-12-30 11:12:35.024274,Wheat,13,26.0,28.634402,77.315239,East Delhi,0
68a32c6d-ffb0-49f0-9632-c50094add427,SHOP_018,BEN_01542,2025-12-30 11:18:08.024274,Wheat,5,10.0,28.610429,77.188088,Central Delhi,0
bda9ae99-9275-4e1b-8cab-d78a616adfa7,SHOP_039,BEN_00313,2025-12-30 11:25:15.024274,Rice,16,48.0,28.707365,77.109479,Rohini,0
93f68c60-5c83-47d1-bdf1-d644f3a8fcc5,SHOP_042,BEN_01933,2025-12-30 11:31:05.024274,Sugar,2,40.0,28.598757,77.020815,Dwarka,0
cf1dddd2-0f50-41a9-9cb3-f6c2a2fdd77c,SHOP_041,BEN_02518,2025-12-30 11:31:08.024274,Oil,2,100.0,28.676266,77.100986,West Delhi,0
a534f230-6c76-4025-b25b-9aed5e3a2a35,SHOP_039,BEN_02558,2025-12-30 11:34:37.024274,Sugar,1,20.0,28.707365,77.109479,Rohini,0
05c95b6d-cc3b-48e3-a93e-de7fc2ebef71,SHOP_034,BEN_02866,2025-12-30 11:36:02.024274,Oil,2,100.0,28.586699,77.035213,Dwarka,0
72da437d-4c8b-4cb1-b970-bb5bf8190fb8,SHOP_012,BEN_00552,2025-12-30 11:45:01.024274,Oil,2,100.0,28.618685,77.319017,East Delhi,0
49ecb0ed-3e7b-4925-ad8b-15ef331f7405,SHOP_013,BEN_01169,2025-12-30 11:53:11.024274,Rice,17,51.0,28.689861,77.183213,North Delhi,0
1c454577-be67-4c67-aa43-b13fa5921582,SHOP_003,BEN_00695,2025-12-30 11:58:25.024274,Sugar,1,20.0,28.506364,77.204896,South Delhi,0
eb1135be-0960-4413-ba80-f8637783d411,SHOP_030,BEN_00012,2025-12-30 12:18:21.024274,Kerosene,2,50.0,28.656014,77.071143,West Delhi,0
23e6bfcd-8169-48bb-998c-6aeaeeac2367,SHOP_007,BEN_01443,2025-12-30 12:50:49.024274,Rice,10,30.0,28.520513,77.217525,South Delhi,0
67cf96bc-ef5b-4d2c-a87c-25063e4ab2fd,SHOP_037,BEN_00665,2025-12-30 12:51:04.024274,Kerosene,3,75.0,28.707215,77.215419,North Delhi,0
7a93f372-9635-490b-a124-afe249181697,SHOP_043,BEN_02643,2025-12-30 12:51:56.024274,Kerosene,2,50.0,28.561519,77.048283,Dwarka,0
bae5aada-5ee0-467e-a9a1-0baf69df96e3,SHOP_031,BEN_00239,2025-12-30 12:53:33.024274,Kerosene,1,25.0,28.727982,77.18544,North Delhi,0
5c9f400e-a552-4a6f-b123-46c32716f3a1,SHOP_021,BEN_00240,2025-12-30 12:54:35.024274,Rice,17,51.0,28.654216,77.114329,West Delhi,0
bebe77fb-9f59-4104-bd8a-6051df688fe6,SHOP_025,BEN_02082,2025-12-30 13:05:13.024274,Wheat,11,22.0,28.624929,77.222474,Central Delhi,0
91343b30-80b9-4f5d-a21b-d062b5b2cab1,SHOP_003,BEN_00456,2025-12-30 13:07:59.024274,Sugar,3,60.0,28.506364,77.204896,South Delhi,0
82efe636-7b9f-4f64-b5a8-86f58bb78808,SHOP_040,BEN_02844,2025-12-30 13:13:22.024274,Sugar,2,40.0,28.673266,77.089259,West Delhi,0
d01be0e7-c5a6-40fe-92ae-15cbd9e65aa4,SHOP_041,BEN_00633,2025-12-30 13:13:58.024274,Wheat,7,14.0,28.676266,77.100986,West Delhi,0
42552745-9a98-493c-9121-6f7cbd411403,SHOP_009,BEN_00963,2025-12-30 13:22:34.024274,Kerosene,3,75.0,28.633713,77.107844,West Delhi,0
f66ebf8f-6948-45b2-a7b3-140f033291d7,SHOP_035,BEN_02088,2025-12-30 13:29:11.024274,Kerosene,1,25.0,28.715607,77.125559,Rohini,0
c4f1be5a-720c-4bdc-98a0-848d3cba104e,SHOP_025,BEN_02356,2025-12-30 13:32:08.024274,Rice,5,15.0,28.624929,77.222474,Central Delhi,0
1f9db0e6-4a58-4c06-90f5-51cd04570dd7,SHOP_010,BEN_02970,2025-12-30 13:35:02.024274,Kerosene,3,75.0,28.581134,77.064005,Dwarka,0
8b6f631f-5234-4e24-a76d-5d8cf1598ffb,SHOP_043,BEN_01090,2025-12-30 13:35:47.024274,Kerosene,3,75.0,28.561519,77.048283,Dwarka,0
323ee2e9-5195-499c-9d13-a5d02096a8c4,SHOP_026,BEN_00929,2025-12-30 13:38:04.024274,Kerosene,2,50.0,28.645158,77.323228,East Delhi,0
80015062-d55b-40bb-8fb1-7bddea8f7469,SHOP_006,BEN_02092,2025-12-30 13:41:56.024274,Wheat,11,22.0,28.6356,77.229758,Central Delhi,0
e3b7e7de-509f-4afd-97d6-82624b26c6b4,SHOP_050,BEN_02548,2025-12-30 13:48:14.024274,Kerosene,1,25.0,28.560938,77.180795,South Delhi,0
f6d07813-9258-4b0d-8bf4-a3d6df044be2,SHOP_048,BEN_00949,2025-12-30 13:54:50.024274,Wheat,11,22.0,28.596532,77.044874,Dwarka,0
22517a47-eb65-4753-9f0e-1d6df15f1831,SHOP_018,BEN_00876,2025-12-30 13:55:09.024274,Oil,2,100.0,28.610429,77.188088,Central Delhi,0
d4d5175e-3ade-4c05-87ac-286d73f5196c,SHOP_048,BEN_01154,2025-12-30 13:59:18.024274,Kerosene,1,25.0,28.596532,77.044874,Dwarka,0
c2835f81-26c5-4537-a6b9-22f21bc10617,SHOP_023,BEN_01893,2025-12-30 14:09:15.024274,Rice,16,48.0,28.592266,77.310411,East Delhi,0
aba7bafa-f921-496f-bff1-93999fb4aad6,SHOP_001,BEN_01848,2025-12-30 14:10:29.024274,Wheat,8,16.0,28.563667,77.196744,South Delhi,0
4b8ef253-6f36-4748-9672-9115a7b1b4fc,SHOP_020,BEN_00646,2025-12-30 14:15:42.024274,Rice,5,15.0,28.736478,77.119912,Rohini,0
3e48696d-6f2c-4946-ba61-22fd54c5831a,SHOP_003,BEN_00084,2025-12-30 14:20:06.024274,Oil,1,50.0,28.506364,77.204896,South Delhi,0
74900a62-7c31-49db-98fa-0a5c4ce6d474,SHOP_047,BEN_00060,2025-12-30 14:20:53.024274,Wheat,8,16.0,28.715937,77.10426,Rohini,0
1634a1fe-0b62-4927-a857-20f86cd2101a,SHOP_035,BEN_00263,2025-12-30 14:24:09.024274,Oil,2,100.0,28.715607,77.125559,Rohini,0
7e0568eb-0831-4791-8b2a-d0f7c8c97c30,SHOP_002,BEN_01606,2025-12-30 14:32:15.024274,Rice,15,45.0,28.648957,77.10634,West Delhi,0
8295c169-9433-4509-a6cb-70b614f4137e,SHOP_011,BEN_00530,2025-12-30 14:32:47.024274,Oil,2,100.0,28.732554,77.205993,North Delhi,0
df151db0-2d30-41e3-9954-a9ebea7aa320,SHOP_042,BEN_02415,2025-12-30 14:36:14.024274,Rice,13,39.0,28.598757,77.020815,Dwarka,0
32c061ef-99e1-446f-83fb-47cafc08c64e,SHOP_043,BEN_01745,2025-12-30 14:42:09.024274,Oil,2,100.0,28.561519,77.048283,Dwarka,0
88fa168a-60f3-4c9b-91cb-94f213b24d03,SHOP_027,BEN_00602,2025-12-30 14:47:41.024274,Wheat,5,10.0,28.603311,77.025358,Dwarka,0
dcf71732-7a44-4c26-9f22-4c2a5a98abec,SHOP_001,BEN_00379,2025-12-30 14:59:30.024274,Sugar,3,60.0,28.563667,77.196744,South Delhi,0
28186831-ae22-49a5-9a47-564efd17cca1,SHOP_002,BEN_02079,2025-12-30 15:02:16.024274,Oil,1,50.0,28.648957,77.10634,West Delhi,0
069c15ce-86bd-4c53-b58c-c8646f06acdb,SHOP_007,BEN_02534,2025-12-30 15:04:08.024274,Wheat,7,14.0,28.520513,77.217525,South Delhi,0
f09b3d97-a2b1-4071-bda0-be8d69ba9161,SHOP_042,BEN_01781,2025-12-30 15:06:52.024274,Sugar,2,40.0,28.598757,77.020815,Dwarka,0
b2fbdd00-22ae-4741-bb87-315789e8eee3,SHOP_037,BEN_02593,2025-12-30 15:11:34.024274,Wheat,11,22.0,28.707215,77.215419,North Delhi,0
2950bbf1-3a95-4812-9777-81a128495865,SHOP_024,BEN_00076,2025-12-30 15:14:53.024274,Rice,19,57.0,28.505958,77.198023,South Delhi,0
9bd242ee-30a4-46b8-9ac4-8c5f170b78fc,SHOP_008,BEN_00351,2025-12-30 15:16:13.024274,Wheat,8,16.0,28.666336,77.103257,West Delhi,0
40c70ba6-1893-4ede-9c7e-16cefe46cf76,SHOP_026,BEN_02339,2025-12-30 15:23:39.024274,Oil,2,100.0,28.645158,77.323228,East Delhi,0
e9f887dc-8441-4ab8-b9b9-9dac60eb2b69,SHOP_027,BEN_00873,2025-12-30 15:26:58.024274,Rice,5,15.0,28.603311,77.025358,Dwarka,0
c0dacd71-eef7-4656-abd7-20c756a719c4,SHOP_017,BEN_00557,2025-12-30 15:39:51.024274,Rice,13,39.0,28.722696,77.129286,Rohini,0
a8a1a158-94a1-4c88-905f-e5086db73f02,SHOP_006,BEN_00081,2025-12-30 15:46:06.024274,Rice,9,27.0,28.6356,77.229758,Central Delhi,0
6d83605c-9f61-4821-b82c-6537d5f9bab1,SHOP_046,BEN_02148,2025-12-30 15:46:51.024274,Kerosene,1,25.0,28.634402,77.315239,East Delhi,0
27c831c6-e005-4f50-a08c-2a1dd3a3dadb,SHOP_015,BEN_02307,2025-12-30 15:48:13.024274,Rice,17,51.0,28.630112,77.110956,West Delhi,0
5eb51f59-c2fd-4bb1-b8fc-2d979a9c3f67,SHOP_033,BEN_00331,2025-12-30 15:51:44.024274,Rice,6,18.0,28.731131,77.204781,North Delhi,0
e888ed39-e319-4f82-9df8-0a0c62b271ab,SHOP_002,BEN_01191,2025-12-30 15:55:00.024274,Kerosene,2,50.0,28.648957,77.10634,West Delhi,0
bc3102c4-21a4-414d-82a0-83f11aa56b0e,SHOP_042,BEN_01324,2025-12-30 16:05:57.024274,Rice,7,21.0,28.598757,77.020815,Dwarka,0
3c858ec5-7616-4704-87af-213136c08c55,SHOP_042,BEN_02711,2025-12-30 16:06:57.024274,Rice,13,39.0,28.598757,77.020815,Dwarka,0
c592a923-a3af-4d51-aebf-7233a8716f11,SHOP_016,BEN_02712,2025-12-30 16:10:11.024274,Wheat,8,16.0,28.644796,77.107779,West Delhi,0
3f023b4b-5306-46c5-b35c-bfc8b2f9e554,SHOP_007,BEN_01648,2025-12-30 16:38:21.024274,Rice,15,45.0,28.520513,77.217525,South Delhi,0
0531be93-70aa-4dd7-863d-fc672b7a93b1,SHOP_015,BEN_02952,2025-12-30 16:41:52.024274,Rice,19,57.0,28.630112,77.110956,West Delhi,0
c04cd585-d1b1-4f4c-a205-dfd99f26aca0,SHOP_044,BEN_00287,2025-12-30 16:42:17.024274,Oil,2,100.0,28.615898,77.224361,Central Delhi,0
0542e780-8fa3-444a-83af-9ee8ebfc2915,SHOP_011,BEN_00508,2025-12-30 16:42:53.024274,Kerosene,2,50.0,28.732554,77.205993,North Delhi,0
b64c02fe-5875-43f6-a448-1ca4c33dea24,SHOP_018,BEN_01917,2025-12-30 16:43:21.024274,Oil,2,100.0,28.610429,77.188088,Central Delhi,0
d41a59d8-df2c-4738-8295-a3917df1aa5d,SHOP_021,BEN_00728,2025-12-30 16:44:31.024274,Oil,1,50.0,28.654216,77.114329,West Delhi,0
42ef2b5e-a443-42bf-9084-d4fbf68139e6,SHOP_017,BEN_00669,2025-12-30 16:48:41.024274,Oil,1,50.0,28.722696,77.129286,Rohini,0
6f08b83d-4032-4e87-8731-c0c33d51b0ba,SHOP_009,BEN_02131,2025-12-30 16:54:08.024274,Wheat,19,38.0,28.633713,77.107844,West Delhi,0
d9df2033-036f-47ca-9e0f-e28e0c5529bd,SHOP_046,BEN_01351,2025-12-30 17:00:23.024274,Oil,1,50.0,28.634402,77.315239,East Delhi,0
bae15296-b53f-4e9b-bb9c-440e9593da9b,SHOP_013,BEN_01328,2025-12-30 17:03:59.024274,Sugar,2,40.0,28.689861,77.183213,North Delhi,0
a8e04929-2f35-4021-b64a-a4441b28d6db,SHOP_018,BEN_02459,2025-12-30 17:04:04.024274,Oil,2,100.0,28.610429,77.188088,Central Delhi,0
e89d30f2-f9bc-4992-8d9a-c36914392e56,SHOP_045,BEN_00389,2025-12-30 17:10:22.024274,Wheat,13,26.0,28.633767,77.205731,Central Delhi,0
05560732-fbd0-4ca4-a0d0-6d7168e837d0,SHOP_020,BEN_00252,2025-12-30 17:10:32.024274,Kerosene,3,75.0,28.736478,77.119912,Rohini,0
bbc59a25-6eb8-408f-b2e9-fcee140668ab,SHOP_005,BEN_01210,2025-12-30 17:11:11.024274,Kerosene,2,50.0,28.599771,77.274279,East Delhi,0
5d46abcc-d4c7-4a6d-8406-d4151b01ed9f,SHOP_028,BEN_02766,2025-12-30 17:13:02.024274,Rice,8,24.0,28.644078,77.187159,Central Delhi,0
99b2d7f5-2dd9-4337-ac7a-ea55bc265764,SHOP_033,BEN_01834,2025-12-30 17:28:29.024274,Sugar,1,20.0,28.731131,77.204781,North Delhi,0
bcd2f3f4-d6f0-45b8-b846-5f775bd931c3,SHOP_048,BEN_01753,2025-12-30 17:33:53.024274,Kerosene,1,25.0,28.596532,77.044874,Dwarka,0
aef9720a-d900-48ae-ac94-6d9be081b278,SHOP_020,BEN_02413,2025-12-30 17:35:42.024274,Oil,1,50.0,28.736478,77.119912,Rohini,0
6c5aa896-1c87-4591-87ef-9f1c0b94055b,SHOP_043,BEN_02175,2025-12-30 17:40:29.024274,Sugar,3,60.0,28.561519,77.048283,Dwarka,0
b4992356-fd5f-4853-9abe-ab3f3c6eb5ec,SHOP_011,BEN_02760,2025-12-30 17:48:20.024274,Sugar,2,40.0,28.732554,77.205993,North Delhi,0
b022e20e-a36b-40c2-9a16-45eb970ee252,SHOP_029,BEN_00548,2025-12-30 17:50:24.024274,Wheat,17,34.0,28.583723,77.064561,Dwarka,0
4ec620a7-5d18-4aa6-bcce-929e580fcca7,SHOP_006,BEN_00130,2025-12-30 18:00:39.024274,Kerosene,2,50.0,28.6356,77.229758,Central Delhi,0
75c6a6ef-bc95-4d1b-8d08-f25f68a23f8d,SHOP_037,BEN_01018,2025-12-30 18:01:19.024274,Sugar,3,60.0,28.707215,77.215419,North Delhi,0
82409972-3d89-4d75-b896-c963f7fe1f55,SHOP_014,BEN_02150,2025-12-30 18:04:03.024274,Wheat,20,40.0,28.708352,77.106686,Rohini,0
d7b9696d-7e0f-4eb1-93b2-bea65d341924,SHOP_035,BEN_00525,2025-12-30 18:13:27.024274,Rice,9,27.0,28.715607,77.125559,Rohini,0
4ab4d450-d4a9-499e-8e30-8d11063ba813,SHOP_015,BEN_01555,2025-12-30 18:14:23.024274,Rice,20,60.0,28.630112,77.110956,West Delhi,0
3ef6d841-aeec-4c5a-bb1e-4c897f43bebb,SHOP_037,BEN_00714,2025-12-30 18:18:59.024274,Wheat,8,16.0,28.707215,77.215419,North Delhi,0
c0aa52c5-9f07-46f9-89bf-557ea29ab234,SHOP_042,BEN_02395,2025-12-30 18:26:09.024274,Wheat,18,36.0,28.598757,77.020815,Dwarka,0
d9aeb787-7d0c-4a41-b708-9447c47da3be,SHOP_035,BEN_00397,2025-12-30 18:32:03.024274,Rice,8,24.0,28.715607,77.125559,Rohini,0
bbf50512-77f4-4c0e-87b7-e743edb2cd8d,SHOP_014,BEN_00484,2025-12-30 18:49:26.024274,Wheat,9,18.0,28.708352,77.106686,Rohini,0
d9cba933-2434-4be2-b967-f8a78fd8e91e,SHOP_034,BEN_02432,2025-12-30 18:50:25.024274,Sugar,3,60.0,28.586699,77.035213,Dwarka,0
7f3291c5-40e7-4fa9-9028-8e68b9dfb612,SHOP_027,BEN_00328,2025-12-30 18:52:46.024274,Sugar,3,60.0,28.603311,77.025358,Dwarka,0
176aebbc-09c0-463a-9b2d-8f067e6f8498,SHOP_009,BEN_01668,2025-12-30 18:54:28.024274,Kerosene,2,50.0,28.633713,77.107844,West Delhi,0
88f22be0-5b15-4d03-88bf-a069a4c644eb,SHOP_023,BEN_00810,2025-12-30 18:59:06.024274,Rice,5,15.0,28.592266,77.310411,East Delhi,0
d33378e9-900d-425b-a547-56bc7451b848,SHOP_014,BEN_02554,2025-12-30 19:10:13.024274,Rice,13,39.0,28.708352,77.106686,Rohini,0
633eb7f0-6941-47ef-8ee9-3717b263f60e,SHOP_004,BEN_00880,2025-12-30 19:13:02.024274,Wheat,8,16.0,28.709316,77.129745,Rohini,0
e6f63a96-7dda-4a15-84ec-43c1366674cf,SHOP_033,BEN_01843,2025-12-30 19:18:45.024274,Oil,1,50.0,28.731131,77.204781,North Delhi,0
f073b5dd-5262-4c45-908b-861be0596c59,SHOP_004,BEN_00172,2025-12-30 19:23:01.024274,Rice,6,18.0,28.709316,77.129745,Rohini,0
75c58131-08f9-4cbe-bef1-e9baf3a91a1a,SHOP_020,BEN_02034,2025-12-30 19:31:19.024274,Oil,1,50.0,28.736478,77.119912,Rohini,0
bc1b5f7c-8475-4c6b-ba9b-d0ad76e1db22,SHOP_037,BEN_02998,2025-12-30 19:34:06.024274,Sugar,3,60.0,28.707215,77.215419,North Delhi,0
1208cdd9-b00a-434b-9e16-7c53f6fefe38,SHOP_040,BEN_02204,2025-12-30 19:34:54.024274,Oil,2,100.0,28.673266,77.089259,West Delhi,0
c5f70338-b2dc-4dd3-800b-df9a8c8c540a,SHOP_034,BEN_00525,2025-12-30 19:46:04.024274,Oil,2,100.0,28.586699,77.035213,Dwarka,0
2359fbcc-663e-464d-9119-6b16af388e1b,SHOP_037,BEN_00957,2025-12-30 19:50:04.024274,Kerosene,1,25.0,28.707215,77.215419,North Delhi,0
2962a0a4-1e26-4729-9372-5b287011f889,SHOP_025,BEN_00545,2025-12-30 19:51:19.024274,Sugar,3,60.0,28.624929,77.222474,Central Delhi,0
0d22d861-cdb5-4a2e-bc8d-74c3fd6736cb,SHOP_025,BEN_01195,2025-12-31 08:00:10.024274,Rice,17,51.0,28.624929,77.222474,Central Delhi,0
0e5f49dd-3033-4c85-95d6-a5880d715ab7,SHOP_030,BEN_00443,2025-12-31 08:10:45.024274,Wheat,11,22.0,28.656014,77.071143,West Delhi,0
4cdfa845-6c30-4d38-a7d1-47cb39ca3bd8,SHOP_046,BEN_00787,2025-12-31 08:14:07.024274,Kerosene,1,25.0,28.634402,77.315239,East Delhi,0
b13f49df-5bcb-45ca-b426-30e2769adce1,SHOP_048,BEN_00504,2025-12-31 08:15:38.024274,Kerosene,1,25.0,28.596532,77.044874,Dwarka,0
6c0b4d84-7aac-4c72-abf3-0e59bb6a90fe,SHOP_048,BEN_02874,2025-12-31 08:26:16.024274,Sugar,2,40.0,28.596532,77.044874,Dwarka,0
ecec6937-84a0-40ee-a2a1-d5fc6cb9f5c8,SHOP_014,BEN_01609,2025-12-31 08:26:54.024274,Oil,1,50.0,28.708352,77.106686,Rohini,0
25c43d0e-d138-458a-86ba-5a6fb5add5fd,SHOP_047,BEN_02441,2025-12-31 08:28:16.024274,Wheat,20,40.0,28.715937,77.10426,Rohini,0
2fd375ca-4da3-4783-bf85-fece04a20987,SHOP_042,BEN_00764,2025-12-31 08:28:39.024274,Rice,11,33.0,28.598757,77.020815,Dwarka,0
4dda7d98-ff12-4b2f-bd83-552c131bb44d,SHOP_009,BEN_01473,2025-12-31 08:29:21.024274,Kerosene,3,75.0,28.633713,77.107844,West Delhi,0
6678f6c4-5e9b-47fe-8312-b4de6c97c0b1,SHOP_004,BEN_02667,2025-12-31 08:30:17.024274,Kerosene,2,50.0,28.709316,77.129745,Rohini,0
3044edc0-fee4-4b4a-b685-21a8b8c68f11,SHOP_043,BEN_00535,2025-12-31 08:30:20.024274,Rice,19,57.0,28.561519,77.048283,Dwarka,0
b5cfb422-64f1-4fb9-9e54-6fa682e2d4a6,SHOP_002,BEN_01992,2025-12-31 08:40:16.024274,Oil,2,100.0,28.648957,77.10634,West Delhi,0
3437196a-f4d0-40c0-9013-9b57679eda4b,SHOP_032,BEN_02708,2025-12-31 08:44:42.024274,Wheat,14,28.0,28.708017,77.126743,Rohini,0
70a73112-da45-4db9-aa38-fb6a28fc6e21,SHOP_028,BEN_02662,2025-12-31 09:03:28.024274,Wheat,14,28.0,28.644078,77.187159,Central Delhi,0
15bbe2d8-f0dd-4168-93ec-701b786ea1a5,SHOP_026,BEN_01707,2025-12-31 09:05:24.024274,Sugar,1,20.0,28.645158,77.323228,East Delhi,0
af92153d-1ac9-4119-9df2-954eb07539ee,SHOP_003,BEN_02678,2025-12-31 09:05:39.024274,Kerosene,3,75.0,28.506364,77.204896,South Delhi,0
29bc5b40-b3d6-4939-a96b-95ad5d86b8ed,SHOP_049,BEN_01192,2025-12-31 09:05:57.024274,Rice,10,30.0,28.514677,77.242533,South Delhi,0
60857f9e-9e75-4e79-baba-3dc94e375aae,SHOP_032,BEN_02299,2025-12-31 09:08:14.024274,Sugar,2,40.0,28.708017,77.126743,Rohini,0
a6da3a54-8006-4160-bb88-fbbe7e7afcb4,SHOP_032,BEN_00098,2025-12-31 09:14:39.024274,Oil,1,50.0,28.708017,77.126743,Rohini,0
61b81153-8997-4a73-b17b-05d180989565,SHOP_003,BEN_01126,2025-12-31 09:20:30.024274,Rice,16,48.0,28.506364,77.204896,South Delhi,0
f50f2580-b73d-46c5-95a9-a560c3ad1a7b,SHOP_036,BEN_00474,2025-12-31 09:22:11.024274,Oil,1,50.0,28.73997,77.11894,Rohini,0
c79ac3f8-781e-43f4-a9a1-02a5a6e7f12e,SHOP_039,BEN_00386,2025-12-31 09:22:37.024274,Sugar,2,40.0,28.707365,77.109479,Rohini,0
e3bd536a-a14c-4586-8fb2-be99ea0a48d9,SHOP_046,BEN_00117,2025-12-31 09:24:36.024274,Rice,13,39.0,28.634402,77.315239,East Delhi,0
890c61a8-f5b0-4ba7-8d5c-17e8b629ec93,SHOP_012,BEN_02379,2025-12-31 09:27:48.024274,Oil,1,50.0,28.618685,77.319017,East Delhi,0
2019ff22-afc6-4c50-9556-096d52d8464d,SHOP_020,BEN_00971,2025-12-31 09:28:12.024274,Wheat,12,24.0,28.736478,77.119912,Rohini,0
73577ab4-0bd3-49b0-b9a1-bad096ed2d78,SHOP_029,BEN_00202,2025-12-31 09:34:43.024274,Wheat,20,40.0,28.583723,77.064561,Dwarka,0
3a914098-792a-429c-9d21-6cc0d80d5ead,SHOP_036,BEN_00620,2025-12-31 09:37:38.024274,Wheat,13,26.0,28.73997,77.11894,Rohini,0
fdb4f545-66f8-4ef6-aec2-0b8ed994aa1d,SHOP_021,BEN_02139,2025-12-31 09:42:12.024274,Kerosene,2,50.0,28.654216,77.114329,West Delhi,0
28434906-3f5c-4ad0-bde3-ca240994194f,SHOP_030,BEN_00176,2025-12-31 09:46:30.024274,Kerosene,1,25.0,28.656014,77.071143,West Delhi,0
03309b9c-be67-4665-af1b-2166a69e60f3,SHOP_025,BEN_02569,2025-12-31 09:54:53.024274,Sugar,3,60.0,28.624929,77.222474,Central Delhi,0
68ca9188-f674-4984-865d-964d25fdddff,SHOP_001,BEN_01000,2025-12-31 09:55:55.024274,Kerosene,2,50.0,28.563667,77.196744,South Delhi,0
b682b474-5de1-476b-afe5-174c2b99fd84,SHOP_022,BEN_02258,2025-12-31 10:10:33.024274,Oil,2,100.0,28.696907,77.177649,North Delhi,0
d7fb2ead-37cd-4e0b-b061-3a53a170c66c,SHOP_048,BEN_02309,2025-12-31 10:19:52.024274,Kerosene,2,50.0,28.596532,77.044874,Dwarka,0
26384dfd-b168-4a4d-bb47-bb95ce900e0c,SHOP_001,BEN_02550,2025-12-31 10:21:50.024274,Kerosene,1,25.0,28.563667,77.196744,South Delhi,0
08052f87-1726-4360-aba5-36e6baaf73c9,SHOP_024,BEN_01007,2025-12-31 10:23:48.024274,Sugar,3,60.0,28.505958,77.198023,South Delhi,0
0456bc47-a94d-454a-b8b2-d22edcd800a0,SHOP_017,BEN_00462,2025-12-31 10:28:21.024274,Wheat,19,38.0,28.722696,77.129286,Rohini,0
cb3d4ee4-442b-4180-879a-e572b2249bdc,SHOP_016,BEN_01215,2025-12-31 10:30:22.024274,Sugar,2,40.0,28.644796,77.107779,West Delhi,0
b4cfe698-2428-4829-a326-2354044fbd54,SHOP_004,BEN_00055,2025-12-31 10:32:08.024274,Wheat,15,30.0,28.709316,77.129745,Rohini,0
c47a37e7-9309-4f7c-8312-2de63c6a6541,SHOP_020,BEN_00032,2025-12-31 10:35:50.024274,Rice,8,24.0,28.736478,77.119912,Rohini,0
96a50448-4327-46e8-9210-3ab4cc4afb3f,SHOP_050,BEN_00634,2025-12-31 10:38:58.024274,Wheat,5,10.0,28.560938,77.180795,South Delhi,0
f8df6836-95c4-4906-9685-d8e2f5bd596b,SHOP_039,BEN_00463,2025-12-31 10:42:23.024274,Wheat,6,12.0,28.707365,77.109479,Rohini,0
5b738fa0-81df-40b9-8cf5-5eaeaae3c1a9,SHOP_041,BEN_00877,2025-12-31 10:43:03.024274,Kerosene,3,75.0,28.676266,77.100986,West Delhi,0
e2c26f10-b21c-40b6-aa6c-2539cbe2fb14,SHOP_039,BEN_00098,2025-12-31 10:44:32.024274,Rice,20,60.0,28.707365,77.109479,Rohini,0
159dd136-035e-40cf-9adb-5a305ab2f492,SHOP_016,BEN_00124,2025-12-31 10:46:33.024274,Wheat,14,28.0,28.644796,77.107779,West Delhi,0
3defb2cb-a9b0-42a9-8229-64d1dfdcba53,SHOP_034,BEN_02924,2025-12-31 10:50:29.024274,Rice,13,39.0,28.586699,77.035213,Dwarka,0
8ec851d9-d59d-422e-a17e-6230cb777f72,SHOP_044,BEN_01698,2025-12-31 10:55:00.024274,Sugar,1,20.0,28.615898,77.224361,Central Delhi,0
6163dcd1-3293-4d1f-b5f3-f3f9df5883c3,SHOP_028,BEN_01891,2025-12-31 11:02:32.024274,Wheat,11,22.0,28.644078,77.187159,Central Delhi,0
7f5c3e68-8d51-4b99-8231-fab56a27ddf2,SHOP_004,BEN_01989,2025-12-31 11:03:19.024274,Wheat,7,14.0,28.709316,77.129745,Rohini,0
caf6f573-faf8-443d-81ef-f32d5dea8ddf,SHOP_028,BEN_00631,2025-12-31 11:06:26.024274,Rice,8,24.0,28.644078,77.187159,Central Delhi,0
404105a5-6f1a-4a4a-9de2-5e34a41bfb62,SHOP_037,BEN_00708,2025-12-31 11:17:01.024274,Kerosene,1,25.0,28.707215,77.215419,North Delhi,0
d6d6c1ac-a509-4358-b505-c1dfb340a876,SHOP_038,BEN_01826,2025-12-31 11:25:38.024274,Sugar,1,20.0,28.737713,77.199062,North Delhi,0
a66cfe1a-ca40-4c4f-85e9-5c0b1e46e1c0,SHOP_025,BEN_01178,2025-12-31 11:31:13.024274,Oil,1,50.0,28.624929,77.222474,Central Delhi,0
e3c660b2-a4f6-4a17-94ec-a3de597df5c1,SHOP_014,BEN_01580,2025-12-31 11:31:37.024274,Sugar,3,60.0,28.708352,77.106686,Rohini,0
3046c313-8484-4af8-84d2-ec3af4c084b2,SHOP_028,BEN_01547,2025-12-31 11:36:32.024274,Wheat,5,10.0,28.644078,77.187159,Central Delhi,0
e3bc3fd1-ac7a-4f1d-b34a-3fae6df72a72,SHOP_037,BEN_01191,2025-12-31 11:43:43.024274,Oil,1,50.0,28.707215,77.215419,North Delhi,0
e71217c9-0d1d-40b5-8ef7-7d68b06aeb54,SHOP_048,BEN_02652,2025-12-31 11:46:06.024274,Kerosene,1,25.0,28.596532,77.044874,Dwarka,0
7f90a3b0-e050-413e-aff9-d9568cf347df,SHOP_013,BEN_02084,2025-12-31 11:48:04.024274,Wheat,9,18.0,28.689861,77.183213,North Delhi,0
0e4eaf74-6589-4f65-9fa2-dd6c7afeecfe,SHOP_029,BEN_02187,2025-12-31 12:14:55.024274,Kerosene,3,75.0,28.583723,77.064561,Dwarka,0
1d74f718-877b-42c7-83e7-c8becbe8ab1d,SHOP_025,BEN_02947,2025-12-31 12:16:10.024274,Kerosene,2,50.0,28.624929,77.222474,Central Delhi,0
7dff62bc-09fc-4fef-9aeb-581d0b1fb02a,SHOP_045,BEN_01748,2025-12-31 12:17:27.024274,Wheat,6,12.0,28.633767,77.205731,Central Delhi,0
e8012944-d91e-4cde-b95d-d405090a2fe8,SHOP_009,BEN_01222,2025-12-31 12:17:31.024274,Rice,12,36.0,28.633713,77.107844,West Delhi,0
86758853-e5e9-4f21-820d-02806991051a,SHOP_043,BEN_01277,2025-12-31 12:17:56.024274,Rice,9,27.0,28.561519,77.048283,Dwarka,0
e3435d41-8479-442a-8b3f-0c6fe35890f7,SHOP_020,BEN_00991,2025-12-31 12:19:33.024274,Kerosene,1,25.0,28.736478,77.119912,Rohini,0
684dd858-186b-4857-a023-8480cf75ba9a,SHOP_010,BEN_01730,2025-12-31 12:26:20.024274,Sugar,3,60.0,28.581134,77.064005,Dwarka,0
fec62bad-4cca-4b8f-9576-345f6ba49bb5,SHOP_011,BEN_01053,2025-12-31 12:32:40.024274,Kerosene,2,50.0,28.732554,77.205993,North Delhi,0
10179be3-c245-48e0-a0f1-cfffe202a62c,SHOP_044,BEN_02695,2025-12-31 12:32:56.024274,Oil,2,100.0,28.615898,77.224361,Central Delhi,0
58ffccd5-9d83-48f0-a750-f624373170cd,SHOP_048,BEN_01957,2025-12-31 12:33:12.024274,Sugar,3,60.0,28.596532,77.044874,Dwarka,0
e9a85d5e-8c27-4a24-90e2-c490adbdc410,SHOP_012,BEN_01027,2025-12-31 12:45:27.024274,Kerosene,3,75.0,28.618685,77.319017,East Delhi,0
d4d4cf75-0560-49ec-9792-de8e632e2004,SHOP_037,BEN_01535,2025-12-31 12:53:18.024274,Kerosene,1,25.0,28.707215,77.215419,North Delhi,0
c28807c5-5007-42f6-9079-95c180ebf317,SHOP_012,BEN_00746,2025-12-31 12:58:31.024274,Kerosene,2,50.0,28.618685,77.319017,East Delhi,0
b68fc3ab-2524-4b77-a76b-e7e0816c6d5b,SHOP_038,BEN_02176,2025-12-31 13:13:58.024274,Kerosene,1,25.0,28.737713,77.199062,North Delhi,0
efc043bd-89fd-4f35-b1cb-95634c49849e,SHOP_038,BEN_00004,2025-12-31 13:17:22.024274,Kerosene,2,50.0,28.737713,77.199062,North Delhi,0
d6c280b0-8871-4168-9de1-984e19279bbc,SHOP_050,BEN_01650,2025-12-31 13:20:19.024274,Oil,2,100.0,28.560938,77.180795,South Delhi,0
120ab539-a260-4e62-b0e3-8ed70befb9e4,SHOP_010,BEN_01705,2025-12-31 13:23:39.024274,Rice,16,48.0,28.581134,77.064005,Dwarka,0
27d84b08-3ec6-4e46-af28-a3c676bff0de,SHOP_031,BEN_01757,2025-12-31 13:27:52.024274,Kerosene,3,75.0,28.727982,77.18544,North Delhi,0
a0aa3d0a-b441-42e8-a312-cc200824ab17,SHOP_034,BEN_00211,2025-12-31 13:30:10.024274,Kerosene,3,75.0,28.586699,77.035213,Dwarka,0
118f5e82-cb09-4ffa-90d8-70ab7ac66b36,SHOP_017,BEN_02323,2025-12-31 13:41:25.024274,Wheat,5,10.0,28.722696,77.129286,Rohini,0
881c112b-a1a2-4506-af51-b492529b7dcd,SHOP_021,BEN_01546,2025-12-31 13:44:57.024274,Sugar,3,60.0,28.654216,77.114329,West Delhi,0
26202089-6341-4106-9565-aa2c14f99b01,SHOP_040,BEN_00903,2025-12-31 13:46:15.024274,Oil,1,50.0,28.673266,77.089259,West Delhi,0
ac27a269-0b28-4cdf-8f67-39d7fedf0651,SHOP_027,BEN_01647,2025-12-31 13:51:45.024274,Rice,10,30.0,28.603311,77.025358,Dwarka,0
1726cf41-7073-46bb-8235-06e188713ae8,SHOP_028,BEN_02163,2025-12-31 13:54:16.024274,Sugar,2,40.0,28.644078,77.187159,Central Delhi,0
3c4903a3-9e05-424a-904f-d559e0eb3d92,SHOP_014,BEN_02805,2025-12-31 13:57:32.024274,Kerosene,2,50.0,28.708352,77.106686,Rohini,0
ad68f36b-c56a-4777-9352-0221fd51b288,SHOP_046,BEN_02878,2025-12-31 13:59:06.024274,Rice,14,42.0,28.634402,77.315239,East Delhi,0
e91ae3c4-ae1a-4ede-b328-e64a5055e6e2,SHOP_016,BEN_00185,2025-12-31 14:02:40.024274,Kerosene,2,50.0,28.644796,77.107779,West Delhi,0
fc32695c-c52a-4a29-902d-54269d0b2e07,SHOP_012,BEN_00950,2025-12-31 14:11:28.024274,Rice,5,15.0,28.618685,77.319017,East Delhi,0
85224401-f430-447b-8859-9620d418091a,SHOP_004,BEN_01245,2025-12-31 14:12:26.024274,Kerosene,1,25.0,28.709316,77.129745,Rohini,0
6be37c84-9bb4-4dfb-9353-04c30a49a4a6,SHOP_011,BEN_01347,2025-12-31 14:13:27.024274,Sugar,2,40.0,28.732554,77.205993,North Delhi,0
5277e76d-f84c-4391-a70d-fabc9a60e725,SHOP_040,BEN_00515,2025-12-31 14:13:59.024274,Wheat,16,32.0,28.673266,77.089259,West Delhi,0
5d95fd46-246d-4188-847b-23549e28835e,SHOP_001,BEN_02937,2025-12-31 14:24:06.024274,Rice,15,45.0,28.563667,77.196744,South Delhi,0
6d31ba88-020d-42de-b3df-89c05cc70ae2,SHOP_008,BEN_02609,2025-12-31 14:24:53.024274,Sugar,1,20.0,28.666336,77.103257,West Delhi,0
f91aaf65-47bb-4144-9386-1c8ef0341678,SHOP_017,BEN_00314,2025-12-31 14:30:13.024274,Kerosene,1,25.0,28.722696,77.129286,Rohini,0
0e3abfd4-f75c-4f5d-98f6-f072e487731c,SHOP_017,BEN_02477,2025-12-31 14:31:53.024274,Wheat,8,16.0,28.722696,77.129286,Rohini,0
471f7681-ce02-4c6b-942b-639dbb5039b0,SHOP_028,BEN_02203,2025-12-31 14:32:06.024274,Oil,2,100.0,28.644078,77.187159,Central Delhi,0
746a6261-ff71-4a0f-9c64-417023e55418,SHOP_041,BEN_00388,2025-12-31 14:35:23.024274,Kerosene,3,75.0,28.676266,77.100986,West Delhi,0
e1c01f25-bad5-412c-984b-7a2eb4311c1f,SHOP_017,BEN_00243,2025-12-31 14:37:01.024274,Oil,1,50.0,28.722696,77.129286,Rohini,0
bb1d3c52-72be-4325-b06b-2558b8571f99,SHOP_031,BEN_02153,2025-12-31 14:37:36.024274,Sugar,1,20.0,28.727982,77.18544,North Delhi,0
e6789e6c-bee6-4d5c-94a2-9fe4dc138bb8,SHOP_042,BEN_00023,2025-12-31 14:40:04.024274,Sugar,1,20.0,28.598757,77.020815,Dwarka,0
2de227c3-a255-4621-96e0-1494677d474a,SHOP_048,BEN_00833,2025-12-31 14:46:17.024274,Rice,20,60.0,28.596532,77.044874,Dwarka,0
232100c4-b66c-4dc9-a050-f655b5cd7fb5,SHOP_016,BEN_02340,2025-12-31 14:47:26.024274,Rice,20,60.0,28.644796,77.107779,West Delhi,0
51bfbb76-a7b6-471e-8f4f-607531f07d03,SHOP_036,BEN_00782,2025-12-31 14:47:52.024274,Oil,2,100.0,28.73997,77.11894,Rohini,0
78bf6b13-06c5-4cae-aea5-ddcb2f60afe2,SHOP_013,BEN_00644,2025-12-31 14:52:21.024274,Oil,2,100.0,28.689861,77.183213,North Delhi,0
61cfd802-c320-47f1-95a2-6dd745ade752,SHOP_047,BEN_02734,2025-12-31 14:54:14.024274,Oil,2,100.0,28.715937,77.10426,Rohini,0
c45ace6c-0b4e-4d4a-87fc-c7f23510bd98,SHOP_041,BEN_02688,2025-12-31 14:54:25.024274,Sugar,3,60.0,28.676266,77.100986,West Delhi,0
73795f98-0a7c-4e2c-b24a-3eeaaa46fdf8,SHOP_022,BEN_00617,2025-12-31 14:56:01.024274,Oil,1,50.0,28.696907,77.177649,North Delhi,0
ed5cdb33-f976-400b-a7f3-2cda4072fd2a,SHOP_027,BEN_00813,2025-12-31 15:02:27.024274,Sugar,2,40.0,28.603311,77.025358,Dwarka,0
f19431e7-b03c-4d8a-9de1-f702fa005c3a,SHOP_021,BEN_01887,2025-12-31 15:06:48.024274,Rice,12,36.0,28.654216,77.114329,West Delhi,0
3bbe92a7-7d5f-42ef-b13a-33ae356db54b,SHOP_007,BEN_01196,2025-12-31 15:10:34.024274,Sugar,3,60.0,28.520513,77.217525,South Delhi,0
3a841739-3428-4dcd-b956-c4d9aa80757d,SHOP_050,BEN_00162,2025-12-31 15:15:15.024274,Oil,1,50.0,28.560938,77.180795,South Delhi,0
d3954013-c8b9-4b52-b1eb-a48d4035f745,SHOP_019,BEN_02324,2025-12-31 15:18:09.024274,Sugar,3,60.0,28.631679,77.201199,Central Delhi,0
e25be0fc-83f4-49f0-b3c1-50889abebe00,SHOP_012,BEN_00557,2025-12-31 15:27:38.024274,Rice,10,30.0,28.618685,77.319017,East Delhi,0
16e715fe-10df-4629-8d2b-37a11adc14f0,SHOP_008,BEN_00879,2025-12-31 15:29:41.024274,Oil,1,50.0,28.666336,77.103257,West Delhi,0
e49fa701-1401-4ea5-adb2-ad2410be5a44,SHOP_010,BEN_00441,2025-12-31 15:32:18.024274,Wheat,12,24.0,28.581134,77.064005,Dwarka,0
c56de9bf-56e3-4caf-940f-fd7bbb5e29e6,SHOP_034,BEN_01269,2025-12-31 15:33:20.024274,Wheat,19,38.0,28.586699,77.035213,Dwarka,0
b205f522-32d5-4ad0-9c56-ef3c2e010010,SHOP_033,BEN_02360,2025-12-31 15:33:48.024274,Kerosene,2,50.0,28.731131,77.204781,North Delhi,0
7ec5264b-d03c-4dd1-a3cc-460d8434be17,SHOP_036,BEN_00999,2025-12-31 15:39:33.024274,Kerosene,2,50.0,28.73997,77.11894,Rohini,0
66724dc0-d18d-4d24-9b7c-6ca4aa5f6a99,SHOP_044,BEN_02313,2025-12-31 15:41:52.024274,Wheat,15,30.0,28.615898,77.224361,Central Delhi,0
e78aa272-2fc0-4e18-ab9e-814744ba6b2e,SHOP_009,BEN_02844,2025-12-31 15:44:12.024274,Oil,2,100.0,28.633713,77.107844,West Delhi,0
31b6e56a-da59-4069-a158-e3f8ea457945,SHOP_044,BEN_01970,2025-12-31 15:44:39.024274,Wheat,16,32.0,28.615898,77.224361,Central Delhi,0
0b5d4843-75be-498b-827e-707ece964fe1,SHOP_037,BEN_02806,2025-12-31 15:46:52.024274,Oil,2,100.0,28.707215,77.215419,North Delhi,0
7b127e90-10fa-4dde-bec0-37d9a386d53c,SHOP_002,BEN_02792,2025-12-31 15:48:07.024274,Sugar,3,60.0,28.648957,77.10634,West Delhi,0
a8a0edd5-9d2f-4420-a787-4b28606c34bd,SHOP_004,BEN_00436,2025-12-31 15:49:35.024274,Oil,2,100.0,28.709316,77.129745,Rohini,0
034c929e-7570-45f0-b15d-25f12df1f3f4,SHOP_028,BEN_02633,2025-12-31 15:57:24.024274,Sugar,2,40.0,28.644078,77.187159,Central Delhi,0
c770f75c-bc36-4447-bdad-860d629c7a29,SHOP_043,BEN_01444,2025-12-31 15:57:28.024274,Rice,9,27.0,28.561519,77.048283,Dwarka,0
08cf3eaf-5b00-474a-8d1f-00230d9d13c6,SHOP_039,BEN_00372,2025-12-31 16:08:36.024274,Oil,1,50.0,28.707365,77.109479,Rohini,0
dde3b2a7-a267-47d3-bab2-2074c2c49184,SHOP_048,BEN_00885,2025-12-31 16:10:37.024274,Kerosene,3,75.0,28.596532,77.044874,Dwarka,0
a9afcbcc-ae52-4744-af2d-241d1ec6abfd,SHOP_008,BEN_02147,2025-12-31 16:11:20.024274,Sugar,2,40.0,28.666336,77.103257,West Delhi,0
7a347ae7-f931-4d84-a383-23d749db21c4,SHOP_020,BEN_02746,2025-12-31 16:13:24.024274,Rice,14,42.0,28.736478,77.119912,Rohini,0
961ac225-4cb1-4bf8-8806-6395c6109276,SHOP_042,BEN_02560,2025-12-31 16:16:54.024274,Wheat,11,22.0,28.598757,77.020815,Dwarka,0
71dbc1f5-3b12-45ab-a6e2-24c7c3b6c077,SHOP_015,BEN_00556,2025-12-31 16:20:29.024274,Wheat,9,18.0,28.630112,77.110956,West Delhi,0
188d0ffd-c702-4397-98b0-7765c7b75e94,SHOP_012,BEN_02869,2025-12-31 16:22:48.024274,Oil,1,50.0,28.618685,77.319017,East Delhi,0
4bbcddf6-1b4c-454c-bfcc-bf08ad0e2831,SHOP_012,BEN_01206,2025-12-31 16:23:52.024274,Wheat,5,10.0,28.618685,77.319017,East Delhi,0
2522d100-8928-4cbe-9d14-943b95a0a389,SHOP_028,BEN_02123,2025-12-31 16:26:38.024274,Rice,9,27.0,28.644078,77.187159,Central Delhi,0
fd6698b1-2940-4453-bc78-b3cb36f8b1f8,SHOP_034,BEN_00402,2025-12-31 16:26:48.024274,Sugar,1,20.0,28.586699,77.035213,Dwarka,0
3a3acf17-4e69-46c5-b4f4-d41dca130936,SHOP_017,BEN_00146,2025-12-31 16:30:15.024274,Kerosene,2,50.0,28.722696,77.129286,Rohini,0
4923f820-28cf-497f-85e0-909c215e70af,SHOP_017,BEN_00583,2025-12-31 16:34:40.024274,Kerosene,2,50.0,28.722696,77.129286,Rohini,0
7cd173f2-ead0-48ee-9bf0-22bfa6991204,SHOP_033,BEN_01767,2025-12-31 16:38:35.024274,Oil,1,50.0,28.731131,77.204781,North Delhi,0
4175dda5-ccf2-466a-9f07-87f9f6e83746,SHOP_025,BEN_00899,2025-12-31 16:38:40.024274,Oil,1,50.0,28.624929,77.222474,Central Delhi,0
c4418565-cbe6-47db-87fc-f9d2b3ab7daf,SHOP_007,BEN_02835,2025-12-31 16:39:29.024274,Sugar,1,20.0,28.520513,77.217525,South Delhi,0
a015eef8-b806-4b8d-a3b4-de086fb70086,SHOP_022,BEN_01761,2025-12-31 16:53:30.024274,Sugar,1,20.0,28.696907,77.177649,North Delhi,0
1da58fc4-960d-4601-9527-20e43ee4bcda,SHOP_050,BEN_00937,2025-12-31 16:53:43.024274,Rice,16,48.0,28.560938,77.180795,South Delhi,0
09aa7f0f-1fc2-4f8f-9666-a8b42346c5f8,SHOP_035,BEN_02016,2025-12-31 16:55:32.024274,Rice,19,57.0,28.715607,77.125559,Rohini,0
92a349f2-3eab-4c7a-95c4-0682db5cd727,SHOP_044,BEN_02205,2025-12-31 16:58:00.024274,Sugar,3,60.0,28.615898,77.224361,Central Delhi,0
99d5eb77-8938-4304-afd3-a3be126f74c3,SHOP_038,BEN_02354,2025-12-31 17:00:18.024274,Wheat,7,14.0,28.737713,77.199062,North Delhi,0
c70f131e-93ff-4b4c-b1f1-7a0266038147,SHOP_025,BEN_01910,2025-12-31 17:00:30.024274,Oil,1,50.0,28.624929,77.222474,Central Delhi,0
c459144b-76f1-42e4-bf6d-f56214779cd4,SHOP_023,BEN_00494,2025-12-31 17:01:28.024274,Kerosene,3,75.0,28.592266,77.310411,East Delhi,0
3154a73f-a1c8-455f-bfc3-3b1d65d7c10d,SHOP_010,BEN_02799,2025-12-31 17:05:17.024274,Kerosene,1,25.0,28.581134,77.064005,Dwarka,0
762c30d2-b0b6-473b-81f1-c779ecf38d5e,SHOP_007,BEN_01961,2025-12-31 17:12:07.024274,Oil,1,50.0,28.520513,77.217525,South Delhi,0
3fb96197-1b62-44e3-a831-488c085850ba,SHOP_028,BEN_02942,2025-12-31 17:13:41.024274,Wheat,15,30.0,28.644078,77.187159,Central Delhi,0
fdd4639b-211e-45a7-b3e7-9e11bcc971e4,SHOP_036,BEN_00673,2025-12-31 17:13:44.024274,Wheat,16,32.0,28.73997,77.11894,Rohini,0
29758f40-7e60-4f03-bd75-6a5c59b898b4,SHOP_026,BEN_02202,2025-12-31 17:16:29.024274,Wheat,16,32.0,28.645158,77.323228,East Delhi,0
d557d261-68c0-4303-a141-eafe1fa07e7e,SHOP_034,BEN_02276,2025-12-31 17:19:10.024274,Kerosene,1,25.0,28.586699,77.035213,Dwarka,0
43e1d9a9-f79a-4e45-a0d7-66cef0023880,SHOP_014,BEN_00898,2025-12-31 17:19:21.024274,Kerosene,1,25.0,28.708352,77.106686,Rohini,0
d3a40118-bb90-49f5-b407-324e428a363f,SHOP_017,BEN_02215,2025-12-31 17:23:41.024274,Sugar,3,60.0,28.722696,77.129286,Rohini,0
0a98ff79-4852-4e18-9a89-37b7079305bc,SHOP_016,BEN_02520,2025-12-31 17:27:52.024274,Oil,2,100.0,28.644796,77.107779,West Delhi,0
ddafb36a-d938-44a7-858a-dc84d925c5e8,SHOP_027,BEN_01900,2025-12-31 17:38:38.024274,Kerosene,1,25.0,28.603311,77.025358,Dwarka,0
dd592555-b37b-42d8-be2d-3eaf953f9723,SHOP_006,BEN_01969,2025-12-31 17:42:03.024274,Wheat,17,34.0,28.6356,77.229758,Central Delhi,0
77dec41b-572c-401c-958b-60e6b10ff919,SHOP_049,BEN_00945,2025-12-31 17:50:24.024274,Rice,8,24.0,28.514677,77.242533,South Delhi,0
64185554-5a1c-42b2-bc34-857981691caf,SHOP_022,BEN_01641,2025-12-31 17:50:37.024274,Wheat,19,38.0,28.696907,77.177649,North Delhi,0
49266991-d99b-4c4b-aa8f-6a53d560533a,SHOP_006,BEN_00942,2025-12-31 17:55:16.024274,Wheat,19,38.0,28.6356,77.229758,Central Delhi,0
d2765dfb-d1ce-444a-8cf1-cb1561674774,SHOP_033,BEN_00228,2025-12-31 17:57:41.024274,Oil,2,100.0,28.731131,77.204781,North Delhi,0
3fd40f49-9f1e-4a19-9415-ec63486d4f84,SHOP_049,BEN_02640,2025-12-31 18:06:19.024274,Kerosene,3,75.0,28.514677,77.242533,South Delhi,0
481d59f0-6363-41e3-9a01-0872ab0b6ba9,SHOP_038,BEN_00092,2025-12-31 18:08:50.024274,Oil,2,100.0,28.737713,77.199062,North Delhi,0
8ba3303a-ac46-43e6-93dd-e5863ed4fb07,SHOP_041,BEN_01199,2025-12-31 18:11:09.024274,Kerosene,3,75.0,28.676266,77.100986,West Delhi,0
8cb3619c-ea18-4a9f-abac-b7e1aa23c10e,SHOP_020,BEN_00265,2025-12-31 18:17:29.024274,Rice,17,51.0,28.736478,77.119912,Rohini,0
5fb2028c-7e6f-42ad-b694-25d4c287b044,SHOP_033,BEN_01886,2025-12-31 18:19:53.024274,Kerosene,1,25.0,28.731131,77.204781,North Delhi,0
08fb66d9-48b6-4b7c-877d-f94f8d1cf5b2,SHOP_031,BEN_01001,2025-12-31 18:20:53.024274,Rice,14,42.0,28.727982,77.18544,North Delhi,0
d3a2c991-1682-485d-ad11-56ecce2bf612,SHOP_004,BEN_02698,2025-12-31 18:29:11.024274,Oil,2,100.0,28.709316,77.129745,Rohini,0
bb04efaa-ebf4-438b-b2dd-cdc13c168ac4,SHOP_022,BEN_02624,2025-12-31 18:30:00.024274,Wheat,7,14.0,28.696907,77.177649,North Delhi,0
767e8dc4-748d-42f8-9bf4-c809c8dc1259,SHOP_011,BEN_00226,2025-12-31 18:34:34.024274,Rice,7,21.0,28.732554,77.205993,North Delhi,0
3a482125-01d3-4c27-aa0f-e7765207d932,SHOP_042,BEN_00413,2025-12-31 18:41:01.024274,Oil,2,100.0,28.598757,77.020815,Dwarka,0
69f06d05-6fe6-4d94-b903-d0a00eb27284,SHOP_032,BEN_01855,2025-12-31 18:42:08.024274,Kerosene,3,75.0,28.708017,77.126743,Rohini,0
22fecd59-0e87-42f1-a0d8-45eb821ebfff,SHOP_023,BEN_00058,2025-12-31 18:43:19.024274,Sugar,3,60.0,28.592266,77.310411,East Delhi,0
3c423326-44f6-4626-b633-2c2be6f56c70,SHOP_004,BEN_01766,2025-12-31 18:50:46.024274,Sugar,3,60.0,28.709316,77.129745,Rohini,0
ffe8eec2-3da2-4f74-821b-073a7b1aea9e,SHOP_021,BEN_00763,2025-12-31 18:50:54.024274,Rice,10,30.0,28.654216,77.114329,West Delhi,0
31881569-1a61-48c7-bf1d-6da29e775ba1,SHOP_001,BEN_01964,2025-12-31 18:54:29.024274,Kerosene,1,25.0,28.563667,77.196744,South Delhi,0
25f4ffd4-99b9-4b86-9ae9-b834d18f8868,SHOP_008,BEN_01482,2025-12-31 18:54:46.024274,Oil,2,100.0,28.666336,77.103257,West Delhi,0
2ed7bfda-e3a0-4336-8b0e-ec677abf8119,SHOP_049,BEN_01330,2025-12-31 18:56:07.024274,Wheat,12,24.0,28.514677,77.242533,South Delhi,0
bc5d3ff2-4d88-488d-840e-0c8e9fe7b2cd,SHOP_003,BEN_00735,2025-12-31 18:57:51.024274,Oil,2,100.0,28.506364,77.204896,South Delhi,0
65322cb0-ff2d-4b32-8f26-2bd2c5a7a212,SHOP_003,BEN_00049,2025-12-31 19:05:04.024274,Kerosene,1,25.0,28.506364,77.204896,South Delhi,0
0b015ccd-a49f-48c4-9829-eb53450ab32d,SHOP_033,BEN_00961,2025-12-31 19:09:58.024274,Rice,11,33.0,28.731131,77.204781,North Delhi,0
eb2486e3-4441-4d76-a53b-44d3020921fa,SHOP_002,BEN_00975,2025-12-31 19:10:10.024274,Sugar,1,20.0,28.648957,77.10634,West Delhi,0
e8eb8ab0-ff82-464f-9b1f-d77c4d4b7e7f,SHOP_025,BEN_02974,2025-12-31 19:12:41.024274,Kerosene,3,75.0,28.624929,77.222474,Central Delhi,0
9edd2665-40a6-4087-af99-3039b5f0b7d2,SHOP_046,BEN_01297,2025-12-31 19:12:56.024274,Sugar,3,60.0,28.634402,77.315239,East Delhi,0
e506bc10-d17e-4fb6-92db-98b510233329,SHOP_034,BEN_00317,2025-12-31 19:16:06.024274,Rice,10,30.0,28.586699,77.035213,Dwarka,0
3207635c-a9c7-48a5-94bf-84404a66312e,SHOP_025,BEN_01379,2025-12-31 19:17:49.024274,Wheat,6,12.0,28.624929,77.222474,Central Delhi,0
8c0d3144-9990-44a1-a8b7-637f4f559b18,SHOP_031,BEN_01583,2025-12-31 19:23:42.024274,Oil,2,100.0,28.727982,77.18544,North Delhi,0
8e486d3e-abd0-45e8-8590-2f6ba61057b0,SHOP_039,BEN_02843,2025-12-31 19:27:35.024274,Rice,17,51.0,28.707365,77.109479,Rohini,0
3fa1c3f9-a779-4a7b-9fb7-944665616d18,SHOP_043,BEN_00343,2025-12-31 19:31:15.024274,Oil,1,50.0,28.561519,77.048283,Dwarka,0
d54cead0-4125-470d-9119-8a9d4b87b384,SHOP_001,BEN_02232,2025-12-31 19:31:22.024274,Oil,1,50.0,28.563667,77.196744,South Delhi,0
42ed346c-66d6-403f-be19-8f8e40ac89f1,SHOP_049,BEN_01543,2025-12-31 19:32:45.024274,Oil,2,100.0,28.514677,77.242533,South Delhi,0
d80d6bb9-4996-4432-abc3-aab1ce1f35c6,SHOP_036,BEN_02662,2025-12-31 19:39:53.024274,Rice,11,33.0,28.73997,77.11894,Rohini,0
107b0f81-939a-4a0f-a61e-00123a552c30,SHOP_019,BEN_01340,2025-12-31 19:44:27.024274,Wheat,13,26.0,28.631679,77.201199,Central Delhi,0
e487b08c-25d7-4530-8a5d-a1c314513f7b,SHOP_004,BEN_01410,2025-12-31 19:47:39.024274,Wheat,6,12.0,28.709316,77.129745,Rohini,0
8b616f59-5973-48bb-af4d-29e1817d7e79,SHOP_040,BEN_01796,2025-12-31 19:49:00.024274,Wheat,9,18.0,28.673266,77.089259,West Delhi,0
c9dd38cf-ac1a-4cab-9afb-e4b49cb869af,SHOP_017,BEN_02304,2025-12-31 19:51:48.024274,Sugar,1,20.0,28.722696,77.129286,Rohini,0
86aa2b93-cabc-444e-bb1f-72350c1ed1b8,SHOP_018,BEN_01150,2025-12-31 19:54:22.024274,Kerosene,2,50.0,28.610429,77.188088,Central Delhi,0
ef68fcd9-91ca-4730-9bec-5c3ee2a91ce5,SHOP_028,BEN_01426,2025-12-31 19:57:41.024274,Sugar,2,40.0,28.644078,77.187159,Central Delhi,0
6a51bb95-33c4-438a-8c7f-885b7028f65e,SHOP_012,BEN_01848,2025-12-31 19:57:45.024274,Oil,1,50.0,28.618685,77.319017,East Delhi,0
e063a846-d575-4e09-a6e6-f96ed7454f7d,SHOP_044,BEN_01530,2025-12-31 19:58:07.024274,Oil,2,100.0,28.615898,77.224361,Central Delhi,0
5c9352f1-79e4-4917-b974-7c66903a28e6,SHOP_004,BEN_00734,2026-01-01 03:16:10.024274,Wheat,20,40.0,28.709316,77.129745,Rohini,1
9d1036f7-5cd4-48e5-8150-a2b5ecc47af5,SHOP_008,BEN_01219,2026-01-01 08:07:05.024274,Kerosene,3,75.0,28.666336,77.103257,West Delhi,0
d8baa43a-c374-43a8-ba3c-cc754e027696,SHOP_028,BEN_02608,2026-01-01 08:12:59.024274,Oil,1,50.0,28.644078,77.187159,Central Delhi,0
c2f2a807-4986-41da-97c9-1d6f786f699f,SHOP_022,BEN_01365,2026-01-01 08:15:31.024274,Kerosene,3,75.0,28.696907,77.177649,North Delhi,0
9af6ce5e-d261-45d7-b530-5be0f1a7f230,SHOP_001,BEN_02890,2026-01-01 08:17:14.024274,Rice,6,18.0,28.563667,77.196744,South Delhi,0
731ff283-1e9d-4d0d-81d6-79ee835b0e4b,SHOP_040,BEN_00298,2026-01-01 08:24:42.024274,Wheat,9,18.0,28.673266,77.089259,West Delhi,0
89f3c2b6-a856-4619-8632-d22302a1db0b,SHOP_039,BEN_02700,2026-01-01 08:27:25.024274,Rice,6,18.0,28.707365,77.109479,Rohini,0
812c1e0f-ba77-4e63-bdd2-3243c9eee314,SHOP_007,BEN_00013,2026-01-01 08:30:14.024274,Wheat,16,32.0,28.520513,77.217525,South Delhi,0
a68f9317-1c6b-46ba-8a74-36e35968ff4e,SHOP_024,BEN_01553,2026-01-01 08:36:06.024274,Sugar,3,60.0,28.505958,77.198023,South Delhi,0
79330534-120f-4c6d-a4d7-3ac4602e9357,SHOP_025,BEN_01150,2026-01-01 08:36:07.024274,Rice,17,51.0,28.624929,77.222474,Central Delhi,0
1c668c2c-41cd-4440-9a14-25d55e31a4b4,SHOP_040,BEN_01323,2026-01-01 08:40:02.024274,Wheat,14,28.0,28.673266,77.089259,West Delhi,0
d4098a6a-b724-49ab-ae59-a64fd0f01bf8,SHOP_034,BEN_01737,2026-01-01 08:40:50.024274,Wheat,16,32.0,28.586699,77.035213,Dwarka,0
da674614-824a-4393-bb31-591365f67af1,SHOP_035,BEN_01363,2026-01-01 08:52:04.024274,Oil,1,50.0,28.715607,77.125559,Rohini,0
a0a44ff3-5b8c-4eeb-aad5-209e7d69ebff,SHOP_038,BEN_01235,2026-01-01 08:53:33.024274,Oil,1,50.0,28.737713,77.199062,North Delhi,0
7ee67df0-1864-490d-9f3c-4d7bce042431,SHOP_024,BEN_00280,2026-01-01 08:56:52.024274,Oil,1,50.0,28.505958,77.198023,South Delhi,0
c9d24ff4-14ad-4992-8f81-3da570398cae,SHOP_030,BEN_02783,2026-01-01 08:59:48.024274,Rice,18,54.0,28.656014,77.071143,West Delhi,0
2fdc463c-ad54-4558-8061-699032536453,SHOP_040,BEN_01248,2026-01-01 08:59:57.024274,Rice,19,57.0,28.673266,77.089259,West Delhi,0
ba6c04a8-056d-4f2e-b2fc-65444bc8a9c1,SHOP_009,BEN_02898,2026-01-01 09:17:44.024274,Kerosene,3,75.0,28.633713,77.107844,West Delhi,0
5d9b519d-4a96-4caa-95e8-26ef9d019fb7,SHOP_001,BEN_01649,2026-01-01 09:19:02.024274,Kerosene,1,25.0,28.563667,77.196744,South Delhi,0
fd4d959c-97c9-402d-870d-c135c7ce525e,SHOP_018,BEN_00436,2026-01-01 09:20:39.024274,Kerosene,3,75.0,28.610429,77.188088,Central Delhi,0
36f715c5-eab9-40b8-adbd-df48111d28f9,SHOP_021,BEN_02246,2026-01-01 09:45:08.024274,Rice,5,15.0,28.654216,77.114329,West Delhi,0
c2fee53d-8485-4f73-9684-da3d446ca4c9,SHOP_045,BEN_00157,2026-01-01 09:54:46.024274,Wheat,17,34.0,28.633767,77.205731,Central Delhi,0
932452ae-d4c8-4799-ac78-4cc04052987c,SHOP_013,BEN_01543,2026-01-01 09:57:13.024274,Sugar,2,40.0,28.689861,77.183213,North Delhi,0
2c643a8b-3224-4dde-a15d-6eba0a5df41d,SHOP_031,BEN_01653,2026-01-01 10:08:25.024274,Kerosene,1,25.0,28.727982,77.18544,North Delhi,0
f067f894-67d7-4748-8e17-a64c7f355f01,SHOP_012,BEN_02050,2026-01-01 10:08:32.024274,Rice,12,36.0,28.618685,77.319017,East Delhi,0
14a4d97f-fade-4ee0-be47-fb93ff4c4bea,SHOP_026,BEN_02547,2026-01-01 10:14:24.024274,Rice,15,45.0,28.645158,77.323228,East Delhi,0
ab7810f9-bfc3-43b9-b9be-62ead64d12c9,SHOP_035,BEN_02806,2026-01-01 10:15:14.024274,Oil,2,100.0,28.715607,77.125559,Rohini,0
325c5eaf-a780-4091-9734-3f9ed5d9f3b8,SHOP_012,BEN_01616,2026-01-01 10:31:15.024274,Kerosene,3,75.0,28.618685,77.319017,East Delhi,0
bfcd1649-4aeb-48cc-b54b-cf432161f66f,SHOP_012,BEN_02228,2026-01-01 10:34:06.024274,Kerosene,2,50.0,28.618685,77.319017,East Delhi,0
ccdf94c3-3597-4fb9-b071-9955336a3543,SHOP_005,BEN_01670,2026-01-01 10:44:58.024274,Rice,20,60.0,28.599771,77.274279,East Delhi,0
84790ec0-afe9-49bb-80b9-04bea3bbd0c8,SHOP_019,BEN_00581,2026-01-01 10:55:28.024274,Rice,12,36.0,28.631679,77.201199,Central Delhi,0
5627da54-9fde-46e1-832f-eceaeef532cb,SHOP_018,BEN_00740,2026-01-01 10:59:06.024274,Wheat,10,20.0,28.610429,77.188088,Central Delhi,0
8dfeba58-b488-479d-a38c-7e68d51b0748,SHOP_028,BEN_01279,2026-01-01 11:01:32.024274,Rice,13,39.0,28.644078,77.187159,Central Delhi,0
441c2676-60f5-49bf-bd27-1dd2e979699c,SHOP_034,BEN_00535,2026-01-01 11:11:28.024274,Sugar,3,60.0,28.586699,77.035213,Dwarka,0
8a81d59a-de8b-4112-9e78-ba94ee09889c,SHOP_006,BEN_02866,2026-01-01 11:22:20.024274,Rice,10,30.0,28.6356,77.229758,Central Delhi,0
18195594-4f4b-483b-a8c2-a8501c17d295,SHOP_034,BEN_02474,2026-01-01 11:23:15.024274,Rice,5,15.0,28.586699,77.035213,Dwarka,0
e15b9cee-47c3-4b59-a54c-02ea2c7c3416,SHOP_023,BEN_01693,2026-01-01 11:28:05.024274,Kerosene,3,75.0,28.592266,77.310411,East Delhi,0
a5eda09e-3002-4f13-bde5-e63800f7562a,SHOP_019,BEN_01937,2026-01-01 11:30:10.024274,Rice,13,39.0,28.631679,77.201199,Central Delhi,0
eebff682-3b63-4b14-8398-0ea6b956abb9,SHOP_013,BEN_02287,2026-01-01 11:31:59.024274,Kerosene,1,25.0,28.689861,77.183213,North Delhi,0
907c2d8f-fdcb-4ddf-be31-27d4d5f98edb,SHOP_006,BEN_01833,2026-01-01 11:39:40.024274,Oil,1,50.0,28.6356,77.229758,Central Delhi,0
1fd773a3-4b3c-41bb-8f8e-95930e75065d,SHOP_001,BEN_02584,2026-01-01 11:45:20.024274,Sugar,1,20.0,28.563667,77.196744,South Delhi,0
81d4423e-973f-4378-b452-71d59670d954,SHOP_008,BEN_00002,2026-01-01 11:53:53.024274,Oil,1,50.0,28.666336,77.103257,West Delhi,0
c536058b-242a-4dc9-8d10-560f050a8905,SHOP_038,BEN_01958,2026-01-01 11:55:02.024274,Sugar,3,60.0,28.737713,77.199062,North Delhi,0
5a03aa34-7439-4786-9a88-4c6c75ece7d8,SHOP_015,BEN_01556,2026-01-01 11:55:51.024274,Kerosene,2,50.0,28.630112,77.110956,West Delhi,0
d471f4af-e782-4a83-a615-4c32dcafa61a,SHOP_037,BEN_02917,2026-01-01 12:05:23.024274,Oil,2,100.0,28.707215,77.215419,North Delhi,0
19c9075f-eca6-4e3a-bd46-a9ad064bed16,SHOP_005,BEN_02977,2026-01-01 12:08:47.024274,Oil,1,50.0,28.599771,77.274279,East Delhi,0
ae1a009a-54e0-433f-9da8-9d37efd8a1f9,SHOP_047,BEN_02534,2026-01-01 12:09:00.024274,Sugar,3,60.0,28.715937,77.10426,Rohini,0
c01172a3-5b0a-4c79-87c7-69377c1dd4bc,SHOP_016,BEN_00419,2026-01-01 12:11:02.024274,Oil,1,50.0,28.644796,77.107779,West Delhi,0
62ee6f66-5ce9-441c-a1c3-4d750d568ec5,SHOP_015,BEN_02847,2026-01-01 12:11:26.024274,Rice,20,60.0,28.630112,77.110956,West Delhi,0
2c66c27e-99ed-467f-b03e-7c7e7c2835ee,SHOP_016,BEN_01525,2026-01-01 12:21:29.024274,Wheat,11,22.0,28.644796,77.107779,West Delhi,0
88cc98a0-85b5-43ea-a054-726fd4b1659d,SHOP_018,BEN_02868,2026-01-01 12:26:13.024274,Oil,1,50.0,28.610429,77.188088,Central Delhi,0
46d73ff8-1f0f-42d1-98d5-edb3f30749a5,SHOP_017,BEN_02463,2026-01-01 12:27:42.024274,Wheat,12,24.0,28.722696,77.129286,Rohini,0
7c02c481-3651-4ab0-a061-db39ed602f40,SHOP_029,BEN_00473,2026-01-01 12:38:16.024274,Sugar,1,20.0,28.583723,77.064561,Dwarka,0
604b33e2-f645-4df7-8043-7a630a784234,SHOP_013,BEN_02882,2026-01-01 12:41:35.024274,Oil,2,100.0,28.689861,77.183213,North Delhi,0
93cb0b07-bdac-42b7-be35-06134fac2e38,SHOP_047,BEN_02885,2026-01-01 12:45:11.024274,Rice,15,45.0,28.715937,77.10426,Rohini,0
a2f6985a-5fa2-4d52-884c-e3289ff922b8,SHOP_040,BEN_01829,2026-01-01 12:45:35.024274,Oil,1,50.0,28.673266,77.089259,West Delhi,0
803915c9-2048-4be2-a522-f8083eb3e86b,SHOP_050,BEN_00741,2026-01-01 12:45:57.024274,Rice,14,42.0,28.560938,77.180795,South Delhi,0
a9c2c336-a7c6-4df7-b633-c36b59931656,SHOP_022,BEN_01711,2026-01-01 12:46:03.024274,Rice,16,48.0,28.696907,77.177649,North Delhi,0
b1b06f06-6921-49f1-bd4e-88efe38bba08,SHOP_027,BEN_01160,2026-01-01 12:50:24.024274,Oil,2,100.0,28.603311,77.025358,Dwarka,0
8e5f6f13-77d8-45ae-ae69-49ae0da0ea54,SHOP_009,BEN_00521,2026-01-01 12:52:37.024274,Wheat,18,36.0,28.633713,77.107844,West Delhi,0
ea0f0019-c1d2-4543-a895-7a7605bdf972,SHOP_035,BEN_02398,2026-01-01 12:52:47.024274,Rice,13,39.0,28.715607,77.125559,Rohini,0
15a0cf69-5c0d-4ffa-b86f-48f6e37037de,SHOP_021,BEN_01387,2026-01-01 13:02:06.024274,Oil,1,50.0,28.654216,77.114329,West Delhi,0
22cf3d62-0e33-4261-8973-0434c2a03117,SHOP_034,BEN_00528,2026-01-01 13:20:58.024274,Kerosene,3,75.0,28.586699,77.035213,Dwarka,0
6980334c-5545-4dbb-bc54-0f2515af3f30,SHOP_027,BEN_01971,2026-01-01 13:21:57.024274,Wheat,16,32.0,28.603311,77.025358,Dwarka,0
9a206ef8-2f09-4aa2-97e7-97bea59ac4de,SHOP_036,BEN_02318,2026-01-01 13:28:34.024274,Kerosene,2,50.0,28.73997,77.11894,Rohini,0
741ef351-4dff-4abc-a19a-c2f709356d32,SHOP_031,BEN_02704,2026-01-01 13:30:51.024274,Sugar,1,20.0,28.727982,77.18544,North Delhi,0
d33271d0-64da-40a0-bbc4-a312390ea75a,SHOP_031,BEN_01291,2026-01-01 13:37:55.024274,Rice,6,18.0,28.727982,77.18544,North Delhi,0
7ecfb25f-a68a-401e-bbb6-5c1a010f6c9c,SHOP_049,BEN_00027,2026-01-01 13:40:38.024274,Oil,1,50.0,28.514677,77.242533,South Delhi,0
566412e8-c11d-434c-a9ac-11cf7b4a9c90,SHOP_012,BEN_01867,2026-01-01 13:44:21.024274,Oil,2,100.0,28.618685,77.319017,East Delhi,0
ec4d1318-a571-4a5f-8dc9-1561d3e5054a,SHOP_034,BEN_01960,2026-01-01 13:49:41.024274,Oil,2,100.0,28.586699,77.035213,Dwarka,0
ab6c12da-3a70-486c-a5cb-ae007649b4e6,SHOP_047,BEN_00565,2026-01-01 13:50:42.024274,Kerosene,3,75.0,28.715937,77.10426,Rohini,0
0117f452-1ab8-4b6f-a665-e9b334f2e64e,SHOP_011,BEN_02475,2026-01-01 13:50:52.024274,Wheat,20,40.0,28.732554,77.205993,North Delhi,0
d567a761-a28d-463e-ac89-dd8583517fde,SHOP_004,BEN_01269,2026-01-01 13:53:46.024274,Wheat,16,32.0,28.709316,77.129745,Rohini,0
de1e6398-4aa5-45ba-98e0-641e8b5c83e9,SHOP_008,BEN_02379,2026-01-01 13:55:43.024274,Kerosene,2,50.0,28.666336,77.103257,West Delhi,0
209fa8fc-a64c-4e0f-acec-f190e57c3592,SHOP_046,BEN_00219,2026-01-01 13:59:19.024274,Wheat,16,32.0,28.634402,77.315239,East Delhi,0
32bace53-b33f-4e3b-b737-43e5e4a58711,SHOP_044,BEN_00235,2026-01-01 14:13:42.024274,Kerosene,2,50.0,28.615898,77.224361,Central Delhi,0
d7358951-fa60-48e2-8680-7d08aee4656e,SHOP_044,BEN_00136,2026-01-01 14:15:27.024274,Oil,1,50.0,28.615898,77.224361,Central Delhi,0
5ed212dd-e093-42a9-ad9e-fd8523854242,SHOP_005,BEN_02772,2026-01-01 14:21:52.024274,Oil,2,100.0,28.599771,77.274279,East Delhi,0
8a672cfa-6b78-409d-bc73-c54bdcd476f0,SHOP_030,BEN_02420,2026-01-01 14:30:08.024274,Oil,2,100.0,28.656014,77.071143,West Delhi,0
84178b02-c49a-4f1f-b9f3-f772a6f06dd8,SHOP_029,BEN_02343,2026-01-01 14:30:17.024274,Kerosene,3,75.0,28.583723,77.064561,Dwarka,0
9c114e49-7c30-4f40-8b66-141afddb5370,SHOP_005,BEN_02033,2026-01-01 14:35:53.024274,Wheat,7,14.0,28.599771,77.274279,East Delhi,0
76d68f64-49fd-4e8d-93eb-68149abebf45,SHOP_033,BEN_01248,2026-01-01 14:38:54.024274,Sugar,3,60.0,28.731131,77.204781,North Delhi,0
f7e99fd6-a4ee-4cdf-8705-558dbcfda843,SHOP_045,BEN_01369,2026-01-01 14:44:02.024274,Sugar,1,20.0,28.633767,77.205731,Central Delhi,0
8b89f4f8-e9fc-4243-8745-7b64e4bb6d8d,SHOP_045,BEN_00482,2026-01-01 14:51:03.024274,Sugar,1,20.0,28.633767,77.205731,Central Delhi,0
a6fb48be-0910-4a6a-9b24-34b0851b34db,SHOP_014,BEN_00873,2026-01-01 14:55:36.024274,Rice,11,33.0,28.708352,77.106686,Rohini,0
58db2409-de1b-49bd-bba1-a02f7704fa42,SHOP_029,BEN_02399,2026-01-01 14:57:43.024274,Rice,17,51.0,28.583723,77.064561,Dwarka,0
63eb0a56-326f-4c7d-b786-a72ecce1f589,SHOP_036,BEN_01409,2026-01-01 15:02:54.024274,Kerosene,1,25.0,28.73997,77.11894,Rohini,0
6c9834ec-5da3-4240-9874-9f4dd89518d1,SHOP_015,BEN_01517,2026-01-01 15:13:51.024274,Rice,13,39.0,28.630112,77.110956,West Delhi,0
e1290189-d80c-49f8-a9cf-c62beb1ab6b3,SHOP_004,BEN_00816,2026-01-01 15:14:54.024274,Sugar,1,20.0,28.709316,77.129745,Rohini,0
7f99d767-d4e6-4836-8f98-a7fc5413fa37,SHOP_045,BEN_02738,2026-01-01 15:24:42.024274,Rice,10,30.0,28.633767,77.205731,Central Delhi,0
1fead2bd-10f4-4851-8801-64a341cfab27,SHOP_036,BEN_02227,2026-01-01 15:27:06.024274,Rice,18,54.0,28.73997,77.11894,Rohini,0
193454ba-860c-4a3a-8ada-952f691a8c57,SHOP_027,BEN_00140,2026-01-01 15:31:48.024274,Rice,11,33.0,28.603311,77.025358,Dwarka,0
b5aea20c-d2c6-491d-a140-723fc4975d8c,SHOP_027,BEN_02939,2026-01-01 15:32:47.024274,Oil,2,100.0,28.603311,77.025358,Dwarka,0
c67b346b-c851-48bc-910b-3dddc65679b1,SHOP_005,BEN_01284,2026-01-01 15:36:32.024274,Sugar,2,40.0,28.599771,77.274279,East Delhi,0
216efadc-b501-47da-a5c5-e6232d9c0f45,SHOP_027,BEN_00291,2026-01-01 15:38:49.024274,Oil,1,50.0,28.603311,77.025358,Dwarka,0
1159797d-949d-4051-b048-8fef6cefeea9,SHOP_042,BEN_00249,2026-01-01 15:39:30.024274,Oil,1,50.0,28.598757,77.020815,Dwarka,0
a0d2d5d7-7f14-492a-922d-944b3f38d923,SHOP_043,BEN_00555,2026-01-01 15:42:12.024274,Rice,12,36.0,28.561519,77.048283,Dwarka,0
efdd20f9-04da-4de0-95a2-a41acc5af0ef,SHOP_049,BEN_00342,2026-01-01 15:47:25.024274,Rice,7,21.0,28.514677,77.242533,South Delhi,0
fb49de5c-9575-4a4d-9df6-02fe84c55914,SHOP_026,BEN_02396,2026-01-01 15:50:31.024274,Kerosene,1,25.0,28.645158,77.323228,East Delhi,0
a22fa63e-c190-484e-b4b9-f2d235bf2b9a,SHOP_044,BEN_01260,2026-01-01 15:50:56.024274,Oil,2,100.0,28.615898,77.224361,Central Delhi,0
0d211e2e-cbe0-4696-a699-82e069a48deb,SHOP_002,BEN_01520,2026-01-01 15:51:24.024274,Kerosene,1,25.0,28.648957,77.10634,West Delhi,0
aa185710-0af3-446d-b9fe-036d1cd129fa,SHOP_049,BEN_02178,2026-01-01 16:01:45.024274,Rice,17,51.0,28.514677,77.242533,South Delhi,0
75fced30-c421-4efd-8675-f6c42e964e3d,SHOP_048,BEN_01864,2026-01-01 16:02:35.024274,Rice,13,39.0,28.596532,77.044874,Dwarka,0
9f9f5bd2-ec49-4ae0-92dc-8b34c7dbecdc,SHOP_016,BEN_00952,2026-01-01 16:03:04.024274,Sugar,1,20.0,28.644796,77.107779,West Delhi,0
693b76a5-fd9d-4e14-aef0-948ecdc64998,SHOP_020,BEN_02248,2026-01-01 16:07:09.024274,Rice,7,21.0,28.736478,77.119912,Rohini,0
3afdc65a-e807-4794-9861-671a4df16a92,SHOP_027,BEN_00966,2026-01-01 16:07:32.024274,Wheat,18,36.0,28.603311,77.025358,Dwarka,0
0bdede27-6577-41f8-a088-0ba890655de0,SHOP_004,BEN_02656,2026-01-01 16:11:34.024274,Rice,10,30.0,28.709316,77.129745,Rohini,0
3ad0f0fd-3fc7-47e0-8b24-30d971d69c8d,SHOP_011,BEN_00529,2026-01-01 16:14:11.024274,Sugar,1,20.0,28.732554,77.205993,North Delhi,0
5be570f6-2cdb-4436-9d68-6c9fe5f752a5,SHOP_004,BEN_02161,2026-01-01 16:16:18.024274,Oil,1,50.0,28.709316,77.129745,Rohini,0
9f3a212e-cd65-4472-8ec2-d885edc1fadf,SHOP_014,BEN_01502,2026-01-01 16:27:44.024274,Sugar,2,40.0,28.708352,77.106686,Rohini,0
f3d2f555-c24b-4ff8-ab53-8913c314150c,SHOP_036,BEN_02119,2026-01-01 16:41:08.024274,Rice,10,30.0,28.73997,77.11894,Rohini,0
eb86295b-24a2-42d3-b86b-40526fc58cab,SHOP_021,BEN_02429,2026-01-01 16:56:42.024274,Wheat,19,38.0,28.654216,77.114329,West Delhi,0
aa6bc397-623a-4be5-9145-d2ad4d3b7a1b,SHOP_026,BEN_00034,2026-01-01 16:57:18.024274,Wheat,11,22.0,28.645158,77.323228,East Delhi,0
1821b715-de0e-4a12-bb24-8d4eb5259749,SHOP_027,BEN_02791,2026-01-01 17:01:03.024274,Kerosene,3,75.0,28.603311,77.025358,Dwarka,0
a46d2849-b537-451c-a1d6-5b8fa6065b55,SHOP_048,BEN_02079,2026-01-01 17:07:12.024274,Sugar,1,20.0,28.596532,77.044874,Dwarka,0
e2f6c172-97a7-4675-a3be-eb9b85acf5fd,SHOP_033,BEN_01973,2026-01-01 17:09:46.024274,Oil,1,50.0,28.731131,77.204781,North Delhi,0
d6ba0704-b22a-48f9-a559-165d0cf28d38,SHOP_006,BEN_01160,2026-01-01 17:42:22.024274,Rice,5,15.0,28.6356,77.229758,Central Delhi,0
308dd7d6-b6ee-4959-800f-2c15ed9bfc69,SHOP_037,BEN_00790,2026-01-01 17:48:01.024274,Oil,2,100.0,28.707215,77.215419,North Delhi,0
d2047566-e794-4897-80be-8208366d0f65,SHOP_003,BEN_02370,2026-01-01 17:48:37.024274,Oil,1,50.0,28.506364,77.204896,South Delhi,0
c0dc7d31-7a9e-487a-95f6-6a18227dbc87,SHOP_042,BEN_00256,2026-01-01 17:50:27.024274,Kerosene,2,50.0,28.598757,77.020815,Dwarka,0
de3503e8-17ec-46d5-816c-8614113137bf,SHOP_034,BEN_02248,2026-01-01 17:56:01.024274,Oil,1,50.0,28.586699,77.035213,Dwarka,0
6a191029-2686-4064-91ca-7efa3c0bf0f7,SHOP_018,BEN_01097,2026-01-01 17:56:40.024274,Wheat,6,12.0,28.610429,77.188088,Central Delhi,0
61242b00-2771-41e9-a6ea-26057398a7f6,SHOP_014,BEN_02947,2026-01-01 18:05:20.024274,Sugar,1,20.0,28.708352,77.106686,Rohini,0
fed30d24-2dd9-4d20-af6b-cb223727bc5e,SHOP_043,BEN_02535,2026-01-01 18:17:33.024274,Rice,12,36.0,28.561519,77.048283,Dwarka,0
f3baa2b5-178c-457d-9c9e-2ee7ed829eaf,SHOP_009,BEN_00722,2026-01-01 18:19:45.024274,Kerosene,3,75.0,28.633713,77.107844,West Delhi,0
850fb24b-0035-4207-9431-0e66aa1bdbed,SHOP_002,BEN_01083,2026-01-01 18:28:40.024274,Sugar,1,20.0,28.648957,77.10634,West Delhi,0
5a7fa55b-3423-4b83-a95c-aaa0871c3abb,SHOP_018,BEN_01292,2026-01-01 18:29:29.024274,Rice,11,33.0,28.610429,77.188088,Central Delhi,0
857e4ba4-0954-4f90-95ff-ae3e2b56c83e,SHOP_045,BEN_01002,2026-01-01 18:32:20.024274,Wheat,16,32.0,28.633767,77.205731,Central Delhi,0
b06bdee6-e51f-4884-b96e-8dc4f679ff01,SHOP_043,BEN_00590,2026-01-01 18:34:38.024274,Sugar,2,40.0,28.561519,77.048283,Dwarka,0
4dd940c5-830a-41fc-845c-4e2dab7dcc84,SHOP_001,BEN_00519,2026-01-01 18:35:42.024274,Kerosene,3,75.0,28.563667,77.196744,South Delhi,0
68ee930d-9a4a-4170-9f51-55d6e4710b14,SHOP_013,BEN_02301,2026-01-01 18:39:07.024274,Sugar,2,40.0,28.689861,77.183213,North Delhi,0
9d933e38-0e01-4e75-b212-260186a2fd2d,SHOP_045,BEN_00640,2026-01-01 18:42:21.024274,Rice,15,45.0,28.633767,77.205731,Central Delhi,0
4dfffb02-9528-4701-b2e2-981b9ae1bec0,SHOP_036,BEN_00759,2026-01-01 18:43:36.024274,Kerosene,3,75.0,28.73997,77.11894,Rohini,0
47a7de2e-b5f2-4f5a-9836-13cb277ff5a9,SHOP_049,BEN_02265,2026-01-01 18:45:44.024274,Wheat,12,24.0,28.514677,77.242533,South Delhi,0
f5859877-1f37-4961-9a01-22490365a22b,SHOP_030,BEN_01031,2026-01-01 18:46:02.024274,Rice,15,45.0,28.656014,77.071143,West Delhi,0
62ec7b58-bb94-4a2d-a1c5-76fba5fb6ea1,SHOP_036,BEN_00096,2026-01-01 18:54:58.024274,Sugar,2,40.0,28.73997,77.11894,Rohini,0
046d46e9-cc9f-4ce9-8ab1-ed7fc3810db3,SHOP_040,BEN_02312,2026-01-01 18:59:09.024274,Wheat,19,38.0,28.673266,77.089259,West Delhi,0
a3164fa2-f6c8-4c98-be9e-a214c327c849,SHOP_011,BEN_00297,2026-01-01 19:03:33.024274,Kerosene,2,50.0,28.732554,77.205993,North Delhi,0
741474da-2914-4a4f-a37d-0be713edca0b,SHOP_020,BEN_00865,2026-01-01 19:06:38.024274,Wheat,12,24.0,28.736478,77.119912,Rohini,0
5b72dd03-865d-44a7-ba61-6f6a7500a0ec,SHOP_026,BEN_01694,2026-01-01 19:13:25.024274,Rice,6,18.0,28.645158,77.323228,East Delhi,0
e8987fa6-b9d3-4f41-9dc3-1877867aee98,SHOP_050,BEN_02045,2026-01-01 19:15:13.024274,Sugar,3,60.0,28.560938,77.180795,South Delhi,0
17955f09-85d4-4497-96d0-329238c2e868,SHOP_022,BEN_01987,2026-01-01 19:19:48.024274,Sugar,2,40.0,28.696907,77.177649,North Delhi,0
56168172-66f5-4357-b062-3f568230f7d1,SHOP_001,BEN_00171,2026-01-01 19:37:27.024274,Wheat,16,32.0,28.563667,77.196744,South Delhi,0
8037c963-7de8-488c-a7d8-2bd71caac4c5,SHOP_026,BEN_00803,2026-01-01 19:44:47.024274,Sugar,1,20.0,28.645158,77.323228,East Delhi,0
865f3156-fd6b-4aa5-87d4-623cca100d0f,SHOP_035,BEN_02158,2026-01-01 19:47:24.024274,Rice,11,33.0,28.715607,77.125559,Rohini,0
b70967df-e43d-490c-ada9-3ece4b0a1cd1,SHOP_018,BEN_01456,2026-01-01 19:50:54.024274,Kerosene,3,75.0,28.610429,77.188088,Central Delhi,0
700638f4-0612-47d9-b67a-4c3206446b44,SHOP_034,BEN_02162,2026-01-01 19:53:38.024274,Sugar,3,60.0,28.586699,77.035213,Dwarka,0
31d19136-e789-4740-bb5f-799f7bcf1ea2,SHOP_043,BEN_00896,2026-01-01 19:59:53.024274,Sugar,3,60.0,28.561519,77.048283,Dwarka,0
5d7d3f12-3a17-48bf-8047-7acef8f690d3,SHOP_041,BEN_00133,2026-01-02 08:03:02.024274,Kerosene,3,75.0,28.676266,77.100986,West Delhi,0
313b942d-8b98-4d40-9936-7ebba88b407a,SHOP_021,BEN_01510,2026-01-02 08:03:25.024274,Oil,2,100.0,28.654216,77.114329,West Delhi,0
f7fe2c12-1eea-4628-9793-2689c2418a44,SHOP_026,BEN_00498,2026-01-02 08:11:30.024274,Kerosene,3,75.0,28.645158,77.323228,East Delhi,0
e48309af-dda3-47be-ad41-9e1299de73c4,SHOP_008,BEN_00671,2026-01-02 08:19:21.024274,Kerosene,1,25.0,28.666336,77.103257,West Delhi,0
118f855e-dcab-4107-8b00-9d87e9936176,SHOP_039,BEN_02461,2026-01-02 08:34:51.024274,Oil,1,50.0,28.707365,77.109479,Rohini,0
81e2c250-c86a-40c0-913c-afee68f9de42,SHOP_041,BEN_02060,2026-01-02 08:34:51.024274,Kerosene,1,25.0,28.676266,77.100986,West Delhi,0
5d36139b-b5d8-464f-b6fe-c5db2bbbba05,SHOP_038,BEN_02994,2026-01-02 08:41:42.024274,Kerosene,1,25.0,28.737713,77.199062,North Delhi,0
06e6628d-fd68-420b-a38f-56e72da678bb,SHOP_046,BEN_02237,2026-01-02 08:42:38.024274,Oil,1,50.0,28.634402,77.315239,East Delhi,0
d000eb4f-f231-454d-9ad7-2a4256554242,SHOP_014,BEN_00780,2026-01-02 08:48:42.024274,Rice,12,36.0,28.708352,77.106686,Rohini,0
eb5ccd15-272b-417d-98b3-68ea5a651172,SHOP_016,BEN_00546,2026-01-02 08:53:24.024274,Sugar,2,40.0,28.644796,77.107779,West Delhi,0
ac521862-2e24-4cbe-bc36-bd0745792ab9,SHOP_008,BEN_02982,2026-01-02 08:55:13.024274,Sugar,3,60.0,28.666336,77.103257,West Delhi,0
cfa75b3a-e726-465c-a502-f44df76af1d7,SHOP_011,BEN_02818,2026-01-02 09:00:27.024274,Sugar,2,40.0,28.732554,77.205993,North Delhi,0
1df6eeaf-7c90-4cee-853d-1600275aa392,SHOP_023,BEN_00358,2026-01-02 09:00:53.024274,Sugar,3,60.0,28.592266,77.310411,East Delhi,0
94c42998-7f49-4a50-aedd-ad8cc1d9a1a7,SHOP_022,BEN_01435,2026-01-02 09:01:14.024274,Sugar,1,20.0,28.696907,77.177649,North Delhi,0
0318a4d0-b361-4fc1-b83f-03e8ef65a776,SHOP_016,BEN_02966,2026-01-02 09:07:34.024274,Wheat,18,36.0,28.644796,77.107779,West Delhi,0
2e50eda4-32c3-44f8-93a1-eb5b1c41b34d,SHOP_039,BEN_01411,2026-01-02 09:11:16.024274,Sugar,3,60.0,28.707365,77.109479,Rohini,0
7e0b1414-17f8-42ef-ae1d-a26084d7a6a8,SHOP_044,BEN_01430,2026-01-02 09:15:30.024274,Rice,7,21.0,28.615898,77.224361,Central Delhi,0
b5fdd4d4-2eff-4d60-952c-c5f072e7b432,SHOP_008,BEN_00936,2026-01-02 09:20:03.024274,Wheat,8,16.0,28.666336,77.103257,West Delhi,0
d96134e9-c02f-4113-a5a5-aba3600f4736,SHOP_039,BEN_00184,2026-01-02 09:20:43.024274,Oil,1,50.0,28.707365,77.109479,Rohini,0
591d92a4-e87f-4164-9ad8-49147be435bf,SHOP_005,BEN_00773,2026-01-02 09:28:35.024274,Wheat,19,38.0,28.599771,77.274279,East Delhi,0
f4576a7d-5bf8-479c-9476-c34eab8845fc,SHOP_016,BEN_00181,2026-01-02 09:30:10.024274,Sugar,3,60.0,28.644796,77.107779,West Delhi,0
d7c5a7d6-6b62-448e-947b-89ea8f4c3211,SHOP_012,BEN_02953,2026-01-02 09:33:55.024274,Oil,1,50.0,28.618685,77.319017,East Delhi,0
380891cd-7260-460a-8c3e-8376505d7bf3,SHOP_048,BEN_00605,2026-01-02 09:34:01.024274,Oil,2,100.0,28.596532,77.044874,Dwarka,0
64f09f35-30d3-45f9-8edd-3da50e53c3cd,SHOP_015,BEN_00017,2026-01-02 09:34:44.024274,Kerosene,1,25.0,28.630112,77.110956,West Delhi,0
1a7e90d0-afb9-4b39-8b8b-46b0c608ca10,SHOP_023,BEN_01909,2026-01-02 09:36:21.024274,Wheat,10,20.0,28.592266,77.310411,East Delhi,0
5565cd05-b3e7-4d22-82d5-f9cf5efc57e4,SHOP_030,BEN_02773,2026-01-02 09:37:53.024274,Sugar,3,60.0,28.656014,77.071143,West Delhi,0
ef8415ae-6074-45b5-a562-e9494f02bc8d,SHOP_015,BEN_01011,2026-01-02 09:38:14.024274,Kerosene,3,75.0,28.630112,77.110956,West Delhi,0
1cdaff92-e885-4a4e-ba5d-8ead5cd1574c,SHOP_036,BEN_01642,2026-01-02 09:44:09.024274,Kerosene,2,50.0,28.73997,77.11894,Rohini,0
a7a480af-ace6-4026-a61f-54e2a10c92ad,SHOP_036,BEN_00325,2026-01-02 09:48:53.024274,Wheat,9,18.0,28.73997,77.11894,Rohini,0
ec0f7d3a-d371-444f-80f8-e30801d12a6f,SHOP_028,BEN_02279,2026-01-02 10:02:38.024274,Sugar,3,60.0,28.644078,77.187159,Central Delhi,0
b6fed131-2d9f-4dee-8ec4-82da1a5ba677,SHOP_043,BEN_00486,2026-01-02 10:14:58.024274,Wheat,14,28.0,28.561519,77.048283,Dwarka,0
b072207f-8805-4fc4-8b3d-ba832ba4dae9,SHOP_018,BEN_02544,2026-01-02 10:18:03.024274,Rice,8,24.0,28.610429,77.188088,Central Delhi,0
e66779c8-ccdb-4448-925c-7984a7193947,SHOP_049,BEN_01328,2026-01-02 10:19:54.024274,Oil,1,50.0,28.514677,77.242533,South Delhi,0
0e301aec-0ddc-481d-9f47-283ab9764dcd,SHOP_011,BEN_00365,2026-01-02 10:26:32.024274,Kerosene,1,25.0,28.732554,77.205993,North Delhi,0
27912ba7-a94a-4ad4-93d7-f6352646a3b8,SHOP_050,BEN_02645,2026-01-02 10:27:48.024274,Oil,1,50.0,28.560938,77.180795,South Delhi,0
c85fde27-8d5d-4a7e-8ac5-f33ca2f76f0e,SHOP_025,BEN_01590,2026-01-02 10:35:20.024274,Sugar,1,20.0,28.624929,77.222474,Central Delhi,0
61f8591f-e477-4a83-9995-37051b0f8a00,SHOP_002,BEN_02344,2026-01-02 10:36:28.024274,Kerosene,2,50.0,28.648957,77.10634,West Delhi,0
09d45048-d185-4283-934e-559e96f0ce3a,SHOP_018,BEN_02405,2026-01-02 10:42:56.024274,Oil,2,100.0,28.610429,77.188088,Central Delhi,0
8eb46712-de81-4b43-b21c-985c18e55e3f,SHOP_043,BEN_02057,2026-01-02 10:45:31.024274,Sugar,1,20.0,28.561519,77.048283,Dwarka,0
bc7d49d3-4d6b-4987-aee1-027b43364a06,SHOP_030,BEN_01529,2026-01-02 10:46:14.024274,Oil,2,100.0,28.656014,77.071143,West Delhi,0
741214ae-d34a-45f0-9595-f098bfbabb63,SHOP_022,BEN_00433,2026-01-02 10:47:02.024274,Sugar,1,20.0,28.696907,77.177649,North Delhi,0
1d5b1a81-a4e9-497f-8e02-6932f388c7a6,SHOP_036,BEN_00246,2026-01-02 10:48:11.024274,Sugar,2,40.0,28.73997,77.11894,Rohini,0
5bcdf84c-e184-423f-8bee-9fb01c23cfe5,SHOP_042,BEN_02144,2026-01-02 10:52:41.024274,Wheat,18,36.0,28.598757,77.020815,Dwarka,0
9d40f5eb-079b-4afd-89b5-6f3441606a6f,SHOP_035,BEN_02277,2026-01-02 10:54:19.024274,Kerosene,1,25.0,28.715607,77.125559,Rohini,0
e3151354-7b94-4bd0-9ad1-e5e86c16d59c,SHOP_038,BEN_02334,2026-01-02 10:55:08.024274,Rice,10,30.0,28.737713,77.199062,North Delhi,0
af95213e-e373-406e-8565-e52e654e0acb,SHOP_011,BEN_02718,2026-01-02 11:07:06.024274,Oil,1,50.0,28.732554,77.205993,North Delhi,0
e6ee1da7-3f73-4584-afe6-97b4d901fe80,SHOP_041,BEN_00232,2026-01-02 11:09:53.024274,Oil,2,100.0,28.676266,77.100986,West Delhi,0
a0d8cc08-83f6-490f-b699-81d4732ef461,SHOP_026,BEN_01098,2026-01-02 11:12:51.024274,Sugar,2,40.0,28.645158,77.323228,East Delhi,0
60fbec96-6954-4418-97a9-a0d8f3ba587c,SHOP_031,BEN_00469,2026-01-02 11:16:32.024274,Kerosene,3,75.0,28.727982,77.18544,North Delhi,0
c7bdec11-9fb6-459a-bb9f-42e6464774d7,SHOP_001,BEN_00638,2026-01-02 11:20:09.024274,Kerosene,2,50.0,28.563667,77.196744,South Delhi,0
ea104ce7-1913-4dd8-8b11-5939092fd68c,SHOP_037,BEN_02681,2026-01-02 11:25:57.024274,Kerosene,2,50.0,28.707215,77.215419,North Delhi,0
f81e1d45-f871-4325-93d8-d134f3387816,SHOP_003,BEN_01502,2026-01-02 11:32:49.024274,Sugar,2,40.0,28.506364,77.204896,South Delhi,0
84b56e67-159b-466f-be56-eb5be6026437,SHOP_020,BEN_01213,2026-01-02 11:36:49.024274,Oil,1,50.0,28.736478,77.119912,Rohini,0
c49a0c4c-b1f8-4d54-96b0-028f0fcb367a,SHOP_013,BEN_02551,2026-01-02 11:36:49.024274,Kerosene,2,50.0,28.689861,77.183213,North Delhi,0
295e5592-a7e5-44cb-af90-90afd67bf50e,SHOP_018,BEN_00174,2026-01-02 11:36:52.024274,Oil,2,100.0,28.610429,77.188088,Central Delhi,0
789ade31-181d-412e-b3c9-ede419a75d28,SHOP_015,BEN_02665,2026-01-02 11:38:42.024274,Sugar,3,60.0,28.630112,77.110956,West Delhi,0
9d781467-aa9a-4a46-ba9b-21030c6e39d5,SHOP_029,BEN_02809,2026-01-02 11:42:17.024274,Sugar,1,20.0,28.583723,77.064561,Dwarka,0
0a3f674c-7c8d-4af5-98f5-f0f653e9c816,SHOP_026,BEN_00889,2026-01-02 11:47:50.024274,Rice,10,30.0,28.645158,77.323228,East Delhi,0
8ab58a54-8284-417c-8940-3660deb6cd9c,SHOP_030,BEN_00788,2026-01-02 11:52:43.024274,Kerosene,3,75.0,28.656014,77.071143,West Delhi,0
8b653a8b-e06d-4799-8deb-801f45194d76,SHOP_007,BEN_02582,2026-01-02 12:02:24.024274,Wheat,17,34.0,28.520513,77.217525,South Delhi,0
9bc7c9cb-e31d-447c-8f61-2ba4262b06f6,SHOP_019,BEN_00859,2026-01-02 12:05:59.024274,Kerosene,1,25.0,28.631679,77.201199,Central Delhi,0
cba11680-d1c6-4c5c-aa2d-d9a624075e63,SHOP_025,BEN_01333,2026-01-02 12:08:49.024274,Rice,14,42.0,28.624929,77.222474,Central Delhi,0
04324447-e040-4ca7-ac85-fde139ba0216,SHOP_030,BEN_01970,2026-01-02 12:09:23.024274,Kerosene,2,50.0,28.656014,77.071143,West Delhi,0
f326ca23-b14f-421f-8905-323a67fb6c7f,SHOP_039,BEN_02756,2026-01-02 12:14:58.024274,Wheat,11,22.0,28.707365,77.109479,Rohini,0
7b2fae8c-9a06-47f0-824c-56aab48dcfc2,SHOP_026,BEN_02706,2026-01-02 12:16:03.024274,Kerosene,2,50.0,28.645158,77.323228,East Delhi,0
fc715fe1-aec8-4783-87e0-e539765f4a49,SHOP_003,BEN_01303,2026-01-02 12:19:38.024274,Kerosene,2,50.0,28.506364,77.204896,South Delhi,0
8bc166a3-c402-44cd-b49d-9722c33751d3,SHOP_040,BEN_01166,2026-01-02 12:21:45.024274,Kerosene,1,25.0,28.673266,77.089259,West Delhi,0
62101209-9394-4ae8-b525-644dadf42ef8,SHOP_003,BEN_00604,2026-01-02 12:22:30.024274,Oil,2,100.0,28.506364,77.204896,South Delhi,0
99d22338-d210-4ada-9abf-9543fb5e7714,SHOP_014,BEN_01086,2026-01-02 12:25:15.024274,Oil,2,100.0,28.708352,77.106686,Rohini,0
0392c739-440b-4ac9-b9f0-094d8c91a859,SHOP_014,BEN_02568,2026-01-02 12:28:34.024274,Sugar,3,60.0,28.708352,77.106686,Rohini,0
4dcabf41-4be6-469c-b746-6740543d99e8,SHOP_048,BEN_01767,2026-01-02 12:34:06.024274,Kerosene,3,75.0,28.596532,77.044874,Dwarka,0
6b790628-a401-4234-973c-f44f05014c33,SHOP_044,BEN_01325,2026-01-02 12:35:55.024274,Oil,2,100.0,28.615898,77.224361,Central Delhi,0
408cc475-40a0-466d-95f8-cdcf52146072,SHOP_038,BEN_01751,2026-01-02 12:36:40.024274,Kerosene,3,75.0,28.737713,77.199062,North Delhi,0
86bf5704-18cc-4259-9cd0-3d2dee07a93c,SHOP_015,BEN_00711,2026-01-02 12:37:03.024274,Sugar,1,20.0,28.630112,77.110956,West Delhi,0
543d3eac-6b6d-4337-a138-1049aafd3270,SHOP_037,BEN_02840,2026-01-02 12:41:07.024274,Oil,1,50.0,28.707215,77.215419,North Delhi,0
dfe0bd30-f5ab-4112-aa7b-7ecbfd534e34,SHOP_029,BEN_00077,2026-01-02 12:41:22.024274,Wheat,13,26.0,28.583723,77.064561,Dwarka,0
0fc9d238-14f1-496f-a1ff-a076bb1376fe,SHOP_042,BEN_02959,2026-01-02 12:41:22.024274,Kerosene,2,50.0,28.598757,77.020815,Dwarka,0
0eba51d3-408b-4edc-b92e-27d630b54292,SHOP_016,BEN_00428,2026-01-02 12:42:17.024274,Wheat,20,40.0,28.644796,77.107779,West Delhi,0
0563f34b-5319-4a87-a1b0-185466641287,SHOP_045,BEN_00027,2026-01-02 12:42:38.024274,Wheat,6,12.0,28.633767,77.205731,Central Delhi,0
4f78a48f-3702-4c82-8dae-7d3b01672477,SHOP_043,BEN_02721,2026-01-02 12:47:21.024274,Oil,1,50.0,28.561519,77.048283,Dwarka,0
8a26c643-9db8-4008-b70b-bed6201bd8a0,SHOP_044,BEN_00831,2026-01-02 12:54:26.024274,Wheat,19,38.0,28.615898,77.224361,Central Delhi,0
984de6f6-022c-43e3-aa0d-74d909cc83c8,SHOP_001,BEN_02430,2026-01-02 12:59:29.024274,Wheat,15,30.0,28.563667,77.196744,South Delhi,0
518c69d9-e7b8-412e-b5e9-a4ae775934e3,SHOP_015,BEN_01264,2026-01-02 13:01:31.024274,Oil,1,50.0,28.630112,77.110956,West Delhi,0
a2a25deb-ffa1-4d08-a4d5-9ae93d62435a,SHOP_030,BEN_02350,2026-01-02 13:22:28.024274,Wheat,12,24.0,28.656014,77.071143,West Delhi,0
552068b7-ab1c-4126-ad71-d5264b669e44,SHOP_010,BEN_01288,2026-01-02 13:25:14.024274,Kerosene,1,25.0,28.581134,77.064005,Dwarka,0
61d9f5bc-5b23-4ab3-b9de-762a7698f91b,SHOP_049,BEN_02900,2026-01-02 13:34:05.024274,Kerosene,3,75.0,28.514677,77.242533,South Delhi,0
d5bb17ee-8372-4e83-b224-73dde002c807,SHOP_027,BEN_00320,2026-01-02 13:44:50.024274,Sugar,3,60.0,28.603311,77.025358,Dwarka,0
e1cd5b73-cd4d-4394-b806-7c318e3548e8,SHOP_042,BEN_02381,2026-01-02 13:48:55.024274,Sugar,3,60.0,28.598757,77.020815,Dwarka,0
9eb4f0c6-54a0-4e5c-b197-d6990071be6e,SHOP_006,BEN_01903,2026-01-02 13:52:10.024274,Sugar,2,40.0,28.6356,77.229758,Central Delhi,0
6c7b7cba-2875-4680-a82b-b7bb1ad77094,SHOP_025,BEN_02726,2026-01-02 13:52:15.024274,Rice,7,21.0,28.624929,77.222474,Central Delhi,0
09ed1a13-b756-4386-ab50-c07fd44ac361,SHOP_042,BEN_01860,2026-01-02 13:55:42.024274,Oil,2,100.0,28.598757,77.020815,Dwarka,0
c09092ea-7b76-43cc-aaf3-0a68154580be,SHOP_044,BEN_00706,2026-01-02 14:02:34.024274,Rice,14,42.0,28.615898,77.224361,Central Delhi,0
22bd0996-5ee9-4149-967c-f30be03ea33b,SHOP_032,BEN_00312,2026-01-02 14:04:17.024274,Rice,13,39.0,28.708017,77.126743,Rohini,0
b65bdaa8-9daf-4b4d-bbae-96faf38b65a5,SHOP_017,BEN_02899,2026-01-02 14:08:02.024274,Sugar,3,60.0,28.722696,77.129286,Rohini,0
fad62737-a1dd-4479-b621-ad9aab90d026,SHOP_007,BEN_01889,2026-01-02 14:12:46.024274,Wheat,6,12.0,28.520513,77.217525,South Delhi,0
0e97f347-9519-4092-a5b9-68f95cf8e31e,SHOP_034,BEN_02542,2026-01-02 14:14:26.024274,Rice,18,54.0,28.586699,77.035213,Dwarka,0
7a660c9d-4780-4c8a-b22e-76811c3a71fd,SHOP_026,BEN_00101,2026-01-02 14:18:58.024274,Wheat,16,32.0,28.645158,77.323228,East Delhi,0
5286112f-0496-418e-86b7-62fc9cba9cc4,SHOP_033,BEN_02422,2026-01-02 14:20:00.024274,Sugar,1,20.0,28.731131,77.204781,North Delhi,0
752e49f6-73dc-4743-a75f-f843b0bf1b6a,SHOP_023,BEN_00660,2026-01-02 14:25:23.024274,Oil,2,100.0,28.592266,77.310411,East Delhi,0
0c56f3c2-7fc2-46e1-b90f-230041197324,SHOP_024,BEN_01331,2026-01-02 14:27:45.024274,Sugar,2,40.0,28.505958,77.198023,South Delhi,0
883d6dba-fe5e-49bb-a3bb-9e2c5afbee42,SHOP_046,BEN_01323,2026-01-02 14:33:26.024274,Sugar,3,60.0,28.634402,77.315239,East Delhi,0
caa5187b-5e4a-477a-aa91-a84701560220,SHOP_009,BEN_02594,2026-01-02 14:35:39.024274,Oil,2,100.0,28.633713,77.107844,West Delhi,0
6912cf20-cb15-44d9-b546-e6c9cd06aacb,SHOP_015,BEN_02160,2026-01-02 14:38:50.024274,Sugar,1,20.0,28.630112,77.110956,West Delhi,0
6573db64-f136-4f0e-9ebe-48cb04ff12d9,SHOP_014,BEN_01258,2026-01-02 14:50:18.024274,Kerosene,2,50.0,28.708352,77.106686,Rohini,0
a446e9d8-2a00-40bf-8a94-03509207e4c3,SHOP_045,BEN_02144,2026-01-02 14:54:12.024274,Oil,2,100.0,28.633767,77.205731,Central Delhi,0
cb8a84ae-36c8-4af7-b718-a5047203f086,SHOP_001,BEN_01116,2026-01-02 14:54:27.024274,Rice,7,21.0,28.563667,77.196744,South Delhi,0
09c2b94f-0736-4d8e-927b-1006a2412a7c,SHOP_031,BEN_00160,2026-01-02 14:58:45.024274,Kerosene,1,25.0,28.727982,77.18544,North Delhi,0
d457fa39-ee99-493c-9cb9-6fade00702c1,SHOP_021,BEN_02758,2026-01-02 15:01:47.024274,Rice,20,60.0,28.654216,77.114329,West Delhi,0
587f26c0-ce5b-48dc-8af9-7545d463a3d3,SHOP_041,BEN_02766,2026-01-02 15:07:12.024274,Oil,2,100.0,28.676266,77.100986,West Delhi,0
2335fdb2-70c6-415a-88f0-4ed9f357bdee,SHOP_031,BEN_00329,2026-01-02 15:08:34.024274,Oil,1,50.0,28.727982,77.18544,North Delhi,0
9b4797d3-5454-4c54-bfd3-8c3f20c587b8,SHOP_050,BEN_02549,2026-01-02 15:14:50.024274,Kerosene,1,25.0,28.560938,77.180795,South Delhi,0
d0ef53db-d4e0-4caa-83da-bc69bbf7bc56,SHOP_026,BEN_02643,2026-01-02 15:18:34.024274,Oil,1,50.0,28.645158,77.323228,East Delhi,0
68ee3bfc-5690-4091-aeb2-9101e1ea3eb1,SHOP_037,BEN_00187,2026-01-02 15:19:19.024274,Oil,1,50.0,28.707215,77.215419,North Delhi,0
7b57b0cb-ed46-4438-a6e3-29cc9efd3dc5,SHOP_021,BEN_02497,2026-01-02 15:19:28.024274,Kerosene,2,50.0,28.654216,77.114329,West Delhi,0
9175e192-a1e8-4a1f-b7a7-150a6447fb0e,SHOP_050,BEN_02650,2026-01-02 15:19:37.024274,Kerosene,3,75.0,28.560938,77.180795,South Delhi,0
23a5c0d5-a124-4145-a000-da43dbb8c613,SHOP_035,BEN_01329,2026-01-02 15:19:52.024274,Sugar,1,20.0,28.715607,77.125559,Rohini,0
c8410e31-c9a8-4275-b1aa-0c24a782d885,SHOP_018,BEN_01332,2026-01-02 15:22:36.024274,Rice,15,45.0,28.610429,77.188088,Central Delhi,0
4ce2901c-a038-49f4-b931-c2240b9455b6,SHOP_033,BEN_02485,2026-01-02 15:24:31.024274,Rice,9,27.0,28.731131,77.204781,North Delhi,0
a748130b-515e-4652-9490-93515e3b6df5,SHOP_019,BEN_02772,2026-01-02 15:33:02.024274,Oil,2,100.0,28.631679,77.201199,Central Delhi,0
31e0b3d2-6c82-4d70-8345-3e4f66e58dcc,SHOP_042,BEN_01458,2026-01-02 15:35:36.024274,Rice,17,51.0,28.598757,77.020815,Dwarka,0
742dbc1b-6f90-43c5-a60e-b08ea836f803,SHOP_024,BEN_00592,2026-01-02 15:41:35.024274,Rice,20,60.0,28.505958,77.198023,South Delhi,0
e6a249ed-ebf4-49f6-b208-bc4178ef52a5,SHOP_035,BEN_01871,2026-01-02 15:44:04.024274,Oil,2,100.0,28.715607,77.125559,Rohini,0
0048cafc-4790-49f9-abb1-e8d57f582f37,SHOP_018,BEN_01983,2026-01-02 15:51:32.024274,Rice,20,60.0,28.610429,77.188088,Central Delhi,0
56c573e9-1b3d-4302-8dd5-9fb3e22c94cb,SHOP_047,BEN_00626,2026-01-02 15:59:47.024274,Oil,2,100.0,28.715937,77.10426,Rohini,0
6241d997-e42e-4c5e-b2da-80f5ba036a42,SHOP_011,BEN_00771,2026-01-02 16:01:08.024274,Sugar,3,60.0,28.732554,77.205993,North Delhi,0
9083ed4a-94ec-41ad-824f-8520a6f5c68e,SHOP_045,BEN_02199,2026-01-02 16:04:11.024274,Kerosene,1,25.0,28.633767,77.205731,Central Delhi,0
fdf1c0e1-1b12-450b-b4a7-265e85cbf3e4,SHOP_026,BEN_01883,2026-01-02 16:07:52.024274,Oil,1,50.0,28.645158,77.323228,East Delhi,0
a5fe1464-4bd8-4d45-a968-8ca808c64693,SHOP_033,BEN_01102,2026-01-02 16:14:44.024274,Oil,2,100.0,28.731131,77.204781,North Delhi,0
1dd70665-8f50-4c34-805b-b7a9ba5338d0,SHOP_028,BEN_00872,2026-01-02 16:15:14.024274,Rice,16,48.0,28.644078,77.187159,Central Delhi,0
dc20c8dc-1f3b-4f42-a8b9-5c1a7a8db702,SHOP_023,BEN_00203,2026-01-02 16:19:09.024274,Oil,2,100.0,28.592266,77.310411,East Delhi,0
8251cab8-1e0e-4fff-834c-28b53210c303,SHOP_050,BEN_00316,2026-01-02 16:25:02.024274,Wheat,20,40.0,28.560938,77.180795,South Delhi,0
62dd9453-e3c4-4597-b31b-d15c1344ae08,SHOP_002,BEN_00125,2026-01-02 16:33:18.024274,Oil,1,50.0,28.648957,77.10634,West Delhi,0
465ef6db-6491-4538-be1d-9997a79d489c,SHOP_010,BEN_01429,2026-01-02 16:49:44.024274,Oil,1,50.0,28.581134,77.064005,Dwarka,0
3d69be52-52d7-40d3-885d-88cd94b5d0f8,SHOP_049,BEN_00547,2026-01-02 16:50:43.024274,Sugar,1,20.0,28.514677,77.242533,South Delhi,0
10ceba07-8e6b-48f2-a1c4-70a85356b8b4,SHOP_038,BEN_02028,2026-01-02 16:52:09.024274,Oil,2,100.0,28.737713,77.199062,North Delhi,0
1cfbfce7-bd76-48ce-8ecf-55e3b2cf68d2,SHOP_007,BEN_00277,2026-01-02 16:55:34.024274,Sugar,2,40.0,28.520513,77.217525,South Delhi,0
de38e075-25e5-4a01-b9e9-eaf48b34b0bd,SHOP_023,BEN_01732,2026-01-02 16:56:27.024274,Sugar,2,40.0,28.592266,77.310411,East Delhi,0
5bc1e796-f194-4609-b1d1-b7c7b0d557d7,SHOP_031,BEN_01842,2026-01-02 16:58:13.024274,Wheat,5,10.0,28.727982,77.18544,North Delhi,0
46c431e4-e028-4a2f-a7ba-cdadc228ef24,SHOP_035,BEN_01953,2026-01-02 17:00:46.024274,Kerosene,1,25.0,28.715607,77.125559,Rohini,0
e7928205-34dd-46b5-8910-a7d516a8407d,SHOP_019,BEN_00159,2026-01-02 17:03:18.024274,Sugar,3,60.0,28.631679,77.201199,Central Delhi,0
ab547b0f-deed-481c-afeb-17fee6e2baf4,SHOP_032,BEN_00620,2026-01-02 17:06:17.024274,Kerosene,2,50.0,28.708017,77.126743,Rohini,0
1a6d3433-5f98-430f-bc38-7dff7c0d0d24,SHOP_006,BEN_00864,2026-01-02 17:11:05.024274,Kerosene,1,25.0,28.6356,77.229758,Central Delhi,0
4bb2f80c-0166-4735-b41e-b01c2338a340,SHOP_026,BEN_02387,2026-01-02 17:18:02.024274,Sugar,1,20.0,28.645158,77.323228,East Delhi,0
aeca210e-9929-44f1-9c44-45414c56132a,SHOP_040,BEN_02382,2026-01-02 17:23:43.024274,Oil,2,100.0,28.673266,77.089259,West Delhi,0
9080fdd5-00fe-4420-91df-551d11a9a57b,SHOP_038,BEN_01783,2026-01-02 17:35:34.024274,Oil,2,100.0,28.737713,77.199062,North Delhi,0
0788187e-21c9-4633-876e-446fab821228,SHOP_012,BEN_00828,2026-01-02 17:41:04.024274,Sugar,1,20.0,28.618685,77.319017,East Delhi,0
4348403b-50f4-49fb-a395-879e656a287a,SHOP_019,BEN_01274,2026-01-02 17:42:46.024274,Wheat,18,36.0,28.631679,77.201199,Central Delhi,0
d9dd70d1-313e-4754-b302-25ffe286755a,SHOP_043,BEN_02316,2026-01-02 17:49:55.024274,Kerosene,2,50.0,28.561519,77.048283,Dwarka,0
68de5ac1-13b5-4107-911a-991a179f5704,SHOP_048,BEN_00575,2026-01-02 17:52:14.024274,Rice,10,30.0,28.596532,77.044874,Dwarka,0
38188cf8-34a7-46a7-b6c0-e4a530593494,SHOP_022,BEN_02223,2026-01-02 17:53:30.024274,Oil,1,50.0,28.696907,77.177649,North Delhi,0
e541acd1-f318-4239-ac3f-88dcb54c1d3d,SHOP_032,BEN_01263,2026-01-02 18:11:11.024274,Rice,17,51.0,28.708017,77.126743,Rohini,0
b59a5334-5dc7-45f9-aa4b-33ebaac4d301,SHOP_048,BEN_02981,2026-01-02 18:11:33.024274,Oil,2,100.0,28.596532,77.044874,Dwarka,0
a095462f-3f05-4972-9714-bbbd1333a919,SHOP_006,BEN_02608,2026-01-02 18:12:20.024274,Wheat,16,32.0,28.6356,77.229758,Central Delhi,0
d3b5ece9-607b-4694-bf46-ed6e862702e7,SHOP_011,BEN_00657,2026-01-02 18:18:28.024274,Rice,13,39.0,28.732554,77.205993,North Delhi,0
ab64cf62-bb8c-4356-a7b4-5a9a6b6a77e3,SHOP_028,BEN_01862,2026-01-02 18:29:19.024274,Kerosene,3,75.0,28.644078,77.187159,Central Delhi,0
253cf649-3ce4-4955-8132-c9e11db9e8a5,SHOP_043,BEN_01309,2026-01-02 18:34:07.024274,Oil,2,100.0,28.561519,77.048283,Dwarka,0
65f5e3db-dab9-4649-8217-bfed68ff24a3,SHOP_008,BEN_01924,2026-01-02 18:35:41.024274,Oil,2,100.0,28.666336,77.103257,West Delhi,0
63ea5447-1bbd-4481-bbad-475953f27c4e,SHOP_047,BEN_02055,2026-01-02 18:48:24.024274,Oil,2,100.0,28.715937,77.10426,Rohini,0
fe827d6a-1b99-4356-b4df-89826e841528,SHOP_040,BEN_02544,2026-01-02 18:49:36.024274,Sugar,1,20.0,28.673266,77.089259,West Delhi,0
480da75a-78bf-40ad-921f-2fb4107a5ec0,SHOP_032,BEN_02246,2026-01-02 18:49:47.024274,Sugar,1,20.0,28.708017,77.126743,Rohini,0
6211171f-c16f-435e-9166-5e7dde316b08,SHOP_049,BEN_02948,2026-01-02 18:50:51.024274,Wheat,19,38.0,28.514677,77.242533,South Delhi,0
49d1337c-9e31-4004-ba51-53f860ce18b6,SHOP_047,BEN_01812,2026-01-02 18:53:16.024274,Oil,1,50.0,28.715937,77.10426,Rohini,0
bda76ba4-8a65-4535-ae4b-c957805e3d71,SHOP_035,BEN_00005,2026-01-02 18:54:36.024274,Sugar,1,20.0,28.715607,77.125559,Rohini,0
2c3b95b3-b92f-46dd-bab1-4e45773d26bc,SHOP_021,BEN_02849,2026-01-02 19:03:10.024274,Wheat,15,30.0,28.654216,77.114329,West Delhi,0
038eecec-e0d1-49e3-9eef-f02e45f31f53,SHOP_011,BEN_02437,2026-01-02 19:03:52.024274,Kerosene,3,75.0,28.732554,77.205993,North Delhi,0
76bf121c-80ab-4c03-bffb-21c5c2415ae1,SHOP_002,BEN_00912,2026-01-02 19:06:11.024274,Kerosene,3,75.0,28.648957,77.10634,West Delhi,0
92bb887f-bbe6-4631-9ba1-0c809efd8bac,SHOP_010,BEN_02703,2026-01-02 19:09:17.024274,Wheat,5,10.0,28.581134,77.064005,Dwarka,0
3ee0bef0-64d6-4019-8071-ac15277fc4ec,SHOP_036,BEN_00084,2026-01-02 19:11:59.024274,Rice,19,57.0,28.73997,77.11894,Rohini,0
38954b7b-abbc-4d19-bdc5-63c4adeec1fc,SHOP_013,BEN_00843,2026-01-02 19:20:01.024274,Rice,8,24.0,28.689861,77.183213,North Delhi,0
8b14fac4-8164-421f-b5f6-19d2fc7f0d99,SHOP_044,BEN_02234,2026-01-02 19:26:57.024274,Wheat,8,16.0,28.615898,77.224361,Central Delhi,0
017a8360-4a88-416b-8ea0-19480a076e1f,SHOP_046,BEN_00570,2026-01-02 19:31:22.024274,Kerosene,2,50.0,28.634402,77.315239,East Delhi,0
f3be8167-6679-4625-a65c-5cd659441c5e,SHOP_047,BEN_02549,2026-01-02 19:39:11.024274,Sugar,1,20.0,28.715937,77.10426,Rohini,0
28af0b12-7493-4147-acfc-7b54939dc006,SHOP_036,BEN_02615,2026-01-02 19:41:05.024274,Rice,20,60.0,28.73997,77.11894,Rohini,0
86997087-c457-40b2-8da1-586c18aafc52,SHOP_046,BEN_02716,2026-01-02 19:49:33.024274,Wheat,20,40.0,28.634402,77.315239,East Delhi,0
96d2f6b9-f11f-44cb-b3f9-d876edfa45dd,SHOP_005,BEN_00730,2026-01-02 19:51:00.024274,Wheat,19,38.0,28.599771,77.274279,East Delhi,0
5a683791-d82e-4137-bad4-f65c08b6719f,SHOP_031,BEN_02517,2026-01-02 19:54:25.024274,Kerosene,3,75.0,28.727982,77.18544,North Delhi,0
7657adae-aa61-410a-b0b2-b0e67baf54b3,SHOP_003,BEN_01054,2026-01-02 19:54:39.024274,Wheat,9,18.0,28.506364,77.204896,South Delhi,0
bba4b42f-3901-4463-82b4-3f2bbb8fd33b,SHOP_032,BEN_02965,2026-01-03 02:57:35.024274,Rice,16,48.0,28.708017,77.126743,Rohini,1
b53fa5ec-c637-4da9-a464-eb35809a69ff,SHOP_036,BEN_00364,2026-01-03 08:01:30.024274,Sugar,3,60.0,28.73997,77.11894,Rohini,0
37fe3c0d-7840-4d6e-8a97-29ce82b8f91f,SHOP_023,BEN_01309,2026-01-03 08:04:20.024274,Kerosene,3,75.0,28.592266,77.310411,East Delhi,0
10e316c1-6cf5-401c-b9b8-c02a4b1fd1d9,SHOP_030,BEN_01928,2026-01-03 08:04:22.024274,Oil,2,100.0,28.656014,77.071143,West Delhi,0
53d3f4f1-3021-475a-a676-965d412d7d52,SHOP_039,BEN_01849,2026-01-03 08:10:44.024274,Oil,2,100.0,28.707365,77.109479,Rohini,0
68147105-ce9f-403d-9233-f6971684c282,SHOP_049,BEN_02315,2026-01-03 08:15:42.024274,Oil,2,100.0,28.514677,77.242533,South Delhi,0
d2ab21e8-97eb-4228-89f8-95c6556f2b26,SHOP_015,BEN_02185,2026-01-03 08:28:35.024274,Sugar,1,20.0,28.630112,77.110956,West Delhi,0
06c81545-429b-45e1-a9d8-1ca2c2b3f987,SHOP_048,BEN_00209,2026-01-03 08:31:03.024274,Rice,9,27.0,28.596532,77.044874,Dwarka,0
0c62cd56-a64c-438a-b4e9-14540d28da62,SHOP_023,BEN_02270,2026-01-03 08:57:04.024274,Wheat,16,32.0,28.592266,77.310411,East Delhi,0
0606b98b-b8e1-49d8-815f-07d0b5974377,SHOP_038,BEN_01981,2026-01-03 08:58:25.024274,Sugar,3,60.0,28.737713,77.199062,North Delhi,0
6fbf6e84-cf12-4991-b8fa-902beb1cd5aa,SHOP_005,BEN_02213,2026-01-03 09:22:24.024274,Oil,2,100.0,28.599771,77.274279,East Delhi,0
bd50e810-e939-45d6-89d2-48dd0c1d7132,SHOP_033,BEN_00619,2026-01-03 09:30:58.024274,Wheat,11,22.0,28.731131,77.204781,North Delhi,0
286c2000-fcc6-4733-befc-158433dfa981,SHOP_050,BEN_00831,2026-01-03 09:35:56.024274,Kerosene,2,50.0,28.560938,77.180795,South Delhi,0
7e49df85-8770-42df-bc8d-67210509b772,SHOP_023,BEN_02984,2026-01-03 09:37:46.024274,Sugar,2,40.0,28.592266,77.310411,East Delhi,0
8ac56566-e566-45ac-9bcc-0ab0ef6d7791,SHOP_007,BEN_00157,2026-01-03 09:44:52.024274,Oil,1,50.0,28.520513,77.217525,South Delhi,0
29fde5f1-aacb-4ff5-98bb-0a93f4a7fa4c,SHOP_006,BEN_00901,2026-01-03 09:46:50.024274,Oil,1,50.0,28.6356,77.229758,Central Delhi,0
0da37ae2-1b04-4279-8b6b-53fd33d7de41,SHOP_008,BEN_02229,2026-01-03 09:51:44.024274,Kerosene,1,25.0,28.666336,77.103257,West Delhi,0
eab2e549-4665-4dbe-8cb1-706127b594c7,SHOP_007,BEN_01015,2026-01-03 09:57:16.024274,Sugar,3,60.0,28.520513,77.217525,South Delhi,0
85b7607b-0b14-4737-8a16-70e22a3253f1,SHOP_018,BEN_00066,2026-01-03 10:02:31.024274,Kerosene,1,25.0,28.610429,77.188088,Central Delhi,0
168e0761-6bb9-4c30-85a0-84d4e033ec9c,SHOP_022,BEN_01007,2026-01-03 10:03:10.024274,Oil,1,50.0,28.696907,77.177649,North Delhi,0
ed66255b-039f-475d-afec-cd4458df929c,SHOP_030,BEN_00297,2026-01-03 10:04:13.024274,Oil,1,50.0,28.656014,77.071143,West Delhi,0
b96ad79f-7442-484a-ad52-fddf6e807547,SHOP_009,BEN_02165,2026-01-03 10:11:23.024274,Oil,2,100.0,28.633713,77.107844,West Delhi,0
d7688124-bf9a-4af5-b69d-f1e676d9bb0d,SHOP_023,BEN_00300,2026-01-03 10:13:53.024274,Oil,1,50.0,28.592266,77.310411,East Delhi,0
faa51893-aef1-4ab6-9366-22f72fbbe14c,SHOP_034,BEN_01431,2026-01-03 10:26:42.024274,Wheat,8,16.0,28.586699,77.035213,Dwarka,0
1980c5be-a96e-41ff-9835-5bf3137bb60d,SHOP_023,BEN_00940,2026-01-03 10:28:30.024274,Oil,2,100.0,28.592266,77.310411,East Delhi,0
ebf36415-6039-407a-9d5f-ccf43bcc2cab,SHOP_034,BEN_01564,2026-01-03 10:32:41.024274,Sugar,3,60.0,28.586699,77.035213,Dwarka,0
bf63f57c-424f-4bfa-af63-27682c286677,SHOP_006,BEN_02701,2026-01-03 10:36:46.024274,Oil,1,50.0,28.6356,77.229758,Central Delhi,0
2ce6d1bc-742e-4a37-b91a-61f1d57bf556,SHOP_010,BEN_00475,2026-01-03 10:39:28.024274,Wheat,14,28.0,28.581134,77.064005,Dwarka,0
6eafd187-2cc2-4d26-9113-dbad6a892466,SHOP_003,BEN_01045,2026-01-03 10:40:29.024274,Wheat,20,40.0,28.506364,77.204896,South Delhi,0
80d0bf97-404b-4101-9913-461711a9d5a7,SHOP_012,BEN_01508,2026-01-03 10:41:53.024274,Oil,1,50.0,28.618685,77.319017,East Delhi,0
4b804961-c516-4d97-8fa0-d52277354d08,SHOP_016,BEN_00002,2026-01-03 10:51:02.024274,Kerosene,2,50.0,28.644796,77.107779,West Delhi,0
0cf6097a-62ab-4a5b-a43b-80b0202d56c0,SHOP_021,BEN_02365,2026-01-03 10:51:44.024274,Kerosene,1,25.0,28.654216,77.114329,West Delhi,0
e04b48d8-0c6a-47c6-b48c-9cf71418c41d,SHOP_039,BEN_01414,2026-01-03 10:51:51.024274,Rice,19,57.0,28.707365,77.109479,Rohini,0
7c038616-fd99-4a91-9260-66448f28096d,SHOP_019,BEN_01636,2026-01-03 10:55:57.024274,Rice,18,54.0,28.631679,77.201199,Central Delhi,0
e9fbca7c-8f99-4584-b71f-5b8d937dc0f0,SHOP_022,BEN_01595,2026-01-03 10:59:05.024274,Oil,1,50.0,28.696907,77.177649,North Delhi,0
f218b2a4-52dc-47b7-8929-7caa0be440d1,SHOP_001,BEN_00793,2026-01-03 11:04:56.024274,Wheat,5,10.0,28.563667,77.196744,South Delhi,0
ab6f3eef-52f2-491a-8de2-1b09d3211f96,SHOP_033,BEN_00246,2026-01-03 11:09:10.024274,Kerosene,2,50.0,28.731131,77.204781,North Delhi,0
e0967d65-841e-4caa-b91c-e283cd05678c,SHOP_009,BEN_02209,2026-01-03 11:15:34.024274,Oil,2,100.0,28.633713,77.107844,West Delhi,0
8294df28-7621-4999-b6b7-690c18259ff0,SHOP_003,BEN_02958,2026-01-03 11:16:03.024274,Kerosene,3,75.0,28.506364,77.204896,South Delhi,0
ba0fff2b-d19e-495d-a579-b7a8518e8d15,SHOP_048,BEN_00543,2026-01-03 11:17:17.024274,Wheat,18,36.0,28.596532,77.044874,Dwarka,0
419406da-06f9-4881-9dd2-7068769d3abd,SHOP_013,BEN_02173,2026-01-03 11:28:19.024274,Rice,8,24.0,28.689861,77.183213,North Delhi,0
8f8ea84e-eb5f-4de2-96df-b2efa6d2c38f,SHOP_034,BEN_02829,2026-01-03 11:28:41.024274,Rice,18,54.0,28.586699,77.035213,Dwarka,0
f074a035-a04e-49c0-a175-ff89991b8c77,SHOP_004,BEN_02790,2026-01-03 11:33:10.024274,Rice,12,36.0,28.709316,77.129745,Rohini,0
cd0bf58c-6f4a-475d-b5c2-a478eb84c135,SHOP_001,BEN_00292,2026-01-03 11:38:41.024274,Oil,2,100.0,28.563667,77.196744,South Delhi,0
a604b171-b247-4d30-b503-0f31c83f3540,SHOP_016,BEN_00279,2026-01-03 11:45:28.024274,Kerosene,1,25.0,28.644796,77.107779,West Delhi,0
22b703ba-c345-496a-a2b7-ee0328940225,SHOP_022,BEN_02590,2026-01-03 11:55:44.024274,Rice,16,48.0,28.696907,77.177649,North Delhi,0
1f4d45f8-e58f-4656-8694-df6b68525a75,SHOP_004,BEN_00849,2026-01-03 11:59:22.024274,Kerosene,2,50.0,28.709316,77.129745,Rohini,0
43de38dc-f48c-4cd0-bbc9-82eb43d4cb49,SHOP_010,BEN_00377,2026-01-03 12:04:11.024274,Rice,17,51.0,28.581134,77.064005,Dwarka,0
b7a4aaad-12e7-4287-a241-2ecae4cc9278,SHOP_034,BEN_00928,2026-01-03 12:05:23.024274,Sugar,2,40.0,28.586699,77.035213,Dwarka,0
b91a36cd-4534-439a-96b2-156064c330f1,SHOP_022,BEN_02475,2026-01-03 12:09:59.024274,Sugar,3,60.0,28.696907,77.177649,North Delhi,0
9ab5b889-4cf8-40c5-a039-34eea19d39c2,SHOP_020,BEN_00147,2026-01-03 12:13:11.024274,Sugar,1,20.0,28.736478,77.119912,Rohini,0
492bf92d-ef1e-48e7-a3c7-b87071fe04e4,SHOP_003,BEN_00266,2026-01-03 12:23:09.024274,Kerosene,2,50.0,28.506364,77.204896,South Delhi,0
bc0a49fe-7243-41ab-817b-bec8eb70dfd4,SHOP_018,BEN_00689,2026-01-03 12:25:31.024274,Wheat,5,10.0,28.610429,77.188088,Central Delhi,0
e349ed94-d4c1-4c74-a770-6b6cb7d1e467,SHOP_025,BEN_01653,2026-01-03 12:25:57.024274,Wheat,17,34.0,28.624929,77.222474,Central Delhi,0
184385a3-ad56-4254-97a6-e09f5a5a660d,SHOP_018,BEN_02310,2026-01-03 12:29:56.024274,Sugar,2,40.0,28.610429,77.188088,Central Delhi,0
537948f7-18e9-4aee-8889-a0f036991c8d,SHOP_003,BEN_00137,2026-01-03 12:31:02.024274,Wheat,18,36.0,28.506364,77.204896,South Delhi,0
1c5ea4e8-dc6c-41dc-b885-c9ce20552c9b,SHOP_043,BEN_00498,2026-01-03 12:33:28.024274,Wheat,17,34.0,28.561519,77.048283,Dwarka,0
57ab2bfe-8c3c-4b79-a7fb-06269d1d5ec3,SHOP_034,BEN_02727,2026-01-03 12:38:09.024274,Sugar,2,40.0,28.586699,77.035213,Dwarka,0
3f71b975-bf6b-4429-8978-6938b97cd0a8,SHOP_011,BEN_01415,2026-01-03 12:42:47.024274,Rice,15,45.0,28.732554,77.205993,North Delhi,0
225a7a7a-4751-4a79-8269-816bd4a91c21,SHOP_019,BEN_02560,2026-01-03 12:44:07.024274,Wheat,7,14.0,28.631679,77.201199,Central Delhi,0
97b9bade-524e-44a0-b16c-1e51e796ce48,SHOP_038,BEN_01489,2026-01-03 12:53:01.024274,Kerosene,3,75.0,28.737713,77.199062,North Delhi,0
1f6c09c4-49c2-4193-a0e3-43dab9547d8f,SHOP_050,BEN_00040,2026-01-03 12:53:37.024274,Oil,2,100.0,28.560938,77.180795,South Delhi,0
feb20455-ac49-4760-8c4e-ca24c07e37c5,SHOP_015,BEN_02291,2026-01-03 13:00:53.024274,Oil,2,100.0,28.630112,77.110956,West Delhi,0
c89d354b-d1a6-4e91-ba7f-862a103a5adf,SHOP_035,BEN_02768,2026-01-03 13:07:54.024274,Kerosene,1,25.0,28.715607,77.125559,Rohini,0
1520cbc1-b6da-40b9-918c-2200ecc7ee6e,SHOP_018,BEN_01226,2026-01-03 13:09:17.024274,Wheat,5,10.0,28.610429,77.188088,Central Delhi,0
f18919d6-ee80-45b8-b51b-f225f26acd87,SHOP_016,BEN_02523,2026-01-03 13:17:24.024274,Oil,2,100.0,28.644796,77.107779,West Delhi,0
b1365d19-bca1-4d84-a6c4-5697a6a26fd1,SHOP_007,BEN_02393,2026-01-03 13:17:36.024274,Oil,2,100.0,28.520513,77.217525,South Delhi,0
5b14c498-b561-4544-aaba-25f728856fbf,SHOP_019,BEN_02784,2026-01-03 13:17:37.024274,Kerosene,2,50.0,28.631679,77.201199,Central Delhi,0
5247147f-49be-47f9-8b91-3b2983408445,SHOP_050,BEN_02857,2026-01-03 13:21:21.024274,Wheat,12,24.0,28.560938,77.180795,South Delhi,0
58422e19-d96b-4ff1-9f97-66286eb9b859,SHOP_030,BEN_01315,2026-01-03 13:28:47.024274,Oil,2,100.0,28.656014,77.071143,West Delhi,0
f9857173-a476-4bc7-a1cc-3dd8a3080417,SHOP_020,BEN_02848,2026-01-03 13:32:45.024274,Rice,7,21.0,28.736478,77.119912,Rohini,0
e6084ef9-370f-45d5-a3da-73a243fe3c3a,SHOP_023,BEN_00471,2026-01-03 13:40:27.024274,Wheat,11,22.0,28.592266,77.310411,East Delhi,0
c19ed7e1-9807-4170-b782-a0120059f740,SHOP_008,BEN_01028,2026-01-03 13:44:52.024274,Rice,10,30.0,28.666336,77.103257,West Delhi,0
5b34d75a-f859-4808-873d-65f1123a0d5f,SHOP_050,BEN_02710,2026-01-03 13:50:00.024274,Rice,16,48.0,28.560938,77.180795,South Delhi,0
78c1bb92-dbaf-4dd5-b58f-c34888804f5d,SHOP_005,BEN_00078,2026-01-03 13:54:07.024274,Oil,1,50.0,28.599771,77.274279,East Delhi,0
b68b7d43-43c3-4613-81de-80849f2c2610,SHOP_018,BEN_01864,2026-01-03 13:55:45.024274,Rice,19,57.0,28.610429,77.188088,Central Delhi,0
781fd466-a05b-482a-9dbb-a5ec83c894ab,SHOP_034,BEN_00209,2026-01-03 13:57:20.024274,Kerosene,2,50.0,28.586699,77.035213,Dwarka,0
b912486f-c999-4c9e-897d-37a03933aad5,SHOP_017,BEN_00134,2026-01-03 13:58:54.024274,Rice,20,60.0,28.722696,77.129286,Rohini,0
cbeae85f-fee2-4687-8962-deaecda63cfb,SHOP_050,BEN_02617,2026-01-03 14:03:47.024274,Wheat,20,40.0,28.560938,77.180795,South Delhi,0
eb929fe2-2049-46c6-90da-2f4f5f5cf894,SHOP_003,BEN_01840,2026-01-03 14:09:56.024274,Wheat,5,10.0,28.506364,77.204896,South Delhi,0
36154b10-e97d-4656-b09e-3ab06cdd4d5e,SHOP_021,BEN_01994,2026-01-03 14:15:29.024274,Kerosene,2,50.0,28.654216,77.114329,West Delhi,0
6bc61c08-23ed-4018-880f-92b950896ec4,SHOP_037,BEN_02159,2026-01-03 14:16:10.024274,Oil,1,50.0,28.707215,77.215419,North Delhi,0
dcee63eb-760d-4c10-9af6-d412172f3661,SHOP_016,BEN_02904,2026-01-03 14:19:40.024274,Rice,9,27.0,28.644796,77.107779,West Delhi,0
e215026f-4c42-469f-acd3-207af713550f,SHOP_040,BEN_02035,2026-01-03 14:20:26.024274,Kerosene,3,75.0,28.673266,77.089259,West Delhi,0
8b2b0bd2-2963-47d3-8e92-6fb8e094e284,SHOP_006,BEN_02530,2026-01-03 14:21:56.024274,Oil,1,50.0,28.6356,77.229758,Central Delhi,0
7dd46bb5-8f8e-4804-a952-e0fe0fb12cfb,SHOP_036,BEN_00277,2026-01-03 14:29:44.024274,Kerosene,2,50.0,28.73997,77.11894,Rohini,0
a7096ce7-0bd9-421f-b6f0-a49155fffbbd,SHOP_025,BEN_02275,2026-01-03 14:30:26.024274,Kerosene,2,50.0,28.624929,77.222474,Central Delhi,0
abeff6b8-d217-4cf9-a83d-bc1b6a90fedd,SHOP_008,BEN_02385,2026-01-03 14:34:24.024274,Oil,1,50.0,28.666336,77.103257,West Delhi,0
4570a6ed-ca32-4436-a470-a88db492145d,SHOP_039,BEN_01081,2026-01-03 14:36:21.024274,Kerosene,1,25.0,28.707365,77.109479,Rohini,0
64b9f3b4-83ba-40ce-855a-7f9316bfb6b2,SHOP_048,BEN_01048,2026-01-03 14:49:06.024274,Sugar,1,20.0,28.596532,77.044874,Dwarka,0
01c52f88-b597-49fd-bc88-ae6d464670ee,SHOP_023,BEN_00264,2026-01-03 14:50:35.024274,Rice,8,24.0,28.592266,77.310411,East Delhi,0
f45fb588-0369-4e68-82a1-d0dea56d25eb,SHOP_025,BEN_01769,2026-01-03 14:53:25.024274,Rice,11,33.0,28.624929,77.222474,Central Delhi,0
8cab68aa-5213-4f78-8270-78ad2a43f023,SHOP_013,BEN_00737,2026-01-03 15:02:21.024274,Kerosene,1,25.0,28.689861,77.183213,North Delhi,0
eeb028fd-8bb7-4f5d-ab3c-0ca03a6ca9e7,SHOP_013,BEN_01204,2026-01-03 15:03:14.024274,Sugar,2,40.0,28.689861,77.183213,North Delhi,0
041348dc-1ed3-4b76-8fe0-a7f1fca9222a,SHOP_019,BEN_01753,2026-01-03 15:10:35.024274,Rice,12,36.0,28.631679,77.201199,Central Delhi,0
61d54ea2-aa08-4279-b581-7acabb482619,SHOP_014,BEN_01755,2026-01-03 15:11:08.024274,Rice,5,15.0,28.708352,77.106686,Rohini,0
b5c89d1b-4b51-4e0b-a7e2-042cee4bfb9c,SHOP_047,BEN_02690,2026-01-03 15:12:02.024274,Rice,10,30.0,28.715937,77.10426,Rohini,0
4ed881d2-aba8-4c29-b376-ba98b6342f8e,SHOP_013,BEN_01100,2026-01-03 15:13:06.024274,Wheat,15,30.0,28.689861,77.183213,North Delhi,0
8d43ee66-c509-440b-9365-6e0ee81fbd94,SHOP_007,BEN_00960,2026-01-03 15:14:16.024274,Oil,1,50.0,28.520513,77.217525,South Delhi,0
2346bb52-9b85-4c4b-9861-f9739aa89e8a,SHOP_047,BEN_00507,2026-01-03 15:18:01.024274,Wheat,19,38.0,28.715937,77.10426,Rohini,0
3cc627e4-9990-45c0-ae71-0ffc36020a2b,SHOP_046,BEN_02572,2026-01-03 15:18:44.024274,Sugar,3,60.0,28.634402,77.315239,East Delhi,0
71dc13c5-8edb-4c05-bc86-52cb688c1f10,SHOP_006,BEN_00383,2026-01-03 15:28:11.024274,Kerosene,3,75.0,28.6356,77.229758,Central Delhi,0
135fad1b-640f-450d-9b88-be4512105166,SHOP_033,BEN_01708,2026-01-03 15:33:23.024274,Kerosene,2,50.0,28.731131,77.204781,North Delhi,0
77ca5a52-70b0-4c2e-a267-871d5f426a01,SHOP_043,BEN_00906,2026-01-03 15:37:49.024274,Oil,2,100.0,28.561519,77.048283,Dwarka,0
dc4ed7f7-3295-435b-bc72-5e3770f19468,SHOP_011,BEN_02095,2026-01-03 15:40:16.024274,Sugar,1,20.0,28.732554,77.205993,North Delhi,0
f88e5595-5069-4106-83ed-37bfd15d972f,SHOP_009,BEN_01020,2026-01-03 15:42:38.024274,Sugar,3,60.0,28.633713,77.107844,West Delhi,0
84a13dcf-0319-4e26-9c01-ba596e522049,SHOP_048,BEN_01738,2026-01-03 15:44:32.024274,Kerosene,2,50.0,28.596532,77.044874,Dwarka,0
2da43704-f20a-4aab-91d6-004f7e734bb1,SHOP_026,BEN_01966,2026-01-03 15:45:17.024274,Rice,5,15.0,28.645158,77.323228,East Delhi,0
9efb1894-15e6-4620-a65f-e524fae51073,SHOP_032,BEN_01550,2026-01-03 15:50:12.024274,Sugar,3,60.0,28.708017,77.126743,Rohini,0
2e485ddb-b659-4341-9d36-7391c5bbaf76,SHOP_019,BEN_02145,2026-01-03 15:54:00.024274,Kerosene,3,75.0,28.631679,77.201199,Central Delhi,0
a7cf0b5b-8769-427a-af7f-be7f6164aac3,SHOP_019,BEN_02293,2026-01-03 15:55:21.024274,Rice,11,33.0,28.631679,77.201199,Central Delhi,0
03ec2237-23e4-4647-b59f-d609de947feb,SHOP_039,BEN_01346,2026-01-03 15:56:20.024274,Oil,2,100.0,28.707365,77.109479,Rohini,0
8ad7347a-2a88-4de9-acf5-71c07aae0613,SHOP_013,BEN_02594,2026-01-03 15:58:51.024274,Wheat,17,34.0,28.689861,77.183213,North Delhi,0
e6c74e47-3243-4f64-800d-2c5cc20bf52a,SHOP_001,BEN_02730,2026-01-03 16:04:53.024274,Sugar,3,60.0,28.563667,77.196744,South Delhi,0
ce03451c-41be-493e-8705-b866748c0162,SHOP_029,BEN_02769,2026-01-03 16:10:58.024274,Sugar,1,20.0,28.583723,77.064561,Dwarka,0
c925f6a2-cc2f-4883-890d-06d89d451670,SHOP_030,BEN_00679,2026-01-03 16:16:09.024274,Wheat,7,14.0,28.656014,77.071143,West Delhi,0
c0644c38-b7e7-427d-9b06-9572cb87593d,SHOP_033,BEN_02537,2026-01-03 16:22:20.024274,Wheat,8,16.0,28.731131,77.204781,North Delhi,0
61bfb05d-4452-4560-9eb3-61915a9cf02f,SHOP_039,BEN_01065,2026-01-03 16:22:45.024274,Sugar,1,20.0,28.707365,77.109479,Rohini,0
d6e505f7-4550-4d4b-a84d-e66ad47156ca,SHOP_010,BEN_01951,2026-01-03 16:24:29.024274,Rice,10,30.0,28.581134,77.064005,Dwarka,0
48968535-7beb-4211-bb10-1bdd80fedcf2,SHOP_024,BEN_01440,2026-01-03 16:25:39.024274,Oil,1,50.0,28.505958,77.198023,South Delhi,0
3e9329f7-3f3c-4b6c-8295-ce3de46a1745,SHOP_041,BEN_02821,2026-01-03 16:41:32.024274,Sugar,3,60.0,28.676266,77.100986,West Delhi,0
3a3d5f4e-8a91-4954-9790-e460fef00506,SHOP_018,BEN_01538,2026-01-03 16:42:45.024274,Oil,2,100.0,28.610429,77.188088,Central Delhi,0
85247639-f5e1-4d96-8246-909d9c9d9bb9,SHOP_039,BEN_02972,2026-01-03 16:44:45.024274,Oil,2,100.0,28.707365,77.109479,Rohini,0
fabaada1-ac8c-4307-8cb3-ae9d7c7a989d,SHOP_037,BEN_01431,2026-01-03 16:45:00.024274,Sugar,1,20.0,28.707215,77.215419,North Delhi,0
ad825874-7ef4-47c8-bcd9-2478c8e20f81,SHOP_038,BEN_00886,2026-01-03 16:46:20.024274,Oil,2,100.0,28.737713,77.199062,North Delhi,0
f5813797-dfa1-4345-8e1c-81acf5a858f8,SHOP_005,BEN_00150,2026-01-03 16:57:43.024274,Sugar,2,40.0,28.599771,77.274279,East Delhi,0
e827214f-8cf0-4b2c-b61a-6e764f5ed185,SHOP_029,BEN_01404,2026-01-03 16:58:59.024274,Sugar,3,60.0,28.583723,77.064561,Dwarka,0
fda1daf1-b1fb-4252-ac0a-09434972459a,SHOP_046,BEN_00552,2026-01-03 17:01:22.024274,Wheat,14,28.0,28.634402,77.315239,East Delhi,0
239c70c8-4abe-4426-847c-d548238d51ec,SHOP_050,BEN_02189,2026-01-03 17:06:20.024274,Rice,7,21.0,28.560938,77.180795,South Delhi,0
8b9be0a2-cbe8-45bf-a0c3-4fe7f48bd54a,SHOP_047,BEN_02131,2026-01-03 17:26:25.024274,Sugar,3,60.0,28.715937,77.10426,Rohini,0
79adceaf-0d33-48bd-b11b-d44ff58f9d95,SHOP_035,BEN_01991,2026-01-03 17:36:40.024274,Rice,8,24.0,28.715607,77.125559,Rohini,0
7c09200f-b71a-4ca3-b1af-f7c23f2b4b8f,SHOP_012,BEN_00797,2026-01-03 17:42:41.024274,Wheat,19,38.0,28.618685,77.319017,East Delhi,0
cbd68852-77ad-4e33-881a-165e1bd3a154,SHOP_033,BEN_02136,2026-01-03 17:42:43.024274,Rice,6,18.0,28.731131,77.204781,North Delhi,0
494ae438-85c8-4dca-8c02-77d13b98b5ef,SHOP_025,BEN_01521,2026-01-03 17:46:06.024274,Kerosene,2,50.0,28.624929,77.222474,Central Delhi,0
400dccd8-24aa-4b84-9abf-7710dfe88c8b,SHOP_046,BEN_00110,2026-01-03 17:56:32.024274,Wheat,20,40.0,28.634402,77.315239,East Delhi,0
cdebb6e4-0b01-4d81-bf8e-9a224419a6ab,SHOP_012,BEN_01607,2026-01-03 17:59:32.024274,Oil,1,50.0,28.618685,77.319017,East Delhi,0
05632ffe-59d2-4726-83a9-67fe4c8ec18e,SHOP_026,BEN_00512,2026-01-03 18:00:41.024274,Oil,1,50.0,28.645158,77.323228,East Delhi,0
6cc49c9c-d4ad-4525-8d0e-34ea145a6743,SHOP_019,BEN_02725,2026-01-03 18:05:20.024274,Wheat,19,38.0,28.631679,77.201199,Central Delhi,0
8ba36886-156c-49ff-8a52-fa4409f5a485,SHOP_032,BEN_02180,2026-01-03 18:06:30.024274,Sugar,3,60.0,28.708017,77.126743,Rohini,0
1dddc89c-8889-4834-8b56-a3c85898cb1e,SHOP_026,BEN_00558,2026-01-03 18:13:33.024274,Rice,7,21.0,28.645158,77.323228,East Delhi,0
7bf69c63-3106-4db3-9bd1-24b6d0c485a1,SHOP_022,BEN_01756,2026-01-03 18:29:50.024274,Oil,1,50.0,28.696907,77.177649,North Delhi,0
e259a382-ee55-40f8-b735-ec7f09957222,SHOP_042,BEN_01500,2026-01-03 18:39:22.024274,Sugar,1,20.0,28.598757,77.020815,Dwarka,0
4ca38232-7bd3-4c61-82d1-5296eeb87b0a,SHOP_036,BEN_00394,2026-01-03 18:40:44.024274,Wheat,16,32.0,28.73997,77.11894,Rohini,0
2efad3c1-b530-43a4-9630-d3e35866f6a4,SHOP_028,BEN_01699,2026-01-03 18:44:15.024274,Sugar,2,40.0,28.644078,77.187159,Central Delhi,0
28847c55-aaee-4f67-a8ca-3e5e92842f95,SHOP_006,BEN_02132,2026-01-03 18:50:21.024274,Sugar,3,60.0,28.6356,77.229758,Central Delhi,0
f7dc52a1-b8df-4fcc-8b57-bef58c92790b,SHOP_040,BEN_00104,2026-01-03 18:52:04.024274,Wheat,5,10.0,28.673266,77.089259,West Delhi,0
9cd02701-8a71-4444-b771-5ba8cfed9cca,SHOP_050,BEN_00641,2026-01-03 18:56:32.024274,Kerosene,2,50.0,28.560938,77.180795,South Delhi,0
1212251f-96e9-4368-a8a5-5eb2ffa0a9dd,SHOP_034,BEN_02341,2026-01-03 19:01:18.024274,Oil,2,100.0,28.586699,77.035213,Dwarka,0
913db3d9-e0a8-4e0e-8202-644d5b8a7f8f,SHOP_028,BEN_02767,2026-01-03 19:09:34.024274,Oil,1,50.0,28.644078,77.187159,Central Delhi,0
db189748-d81c-4d4f-936f-22667fcc2009,SHOP_023,BEN_00147,2026-01-03 19:12:21.024274,Kerosene,1,25.0,28.592266,77.310411,East Delhi,0
6198895c-34b2-4f3e-b636-0eda5ee62359,SHOP_048,BEN_02480,2026-01-03 19:17:59.024274,Wheat,10,20.0,28.596532,77.044874,Dwarka,0
c081378f-cbab-49f9-8f38-55d827bfd798,SHOP_002,BEN_01944,2026-01-03 19:20:01.024274,Sugar,2,40.0,28.648957,77.10634,West Delhi,0
675d8d7b-a3ff-4591-90ad-b31b480ffd9f,SHOP_032,BEN_00111,2026-01-03 19:21:12.024274,Wheat,14,28.0,28.708017,77.126743,Rohini,0
1ffd08b0-eb0a-4a76-a920-08773c8d1002,SHOP_036,BEN_01270,2026-01-03 19:33:22.024274,Oil,1,50.0,28.73997,77.11894,Rohini,0
cede1c89-54da-44c2-aee9-5ad4aa0664aa,SHOP_027,BEN_02491,2026-01-03 19:34:55.024274,Rice,17,51.0,28.603311,77.025358,Dwarka,0
bd37be1a-62e1-4d5e-a100-a9eb16bcef08,SHOP_035,BEN_00966,2026-01-03 19:37:26.024274,Sugar,3,60.0,28.715607,77.125559,Rohini,0
958f5d86-28dc-4c4c-9dc1-77789f482646,SHOP_034,BEN_01545,2026-01-03 19:49:24.024274,Sugar,1,20.0,28.586699,77.035213,Dwarka,0
dfaf3f2e-ade9-4778-8cdb-78cc8dcf2b21,SHOP_046,BEN_02832,2026-01-03 19:54:15.024274,Sugar,2,40.0,28.634402,77.315239,East Delhi,0
9addea95-36a9-46cd-82bc-6a75676a3c1b,SHOP_019,BEN_02958,2026-01-03 19:54:55.024274,Rice,18,54.0,28.631679,77.201199,Central Delhi,0
0fbc1d28-8244-4edb-8656-c0e86a83889d,SHOP_029,BEN_01929,2026-01-03 19:58:21.024274,Kerosene,2,50.0,28.583723,77.064561,Dwarka,0
225511a1-1819-4996-9a9c-7fbf8fd91327,SHOP_045,BEN_01525,2026-01-04 02:41:40.024274,Kerosene,1,25.0,28.633767,77.205731,Central Delhi,1
df5c40e3-bd4a-4d49-9446-1534a4536e1b,SHOP_031,BEN_02692,2026-01-04 08:02:23.024274,Kerosene,3,75.0,28.727982,77.18544,North Delhi,0
4dbafd6f-130f-436b-b526-3afc7cd5e3f8,SHOP_024,BEN_00719,2026-01-04 08:06:46.024274,Sugar,1,20.0,28.505958,77.198023,South Delhi,0
12cf1df0-70c4-47ff-b285-7af676f7b80a,SHOP_049,BEN_00742,2026-01-04 08:14:30.024274,Rice,11,33.0,28.514677,77.242533,South Delhi,0
91a2d9d3-fa5c-40f6-a9d3-905e71265527,SHOP_037,BEN_02392,2026-01-04 08:26:59.024274,Sugar,3,60.0,28.707215,77.215419,North Delhi,0
4685e983-6f72-4410-a875-cec9ea1e5f2f,SHOP_018,BEN_02743,2026-01-04 08:28:44.024274,Kerosene,3,75.0,28.610429,77.188088,Central Delhi,0
77dba23f-09ae-457a-8a3c-ae5e7acf5e62,SHOP_010,BEN_02649,2026-01-04 08:29:10.024274,Rice,11,33.0,28.581134,77.064005,Dwarka,0
43c221eb-5e49-4300-b0d7-cf830e919742,SHOP_012,BEN_01548,2026-01-04 08:38:18.024274,Kerosene,1,25.0,28.618685,77.319017,East Delhi,0
74ed2c37-9430-401f-aace-4668401e4469,SHOP_021,BEN_01842,2026-01-04 08:48:14.024274,Rice,14,42.0,28.654216,77.114329,West Delhi,0
ad4c91b4-216b-4498-94f0-7e736cb0c89d,SHOP_009,BEN_02951,2026-01-04 08:49:38.024274,Wheat,20,40.0,28.633713,77.107844,West Delhi,0
637451e4-bbdb-452c-8899-b6aae4f1b508,SHOP_038,BEN_00950,2026-01-04 08:50:45.024274,Wheat,5,10.0,28.737713,77.199062,North Delhi,0
95fe6f3b-9aab-4eeb-9dcc-c2b79ab1b666,SHOP_041,BEN_00809,2026-01-04 08:51:48.024274,Sugar,3,60.0,28.676266,77.100986,West Delhi,0
41103461-4d2c-4654-9970-93e708e55a99,SHOP_048,BEN_02047,2026-01-04 08:58:17.024274,Oil,2,100.0,28.596532,77.044874,Dwarka,0
de618db0-363e-4895-bbe1-6676e7e786a5,SHOP_008,BEN_02901,2026-01-04 09:00:20.024274,Sugar,3,60.0,28.666336,77.103257,West Delhi,0
ad4f7a5e-fdcc-47f8-a7d4-0ae28acf428a,SHOP_040,BEN_00212,2026-01-04 09:02:26.024274,Rice,13,39.0,28.673266,77.089259,West Delhi,0
98735b6b-41f3-44fc-9dc4-a10598c0aacd,SHOP_016,BEN_00948,2026-01-04 09:12:33.024274,Kerosene,1,25.0,28.644796,77.107779,West Delhi,0
0cd6240f-e3f1-42b1-9464-67ae9b464b5c,SHOP_011,BEN_00860,2026-01-04 09:19:01.024274,Sugar,3,60.0,28.732554,77.205993,North Delhi,0
cffdb06f-f903-4a72-8889-902c0610f2bc,SHOP_005,BEN_01147,2026-01-04 09:19:43.024274,Wheat,19,38.0,28.599771,77.274279,East Delhi,0
9dc32fc7-dcf4-4c3d-b89e-123310b664f7,SHOP_037,BEN_02219,2026-01-04 09:24:02.024274,Sugar,3,60.0,28.707215,77.215419,North Delhi,0
6d950197-ce3d-4880-987b-6e831d76013d,SHOP_015,BEN_02697,2026-01-04 09:25:44.024274,Wheat,15,30.0,28.630112,77.110956,West Delhi,0
318dcfae-ec32-4d25-9807-4588b4d9fd15,SHOP_005,BEN_00941,2026-01-04 09:34:13.024274,Kerosene,2,50.0,28.599771,77.274279,East Delhi,0
bc2adc9b-ef82-4a27-986d-7389f3748f9e,SHOP_010,BEN_01624,2026-01-04 09:35:08.024274,Wheat,14,28.0,28.581134,77.064005,Dwarka,0
b871c776-bc06-485c-8894-6525b467c14b,SHOP_013,BEN_01704,2026-01-04 09:39:11.024274,Sugar,1,20.0,28.689861,77.183213,North Delhi,0
42e1278f-2f01-4648-bd34-9dce337a84bc,SHOP_049,BEN_02129,2026-01-04 09:43:47.024274,Wheat,12,24.0,28.514677,77.242533,South Delhi,0
ab157ed7-1969-4f24-84cf-c27d63341cf6,SHOP_002,BEN_02717,2026-01-04 09:46:23.024274,Kerosene,3,75.0,28.648957,77.10634,West Delhi,0
69b8bb73-5714-4753-9942-f15f150e7442,SHOP_025,BEN_02485,2026-01-04 09:50:06.024274,Rice,18,54.0,28.624929,77.222474,Central Delhi,0
d651e27d-8802-4ccc-bc56-6477e306b8ec,SHOP_046,BEN_00802,2026-01-04 09:51:26.024274,Wheat,11,22.0,28.634402,77.315239,East Delhi,0
949d8f6e-34a2-41eb-a427-e8eaeaf80562,SHOP_029,BEN_02259,2026-01-04 09:54:08.024274,Rice,5,15.0,28.583723,77.064561,Dwarka,0
177e36bf-a673-4c34-acba-3edb6ce2c4a6,SHOP_026,BEN_02298,2026-01-04 09:54:39.024274,Kerosene,3,75.0,28.645158,77.323228,East Delhi,0
d81b21fc-514e-4b6e-b0f9-77098eb0bb0e,SHOP_030,BEN_02697,2026-01-04 10:01:15.024274,Sugar,1,20.0,28.656014,77.071143,West Delhi,0
5ff5cc11-7161-490f-a9d3-2923f73d395b,SHOP_039,BEN_02402,2026-01-04 10:01:58.024274,Rice,7,21.0,28.707365,77.109479,Rohini,0
8cb4aa6e-ac59-4cf2-b310-55d96d6886d6,SHOP_041,BEN_01809,2026-01-04 10:02:25.024274,Kerosene,1,25.0,28.676266,77.100986,West Delhi,0
2e01c73c-b3bf-4b13-9aed-e76aae2bde61,SHOP_010,BEN_00234,2026-01-04 10:06:55.024274,Kerosene,1,25.0,28.581134,77.064005,Dwarka,0
574b2fb7-3cf5-47b6-944e-e24c9693736c,SHOP_002,BEN_02458,2026-01-04 10:15:58.024274,Kerosene,2,50.0,28.648957,77.10634,West Delhi,0
9bbdbb4e-5ebc-4920-b302-19993b4423b8,SHOP_018,BEN_00496,2026-01-04 10:18:30.024274,Wheat,14,28.0,28.610429,77.188088,Central Delhi,0
40b06066-b2b8-4de3-940e-ab1251c50e47,SHOP_021,BEN_01446,2026-01-04 10:21:14.024274,Kerosene,1,25.0,28.654216,77.114329,West Delhi,0
f849742f-6c74-498c-87a1-45aa6fbd8b65,SHOP_028,BEN_02674,2026-01-04 10:23:17.024274,Rice,10,30.0,28.644078,77.187159,Central Delhi,0
689fc2de-802e-4ed1-b651-1fdb5649c6f2,SHOP_037,BEN_02375,2026-01-04 10:25:05.024274,Oil,2,100.0,28.707215,77.215419,North Delhi,0
8aa1e3fa-6503-48a0-8bc1-fc676508b034,SHOP_022,BEN_00867,2026-01-04 10:25:50.024274,Sugar,1,20.0,28.696907,77.177649,North Delhi,0
6695f8cb-5c41-486d-bafc-e37a6169ea50,SHOP_018,BEN_00664,2026-01-04 10:31:49.024274,Rice,9,27.0,28.610429,77.188088,Central Delhi,0
c875aa85-fa52-42c2-b4b2-5a7107f71bcb,SHOP_010,BEN_02693,2026-01-04 10:32:14.024274,Rice,17,51.0,28.581134,77.064005,Dwarka,0
3ecf8253-29bf-461a-869b-9a6878b75e41,SHOP_024,BEN_00122,2026-01-04 10:37:15.024274,Rice,15,45.0,28.505958,77.198023,South Delhi,0
25ad0a56-85c1-4a4f-954d-6b84b6f3f777,SHOP_048,BEN_02198,2026-01-04 10:38:19.024274,Rice,7,21.0,28.596532,77.044874,Dwarka,0
4431272f-2357-4bcf-a4e3-44f4561fae88,SHOP_030,BEN_01928,2026-01-04 10:40:57.024274,Kerosene,1,25.0,28.656014,77.071143,West Delhi,0
f031141e-fd6c-4713-b866-1c28365e939c,SHOP_046,BEN_01533,2026-01-04 10:55:49.024274,Sugar,2,40.0,28.634402,77.315239,East Delhi,0
8a48ce22-e418-4847-8fba-82eb4b9194f7,SHOP_034,BEN_01945,2026-01-04 11:05:14.024274,Kerosene,2,50.0,28.586699,77.035213,Dwarka,0
ede8d627-eb7d-42a5-ad77-faaac02164a6,SHOP_019,BEN_01122,2026-01-04 11:08:41.024274,Kerosene,3,75.0,28.631679,77.201199,Central Delhi,0
4abe1b8e-217a-4209-b8cd-a707a101f9ae,SHOP_027,BEN_02440,2026-01-04 11:18:26.024274,Sugar,2,40.0,28.603311,77.025358,Dwarka,0
33091662-2ea7-4c25-9ed7-e99909e2b98a,SHOP_043,BEN_02553,2026-01-04 11:19:00.024274,Wheat,18,36.0,28.561519,77.048283,Dwarka,0
1be80a9c-f808-41c7-adb8-aa9841f89476,SHOP_038,BEN_01485,2026-01-04 11:24:14.024274,Sugar,1,20.0,28.737713,77.199062,North Delhi,0
e5f62376-3263-4665-bb96-6b672fa47e47,SHOP_011,BEN_01059,2026-01-04 11:29:11.024274,Kerosene,1,25.0,28.732554,77.205993,North Delhi,0
5c70dbd1-815a-4f3b-b55f-7437bc89020d,SHOP_013,BEN_02038,2026-01-04 11:36:38.024274,Sugar,1,20.0,28.689861,77.183213,North Delhi,0
0bb6a757-c042-48a3-84e7-50595fd3219c,SHOP_032,BEN_00411,2026-01-04 12:08:17.024274,Wheat,13,26.0,28.708017,77.126743,Rohini,0
5182836f-7830-4c15-9077-82cf7eddb88e,SHOP_033,BEN_01545,2026-01-04 12:12:04.024274,Kerosene,3,75.0,28.731131,77.204781,North Delhi,0
39e30c6d-29cd-401e-9073-ea28c84f6780,SHOP_017,BEN_00553,2026-01-04 12:17:59.024274,Sugar,1,20.0,28.722696,77.129286,Rohini,0
bd5fd7d1-cabf-46ab-9d22-3217f14b3938,SHOP_023,BEN_00476,2026-01-04 12:22:01.024274,Rice,13,39.0,28.592266,77.310411,East Delhi,0
e531fcdb-7327-4581-934b-129905142177,SHOP_014,BEN_02603,2026-01-04 12:23:20.024274,Kerosene,3,75.0,28.708352,77.106686,Rohini,0
9f0a6f77-b611-4012-ad20-0df35693f4a1,SHOP_021,BEN_01609,2026-01-04 12:23:39.024274,Kerosene,1,25.0,28.654216,77.114329,West Delhi,0
ee1bd004-c99f-4616-9270-894cb3b7a32e,SHOP_043,BEN_00715,2026-01-04 12:35:58.024274,Rice,8,24.0,28.561519,77.048283,Dwarka,0
276f0ce4-ffae-4894-9676-97adaf41c6b7,SHOP_011,BEN_01997,2026-01-04 12:41:32.024274,Sugar,3,60.0,28.732554,77.205993,North Delhi,0
2e5f6871-149b-41c9-8d80-9d1708ce8658,SHOP_049,BEN_02600,2026-01-04 12:42:17.024274,Rice,10,30.0,28.514677,77.242533,South Delhi,0
e75c8c4a-6d61-40d7-a8e9-93f170fefaeb,SHOP_007,BEN_02211,2026-01-04 12:43:44.024274,Oil,1,50.0,28.520513,77.217525,South Delhi,0
1885f993-dec4-4f21-bf85-906940de384e,SHOP_029,BEN_00574,2026-01-04 12:46:58.024274,Sugar,3,60.0,28.583723,77.064561,Dwarka,0
64ee19c8-62d7-434c-a3ab-a129ccd0c63f,SHOP_030,BEN_00788,2026-01-04 12:49:48.024274,Wheat,6,12.0,28.656014,77.071143,West Delhi,0
b4f8f136-9a8f-477f-8184-7201e7c74794,SHOP_023,BEN_00857,2026-01-04 12:57:50.024274,Rice,17,51.0,28.592266,77.310411,East Delhi,0
07b7ada8-6694-410c-b086-d72b8cb062e0,SHOP_002,BEN_00467,2026-01-04 13:08:32.024274,Oil,2,100.0,28.648957,77.10634,West Delhi,0
d55ed54c-e9d4-4848-8afa-bbf0d84388b1,SHOP_025,BEN_00994,2026-01-04 13:12:29.024274,Wheat,18,36.0,28.624929,77.222474,Central Delhi,0
638bca22-76b1-449c-afdd-5e82841511bc,SHOP_023,BEN_01009,2026-01-04 13:16:59.024274,Rice,7,21.0,28.592266,77.310411,East Delhi,0
f949bc27-4dad-4fe5-b7c6-0220d6d19b2b,SHOP_022,BEN_01047,2026-01-04 13:17:47.024274,Rice,8,24.0,28.696907,77.177649,North Delhi,0
254783bd-bbab-422e-a7b2-44ac8bb8b2bb,SHOP_047,BEN_01619,2026-01-04 13:24:32.024274,Oil,2,100.0,28.715937,77.10426,Rohini,0
1b64872f-c846-4ef1-9760-24a4f827e221,SHOP_024,BEN_00387,2026-01-04 13:31:15.024274,Rice,6,18.0,28.505958,77.198023,South Delhi,0
d9247cf1-1522-42ac-a41f-55d8a9b2898e,SHOP_015,BEN_01063,2026-01-04 13:33:57.024274,Sugar,2,40.0,28.630112,77.110956,West Delhi,0
fce672b3-3bf6-43bd-9809-3fe17af4f96d,SHOP_031,BEN_02685,2026-01-04 13:34:08.024274,Oil,2,100.0,28.727982,77.18544,North Delhi,0
7425b5e7-3310-4ac6-ab8c-8a554d01b176,SHOP_014,BEN_00096,2026-01-04 13:35:18.024274,Rice,17,51.0,28.708352,77.106686,Rohini,0
c5775585-30a6-4ebd-a49c-5fc600066593,SHOP_048,BEN_02151,2026-01-04 13:38:43.024274,Kerosene,3,75.0,28.596532,77.044874,Dwarka,0
09ae592c-8918-45dd-8e36-723e64466544,SHOP_026,BEN_00705,2026-01-04 13:38:47.024274,Sugar,3,60.0,28.645158,77.323228,East Delhi,0
64171be3-0912-4908-afef-106edb6949db,SHOP_028,BEN_02563,2026-01-04 13:41:36.024274,Oil,2,100.0,28.644078,77.187159,Central Delhi,0
e74a47aa-259f-4468-bb78-b754d2f28028,SHOP_009,BEN_02271,2026-01-04 13:43:36.024274,Sugar,2,40.0,28.633713,77.107844,West Delhi,0
32042ca8-48bb-4c61-bb08-18a7519018d8,SHOP_034,BEN_00992,2026-01-04 13:45:43.024274,Oil,1,50.0,28.586699,77.035213,Dwarka,0
160fc4dd-0b40-4bdc-8c3f-01835e22c8c7,SHOP_020,BEN_02118,2026-01-04 13:50:35.024274,Kerosene,1,25.0,28.736478,77.119912,Rohini,0
1663f035-2f0d-4397-98b8-d92dfce7637a,SHOP_043,BEN_00182,2026-01-04 13:51:26.024274,Sugar,1,20.0,28.561519,77.048283,Dwarka,0
29166ede-0fd9-4de2-b3a1-831fcbffeb9e,SHOP_009,BEN_02514,2026-01-04 13:54:47.024274,Rice,19,57.0,28.633713,77.107844,West Delhi,0
b73d2272-3820-40a1-81b8-c73a7a6ac207,SHOP_028,BEN_01138,2026-01-04 13:57:10.024274,Rice,17,51.0,28.644078,77.187159,Central Delhi,0
4d903b76-b404-4df5-8419-a6e3da312e6b,SHOP_023,BEN_00456,2026-01-04 13:57:36.024274,Kerosene,2,50.0,28.592266,77.310411,East Delhi,0
cda59d41-770a-4001-8611-d2108bba0d5b,SHOP_033,BEN_00240,2026-01-04 13:59:12.024274,Kerosene,2,50.0,28.731131,77.204781,North Delhi,0
e98a8e31-4325-46dc-939f-c0ff8d900490,SHOP_007,BEN_00694,2026-01-04 14:06:35.024274,Oil,2,100.0,28.520513,77.217525,South Delhi,0
2ff9e7e2-4442-4c7e-ba89-fac52801b0eb,SHOP_037,BEN_00414,2026-01-04 14:06:49.024274,Oil,1,50.0,28.707215,77.215419,North Delhi,0
66ea7a19-23ce-414e-af2e-192f2a5802ab,SHOP_001,BEN_00614,2026-01-04 14:19:25.024274,Oil,2,100.0,28.563667,77.196744,South Delhi,0
f66bc82c-3307-425e-85cb-32736c93a784,SHOP_043,BEN_00656,2026-01-04 14:23:08.024274,Wheat,16,32.0,28.561519,77.048283,Dwarka,0
94550036-a9a8-49a0-b682-7a33eb644869,SHOP_021,BEN_02850,2026-01-04 14:28:57.024274,Kerosene,3,75.0,28.654216,77.114329,West Delhi,0
5bdc1ea2-b3c4-4b0a-815f-d8d5bf3fc1bc,SHOP_042,BEN_02730,2026-01-04 14:29:07.024274,Wheat,11,22.0,28.598757,77.020815,Dwarka,0
16145a95-e3f8-4042-ad5e-1da57d45c39c,SHOP_039,BEN_01772,2026-01-04 14:31:35.024274,Kerosene,3,75.0,28.707365,77.109479,Rohini,0
1e0864b0-9568-478d-a669-f8ceafc036b7,SHOP_009,BEN_01026,2026-01-04 14:34:47.024274,Oil,1,50.0,28.633713,77.107844,West Delhi,0
e77d7bb5-d9b8-410f-946f-aae772b8b7a4,SHOP_048,BEN_01476,2026-01-04 14:46:41.024274,Oil,2,100.0,28.596532,77.044874,Dwarka,0
7817c0b1-f2a3-4124-ba5f-098bd4b547ab,SHOP_009,BEN_02571,2026-01-04 14:49:42.024274,Oil,1,50.0,28.633713,77.107844,West Delhi,0
b3d1fd25-7c33-49a4-9d8f-9ff015bf404b,SHOP_001,BEN_00121,2026-01-04 14:51:03.024274,Wheat,11,22.0,28.563667,77.196744,South Delhi,0
99b07503-d81b-4fbc-ae37-a70ce1b131aa,SHOP_025,BEN_02723,2026-01-04 14:51:34.024274,Sugar,3,60.0,28.624929,77.222474,Central Delhi,0
8fba9347-a682-4f6e-8f1e-82634e406cfe,SHOP_002,BEN_01265,2026-01-04 14:54:33.024274,Wheat,11,22.0,28.648957,77.10634,West Delhi,0
52eca7bc-9bd3-44e6-8a27-6010a61c157f,SHOP_005,BEN_02628,2026-01-04 14:56:49.024274,Oil,2,100.0,28.599771,77.274279,East Delhi,0
8cc31e42-9892-4361-93e5-2008e56b5c55,SHOP_019,BEN_01005,2026-01-04 15:00:45.024274,Kerosene,1,25.0,28.631679,77.201199,Central Delhi,0
4dda88bb-2bd4-46c3-9c7c-3fadabc604c1,SHOP_007,BEN_01448,2026-01-04 15:06:14.024274,Rice,18,54.0,28.520513,77.217525,South Delhi,0
2e5cbb0f-3bf4-4ae5-abb4-8250b770166f,SHOP_011,BEN_01055,2026-01-04 15:16:18.024274,Sugar,2,40.0,28.732554,77.205993,North Delhi,0
5a8d9b14-79bf-4027-9da9-0fca714d87de,SHOP_038,BEN_02303,2026-01-04 15:28:17.024274,Oil,2,100.0,28.737713,77.199062,North Delhi,0
09f600c0-6246-40ba-84fb-92318763ad16,SHOP_015,BEN_00042,2026-01-04 15:28:45.024274,Sugar,1,20.0,28.630112,77.110956,West Delhi,0
2c09ee59-b34a-4662-9f06-7f1e9abdd571,SHOP_021,BEN_00897,2026-01-04 15:29:15.024274,Wheat,17,34.0,28.654216,77.114329,West Delhi,0
939aa815-0dcc-45e4-893f-4a62dcf64118,SHOP_039,BEN_01722,2026-01-04 15:34:47.024274,Rice,12,36.0,28.707365,77.109479,Rohini,0
a2288482-9cf1-48c3-9afb-e1e5d205f246,SHOP_037,BEN_00611,2026-01-04 15:40:53.024274,Oil,1,50.0,28.707215,77.215419,North Delhi,0
3d4e31a4-3980-4576-82de-d0eaed8c2707,SHOP_032,BEN_02665,2026-01-04 15:41:53.024274,Rice,8,24.0,28.708017,77.126743,Rohini,0
875d4e03-631a-4d67-af7a-589c05e7cd96,SHOP_006,BEN_01012,2026-01-04 15:44:35.024274,Rice,18,54.0,28.6356,77.229758,Central Delhi,0
8f0ad7a0-f5dc-4677-b780-caec86e144a2,SHOP_008,BEN_01670,2026-01-04 15:47:26.024274,Kerosene,1,25.0,28.666336,77.103257,West Delhi,0
6a158773-ba1b-4ba0-b330-1a206336275d,SHOP_022,BEN_01582,2026-01-04 15:48:57.024274,Oil,2,100.0,28.696907,77.177649,North Delhi,0
57cebfd3-ceb1-47cc-a0a6-d42d2aecb15b,SHOP_024,BEN_00099,2026-01-04 15:57:21.024274,Kerosene,2,50.0,28.505958,77.198023,South Delhi,0
0c0aec62-71cc-4e7c-aca6-9042084299b6,SHOP_018,BEN_00735,2026-01-04 15:58:26.024274,Rice,8,24.0,28.610429,77.188088,Central Delhi,0
fbfb32dd-020e-4276-ab20-518207f5b7a0,SHOP_046,BEN_00238,2026-01-04 15:59:44.024274,Wheat,20,40.0,28.634402,77.315239,East Delhi,0
087f4f60-72ce-4d46-880b-95db0a0f85da,SHOP_034,BEN_02171,2026-01-04 16:02:39.024274,Sugar,3,60.0,28.586699,77.035213,Dwarka,0
83e382bc-fde4-426a-bc53-5945c957aaae,SHOP_020,BEN_00017,2026-01-04 16:06:27.024274,Rice,8,24.0,28.736478,77.119912,Rohini,0
59d6199c-b322-479b-abbf-445719346163,SHOP_019,BEN_02265,2026-01-04 16:11:14.024274,Wheat,13,26.0,28.631679,77.201199,Central Delhi,0
833023b8-c838-49d9-8bcf-82d43fa3e9b9,SHOP_024,BEN_00690,2026-01-04 16:21:06.024274,Oil,1,50.0,28.505958,77.198023,South Delhi,0
93605bbb-0a01-4016-85f5-a792c5491f31,SHOP_035,BEN_02657,2026-01-04 16:25:30.024274,Kerosene,3,75.0,28.715607,77.125559,Rohini,0
09fbf784-9d68-4a43-b78d-3f4e93ff1721,SHOP_028,BEN_02380,2026-01-04 16:27:45.024274,Sugar,2,40.0,28.644078,77.187159,Central Delhi,0
991ac394-df77-4a83-a5df-ef0524ffd20c,SHOP_003,BEN_00919,2026-01-04 16:35:06.024274,Kerosene,1,25.0,28.506364,77.204896,South Delhi,0
1d1b0bb0-1782-4887-9289-ead513d19c05,SHOP_027,BEN_00595,2026-01-04 16:35:13.024274,Sugar,3,60.0,28.603311,77.025358,Dwarka,0
e76be4b3-4380-4b06-8804-61eaf099e09f,SHOP_004,BEN_02685,2026-01-04 16:41:07.024274,Wheat,17,34.0,28.709316,77.129745,Rohini,0
36ddb62c-50b0-4765-b987-961b01b16692,SHOP_006,BEN_02727,2026-01-04 16:50:52.024274,Oil,1,50.0,28.6356,77.229758,Central Delhi,0
6fb25e8f-6a91-437b-8c3f-c410c963fb22,SHOP_050,BEN_00139,2026-01-04 16:51:22.024274,Sugar,3,60.0,28.560938,77.180795,South Delhi,0
744840a3-08e1-489b-a71f-5a872b905c7a,SHOP_037,BEN_01955,2026-01-04 16:53:08.024274,Sugar,2,40.0,28.707215,77.215419,North Delhi,0
2e2f32ab-daa8-46f5-9b85-a7679337f085,SHOP_034,BEN_00504,2026-01-04 16:56:03.024274,Kerosene,1,25.0,28.586699,77.035213,Dwarka,0
b17d5388-5a3e-48b5-9e6f-6e7408b849c8,SHOP_041,BEN_01102,2026-01-04 17:05:42.024274,Sugar,1,20.0,28.676266,77.100986,West Delhi,0
8fcc1b08-c6c1-4ec8-91bb-2c11b1d7c3df,SHOP_048,BEN_01221,2026-01-04 17:07:33.024274,Wheat,9,18.0,28.596532,77.044874,Dwarka,0
b42a27fc-3b35-4606-bb12-54c401b6be56,SHOP_004,BEN_00741,2026-01-04 17:09:05.024274,Wheat,8,16.0,28.709316,77.129745,Rohini,0
bb32635a-0100-4809-a008-204183c41998,SHOP_018,BEN_00829,2026-01-04 17:10:57.024274,Sugar,2,40.0,28.610429,77.188088,Central Delhi,0
be91094e-c2c8-44ee-91f0-3f7ad4306ad1,SHOP_007,BEN_01844,2026-01-04 17:16:14.024274,Wheat,10,20.0,28.520513,77.217525,South Delhi,0
3079cfd9-eb97-4dad-a1c0-1a379fa64694,SHOP_032,BEN_00999,2026-01-04 17:19:10.024274,Rice,6,18.0,28.708017,77.126743,Rohini,0
778fedb3-58e2-4540-bd18-80f4154bb976,SHOP_041,BEN_02029,2026-01-04 17:21:00.024274,Oil,1,50.0,28.676266,77.100986,West Delhi,0
12655dab-27c4-47d9-abbe-289e3d84b2b7,SHOP_001,BEN_01242,2026-01-04 17:24:00.024274,Rice,7,21.0,28.563667,77.196744,South Delhi,0
8a17e1f9-7e0b-4bd5-a34e-6b6cb8a8a381,SHOP_026,BEN_00352,2026-01-04 17:25:21.024274,Rice,20,60.0,28.645158,77.323228,East Delhi,0
da1eee72-36f4-4f3e-ae12-c01ae6b8f923,SHOP_014,BEN_00799,2026-01-04 17:36:20.024274,Wheat,10,20.0,28.708352,77.106686,Rohini,0
e841846a-31af-4231-8c3d-f9bf1f102d4f,SHOP_025,BEN_02630,2026-01-04 17:37:01.024274,Rice,20,60.0,28.624929,77.222474,Central Delhi,0
32ff40e2-130d-4be1-8804-92bdb3ddfeb2,SHOP_020,BEN_01719,2026-01-04 17:37:05.024274,Wheat,11,22.0,28.736478,77.119912,Rohini,0
3f63eb31-148e-4205-b13c-070223b556b4,SHOP_038,BEN_02807,2026-01-04 17:37:21.024274,Sugar,3,60.0,28.737713,77.199062,North Delhi,0
ae3e05a3-cf63-4d9e-8eeb-b5693d5593a9,SHOP_047,BEN_01809,2026-01-04 17:37:52.024274,Sugar,1,20.0,28.715937,77.10426,Rohini,0
db7179f3-333e-46c5-8099-30034e06b162,SHOP_050,BEN_02847,2026-01-04 17:38:30.024274,Oil,2,100.0,28.560938,77.180795,South Delhi,0
5a4055b5-1492-49a7-b097-e170539628e6,SHOP_047,BEN_01671,2026-01-04 17:43:18.024274,Wheat,16,32.0,28.715937,77.10426,Rohini,0
578eaab8-4c5c-4100-9b64-3f335f2e73ce,SHOP_033,BEN_02575,2026-01-04 17:44:33.024274,Oil,2,100.0,28.731131,77.204781,North Delhi,0
371fd316-f7b6-4c9f-9bf4-22ed327c126b,SHOP_012,BEN_01657,2026-01-04 17:59:12.024274,Sugar,1,20.0,28.618685,77.319017,East Delhi,0
d3dc2ca8-69c3-40af-88c3-d0bd293557e5,SHOP_006,BEN_02990,2026-01-04 18:09:43.024274,Oil,1,50.0,28.6356,77.229758,Central Delhi,0
eed30991-4ca7-4501-a82b-bc43bd9419c6,SHOP_045,BEN_01528,2026-01-04 18:10:29.024274,Kerosene,1,25.0,28.633767,77.205731,Central Delhi,0
da9a6f80-eee9-49c8-8700-b26b332d50aa,SHOP_004,BEN_02667,2026-01-04 18:22:17.024274,Rice,20,60.0,28.709316,77.129745,Rohini,0
b0ef6511-8fa9-472e-b723-9836f08ffc3c,SHOP_010,BEN_00194,2026-01-04 18:28:52.024274,Sugar,3,60.0,28.581134,77.064005,Dwarka,0
d3844e69-3edc-4503-8d41-c4f694beba0b,SHOP_005,BEN_01867,2026-01-04 18:34:07.024274,Oil,1,50.0,28.599771,77.274279,East Delhi,0
93460e25-16ec-4c68-988f-f08ad489e9ea,SHOP_027,BEN_01115,2026-01-04 18:35:03.024274,Oil,2,100.0,28.603311,77.025358,Dwarka,0
6bb0761c-2f38-4b1a-be31-b26c73c221c5,SHOP_017,BEN_02566,2026-01-04 18:35:57.024274,Wheat,17,34.0,28.722696,77.129286,Rohini,0
5b1f62a8-3ea5-40b5-8b06-d84214f6fe13,SHOP_030,BEN_01474,2026-01-04 18:38:16.024274,Oil,2,100.0,28.656014,77.071143,West Delhi,0
45c219d6-e797-4c56-ac36-a73f9cf443db,SHOP_021,BEN_01965,2026-01-04 18:48:01.024274,Wheat,17,34.0,28.654216,77.114329,West Delhi,0
fe4ee851-4e2b-4622-87d5-03b4badfb4a7,SHOP_034,BEN_00586,2026-01-04 18:54:28.024274,Rice,16,48.0,28.586699,77.035213,Dwarka,0
b14f3882-7c76-4c47-a53c-2d75b0d350d2,SHOP_033,BEN_00794,2026-01-04 19:04:25.024274,Kerosene,2,50.0,28.731131,77.204781,North Delhi,0
8348a9d5-c90f-45ce-ad1e-7d77c094fc6b,SHOP_045,BEN_02536,2026-01-04 19:06:02.024274,Kerosene,1,25.0,28.633767,77.205731,Central Delhi,0
19812c25-4c27-411c-a824-c1765ed953ee,SHOP_030,BEN_00453,2026-01-04 19:07:58.024274,Wheat,6,12.0,28.656014,77.071143,West Delhi,0
4e8a0125-082c-48e0-bfb2-5d6ec34f4bfa,SHOP_021,BEN_00538,2026-01-04 19:29:58.024274,Wheat,20,40.0,28.654216,77.114329,West Delhi,0
b16929dc-aa6a-41f2-b001-21aef04dd086,SHOP_050,BEN_01021,2026-01-04 19:38:56.024274,Rice,10,30.0,28.560938,77.180795,South Delhi,0
e83429c8-1e5a-4160-afc9-2a6c0c5ed4a0,SHOP_042,BEN_02660,2026-01-04 19:41:59.024274,Oil,1,50.0,28.598757,77.020815,Dwarka,0
7a16aefe-4ca6-471e-b7c7-c704fa6fe497,SHOP_011,BEN_00778,2026-01-04 19:44:26.024274,Sugar,2,40.0,28.732554,77.205993,North Delhi,0
4a0bddf4-cafb-4659-9782-a5c6128af38b,SHOP_022,BEN_01675,2026-01-04 19:55:45.024274,Oil,1,50.0,28.696907,77.177649,North Delhi,0
dafcd113-2ceb-42ef-af01-94dc1e6ce2d1,SHOP_036,BEN_00527,2026-01-04 19:58:41.024274,Sugar,3,60.0,28.73997,77.11894,Rohini,0
5e8ac601-706f-4964-8689-a6e0e7d17779,SHOP_018,BEN_00104,2026-01-05 02:17:03.024274,Rice,14,42.0,28.610429,77.188088,Central Delhi,1
422fc736-06c7-40da-8aae-16554f0f889f,SHOP_042,BEN_02417,2026-01-05 08:03:32.024274,Wheat,19,38.0,28.598757,77.020815,Dwarka,0
cf87bf8a-e271-412f-aeca-c30af7c11fc1,SHOP_048,BEN_00609,2026-01-05 08:04:25.024274,Sugar,1,20.0,28.596532,77.044874,Dwarka,0
b5aa0d31-69bf-4ec8-9439-8132629f63c0,SHOP_047,BEN_00137,2026-01-05 08:08:11.024274,Kerosene,3,75.0,28.715937,77.10426,Rohini,0
b4ba4588-c7c2-441e-805a-338518a05ae3,SHOP_001,BEN_02489,2026-01-05 08:11:51.024274,Sugar,3,60.0,28.563667,77.196744,South Delhi,0
13000cb9-4ee2-499b-912a-04d0a7d26320,SHOP_001,BEN_01708,2026-01-05 08:17:09.024274,Kerosene,3,75.0,28.563667,77.196744,South Delhi,0
7b752b84-a096-4052-b098-235b945768ec,SHOP_007,BEN_02462,2026-01-05 08:17:41.024274,Sugar,3,60.0,28.520513,77.217525,South Delhi,0
7be7f95e-2626-4cd2-b285-aff19f9f96bd,SHOP_013,BEN_00724,2026-01-05 08:29:45.024274,Rice,20,60.0,28.689861,77.183213,North Delhi,0
00de9e11-8538-4e31-bdbd-39e347695807,SHOP_044,BEN_02623,2026-01-05 08:31:49.024274,Rice,6,18.0,28.615898,77.224361,Central Delhi,0
7bf25e00-6cc6-410a-a58a-c1c44493db01,SHOP_004,BEN_00585,2026-01-05 08:32:31.024274,Sugar,3,60.0,28.709316,77.129745,Rohini,0
8ed25594-d01f-4155-abf2-653fd4b23473,SHOP_010,BEN_02281,2026-01-05 08:34:21.024274,Rice,5,15.0,28.581134,77.064005,Dwarka,0
c2131eb9-9875-4cc8-ab3e-b817abe44c52,SHOP_028,BEN_01919,2026-01-05 08:35:08.024274,Sugar,3,60.0,28.644078,77.187159,Central Delhi,0
80ef11dc-5dee-4f50-b65a-c3fab56e923d,SHOP_027,BEN_01563,2026-01-05 08:39:03.024274,Oil,1,50.0,28.603311,77.025358,Dwarka,0
7bc0d4c2-fbaf-4a76-ae1d-c17842b7095f,SHOP_050,BEN_01596,2026-01-05 08:39:09.024274,Wheat,17,34.0,28.560938,77.180795,South Delhi,0
485f8a56-78db-414b-9866-097567d8f14e,SHOP_029,BEN_01866,2026-01-05 08:41:27.024274,Wheat,14,28.0,28.583723,77.064561,Dwarka,0
0f284d71-553e-4c0b-bd4a-629dc4e9ffe3,SHOP_026,BEN_00127,2026-01-05 09:00:11.024274,Wheat,10,20.0,28.645158,77.323228,East Delhi,0
396453cf-3625-4e87-aa57-83df07fd1d04,SHOP_047,BEN_00199,2026-01-05 09:01:35.024274,Sugar,2,40.0,28.715937,77.10426,Rohini,0
0af9e539-dec2-4b82-a6e7-6be113f9a3f5,SHOP_040,BEN_02573,2026-01-05 09:01:54.024274,Kerosene,2,50.0,28.673266,77.089259,West Delhi,0
119b9ae5-9617-4670-8ba7-3b3dd8790fe8,SHOP_027,BEN_00158,2026-01-05 09:12:21.024274,Oil,1,50.0,28.603311,77.025358,Dwarka,0
27933c48-4124-4a08-a227-a21441be942b,SHOP_032,BEN_02878,2026-01-05 09:14:22.024274,Oil,1,50.0,28.708017,77.126743,Rohini,0
6cc35772-367e-4a17-adaf-51bf3449aa8b,SHOP_026,BEN_00668,2026-01-05 09:14:36.024274,Kerosene,1,25.0,28.645158,77.323228,East Delhi,0
5c1def49-121c-438d-9dd0-9dd5979fdf3d,SHOP_026,BEN_00727,2026-01-05 09:18:45.024274,Sugar,1,20.0,28.645158,77.323228,East Delhi,0
27641ee1-a773-4785-882f-e9d34c4f90f6,SHOP_023,BEN_00767,2026-01-05 09:20:31.024274,Oil,2,100.0,28.592266,77.310411,East Delhi,0
9e35d9b3-ebf6-4038-b035-b121b3d6a1e9,SHOP_004,BEN_02777,2026-01-05 09:28:35.024274,Rice,17,51.0,28.709316,77.129745,Rohini,0
96a29e5c-6e73-4e56-8e79-476d6c3badc0,SHOP_046,BEN_01256,2026-01-05 09:28:37.024274,Sugar,3,60.0,28.634402,77.315239,East Delhi,0
fbf1a39e-96ab-49a2-83dc-2edba82053be,SHOP_044,BEN_00975,2026-01-05 09:29:11.024274,Wheat,8,16.0,28.615898,77.224361,Central Delhi,0
81684f8e-11d1-415e-8226-0cce8d9b4500,SHOP_024,BEN_00720,2026-01-05 09:30:59.024274,Rice,6,18.0,28.505958,77.198023,South Delhi,0
6af6dcca-0c2e-4ac8-b299-9b8e9cb20e50,SHOP_011,BEN_01067,2026-01-05 09:35:00.024274,Wheat,8,16.0,28.732554,77.205993,North Delhi,0
65b02e7a-337f-4438-8b79-6c120822ca93,SHOP_038,BEN_01911,2026-01-05 09:36:47.024274,Wheat,19,38.0,28.737713,77.199062,North Delhi,0
68ce9aed-b108-4eb2-8af3-3ee7f1d81f4f,SHOP_006,BEN_00794,2026-01-05 09:39:01.024274,Wheat,9,18.0,28.6356,77.229758,Central Delhi,0
58553074-6347-4154-868c-997e53aa7fa0,SHOP_017,BEN_02960,2026-01-05 09:47:22.024274,Oil,2,100.0,28.722696,77.129286,Rohini,0
bdbf476e-c5de-443e-b7f7-a68d24c9c9c8,SHOP_010,BEN_01364,2026-01-05 09:48:10.024274,Sugar,1,20.0,28.581134,77.064005,Dwarka,0
13935c67-6687-4f45-bc76-019a4b9f608e,SHOP_032,BEN_01980,2026-01-05 09:48:26.024274,Rice,6,18.0,28.708017,77.126743,Rohini,0
df54d017-6bc7-4e24-a6fb-3ac4dd4969ee,SHOP_017,BEN_02075,2026-01-05 10:02:35.024274,Rice,14,42.0,28.722696,77.129286,Rohini,0
042300ea-a1e6-451d-8710-06c49da940f9,SHOP_024,BEN_01255,2026-01-05 10:11:53.024274,Wheat,18,36.0,28.505958,77.198023,South Delhi,0
5dfef3a3-3949-4c17-ab64-782f813a9de1,SHOP_026,BEN_01664,2026-01-05 10:12:12.024274,Oil,2,100.0,28.645158,77.323228,East Delhi,0
4a9643d9-6bf7-45cc-8c31-73daa1fe3968,SHOP_040,BEN_00036,2026-01-05 10:14:09.024274,Sugar,3,60.0,28.673266,77.089259,West Delhi,0
34b35b0d-8562-4143-9c2f-bf3a7d363ff3,SHOP_036,BEN_00170,2026-01-05 10:16:23.024274,Kerosene,3,75.0,28.73997,77.11894,Rohini,0
91bcf414-15b8-4b49-95b7-1d8ff5b8542d,SHOP_011,BEN_00236,2026-01-05 10:17:48.024274,Wheat,13,26.0,28.732554,77.205993,North Delhi,0
3fc88b60-e07f-455a-8d62-6bd8d008d80e,SHOP_022,BEN_02000,2026-01-05 10:24:01.024274,Rice,19,57.0,28.696907,77.177649,North Delhi,0
3bfb5cfe-82ff-427e-8d2d-bbb85f57811a,SHOP_015,BEN_01106,2026-01-05 10:25:51.024274,Sugar,1,20.0,28.630112,77.110956,West Delhi,0
73747fbc-a53d-43e0-8901-4a4921d9089a,SHOP_037,BEN_00507,2026-01-05 10:26:31.024274,Sugar,1,20.0,28.707215,77.215419,North Delhi,0
3dab9d61-98e1-49de-a426-775b41f0fcf1,SHOP_009,BEN_02606,2026-01-05 10:32:35.024274,Oil,1,50.0,28.633713,77.107844,West Delhi,0
9c797407-1436-485c-8a8d-368c35ff14ef,SHOP_027,BEN_00472,2026-01-05 10:33:02.024274,Rice,17,51.0,28.603311,77.025358,Dwarka,0
3ed75850-5d5c-42e2-8645-dc0e252e1c1a,SHOP_050,BEN_00939,2026-01-05 10:36:46.024274,Wheat,14,28.0,28.560938,77.180795,South Delhi,0
eb0cfd91-b279-4821-bd99-71038560c06c,SHOP_003,BEN_01135,2026-01-05 10:39:22.024274,Kerosene,2,50.0,28.506364,77.204896,South Delhi,0
bb2bcb7e-e83e-4840-9b7e-a4cb97cdcbf5,SHOP_025,BEN_01587,2026-01-05 10:40:28.024274,Wheat,15,30.0,28.624929,77.222474,Central Delhi,0
418caae4-87e1-4304-b45b-5765785a9ced,SHOP_016,BEN_00920,2026-01-05 10:44:48.024274,Oil,1,50.0,28.644796,77.107779,West Delhi,0
4d5a4630-2247-4668-988f-2f86b72a690d,SHOP_026,BEN_01532,2026-01-05 10:45:58.024274,Oil,1,50.0,28.645158,77.323228,East Delhi,0
1f4dae0e-3cfe-4950-99fe-ec157419ed5f,SHOP_033,BEN_00207,2026-01-05 10:46:01.024274,Wheat,5,10.0,28.731131,77.204781,North Delhi,0
6ae898e5-111f-461d-8330-2bede68c9467,SHOP_014,BEN_02227,2026-01-05 10:54:52.024274,Wheat,17,34.0,28.708352,77.106686,Rohini,0
033b8882-e160-4dce-8b4e-de69b5c0fb59,SHOP_021,BEN_00218,2026-01-05 10:55:29.024274,Wheat,8,16.0,28.654216,77.114329,West Delhi,0
fafc50d1-d81b-4cd8-baf6-7c87db24bca6,SHOP_028,BEN_00674,2026-01-05 11:00:07.024274,Wheat,7,14.0,28.644078,77.187159,Central Delhi,0
91ddbf50-fae9-4e36-b71b-0991f4d3a230,SHOP_002,BEN_02949,2026-01-05 11:02:29.024274,Oil,2,100.0,28.648957,77.10634,West Delhi,0
414072b0-68b4-4948-937f-fd3723a1d7a3,SHOP_026,BEN_02928,2026-01-05 11:07:53.024274,Wheat,5,10.0,28.645158,77.323228,East Delhi,0
ee3712f3-68f2-41e0-8ba7-30690aac69cc,SHOP_030,BEN_00362,2026-01-05 11:20:28.024274,Sugar,3,60.0,28.656014,77.071143,West Delhi,0
205d0bde-5c13-4255-b242-5905344da56c,SHOP_032,BEN_02578,2026-01-05 11:25:10.024274,Sugar,1,20.0,28.708017,77.126743,Rohini,0
9363708a-b5c3-4e9c-9c34-89ac231a9d42,SHOP_028,BEN_02343,2026-01-05 11:26:48.024274,Oil,2,100.0,28.644078,77.187159,Central Delhi,0
cd54052b-6768-4802-9984-a6c05b017246,SHOP_026,BEN_02367,2026-01-05 11:29:58.024274,Sugar,3,60.0,28.645158,77.323228,East Delhi,0
fa340a73-7b77-4b9f-bffc-30f4ec8b1ad3,SHOP_023,BEN_00397,2026-01-05 11:33:38.024274,Oil,1,50.0,28.592266,77.310411,East Delhi,0
971ce4a4-fc55-4527-a101-beb3aab0dea5,SHOP_013,BEN_02814,2026-01-05 11:39:14.024274,Sugar,3,60.0,28.689861,77.183213,North Delhi,0
bbe5086a-ec6b-41a2-a7db-71aa490731e9,SHOP_032,BEN_00909,2026-01-05 11:41:14.024274,Kerosene,3,75.0,28.708017,77.126743,Rohini,0
c501dccf-939a-4706-b87f-4c9b21aecaa8,SHOP_034,BEN_02676,2026-01-05 11:45:14.024274,Oil,2,100.0,28.586699,77.035213,Dwarka,0
b1b00804-6571-41cf-9019-d51220aa3c38,SHOP_012,BEN_00106,2026-01-05 11:48:25.024274,Wheat,5,10.0,28.618685,77.319017,East Delhi,0
153a1c46-c85a-4f40-aee9-0eab45336ed9,SHOP_026,BEN_02031,2026-01-05 11:53:31.024274,Rice,19,57.0,28.645158,77.323228,East Delhi,0
1fd1029b-f2a4-4100-b732-1a6a533c8e50,SHOP_003,BEN_01976,2026-01-05 12:00:04.024274,Rice,15,45.0,28.506364,77.204896,South Delhi,0
201e34e5-afe9-45f1-8ffd-d60c75e6fa0e,SHOP_021,BEN_02433,2026-01-05 12:00:19.024274,Rice,12,36.0,28.654216,77.114329,West Delhi,0
8793d617-2d8e-4cc8-bee6-302ea08d54e9,SHOP_017,BEN_00333,2026-01-05 12:01:56.024274,Kerosene,3,75.0,28.722696,77.129286,Rohini,0
40eb5040-aac3-4732-8b92-a0ef013e5a85,SHOP_018,BEN_01661,2026-01-05 12:11:02.024274,Rice,13,39.0,28.610429,77.188088,Central Delhi,0
d4f981d7-20b7-441f-96d8-850a89a0e6c1,SHOP_043,BEN_02078,2026-01-05 12:18:39.024274,Kerosene,2,50.0,28.561519,77.048283,Dwarka,0
2b43facd-352b-41bc-9703-3c40489c1e5a,SHOP_043,BEN_02506,2026-01-05 12:23:27.024274,Oil,2,100.0,28.561519,77.048283,Dwarka,0
bafe72d8-2b94-49c8-be4d-c9fb27d2de84,SHOP_042,BEN_00762,2026-01-05 12:26:17.024274,Rice,13,39.0,28.598757,77.020815,Dwarka,0
cc6e3bc4-5fb1-4815-8e7b-dbf5f8f04a71,SHOP_014,BEN_01955,2026-01-05 12:28:11.024274,Oil,2,100.0,28.708352,77.106686,Rohini,0
eada79af-8c97-4005-a9a0-3de9c26a76cf,SHOP_004,BEN_02241,2026-01-05 12:29:33.024274,Kerosene,2,50.0,28.709316,77.129745,Rohini,0
416be960-c134-4f55-a049-7959df278f50,SHOP_001,BEN_01077,2026-01-05 12:32:27.024274,Oil,2,100.0,28.563667,77.196744,South Delhi,0
1a542c1e-c57d-4119-a299-0e6798780db2,SHOP_033,BEN_00760,2026-01-05 12:42:25.024274,Sugar,2,40.0,28.731131,77.204781,North Delhi,0
4b6a10c7-4a92-4482-b7fa-b5583127c65c,SHOP_046,BEN_01427,2026-01-05 12:43:54.024274,Sugar,1,20.0,28.634402,77.315239,East Delhi,0
e9b8ffff-7b55-4e1f-886a-80c7e0efa4ad,SHOP_017,BEN_00211,2026-01-05 12:59:37.024274,Oil,2,100.0,28.722696,77.129286,Rohini,0
edee38bd-4e9b-4aaf-a0c9-12a770d94c26,SHOP_048,BEN_00784,2026-01-05 13:01:54.024274,Kerosene,1,25.0,28.596532,77.044874,Dwarka,0
0d185c2e-50eb-4700-90dc-d4fdbd1bb95d,SHOP_042,BEN_02030,2026-01-05 13:05:10.024274,Sugar,3,60.0,28.598757,77.020815,Dwarka,0
b9daafa8-5df1-4566-9dd6-c4bc9dee58d0,SHOP_018,BEN_01790,2026-01-05 13:05:11.024274,Wheat,16,32.0,28.610429,77.188088,Central Delhi,0
eee9b372-402d-4203-b3e9-46ff00393716,SHOP_050,BEN_01218,2026-01-05 13:13:50.024274,Kerosene,3,75.0,28.560938,77.180795,South Delhi,0
0b6ef1ab-674c-4229-b44d-6d1db936cd56,SHOP_048,BEN_00122,2026-01-05 13:22:44.024274,Oil,2,100.0,28.596532,77.044874,Dwarka,0
7ab0b35b-3da5-4fe6-857f-471548b807f7,SHOP_040,BEN_02179,2026-01-05 13:23:51.024274,Sugar,3,60.0,28.673266,77.089259,West Delhi,0
23bdf905-a651-402b-b920-03a4a1dcf308,SHOP_006,BEN_00249,2026-01-05 13:40:32.024274,Sugar,3,60.0,28.6356,77.229758,Central Delhi,0
feafb5a2-b097-46ca-aa5d-0150bab3af12,SHOP_042,BEN_00770,2026-01-05 13:45:00.024274,Oil,1,50.0,28.598757,77.020815,Dwarka,0
475bd675-80c3-4eb8-b567-c3c46078f89d,SHOP_012,BEN_00132,2026-01-05 13:48:42.024274,Oil,1,50.0,28.618685,77.319017,East Delhi,0
909dd3b2-6f7f-4baf-a56a-b963893eb3c2,SHOP_028,BEN_02760,2026-01-05 13:48:56.024274,Oil,2,100.0,28.644078,77.187159,Central Delhi,0
ce5cb5fb-0d64-4626-b18a-0ccd0e6a6e02,SHOP_019,BEN_00357,2026-01-05 13:57:45.024274,Kerosene,3,75.0,28.631679,77.201199,Central Delhi,0
f701c084-0940-4824-889f-950f9780d28e,SHOP_039,BEN_02868,2026-01-05 13:58:19.024274,Rice,15,45.0,28.707365,77.109479,Rohini,0
70e9c98c-501a-4901-b34b-80dc17e26cb6,SHOP_039,BEN_01577,2026-01-05 14:02:15.024274,Oil,1,50.0,28.707365,77.109479,Rohini,0
b2ce5c0f-bf15-4e6b-bf78-346aa4c0b960,SHOP_013,BEN_02908,2026-01-05 14:03:17.024274,Kerosene,3,75.0,28.689861,77.183213,North Delhi,0
cc90234a-45bb-436e-9e6a-a5281cc5f025,SHOP_028,BEN_00521,2026-01-05 14:16:09.024274,Rice,20,60.0,28.644078,77.187159,Central Delhi,0
7356d089-42f7-4763-a71c-e2abbd195276,SHOP_042,BEN_01803,2026-01-05 14:16:15.024274,Kerosene,3,75.0,28.598757,77.020815,Dwarka,0
e2838985-0804-4de5-aeb6-e99d39939321,SHOP_039,BEN_00020,2026-01-05 14:18:43.024274,Sugar,3,60.0,28.707365,77.109479,Rohini,0
376fc887-2073-4388-96e5-ddeda896f430,SHOP_013,BEN_01741,2026-01-05 14:32:13.024274,Oil,2,100.0,28.689861,77.183213,North Delhi,0
092f1676-b9d0-4876-b3aa-e70a171a7c6d,SHOP_024,BEN_01103,2026-01-05 14:37:17.024274,Sugar,3,60.0,28.505958,77.198023,South Delhi,0
a2c2ccad-4edb-4d89-95db-862cb9affe55,SHOP_002,BEN_01282,2026-01-05 14:40:21.024274,Rice,10,30.0,28.648957,77.10634,West Delhi,0
4ccb2498-c33e-4fc5-ac02-e5ed1c535a2f,SHOP_011,BEN_00845,2026-01-05 14:41:38.024274,Sugar,3,60.0,28.732554,77.205993,North Delhi,0
0d4e64ca-0206-4fe1-8de9-65c6deb51649,SHOP_042,BEN_01432,2026-01-05 14:51:56.024274,Sugar,1,20.0,28.598757,77.020815,Dwarka,0
fb413189-71a0-4bd5-b497-29a83ca2c66b,SHOP_043,BEN_01644,2026-01-05 15:03:15.024274,Oil,1,50.0,28.561519,77.048283,Dwarka,0
6154f32e-93d2-4b92-b5c7-8cdce7dbeb84,SHOP_004,BEN_01894,2026-01-05 15:03:51.024274,Sugar,3,60.0,28.709316,77.129745,Rohini,0
d26488a5-24da-4c02-a99c-b56b31da34de,SHOP_024,BEN_00847,2026-01-05 15:08:41.024274,Rice,14,42.0,28.505958,77.198023,South Delhi,0
d29d5279-ddf1-4284-abd3-9d132f882149,SHOP_049,BEN_01461,2026-01-05 15:15:38.024274,Wheat,16,32.0,28.514677,77.242533,South Delhi,0
b1fa84e5-43d7-481b-a796-40457ffadc5f,SHOP_009,BEN_02400,2026-01-05 15:16:57.024274,Sugar,1,20.0,28.633713,77.107844,West Delhi,0
e319ffce-2772-4ba4-869a-cff5a98a81a7,SHOP_004,BEN_01954,2026-01-05 15:43:35.024274,Rice,20,60.0,28.709316,77.129745,Rohini,0
58985cb7-843a-4df2-aba5-b155ceb9b72f,SHOP_003,BEN_01402,2026-01-05 15:56:10.024274,Kerosene,3,75.0,28.506364,77.204896,South Delhi,0
8ff7ec97-df68-4ee6-82fb-655c1ad91526,SHOP_020,BEN_01942,2026-01-05 15:56:55.024274,Rice,8,24.0,28.736478,77.119912,Rohini,0
eabe632f-b76b-4954-8daa-0d528343b9aa,SHOP_046,BEN_00421,2026-01-05 16:04:52.024274,Sugar,1,20.0,28.634402,77.315239,East Delhi,0
306178bc-9a51-4ab3-806c-c6b0f7a856fc,SHOP_004,BEN_01462,2026-01-05 16:07:02.024274,Rice,12,36.0,28.709316,77.129745,Rohini,0
202bb94b-b96f-4346-bc57-2231e0be3610,SHOP_045,BEN_02808,2026-01-05 16:10:03.024274,Kerosene,1,25.0,28.633767,77.205731,Central Delhi,0
e58cc237-7223-4f28-96f5-b775e2b83f93,SHOP_045,BEN_02881,2026-01-05 16:10:55.024274,Wheat,14,28.0,28.633767,77.205731,Central Delhi,0
8275476b-5009-4a0b-b303-0c13da278f28,SHOP_036,BEN_02409,2026-01-05 16:18:45.024274,Rice,10,30.0,28.73997,77.11894,Rohini,0
d4549936-5211-499a-aa30-c7a21a086fb2,SHOP_046,BEN_00086,2026-01-05 16:20:26.024274,Sugar,3,60.0,28.634402,77.315239,East Delhi,0
ac4bd316-a4d5-4398-b9b4-516cdd2a3de7,SHOP_023,BEN_01561,2026-01-05 16:21:33.024274,Oil,1,50.0,28.592266,77.310411,East Delhi,0
d21c67a9-26ef-4107-bc3d-f0ab3b4b0f23,SHOP_041,BEN_02284,2026-01-05 16:25:15.024274,Oil,2,100.0,28.676266,77.100986,West Delhi,0
9996ff75-be98-449e-8a20-07e064570be6,SHOP_018,BEN_00760,2026-01-05 16:25:43.024274,Sugar,3,60.0,28.610429,77.188088,Central Delhi,0
d5204bde-5bc1-452f-98cf-9aba1786d555,SHOP_029,BEN_02416,2026-01-05 16:29:01.024274,Kerosene,1,25.0,28.583723,77.064561,Dwarka,0
bc411a52-99a4-4c54-8daa-c2d084d83e37,SHOP_004,BEN_01358,2026-01-05 16:39:15.024274,Rice,15,45.0,28.709316,77.129745,Rohini,0
2c02eaab-7699-4bc3-ba3a-7baef20ffcae,SHOP_045,BEN_00793,2026-01-05 16:39:38.024274,Oil,2,100.0,28.633767,77.205731,Central Delhi,0
8e237278-d2d3-49af-99b5-895f8dd463a2,SHOP_029,BEN_02238,2026-01-05 16:40:09.024274,Kerosene,3,75.0,28.583723,77.064561,Dwarka,0
82acc793-fa53-4bcd-94e8-e61aa9c2b1b7,SHOP_010,BEN_00761,2026-01-05 16:43:42.024274,Oil,1,50.0,28.581134,77.064005,Dwarka,0
944aa19f-0fa0-4891-9c63-1a81416110fc,SHOP_032,BEN_00519,2026-01-05 16:47:56.024274,Kerosene,1,25.0,28.708017,77.126743,Rohini,0
f90970b9-4c34-4bf9-a0e8-ec34395d4b00,SHOP_047,BEN_02166,2026-01-05 16:48:52.024274,Sugar,2,40.0,28.715937,77.10426,Rohini,0
36dea333-17be-4927-a353-3c58ff354837,SHOP_018,BEN_02182,2026-01-05 17:01:54.024274,Kerosene,2,50.0,28.610429,77.188088,Central Delhi,0
2464b16e-c8ce-4b62-a13f-01df3fcf898d,SHOP_027,BEN_00320,2026-01-05 17:02:56.024274,Wheat,16,32.0,28.603311,77.025358,Dwarka,0
cec48a17-4fc2-405a-8fbd-19051eaefd08,SHOP_004,BEN_01825,2026-01-05 17:04:45.024274,Oil,2,100.0,28.709316,77.129745,Rohini,0
7f2f4f58-6d42-4915-a2c5-00db1b3c26c7,SHOP_009,BEN_01549,2026-01-05 17:06:14.024274,Rice,19,57.0,28.633713,77.107844,West Delhi,0
ed3f96f5-b2b4-4d18-a34a-1c1729312318,SHOP_020,BEN_01157,2026-01-05 17:18:52.024274,Wheat,9,18.0,28.736478,77.119912,Rohini,0
36b4e70c-e533-4b5c-afd4-e226f397605d,SHOP_019,BEN_01329,2026-01-05 17:21:08.024274,Wheat,12,24.0,28.631679,77.201199,Central Delhi,0
60c824e0-66be-40b6-aff6-4178db16f838,SHOP_021,BEN_00645,2026-01-05 17:23:15.024274,Kerosene,1,25.0,28.654216,77.114329,West Delhi,0
bada3623-9166-4bb6-bacf-d6388ceebed4,SHOP_043,BEN_00047,2026-01-05 17:33:33.024274,Oil,2,100.0,28.561519,77.048283,Dwarka,0
294d8634-002f-4647-abca-1c552c64ad43,SHOP_006,BEN_02043,2026-01-05 17:35:18.024274,Sugar,2,40.0,28.6356,77.229758,Central Delhi,0
07376552-0c63-44ff-bab6-fa96a336644c,SHOP_014,BEN_00523,2026-01-05 17:38:21.024274,Rice,7,21.0,28.708352,77.106686,Rohini,0
4d682a5d-8e58-46dc-8433-c4ed6e4dd3a4,SHOP_010,BEN_00010,2026-01-05 17:38:37.024274,Rice,13,39.0,28.581134,77.064005,Dwarka,0
7365eb3d-1e54-4902-a39d-6a534aea0858,SHOP_029,BEN_02297,2026-01-05 17:44:56.024274,Rice,16,48.0,28.583723,77.064561,Dwarka,0
18d4c391-59a0-4b41-8d4f-cf64220030f6,SHOP_009,BEN_01908,2026-01-05 17:53:16.024274,Sugar,1,20.0,28.633713,77.107844,West Delhi,0
eecedac3-a94c-4d72-b8a8-ceaeae84fea6,SHOP_026,BEN_02102,2026-01-05 17:53:49.024274,Oil,1,50.0,28.645158,77.323228,East Delhi,0
3b2a5d97-ae9c-4601-b66d-676cd4bd14fc,SHOP_014,BEN_02786,2026-01-05 17:59:26.024274,Sugar,2,40.0,28.708352,77.106686,Rohini,0
99699f66-79f7-440f-948f-f7af327f2e62,SHOP_013,BEN_00234,2026-01-05 18:02:14.024274,Rice,19,57.0,28.689861,77.183213,North Delhi,0
4ee8803d-f4b8-47df-9aa7-e88761a8ce51,SHOP_027,BEN_01783,2026-01-05 18:10:46.024274,Sugar,1,20.0,28.603311,77.025358,Dwarka,0
61b05019-c1d8-4023-a768-1ab1ee23e90d,SHOP_040,BEN_00075,2026-01-05 18:11:05.024274,Rice,10,30.0,28.673266,77.089259,West Delhi,0
65e644e9-3b68-4275-8e51-46e935516634,SHOP_013,BEN_02822,2026-01-05 18:21:19.024274,Rice,5,15.0,28.689861,77.183213,North Delhi,0
061adb40-db33-4cd4-9ff2-05338036ba81,SHOP_022,BEN_00789,2026-01-05 18:28:48.024274,Kerosene,3,75.0,28.696907,77.177649,North Delhi,0
692387a2-44e6-4fad-a1c5-87f54f663c09,SHOP_009,BEN_01175,2026-01-05 18:33:49.024274,Wheat,13,26.0,28.633713,77.107844,West Delhi,0
422fe8b6-2edd-41d8-9967-04f30d3f68bc,SHOP_046,BEN_02267,2026-01-05 18:36:56.024274,Oil,2,100.0,28.634402,77.315239,East Delhi,0
f384f6f9-b3db-447c-bdf1-1df7fa99c2bb,SHOP_047,BEN_00166,2026-01-05 18:37:13.024274,Wheat,10,20.0,28.715937,77.10426,Rohini,0
762409fb-0561-4c43-a53a-70e44215a2f7,SHOP_027,BEN_00285,2026-01-05 18:38:19.024274,Rice,11,33.0,28.603311,77.025358,Dwarka,0
4aaae838-bf91-4e8a-8798-13471f1d480d,SHOP_012,BEN_01630,2026-01-05 18:51:08.024274,Rice,9,27.0,28.618685,77.319017,East Delhi,0
e905d51a-8139-40d5-8d7b-72f7cc403800,SHOP_032,BEN_01400,2026-01-05 18:51:31.024274,Sugar,1,20.0,28.708017,77.126743,Rohini,0
b2a6771a-43cc-46c1-a252-375d80aff0cb,SHOP_022,BEN_02311,2026-01-05 18:53:08.024274,Kerosene,2,50.0,28.696907,77.177649,North Delhi,0
da613400-7c7f-487e-91da-108719f546a8,SHOP_022,BEN_01967,2026-01-05 18:53:35.024274,Rice,12,36.0,28.696907,77.177649,North Delhi,0
e87f4e30-80cc-4cd9-8b00-7f57c8845fd4,SHOP_012,BEN_00534,2026-01-05 18:55:07.024274,Rice,9,27.0,28.618685,77.319017,East Delhi,0
51254369-4829-4ba4-b1c3-98b1c3e448d1,SHOP_008,BEN_01551,2026-01-05 18:55:50.024274,Wheat,12,24.0,28.666336,77.103257,West Delhi,0
a771e25e-6a83-411d-a431-5133eacb9fb3,SHOP_005,BEN_01004,2026-01-05 18:57:20.024274,Rice,14,42.0,28.599771,77.274279,East Delhi,0
f622b681-9f66-453d-bed4-09101748cfc7,SHOP_031,BEN_02965,2026-01-05 19:07:03.024274,Kerosene,2,50.0,28.727982,77.18544,North Delhi,0
474fa8cb-0ef1-40d8-a97d-25ec515dbda7,SHOP_001,BEN_02215,2026-01-05 19:14:45.024274,Sugar,1,20.0,28.563667,77.196744,South Delhi,0
17a41f4d-951e-478a-aa8d-d4008171ae8c,SHOP_009,BEN_01202,2026-01-05 19:16:19.024274,Wheat,5,10.0,28.633713,77.107844,West Delhi,0
aa0682f3-fac0-4bd5-803b-d9e95bf9c0a8,SHOP_050,BEN_02153,2026-01-05 19:16:42.024274,Oil,2,100.0,28.560938,77.180795,South Delhi,0
a7e0abbd-0d28-4705-8cfb-9f54d8c14280,SHOP_050,BEN_00624,2026-01-05 19:16:54.024274,Kerosene,1,25.0,28.560938,77.180795,South Delhi,0
eef40b60-556f-4de9-9307-cc2bb8f1651e,SHOP_024,BEN_02547,2026-01-05 19:19:31.024274,Kerosene,1,25.0,28.505958,77.198023,South Delhi,0
2ba8a3a0-8ada-4846-b8a3-e7a93385d1c2,SHOP_001,BEN_02780,2026-01-05 19:23:41.024274,Sugar,1,20.0,28.563667,77.196744,South Delhi,0
6f4267ec-daaf-448d-95de-ee4edb3a03ab,SHOP_001,BEN_02352,2026-01-05 19:24:30.024274,Oil,2,100.0,28.563667,77.196744,South Delhi,0
16870321-9088-4a31-b635-d9feedbc9b96,SHOP_009,BEN_01958,2026-01-05 19:40:21.024274,Wheat,12,24.0,28.633713,77.107844,West Delhi,0
ae77d52f-4e27-4287-869a-939ea4b03f55,SHOP_039,BEN_01902,2026-01-05 19:45:16.024274,Rice,7,21.0,28.707365,77.109479,Rohini,0
9c808400-f244-4e6d-a197-8eb99cf9d3c6,SHOP_005,BEN_02059,2026-01-05 19:46:17.024274,Oil,1,50.0,28.599771,77.274279,East Delhi,0
3ed91093-c2bf-4ddb-9fc2-27492de1562e,SHOP_049,BEN_00982,2026-01-05 19:48:19.024274,Wheat,11,22.0,28.514677,77.242533,South Delhi,0
479c262c-13a6-4735-9047-2f3d579de575,SHOP_024,BEN_00286,2026-01-05 19:54:19.024274,Sugar,3,60.0,28.505958,77.198023,South Delhi,0
227ff4f9-2724-40e3-b89d-dd8429b082c8,SHOP_018,BEN_00167,2026-01-05 19:56:07.024274,Wheat,19,38.0,28.610429,77.188088,Central Delhi,0
428798b5-7a53-40a2-aded-c4529bd04172,SHOP_037,BEN_00881,2026-01-05 19:57:06.024274,Wheat,17,34.0,28.707215,77.215419,North Delhi,0
1e01ae9c-9ecf-4b73-9408-bb0cac6dcf05,SHOP_014,BEN_02656,2026-01-06 08:11:32.024274,Wheat,14,28.0,28.708352,77.106686,Rohini,0
afd7b962-5b4b-4848-9532-982d5b271b73,SHOP_027,BEN_00068,2026-01-06 08:11:37.024274,Kerosene,2,50.0,28.603311,77.025358,Dwarka,0
b13a0a7c-6a9e-4738-8c3f-467a01b371ac,SHOP_031,BEN_01702,2026-01-06 08:17:12.024274,Rice,6,18.0,28.727982,77.18544,North Delhi,0
57912ed0-deca-49c6-99ae-473d09d459c4,SHOP_034,BEN_02140,2026-01-06 08:18:29.024274,Oil,1,50.0,28.586699,77.035213,Dwarka,0
de692d47-1824-4e4c-b541-bf7d42fec984,SHOP_040,BEN_00920,2026-01-06 08:19:08.024274,Kerosene,1,25.0,28.673266,77.089259,West Delhi,0
c86106d3-80da-490f-a498-56badba88536,SHOP_010,BEN_01290,2026-01-06 08:25:01.024274,Wheat,10,20.0,28.581134,77.064005,Dwarka,0
55181f19-81b8-432a-aedc-8fd7530f58c9,SHOP_022,BEN_02049,2026-01-06 08:32:03.024274,Wheat,6,12.0,28.696907,77.177649,North Delhi,0
ddaa1256-2628-4c78-b501-23a7d9b8ad5c,SHOP_045,BEN_01352,2026-01-06 08:32:19.024274,Sugar,2,40.0,28.633767,77.205731,Central Delhi,0
0adb0a64-e3fb-4e82-8742-8bed1292243a,SHOP_039,BEN_00385,2026-01-06 08:36:11.024274,Kerosene,3,75.0,28.707365,77.109479,Rohini,0
f25a9ad0-d316-49be-bcf2-3f0547f3d4cb,SHOP_037,BEN_02111,2026-01-06 08:51:21.024274,Sugar,2,40.0,28.707215,77.215419,North Delhi,0
a0c58400-5f89-4b88-adbe-e6f4f100d1e8,SHOP_003,BEN_00093,2026-01-06 09:03:04.024274,Rice,10,30.0,28.506364,77.204896,South Delhi,0
a512fb07-6491-4e38-8b04-2e54558c42a7,SHOP_026,BEN_01773,2026-01-06 09:05:27.024274,Wheat,11,22.0,28.645158,77.323228,East Delhi,0
f8c6861f-b8ab-4cb0-8581-05ee52abbc24,SHOP_005,BEN_01530,2026-01-06 09:06:59.024274,Oil,2,100.0,28.599771,77.274279,East Delhi,0
75b51d09-c816-40d7-ac41-f9fa3899185b,SHOP_028,BEN_00753,2026-01-06 09:07:24.024274,Sugar,2,40.0,28.644078,77.187159,Central Delhi,0
b3784133-5083-4bc1-8ade-5aeb129cedb3,SHOP_009,BEN_00380,2026-01-06 09:10:47.024274,Kerosene,1,25.0,28.633713,77.107844,West Delhi,0
8013997a-7c45-4db0-adc6-1c864f7866fd,SHOP_047,BEN_01806,2026-01-06 09:14:12.024274,Sugar,3,60.0,28.715937,77.10426,Rohini,0
1e1cf649-ca6e-4b37-8a7d-d0b66d1b9da1,SHOP_029,BEN_02486,2026-01-06 09:17:16.024274,Kerosene,1,25.0,28.583723,77.064561,Dwarka,0
44d8ed65-774a-4a8b-9350-40caafc33cca,SHOP_010,BEN_00127,2026-01-06 09:18:06.024274,Rice,6,18.0,28.581134,77.064005,Dwarka,0
8eb73320-df84-4eed-b35d-9c960806521b,SHOP_013,BEN_01337,2026-01-06 09:21:02.024274,Sugar,2,40.0,28.689861,77.183213,North Delhi,0
f9602030-9aa9-4a49-9908-e8a17093ae8e,SHOP_033,BEN_00751,2026-01-06 09:24:08.024274,Oil,2,100.0,28.731131,77.204781,North Delhi,0
9be04ab4-6ba3-4466-bdcd-fc9e7636725c,SHOP_046,BEN_02725,2026-01-06 09:26:04.024274,Kerosene,1,25.0,28.634402,77.315239,East Delhi,0
9dfa82fd-4fc0-4176-a216-ccb87548fb31,SHOP_021,BEN_00190,2026-01-06 09:28:07.024274,Kerosene,3,75.0,28.654216,77.114329,West Delhi,0
34b7acfb-6d05-4c78-905c-5e6012cbcf65,SHOP_033,BEN_01999,2026-01-06 09:29:25.024274,Oil,2,100.0,28.731131,77.204781,North Delhi,0
971c8ba8-d839-4656-844b-e73d2cfe9b93,SHOP_041,BEN_02323,2026-01-06 09:43:34.024274,Kerosene,1,25.0,28.676266,77.100986,West Delhi,0
b91665dd-f4d7-4e37-9e20-1fb5b2cde32b,SHOP_022,BEN_01524,2026-01-06 09:43:38.024274,Sugar,2,40.0,28.696907,77.177649,North Delhi,0
6dd2c012-5267-4a78-a05a-75adbef4dbb5,SHOP_018,BEN_00038,2026-01-06 09:43:43.024274,Kerosene,2,50.0,28.610429,77.188088,Central Delhi,0
4707f31b-af91-4eff-8e9c-9f1a92b5b8b2,SHOP_022,BEN_02292,2026-01-06 09:48:49.024274,Rice,9,27.0,28.696907,77.177649,North Delhi,0
284b3ac5-ac43-4e41-929c-a3de63bd0293,SHOP_037,BEN_00863,2026-01-06 09:57:41.024274,Kerosene,2,50.0,28.707215,77.215419,North Delhi,0
a640f11e-ada5-4afa-95f7-f24739e18dff,SHOP_020,BEN_01627,2026-01-06 10:00:17.024274,Oil,2,100.0,28.736478,77.119912,Rohini,0
68463cf4-c507-494d-983d-b82ef45909a2,SHOP_020,BEN_01441,2026-01-06 10:00:30.024274,Wheat,18,36.0,28.736478,77.119912,Rohini,0
5f03a652-1674-44d5-a7c0-a955b7a2fcf6,SHOP_006,BEN_01594,2026-01-06 10:04:54.024274,Wheat,9,18.0,28.6356,77.229758,Central Delhi,0
cba1701d-b1e8-4d06-b2fc-41167003c74b,SHOP_007,BEN_02415,2026-01-06 10:08:57.024274,Oil,1,50.0,28.520513,77.217525,South Delhi,0
5c9d8a47-8e91-4b99-a918-a8bc304730f8,SHOP_007,BEN_00296,2026-01-06 10:22:48.024274,Kerosene,2,50.0,28.520513,77.217525,South Delhi,0
98aaae2f-ca3f-49fc-b980-ed58298bb95d,SHOP_048,BEN_02182,2026-01-06 10:22:56.024274,Wheat,20,40.0,28.596532,77.044874,Dwarka,0
8c227bbd-3a7c-428f-843b-d888f68efff3,SHOP_043,BEN_00090,2026-01-06 10:38:28.024274,Sugar,2,40.0,28.561519,77.048283,Dwarka,0
7cbc64b4-d5d4-4a9f-8aff-2c93db4d014d,SHOP_028,BEN_01876,2026-01-06 10:39:39.024274,Sugar,3,60.0,28.644078,77.187159,Central Delhi,0
472b0123-8b8b-4f1a-bc87-e256724f7b1c,SHOP_019,BEN_00384,2026-01-06 10:43:18.024274,Oil,1,50.0,28.631679,77.201199,Central Delhi,0
1d67e5f7-7ff2-4136-90f8-3ff1509b49a2,SHOP_044,BEN_02976,2026-01-06 10:45:49.024274,Oil,1,50.0,28.615898,77.224361,Central Delhi,0
c225aced-74f7-40e2-bccf-2237972dbce0,SHOP_010,BEN_01802,2026-01-06 10:48:06.024274,Rice,11,33.0,28.581134,77.064005,Dwarka,0
4e9c28d4-45ad-4ce0-bc6c-9c2e15e321ad,SHOP_012,BEN_02331,2026-01-06 10:51:38.024274,Oil,2,100.0,28.618685,77.319017,East Delhi,0
c568fdf6-c6ff-48da-a27b-40da27d41fc3,SHOP_002,BEN_00896,2026-01-06 10:57:05.024274,Rice,18,54.0,28.648957,77.10634,West Delhi,0
cbec3949-c8b4-4098-8a31-7ee92cc93496,SHOP_033,BEN_00222,2026-01-06 11:01:18.024274,Oil,2,100.0,28.731131,77.204781,North Delhi,0
58a65540-fc47-43d9-9466-16f5a411b02d,SHOP_021,BEN_02619,2026-01-06 11:06:12.024274,Oil,2,100.0,28.654216,77.114329,West Delhi,0
2b896c91-5836-4092-809c-08aa08998549,SHOP_013,BEN_02554,2026-01-06 11:09:21.024274,Wheat,11,22.0,28.689861,77.183213,North Delhi,0
75e950ed-d602-4167-b540-9668f9508e61,SHOP_029,BEN_02607,2026-01-06 11:09:50.024274,Oil,2,100.0,28.583723,77.064561,Dwarka,0
a94d91b8-993a-4613-8f7e-3598347e9b46,SHOP_022,BEN_01447,2026-01-06 11:19:52.024274,Rice,20,60.0,28.696907,77.177649,North Delhi,0
ada3012a-f8de-4216-936d-63788d31b2b4,SHOP_018,BEN_00684,2026-01-06 11:26:43.024274,Kerosene,1,25.0,28.610429,77.188088,Central Delhi,0
323f4184-091b-4b2c-a6d4-23de731aca63,SHOP_037,BEN_00396,2026-01-06 11:28:28.024274,Sugar,2,40.0,28.707215,77.215419,North Delhi,0
7fc151d6-98e1-4338-baae-fdb0683007b9,SHOP_037,BEN_02529,2026-01-06 11:29:34.024274,Wheat,7,14.0,28.707215,77.215419,North Delhi,0
edc6954f-6e82-4773-b4e3-2abb6e90e39f,SHOP_024,BEN_02410,2026-01-06 11:30:33.024274,Kerosene,2,50.0,28.505958,77.198023,South Delhi,0
3961bfb5-983f-45a3-91d1-758d5a979f58,SHOP_025,BEN_01190,2026-01-06 11:36:40.024274,Wheat,5,10.0,28.624929,77.222474,Central Delhi,0
c6a61cbf-6144-4ac4-a74b-d702ba2b5c0c,SHOP_015,BEN_01717,2026-01-06 11:41:42.024274,Wheat,20,40.0,28.630112,77.110956,West Delhi,0
504aea53-74fa-49e8-8aa6-26bc002043be,SHOP_028,BEN_02149,2026-01-06 11:46:01.024274,Sugar,1,20.0,28.644078,77.187159,Central Delhi,0
ea25058a-6ba6-4f18-9e63-eb8a0ebe3b2e,SHOP_031,BEN_02899,2026-01-06 11:49:10.024274,Oil,1,50.0,28.727982,77.18544,North Delhi,0
9d054f54-ebc9-4b2d-b10c-d7993642b31d,SHOP_019,BEN_00003,2026-01-06 11:56:57.024274,Kerosene,3,75.0,28.631679,77.201199,Central Delhi,0
0056660f-901f-4ded-857d-232c8bb9a380,SHOP_020,BEN_02452,2026-01-06 12:01:37.024274,Oil,1,50.0,28.736478,77.119912,Rohini,0
b91ca9a0-77cc-41a7-b68d-82d7434929d9,SHOP_005,BEN_00832,2026-01-06 12:04:45.024274,Wheat,8,16.0,28.599771,77.274279,East Delhi,0
cafde784-d313-43d4-a40c-0e019ea13512,SHOP_031,BEN_02036,2026-01-06 12:08:02.024274,Sugar,2,40.0,28.727982,77.18544,North Delhi,0
f1fea408-58ec-4102-bb61-ecc825806767,SHOP_003,BEN_00493,2026-01-06 12:21:33.024274,Wheat,13,26.0,28.506364,77.204896,South Delhi,0
3aed3818-9670-4729-bedf-4cccaedfce85,SHOP_048,BEN_02431,2026-01-06 12:22:32.024274,Oil,1,50.0,28.596532,77.044874,Dwarka,0
dda1ca82-093d-48d5-93ea-a5ed556d2685,SHOP_022,BEN_00182,2026-01-06 12:24:42.024274,Kerosene,3,75.0,28.696907,77.177649,North Delhi,0
a5d7ae50-4a06-4fe0-b0db-889eaf21d155,SHOP_026,BEN_02596,2026-01-06 12:30:33.024274,Kerosene,3,75.0,28.645158,77.323228,East Delhi,0
6f5e76b9-ddfc-499e-ac4b-72b169952b2c,SHOP_016,BEN_00257,2026-01-06 12:34:31.024274,Sugar,1,20.0,28.644796,77.107779,West Delhi,0
c4fcdce7-fe68-473e-bf08-ffc1db769751,SHOP_039,BEN_02574,2026-01-06 12:36:38.024274,Wheat,10,20.0,28.707365,77.109479,Rohini,0
832ca86b-2fb1-407e-80f0-28309bdc3408,SHOP_045,BEN_02869,2026-01-06 12:40:10.024274,Sugar,3,60.0,28.633767,77.205731,Central Delhi,0
3d4014a9-9e1a-457a-81b3-7f76dc9513bc,SHOP_042,BEN_02796,2026-01-06 12:48:57.024274,Sugar,2,40.0,28.598757,77.020815,Dwarka,0
c931c390-a510-4da7-b884-0a4add85afed,SHOP_021,BEN_02811,2026-01-06 12:50:22.024274,Rice,15,45.0,28.654216,77.114329,West Delhi,0
31450881-be17-462e-8be7-4a49b82a849b,SHOP_027,BEN_02002,2026-01-06 12:56:15.024274,Wheat,14,28.0,28.603311,77.025358,Dwarka,0
44d05358-3e02-4e28-9163-20a6de885577,SHOP_019,BEN_00427,2026-01-06 12:56:42.024274,Oil,2,100.0,28.631679,77.201199,Central Delhi,0
6fbbc274-770e-497a-b880-dde73e585543,SHOP_025,BEN_02127,2026-01-06 12:58:19.024274,Kerosene,2,50.0,28.624929,77.222474,Central Delhi,0
9a5282fb-8480-4ee0-8b36-fc73199f9ae4,SHOP_030,BEN_00474,2026-01-06 13:16:09.024274,Sugar,1,20.0,28.656014,77.071143,West Delhi,0
0a3bd3db-7e05-4ab3-9a3a-f41e155f5a7c,SHOP_007,BEN_00330,2026-01-06 13:19:01.024274,Kerosene,2,50.0,28.520513,77.217525,South Delhi,0
eb08906a-cfe5-4b01-b586-226b20b8759a,SHOP_046,BEN_00601,2026-01-06 13:20:18.024274,Sugar,3,60.0,28.634402,77.315239,East Delhi,0
4b88461c-049c-44a9-ab59-ab27342d2659,SHOP_017,BEN_02675,2026-01-06 13:25:46.024274,Rice,7,21.0,28.722696,77.129286,Rohini,0
8186ceb4-4145-4426-899a-3532128ce990,SHOP_020,BEN_01449,2026-01-06 13:26:50.024274,Wheat,10,20.0,28.736478,77.119912,Rohini,0
9552732e-b3b4-40a0-925a-659d1c438f22,SHOP_043,BEN_02897,2026-01-06 13:27:28.024274,Oil,2,100.0,28.561519,77.048283,Dwarka,0
4e6692a4-f397-461f-a403-37f7a63e1546,SHOP_004,BEN_02983,2026-01-06 13:31:20.024274,Rice,12,36.0,28.709316,77.129745,Rohini,0
c146f4eb-80fa-4edf-ade4-8a04e142de21,SHOP_033,BEN_01866,2026-01-06 13:40:24.024274,Oil,2,100.0,28.731131,77.204781,North Delhi,0
19c904a8-3ffc-4749-8788-a8b08ebffe58,SHOP_017,BEN_01728,2026-01-06 13:44:27.024274,Kerosene,1,25.0,28.722696,77.129286,Rohini,0
328d08f2-eaf9-4e1e-bed3-aa4aaa26a87e,SHOP_006,BEN_02799,2026-01-06 13:51:18.024274,Oil,1,50.0,28.6356,77.229758,Central Delhi,0
8c189f50-0e76-4d52-b593-fbd20879366f,SHOP_032,BEN_01985,2026-01-06 13:54:48.024274,Rice,16,48.0,28.708017,77.126743,Rohini,0
e9c091d6-28ba-4d37-8250-017fef393845,SHOP_045,BEN_01056,2026-01-06 14:01:10.024274,Oil,1,50.0,28.633767,77.205731,Central Delhi,0
bc635ed0-2972-47c9-9c67-f83a9cbd250f,SHOP_041,BEN_01959,2026-01-06 14:02:03.024274,Kerosene,3,75.0,28.676266,77.100986,West Delhi,0
229a17d4-2d4a-4faf-a614-84b6c6d35279,SHOP_020,BEN_02700,2026-01-06 14:05:12.024274,Oil,1,50.0,28.736478,77.119912,Rohini,0
19ec2e20-7332-4dcc-981f-e24ddf0f6e3a,SHOP_011,BEN_01761,2026-01-06 14:08:29.024274,Sugar,3,60.0,28.732554,77.205993,North Delhi,0
b098318d-1ce1-40fd-8c1f-6b05d8af3657,SHOP_005,BEN_02306,2026-01-06 14:12:02.024274,Oil,1,50.0,28.599771,77.274279,East Delhi,0
b934e15b-4145-44f7-b6bc-155f6166a3a5,SHOP_018,BEN_02826,2026-01-06 14:14:56.024274,Sugar,2,40.0,28.610429,77.188088,Central Delhi,0
3fc02113-ee47-4376-a694-d51c73408c71,SHOP_048,BEN_01713,2026-01-06 14:16:11.024274,Kerosene,3,75.0,28.596532,77.044874,Dwarka,0
38d199a8-f743-4e0e-b104-568e89e6ca67,SHOP_041,BEN_00659,2026-01-06 14:23:10.024274,Sugar,3,60.0,28.676266,77.100986,West Delhi,0
347a4fbc-526a-4ea7-bb6d-bbc9e8739c3a,SHOP_015,BEN_00915,2026-01-06 14:25:00.024274,Kerosene,1,25.0,28.630112,77.110956,West Delhi,0
1c3951a3-a5fe-4be1-ad29-4351b2288a6d,SHOP_049,BEN_01139,2026-01-06 14:32:42.024274,Rice,10,30.0,28.514677,77.242533,South Delhi,0
d79bf1fb-9653-40c4-8d2c-043c7d112f9b,SHOP_047,BEN_00537,2026-01-06 14:32:43.024274,Sugar,1,20.0,28.715937,77.10426,Rohini,0
d2a0b0d2-95d7-416f-9ede-fdae13d1de95,SHOP_032,BEN_00079,2026-01-06 14:41:44.024274,Sugar,2,40.0,28.708017,77.126743,Rohini,0
471fd338-679a-4c4c-82f4-eebd2550ebe6,SHOP_038,BEN_01228,2026-01-06 14:47:33.024274,Oil,1,50.0,28.737713,77.199062,North Delhi,0
0feab86e-f1d0-45b9-8ba9-36373b018bf8,SHOP_026,BEN_02266,2026-01-06 14:56:02.024274,Sugar,2,40.0,28.645158,77.323228,East Delhi,0
11586fa0-a244-4354-9247-a5fcf055b242,SHOP_046,BEN_01120,2026-01-06 15:04:03.024274,Rice,12,36.0,28.634402,77.315239,East Delhi,0
f1b7879b-490e-41ca-80eb-85b987040ebf,SHOP_004,BEN_01353,2026-01-06 15:13:22.024274,Wheat,7,14.0,28.709316,77.129745,Rohini,0
a30dce0b-3175-4b63-9fd3-1d57d381d913,SHOP_017,BEN_02320,2026-01-06 15:15:56.024274,Sugar,1,20.0,28.722696,77.129286,Rohini,0
3d26c565-5843-4281-95f0-494d2cee2023,SHOP_017,BEN_01429,2026-01-06 15:18:02.024274,Rice,16,48.0,28.722696,77.129286,Rohini,0
cd6b252d-7785-4ea5-a11b-01487b60ca1f,SHOP_004,BEN_02579,2026-01-06 15:30:20.024274,Oil,2,100.0,28.709316,77.129745,Rohini,0
dfef3829-2ce7-4e7b-8672-585e5f680110,SHOP_014,BEN_00998,2026-01-06 15:34:41.024274,Rice,16,48.0,28.708352,77.106686,Rohini,0
82175949-f3ae-4889-a2fc-ee71261646c1,SHOP_049,BEN_01701,2026-01-06 15:34:55.024274,Kerosene,3,75.0,28.514677,77.242533,South Delhi,0
b23cfccf-20d9-460f-8d60-60744a053895,SHOP_034,BEN_00466,2026-01-06 15:40:21.024274,Kerosene,2,50.0,28.586699,77.035213,Dwarka,0
c580ec57-9cef-441f-ad26-1fd5d933007e,SHOP_036,BEN_00050,2026-01-06 15:41:32.024274,Kerosene,2,50.0,28.73997,77.11894,Rohini,0
d43537da-7315-4d56-938b-2d3d03e659a7,SHOP_003,BEN_01581,2026-01-06 15:42:32.024274,Wheat,8,16.0,28.506364,77.204896,South Delhi,0
e271f7e4-18ff-4d54-8ae4-1ab31dcab0d2,SHOP_019,BEN_02682,2026-01-06 15:54:31.024274,Oil,1,50.0,28.631679,77.201199,Central Delhi,0
122a24bc-c5aa-4854-bb64-dd77c75452ee,SHOP_022,BEN_01684,2026-01-06 16:01:06.024274,Sugar,2,40.0,28.696907,77.177649,North Delhi,0
61f247ba-bf8a-4492-b8a9-d06d77ca0f08,SHOP_017,BEN_00335,2026-01-06 16:03:40.024274,Oil,2,100.0,28.722696,77.129286,Rohini,0
df974bc6-15bc-4fa0-85f8-6f34a0bcfeed,SHOP_015,BEN_00128,2026-01-06 16:11:57.024274,Oil,2,100.0,28.630112,77.110956,West Delhi,0
a2ce74c2-f900-474e-b28e-be9727bbd4c4,SHOP_005,BEN_01124,2026-01-06 16:12:25.024274,Kerosene,3,75.0,28.599771,77.274279,East Delhi,0
9524472f-521a-4b79-8c64-ad3aa06442db,SHOP_031,BEN_00425,2026-01-06 16:12:32.024274,Kerosene,2,50.0,28.727982,77.18544,North Delhi,0
ac098376-cbe7-45fc-ad93-485338d5ee3d,SHOP_026,BEN_02506,2026-01-06 16:23:08.024274,Sugar,1,20.0,28.645158,77.323228,East Delhi,0
f9c50121-e18a-4550-a9c7-5d35b617793a,SHOP_010,BEN_01317,2026-01-06 16:26:05.024274,Kerosene,2,50.0,28.581134,77.064005,Dwarka,0
c346ba80-60a2-40ed-bd01-687ff3250e41,SHOP_026,BEN_02290,2026-01-06 16:40:48.024274,Rice,14,42.0,28.645158,77.323228,East Delhi,0
aced4acb-2df5-4d2a-b595-0e4c8f3024ab,SHOP_050,BEN_02689,2026-01-06 16:42:16.024274,Rice,16,48.0,28.560938,77.180795,South Delhi,0
a1aba665-5c3e-4904-b87b-8e897b0a3f94,SHOP_027,BEN_02813,2026-01-06 16:44:10.024274,Oil,1,50.0,28.603311,77.025358,Dwarka,0
7dbbf52f-fbb2-4f01-bd75-8f3335060f2e,SHOP_014,BEN_00781,2026-01-06 16:45:17.024274,Oil,1,50.0,28.708352,77.106686,Rohini,0
017804c6-07d1-483b-96e0-bb31c1e3d895,SHOP_015,BEN_00877,2026-01-06 16:47:49.024274,Sugar,2,40.0,28.630112,77.110956,West Delhi,0
250d8309-8c64-46c5-83bc-8faa9992db6f,SHOP_019,BEN_01423,2026-01-06 16:48:55.024274,Wheat,16,32.0,28.631679,77.201199,Central Delhi,0
1d3f77a3-adb1-4a71-9b10-92a5322a0a37,SHOP_030,BEN_00887,2026-01-06 16:50:20.024274,Wheat,16,32.0,28.656014,77.071143,West Delhi,0
d081f6b5-ab18-41ef-b2d1-cc4c0b1eab1f,SHOP_042,BEN_02077,2026-01-06 16:55:07.024274,Wheat,17,34.0,28.598757,77.020815,Dwarka,0
fa17d31c-666c-480b-8567-ffe3ed3a9788,SHOP_023,BEN_02573,2026-01-06 16:57:31.024274,Kerosene,1,25.0,28.592266,77.310411,East Delhi,0
ebf24997-df2c-46b0-b836-23508fe7605f,SHOP_034,BEN_02108,2026-01-06 17:05:01.024274,Sugar,2,40.0,28.586699,77.035213,Dwarka,0
49fb6c08-656f-41a0-8ae3-94b04acb226c,SHOP_029,BEN_02419,2026-01-06 17:06:46.024274,Kerosene,2,50.0,28.583723,77.064561,Dwarka,0
ee0a4fd4-8a28-42da-9095-a67040082653,SHOP_032,BEN_00177,2026-01-06 17:11:17.024274,Oil,1,50.0,28.708017,77.126743,Rohini,0
fb96b39b-d27b-4a7d-b566-165c2d08cfe6,SHOP_007,BEN_00805,2026-01-06 17:12:27.024274,Oil,1,50.0,28.520513,77.217525,South Delhi,0
d90c603b-eda3-41bf-8618-30e70db617c9,SHOP_006,BEN_02648,2026-01-06 17:17:10.024274,Kerosene,3,75.0,28.6356,77.229758,Central Delhi,0
288cf9cb-59a5-4877-badd-87c5ee5d0d3b,SHOP_026,BEN_02640,2026-01-06 17:18:04.024274,Kerosene,1,25.0,28.645158,77.323228,East Delhi,0
32754c74-64c1-4315-be20-e47480cb2b8c,SHOP_014,BEN_00047,2026-01-06 17:23:35.024274,Kerosene,1,25.0,28.708352,77.106686,Rohini,0
d03f0756-9482-4d6f-978e-ac67b5944219,SHOP_008,BEN_02894,2026-01-06 17:26:27.024274,Rice,6,18.0,28.666336,77.103257,West Delhi,0
7def031e-3429-446a-a3e1-1904d17e1354,SHOP_029,BEN_02751,2026-01-06 17:27:17.024274,Oil,2,100.0,28.583723,77.064561,Dwarka,0
639f3e54-81e2-4d6d-999a-c7a251a2dbb5,SHOP_044,BEN_00781,2026-01-06 17:28:01.024274,Rice,16,48.0,28.615898,77.224361,Central Delhi,0
6cb51692-8530-4f60-a968-b7641876b495,SHOP_017,BEN_00747,2026-01-06 17:28:03.024274,Oil,2,100.0,28.722696,77.129286,Rohini,0
d3171e09-b3ed-45ef-8725-3adad9a1ea43,SHOP_001,BEN_02629,2026-01-06 17:30:57.024274,Kerosene,2,50.0,28.563667,77.196744,South Delhi,0
0f31af09-dc1c-482d-a142-cf56719002fd,SHOP_035,BEN_02220,2026-01-06 17:38:40.024274,Kerosene,3,75.0,28.715607,77.125559,Rohini,0
8efd11f4-53da-45ce-a6a2-8c76aa7b4ba1,SHOP_009,BEN_02217,2026-01-06 17:39:50.024274,Oil,1,50.0,28.633713,77.107844,West Delhi,0
e252caee-7bcc-412b-bef6-35e60e9a1bf3,SHOP_027,BEN_01318,2026-01-06 17:42:12.024274,Kerosene,2,50.0,28.603311,77.025358,Dwarka,0
1eb58f67-1a36-436d-b786-102cce66e2bd,SHOP_034,BEN_02476,2026-01-06 18:02:20.024274,Sugar,2,40.0,28.586699,77.035213,Dwarka,0
8cb404b1-1a22-42bf-bda9-e90917602f4c,SHOP_003,BEN_01742,2026-01-06 18:05:51.024274,Wheat,6,12.0,28.506364,77.204896,South Delhi,0
cfbcc67e-ec0c-40ea-b1e5-9d6a4da053f7,SHOP_025,BEN_02558,2026-01-06 18:09:31.024274,Sugar,2,40.0,28.624929,77.222474,Central Delhi,0
b2a0e24b-d4f6-450e-827c-634afbfc7a5a,SHOP_038,BEN_01033,2026-01-06 18:15:36.024274,Sugar,1,20.0,28.737713,77.199062,North Delhi,0
811a5ca5-5583-4960-9640-0c5302d2c52a,SHOP_011,BEN_00196,2026-01-06 18:18:25.024274,Sugar,2,40.0,28.732554,77.205993,North Delhi,0
0023da6a-da54-4233-84fb-b51f6f7e3498,SHOP_040,BEN_01180,2026-01-06 18:20:42.024274,Kerosene,2,50.0,28.673266,77.089259,West Delhi,0
e1571c6b-3553-4397-8526-bd4b8c196614,SHOP_049,BEN_01763,2026-01-06 18:22:29.024274,Oil,2,100.0,28.514677,77.242533,South Delhi,0
63ba6111-7dbd-408c-bbba-be4aaf843729,SHOP_044,BEN_00271,2026-01-06 18:23:48.024274,Oil,1,50.0,28.615898,77.224361,Central Delhi,0
0ce20a5f-6346-4ca9-a5a1-b96a0a35b076,SHOP_002,BEN_02311,2026-01-06 18:24:15.024274,Wheat,11,22.0,28.648957,77.10634,West Delhi,0
f22f41b4-86c3-4ac3-8f71-511011c5674f,SHOP_036,BEN_02880,2026-01-06 18:26:59.024274,Rice,13,39.0,28.73997,77.11894,Rohini,0
c8707823-1823-4109-8eac-461364bf806c,SHOP_017,BEN_01832,2026-01-06 18:28:52.024274,Oil,1,50.0,28.722696,77.129286,Rohini,0
3476f273-3009-49cf-b09d-18468de15b47,SHOP_030,BEN_00181,2026-01-06 18:35:47.024274,Rice,8,24.0,28.656014,77.071143,West Delhi,0
c4b937ff-ac3e-4395-8d71-8931ad71976f,SHOP_025,BEN_02733,2026-01-06 18:36:33.024274,Oil,2,100.0,28.624929,77.222474,Central Delhi,0
c68a0c0f-6f4c-4dfc-be1e-a1cc4e3b9bf8,SHOP_050,BEN_02374,2026-01-06 18:44:26.024274,Kerosene,3,75.0,28.560938,77.180795,South Delhi,0
bb23c77d-7d57-47a0-a991-7dc6b5e118fb,SHOP_038,BEN_00418,2026-01-06 18:46:31.024274,Sugar,2,40.0,28.737713,77.199062,North Delhi,0
95213be4-c7e9-4e30-975a-5b2fb2a4c976,SHOP_016,BEN_02728,2026-01-06 18:55:32.024274,Kerosene,2,50.0,28.644796,77.107779,West Delhi,0
ea86eb7a-d371-47a5-9267-60f1a029e774,SHOP_026,BEN_01187,2026-01-06 18:58:55.024274,Oil,1,50.0,28.645158,77.323228,East Delhi,0
1eb135f1-785b-46a1-91b6-f7989e4091a8,SHOP_039,BEN_02185,2026-01-06 19:01:19.024274,Oil,1,50.0,28.707365,77.109479,Rohini,0
881d9706-3f15-408c-8a9a-d3719ba79343,SHOP_046,BEN_00206,2026-01-06 19:12:39.024274,Sugar,3,60.0,28.634402,77.315239,East Delhi,0
df4e06c3-b204-4be9-bdb4-c0059c8fc4a1,SHOP_032,BEN_00910,2026-01-06 19:17:00.024274,Sugar,2,40.0,28.708017,77.126743,Rohini,0
6c27f888-ff5b-4dd4-8b63-f5ea659da1ed,SHOP_044,BEN_01667,2026-01-06 19:24:46.024274,Oil,1,50.0,28.615898,77.224361,Central Delhi,0
a913e3e4-4f75-4582-a660-1df42c13b88c,SHOP_021,BEN_02840,2026-01-06 19:26:33.024274,Sugar,3,60.0,28.654216,77.114329,West Delhi,0
64e96064-6e63-42e1-ba24-abfa99476983,SHOP_033,BEN_00736,2026-01-06 19:29:54.024274,Sugar,1,20.0,28.731131,77.204781,North Delhi,0
0d8726c3-1dcc-4f56-9d32-2d8229acf72b,SHOP_045,BEN_02653,2026-01-06 19:32:20.024274,Oil,2,100.0,28.633767,77.205731,Central Delhi,0
6619d569-c728-49ed-a3ac-bf992044f974,SHOP_047,BEN_01238,2026-01-06 19:39:00.024274,Oil,1,50.0,28.715937,77.10426,Rohini,0
cfc7c59d-4c16-4174-8438-e5fc2da76c63,SHOP_024,BEN_01220,2026-01-06 19:47:00.024274,Wheat,11,22.0,28.505958,77.198023,South Delhi,0
7b254272-a1f0-40b2-b37f-47b514b92007,SHOP_031,BEN_02706,2026-01-06 19:49:26.024274,Sugar,1,20.0,28.727982,77.18544,North Delhi,0
2f1446d2-7fbc-4215-8812-0d2647e9a663,SHOP_005,BEN_01187,2026-01-06 19:51:08.024274,Kerosene,3,75.0,28.599771,77.274279,East Delhi,0
fe79d070-c77e-4428-b37d-c4ac028851fc,SHOP_004,BEN_00241,2026-01-06 19:52:27.024274,Rice,12,36.0,28.709316,77.129745,Rohini,0
f4677207-745d-4983-814e-e9d6abdecb89,SHOP_005,BEN_01484,2026-01-06 19:54:57.024274,Kerosene,2,50.0,28.599771,77.274279,East Delhi,0
83a5552f-bfff-4ab1-8167-7b9405540708,SHOP_017,BEN_02253,2026-01-06 19:59:41.024274,Wheat,11,22.0,28.722696,77.129286,Rohini,0
6e21310a-47e8-4164-85bf-5cb7b04c2ac6,SHOP_008,BEN_00439,2026-01-07 08:08:18.024274,Wheat,9,18.0,28.666336,77.103257,West Delhi,0
e4e8392d-6636-47ef-8939-ce2f8f89ef89,SHOP_047,BEN_00776,2026-01-07 08:12:41.024274,Sugar,2,40.0,28.715937,77.10426,Rohini,0
dd6ece29-9676-4e00-b809-7bea907e12c5,SHOP_007,BEN_01371,2026-01-07 08:17:54.024274,Wheat,12,24.0,28.520513,77.217525,South Delhi,0
80cf0917-3b9a-461d-a1de-8c2cb3eb1a10,SHOP_042,BEN_01145,2026-01-07 08:35:56.024274,Kerosene,1,25.0,28.598757,77.020815,Dwarka,0
af65ecac-ac86-432b-9263-c1a687868317,SHOP_012,BEN_01919,2026-01-07 08:44:51.024274,Wheat,5,10.0,28.618685,77.319017,East Delhi,0
8872c045-c767-4d80-8e62-235a7fc04641,SHOP_046,BEN_02018,2026-01-07 08:56:17.024274,Oil,2,100.0,28.634402,77.315239,East Delhi,0
ded358fb-03e6-41f1-88e5-977a5a51bd51,SHOP_026,BEN_00457,2026-01-07 09:11:36.024274,Sugar,3,60.0,28.645158,77.323228,East Delhi,0
c0f05c24-e2f9-41e1-85c6-d21e2f3f6740,SHOP_007,BEN_00495,2026-01-07 09:23:46.024274,Wheat,16,32.0,28.520513,77.217525,South Delhi,0
b15af999-d8f8-4317-8bc6-d872e64b5a3c,SHOP_033,BEN_00740,2026-01-07 09:24:47.024274,Wheat,13,26.0,28.731131,77.204781,North Delhi,0
6e736d25-27a8-40de-b052-6dce35388fef,SHOP_049,BEN_01382,2026-01-07 09:25:07.024274,Rice,10,30.0,28.514677,77.242533,South Delhi,0
71e5f537-fe64-42a1-a40d-f35ec8a7d37e,SHOP_034,BEN_02739,2026-01-07 09:27:21.024274,Oil,2,100.0,28.586699,77.035213,Dwarka,0
96f613dd-3b2a-402f-8a65-594630bb3838,SHOP_019,BEN_02548,2026-01-07 09:43:45.024274,Sugar,1,20.0,28.631679,77.201199,Central Delhi,0
4cbc20c5-2ac1-424a-a770-3d4129fff5da,SHOP_030,BEN_01975,2026-01-07 09:50:52.024274,Wheat,13,26.0,28.656014,77.071143,West Delhi,0
05975663-867f-4881-8672-2b9311c31d87,SHOP_001,BEN_01515,2026-01-07 09:54:45.024274,Oil,2,100.0,28.563667,77.196744,South Delhi,0
91fa6edb-609a-444f-a557-a7e5f9caeba8,SHOP_015,BEN_01633,2026-01-07 09:56:27.024274,Oil,2,100.0,28.630112,77.110956,West Delhi,0
9d8bc8ec-cbe1-4b4c-a87c-77dce0c362ea,SHOP_015,BEN_02178,2026-01-07 09:56:35.024274,Sugar,3,60.0,28.630112,77.110956,West Delhi,0
a8e5daf4-10f4-416b-907e-9a0ffad280ea,SHOP_016,BEN_02309,2026-01-07 09:56:49.024274,Rice,11,33.0,28.644796,77.107779,West Delhi,0
d1712b1a-8e6b-455a-96b6-70cef2ffcbe2,SHOP_037,BEN_00293,2026-01-07 09:59:41.024274,Rice,14,42.0,28.707215,77.215419,North Delhi,0
8c626677-8205-4fbc-87d2-a6267bd3d3b8,SHOP_027,BEN_02616,2026-01-07 10:03:48.024274,Kerosene,1,25.0,28.603311,77.025358,Dwarka,0
d2444c83-8c9d-42fe-b959-37c88d177b3b,SHOP_039,BEN_01131,2026-01-07 10:14:55.024274,Sugar,2,40.0,28.707365,77.109479,Rohini,0
aaf43707-cc3e-4ac1-86d2-9190b12ba6bc,SHOP_046,BEN_01632,2026-01-07 10:19:15.024274,Sugar,1,20.0,28.634402,77.315239,East Delhi,0
71b6eef9-efe7-4140-9c5e-4078f15ef381,SHOP_004,BEN_02451,2026-01-07 10:23:32.024274,Rice,9,27.0,28.709316,77.129745,Rohini,0
03a0352a-6c3b-408f-94e5-be86b7b2556b,SHOP_019,BEN_02317,2026-01-07 10:39:25.024274,Sugar,3,60.0,28.631679,77.201199,Central Delhi,0
a8bdbd88-c6f4-4bd5-bb1c-122f9a6a10f9,SHOP_008,BEN_00589,2026-01-07 10:47:19.024274,Sugar,3,60.0,28.666336,77.103257,West Delhi,0
59ffb9f5-8b32-4110-87e6-b5a9e1e234eb,SHOP_025,BEN_01743,2026-01-07 10:49:42.024274,Kerosene,2,50.0,28.624929,77.222474,Central Delhi,0
4769a96b-b501-4d2a-a06d-95097d7d3e69,SHOP_029,BEN_01300,2026-01-07 10:52:43.024274,Oil,1,50.0,28.583723,77.064561,Dwarka,0
a2f5e457-1637-4c34-8b6d-d35629becd28,SHOP_003,BEN_01140,2026-01-07 10:53:06.024274,Wheat,17,34.0,28.506364,77.204896,South Delhi,0
23e1e058-8b8b-436f-9018-d7c553abd292,SHOP_012,BEN_02855,2026-01-07 10:53:32.024274,Rice,6,18.0,28.618685,77.319017,East Delhi,0
b9e8d190-48b1-413e-8862-103e9a75882c,SHOP_036,BEN_01749,2026-01-07 10:54:49.024274,Wheat,10,20.0,28.73997,77.11894,Rohini,0
dd74107a-943e-4280-8d78-6b541cc3f745,SHOP_033,BEN_01676,2026-01-07 11:07:20.024274,Sugar,3,60.0,28.731131,77.204781,North Delhi,0
3a9e23dc-4679-4991-8e0c-c4f700e41b72,SHOP_004,BEN_02088,2026-01-07 11:12:53.024274,Rice,7,21.0,28.709316,77.129745,Rohini,0
fe1e4c74-0231-47cd-8372-489e2d8cf492,SHOP_043,BEN_01662,2026-01-07 11:14:46.024274,Rice,12,36.0,28.561519,77.048283,Dwarka,0
195f1aff-caaa-48d6-b14b-1903129002f2,SHOP_022,BEN_02639,2026-01-07 11:16:30.024274,Rice,10,30.0,28.696907,77.177649,North Delhi,0
ea97a1e3-076f-49ee-b017-24c43acdae07,SHOP_048,BEN_01627,2026-01-07 11:17:57.024274,Wheat,9,18.0,28.596532,77.044874,Dwarka,0
42a7277c-d563-4851-a8be-fe6ed4307066,SHOP_015,BEN_02622,2026-01-07 11:24:29.024274,Sugar,3,60.0,28.630112,77.110956,West Delhi,0
3b87094c-54dd-469e-9fc5-d82e50051e86,SHOP_030,BEN_01643,2026-01-07 11:36:41.024274,Oil,2,100.0,28.656014,77.071143,West Delhi,0
6baac227-e1db-4b41-9dca-05c3d0c35eb5,SHOP_001,BEN_02932,2026-01-07 11:40:26.024274,Oil,1,50.0,28.563667,77.196744,South Delhi,0
24e53c49-6803-4407-a885-4868c13fae05,SHOP_004,BEN_00056,2026-01-07 11:53:41.024274,Wheat,15,30.0,28.709316,77.129745,Rohini,0
51a49442-a4e7-41ee-b348-5a1102ddb658,SHOP_048,BEN_00161,2026-01-07 11:57:29.024274,Rice,17,51.0,28.596532,77.044874,Dwarka,0
6a5cb104-43ee-409e-9bf2-13ed552156e5,SHOP_001,BEN_02702,2026-01-07 11:57:38.024274,Wheat,17,34.0,28.563667,77.196744,South Delhi,0
2f2e3503-74e8-4876-8f6a-e498c60d941f,SHOP_016,BEN_00911,2026-01-07 11:57:48.024274,Rice,16,48.0,28.644796,77.107779,West Delhi,0
58e98463-1575-4492-b759-d15bda3644a2,SHOP_011,BEN_01986,2026-01-07 12:04:29.024274,Kerosene,1,25.0,28.732554,77.205993,North Delhi,0
d266561e-e39b-4830-b4a9-7592f928c6b2,SHOP_022,BEN_01209,2026-01-07 12:05:58.024274,Kerosene,3,75.0,28.696907,77.177649,North Delhi,0
3ab6eec3-a2e0-499b-8674-4ff4161c0486,SHOP_038,BEN_00567,2026-01-07 12:19:54.024274,Wheat,7,14.0,28.737713,77.199062,North Delhi,0
f58d8710-62c7-4fef-bb77-1fc90e1d0b56,SHOP_044,BEN_01654,2026-01-07 12:22:57.024274,Wheat,18,36.0,28.615898,77.224361,Central Delhi,0
fc199417-7689-415c-a627-f50bcac1f93e,SHOP_009,BEN_01765,2026-01-07 12:24:31.024274,Oil,2,100.0,28.633713,77.107844,West Delhi,0
a520a3b4-0775-4a67-8938-bf8f3346cb8b,SHOP_031,BEN_01169,2026-01-07 12:25:55.024274,Rice,14,42.0,28.727982,77.18544,North Delhi,0
5e4e367d-6f7d-4b04-91df-1045264b2fa2,SHOP_024,BEN_02817,2026-01-07 12:26:35.024274,Kerosene,1,25.0,28.505958,77.198023,South Delhi,0
d2d94269-03dd-413f-8b4f-9b10d9f44c04,SHOP_041,BEN_02841,2026-01-07 12:26:38.024274,Rice,9,27.0,28.676266,77.100986,West Delhi,0
bd4cd404-1bf2-41ce-beb6-b453e7fde52f,SHOP_016,BEN_02644,2026-01-07 12:29:37.024274,Kerosene,3,75.0,28.644796,77.107779,West Delhi,0
25ee3f9d-d22b-4747-89bf-94bed98f3854,SHOP_029,BEN_02169,2026-01-07 12:32:04.024274,Wheat,12,24.0,28.583723,77.064561,Dwarka,0
b1d4d04c-ee6a-4a43-b6be-61db411b26a5,SHOP_040,BEN_02066,2026-01-07 12:35:01.024274,Wheat,16,32.0,28.673266,77.089259,West Delhi,0
f7b067fb-d12d-48c4-af27-8daf81e1bacb,SHOP_011,BEN_02642,2026-01-07 12:36:21.024274,Oil,2,100.0,28.732554,77.205993,North Delhi,0
fba38a67-3878-4592-b3ff-33d9eea74e8b,SHOP_026,BEN_02734,2026-01-07 12:49:39.024274,Rice,10,30.0,28.645158,77.323228,East Delhi,0
a3d98544-4ba4-4cd2-83ee-a9d7d764fde9,SHOP_005,BEN_01812,2026-01-07 12:52:22.024274,Sugar,3,60.0,28.599771,77.274279,East Delhi,0
39421b0f-239d-44dc-a3d4-56631bd9b113,SHOP_028,BEN_02042,2026-01-07 13:09:52.024274,Rice,17,51.0,28.644078,77.187159,Central Delhi,0
d2b20964-0162-491d-b701-437ea849c59c,SHOP_038,BEN_01657,2026-01-07 13:10:27.024274,Oil,2,100.0,28.737713,77.199062,North Delhi,0
ec8ef1bb-9f07-46ed-9dbf-4b5afb80fdd0,SHOP_002,BEN_02104,2026-01-07 13:10:29.024274,Kerosene,1,25.0,28.648957,77.10634,West Delhi,0
993b4cd1-7349-4d90-99d1-0a9530260d16,SHOP_050,BEN_02064,2026-01-07 13:20:03.024274,Rice,10,30.0,28.560938,77.180795,South Delhi,0
578badf4-ddd3-4697-8004-32ce7d49b6e1,SHOP_047,BEN_01792,2026-01-07 13:22:44.024274,Oil,1,50.0,28.715937,77.10426,Rohini,0
be827374-32a1-4984-bbd7-b5baad6bdd42,SHOP_023,BEN_02189,2026-01-07 13:28:18.024274,Oil,2,100.0,28.592266,77.310411,East Delhi,0
2fbb11e2-4c9c-4242-9ee9-24e3fc9b29ae,SHOP_007,BEN_00855,2026-01-07 13:37:10.024274,Rice,6,18.0,28.520513,77.217525,South Delhi,0
83a802a3-d5ec-476b-98ee-4d99beaa8c65,SHOP_023,BEN_01127,2026-01-07 13:37:22.024274,Rice,16,48.0,28.592266,77.310411,East Delhi,0
48806a23-1a8e-429d-9f0c-6e38717d5346,SHOP_017,BEN_00275,2026-01-07 13:39:12.024274,Wheat,9,18.0,28.722696,77.129286,Rohini,0
1bd07a8b-acbd-4ba3-9944-67e754cd754f,SHOP_023,BEN_02002,2026-01-07 13:41:30.024274,Rice,12,36.0,28.592266,77.310411,East Delhi,0
b17cdd57-c8b7-4fcd-b71e-255bd6c0f3cc,SHOP_030,BEN_00953,2026-01-07 13:47:36.024274,Oil,1,50.0,28.656014,77.071143,West Delhi,0
f4e7a9a5-3d54-45e1-90a6-bcf8f77a57ac,SHOP_045,BEN_01861,2026-01-07 13:55:31.024274,Oil,1,50.0,28.633767,77.205731,Central Delhi,0
96f1125a-85c3-4310-bf9e-97d75a8fd5b4,SHOP_035,BEN_01228,2026-01-07 13:57:11.024274,Kerosene,2,50.0,28.715607,77.125559,Rohini,0
7388063c-5e44-42a3-8fea-f28cd2e4b154,SHOP_046,BEN_02254,2026-01-07 14:08:32.024274,Kerosene,1,25.0,28.634402,77.315239,East Delhi,0
e52aceef-f704-4904-b685-a8bd62f195af,SHOP_032,BEN_02145,2026-01-07 14:13:05.024274,Rice,15,45.0,28.708017,77.126743,Rohini,0
ca4055e1-2e55-4fa3-bdfb-6523d6b40d97,SHOP_050,BEN_00650,2026-01-07 14:13:12.024274,Sugar,1,20.0,28.560938,77.180795,South Delhi,0
bb75d695-223a-4d4b-a818-a2f5c204b822,SHOP_038,BEN_02480,2026-01-07 14:23:37.024274,Rice,13,39.0,28.737713,77.199062,North Delhi,0
46fe48af-9f8b-42aa-9723-aee68006fd3f,SHOP_036,BEN_00692,2026-01-07 14:26:07.024274,Oil,2,100.0,28.73997,77.11894,Rohini,0
f102c9aa-6fe5-4eb0-8c6b-35a395f6f908,SHOP_029,BEN_01979,2026-01-07 14:26:38.024274,Rice,20,60.0,28.583723,77.064561,Dwarka,0
8f4d2dcd-756d-4789-b92e-fc149abc2879,SHOP_046,BEN_01289,2026-01-07 14:29:11.024274,Kerosene,1,25.0,28.634402,77.315239,East Delhi,0
b3bbb01e-ac99-4be0-9d7e-1dc82355e935,SHOP_030,BEN_01703,2026-01-07 14:30:30.024274,Sugar,3,60.0,28.656014,77.071143,West Delhi,0
976125f0-b8b2-44a2-8d8a-34d8b47e9d24,SHOP_001,BEN_00404,2026-01-07 14:35:33.024274,Rice,5,15.0,28.563667,77.196744,South Delhi,0
4880e7f3-d91a-43c1-9591-3e4ac94625ec,SHOP_042,BEN_01060,2026-01-07 14:39:11.024274,Oil,1,50.0,28.598757,77.020815,Dwarka,0
3e41ed10-b9bc-48fe-80d3-acb553961499,SHOP_021,BEN_01267,2026-01-07 14:40:52.024274,Kerosene,2,50.0,28.654216,77.114329,West Delhi,0
020b47f3-901d-4c88-bdd0-ee936e971485,SHOP_046,BEN_02680,2026-01-07 14:42:12.024274,Kerosene,1,25.0,28.634402,77.315239,East Delhi,0
650a0503-613d-4f9b-88ff-e14ce0b83837,SHOP_019,BEN_02546,2026-01-07 14:44:04.024274,Rice,10,30.0,28.631679,77.201199,Central Delhi,0
ff0de652-10a1-4e17-b457-00ab5cbe98ef,SHOP_014,BEN_00883,2026-01-07 14:48:30.024274,Kerosene,3,75.0,28.708352,77.106686,Rohini,0
34f71819-9edc-421a-a5f9-815d9e675fbb,SHOP_025,BEN_02357,2026-01-07 14:56:16.024274,Rice,18,54.0,28.624929,77.222474,Central Delhi,0
cdb4ed98-a63e-4788-832b-65c200a2b656,SHOP_038,BEN_00341,2026-01-07 15:06:37.024274,Sugar,2,40.0,28.737713,77.199062,North Delhi,0
deb72dff-bbc0-4690-a540-de3cfa720611,SHOP_049,BEN_00313,2026-01-07 15:06:50.024274,Oil,2,100.0,28.514677,77.242533,South Delhi,0
fdcb6ce9-44f8-403a-8a2b-d626868ceb08,SHOP_011,BEN_00113,2026-01-07 15:11:26.024274,Oil,2,100.0,28.732554,77.205993,North Delhi,0
54bc2859-cfb9-481c-8014-2074eff4f81e,SHOP_007,BEN_00196,2026-01-07 15:13:56.024274,Oil,2,100.0,28.520513,77.217525,South Delhi,0
e8f5257c-1b36-44e2-9c3a-3f17222044c5,SHOP_046,BEN_01272,2026-01-07 15:15:32.024274,Sugar,3,60.0,28.634402,77.315239,East Delhi,0
56c09057-5108-4c33-a042-e6fb3f5519c9,SHOP_030,BEN_01925,2026-01-07 15:25:49.024274,Wheat,10,20.0,28.656014,77.071143,West Delhi,0
6e503b5a-6245-4480-9a1a-3352704d29e2,SHOP_031,BEN_01775,2026-01-07 15:26:34.024274,Rice,7,21.0,28.727982,77.18544,North Delhi,0
1e991aae-7200-4003-9d61-ebae45d725b1,SHOP_024,BEN_00911,2026-01-07 15:40:31.024274,Rice,7,21.0,28.505958,77.198023,South Delhi,0
34fa70f8-91f2-4ecf-88d6-cfe683a67b2d,SHOP_039,BEN_01190,2026-01-07 15:44:09.024274,Wheat,8,16.0,28.707365,77.109479,Rohini,0
db3a057e-4f57-4392-a67b-763a958a8f53,SHOP_013,BEN_00296,2026-01-07 15:53:12.024274,Rice,7,21.0,28.689861,77.183213,North Delhi,0
d9ea1c15-08e3-48a8-ba0b-e0adbcb423bc,SHOP_010,BEN_00989,2026-01-07 16:13:30.024274,Oil,2,100.0,28.581134,77.064005,Dwarka,0
d76dd970-94d9-4adf-af36-512768104741,SHOP_036,BEN_00200,2026-01-07 16:24:53.024274,Wheat,6,12.0,28.73997,77.11894,Rohini,0
715fd29a-699f-4bde-ae85-ed09a242b13a,SHOP_037,BEN_02995,2026-01-07 16:25:54.024274,Oil,2,100.0,28.707215,77.215419,North Delhi,0
79618c42-1473-4b78-8ff7-b4ad72c4f5e4,SHOP_022,BEN_00710,2026-01-07 16:28:04.024274,Rice,17,51.0,28.696907,77.177649,North Delhi,0
31b5ab97-06cd-4ae8-8111-f98318d42b8a,SHOP_001,BEN_00510,2026-01-07 16:37:01.024274,Oil,2,100.0,28.563667,77.196744,South Delhi,0
0430b48a-2258-46a9-a88b-a8d08e6ebcdf,SHOP_027,BEN_00992,2026-01-07 16:39:08.024274,Oil,1,50.0,28.603311,77.025358,Dwarka,0
fe68521d-e69a-4f78-ae37-0376be36265c,SHOP_013,BEN_02184,2026-01-07 16:43:14.024274,Wheat,14,28.0,28.689861,77.183213,North Delhi,0
4375ba7f-9afb-4934-850e-f7d19ae2b52c,SHOP_044,BEN_01373,2026-01-07 16:50:05.024274,Oil,2,100.0,28.615898,77.224361,Central Delhi,0
c330d4e4-4ca5-4e81-8df8-467548f7669a,SHOP_037,BEN_02877,2026-01-07 16:53:38.024274,Wheat,15,30.0,28.707215,77.215419,North Delhi,0
e105f7d0-a7c8-430c-acf3-7bdd543152ad,SHOP_016,BEN_00145,2026-01-07 16:58:13.024274,Kerosene,3,75.0,28.644796,77.107779,West Delhi,0
2f390bf8-9a01-48ab-8e7b-61fcf60aed27,SHOP_005,BEN_01846,2026-01-07 17:08:50.024274,Wheat,15,30.0,28.599771,77.274279,East Delhi,0
cffb0dc5-a79a-45a6-baba-56c8f8f7c43e,SHOP_008,BEN_02612,2026-01-07 17:12:04.024274,Rice,19,57.0,28.666336,77.103257,West Delhi,0
35cc3b29-8e77-481b-a427-ccf496130868,SHOP_027,BEN_02271,2026-01-07 17:13:28.024274,Oil,1,50.0,28.603311,77.025358,Dwarka,0
1780ec30-2852-4def-b28a-730e0b1e5624,SHOP_006,BEN_01709,2026-01-07 17:15:20.024274,Rice,16,48.0,28.6356,77.229758,Central Delhi,0
9dc4b2d0-b36c-4446-8228-ec8e4825a40f,SHOP_012,BEN_00887,2026-01-07 17:18:36.024274,Sugar,1,20.0,28.618685,77.319017,East Delhi,0
2fddf6f9-64df-4531-8242-b2f0ee88a1ff,SHOP_025,BEN_02361,2026-01-07 17:29:04.024274,Wheat,5,10.0,28.624929,77.222474,Central Delhi,0
3139b08b-e167-4d42-be2f-ee88360febd6,SHOP_019,BEN_00045,2026-01-07 17:33:07.024274,Wheat,7,14.0,28.631679,77.201199,Central Delhi,0
59caa3e8-b902-4d52-8423-6f7df4f1c55a,SHOP_007,BEN_01008,2026-01-07 17:35:27.024274,Kerosene,3,75.0,28.520513,77.217525,South Delhi,0
02a4d663-54a8-49b5-be85-4b399476087c,SHOP_023,BEN_00227,2026-01-07 17:41:06.024274,Rice,5,15.0,28.592266,77.310411,East Delhi,0
dc612178-0e72-4df9-be89-0f440d14e191,SHOP_021,BEN_02094,2026-01-07 17:42:54.024274,Wheat,6,12.0,28.654216,77.114329,West Delhi,0
c37b0554-ad3b-4089-9634-58ce4fcba3e2,SHOP_016,BEN_01015,2026-01-07 17:48:44.024274,Sugar,1,20.0,28.644796,77.107779,West Delhi,0
5d704d7a-1afe-4213-bad9-63337864a76a,SHOP_036,BEN_00111,2026-01-07 17:51:31.024274,Kerosene,1,25.0,28.73997,77.11894,Rohini,0
32f5b2d5-7729-4148-942b-0d9968239f81,SHOP_028,BEN_02157,2026-01-07 17:52:21.024274,Rice,13,39.0,28.644078,77.187159,Central Delhi,0
83705afa-c3c7-4ad6-b180-0913d5ef07aa,SHOP_050,BEN_00964,2026-01-07 17:55:05.024274,Oil,1,50.0,28.560938,77.180795,South Delhi,0
539d19f5-ddb6-4ca3-8ce0-956d8779b581,SHOP_048,BEN_01776,2026-01-07 17:57:00.024274,Sugar,3,60.0,28.596532,77.044874,Dwarka,0
217eab75-ee8b-49b1-916d-e22f9adf1139,SHOP_007,BEN_01901,2026-01-07 17:57:25.024274,Rice,18,54.0,28.520513,77.217525,South Delhi,0
197af36b-b47d-4bdd-9c6d-3d789676a007,SHOP_039,BEN_02561,2026-01-07 17:57:55.024274,Rice,5,15.0,28.707365,77.109479,Rohini,0
cfab3a65-3b6c-4dfc-b3b4-97f86b71cd05,SHOP_021,BEN_01805,2026-01-07 17:59:12.024274,Sugar,3,60.0,28.654216,77.114329,West Delhi,0
a3bfa2ad-20c4-431a-92a0-f47664849606,SHOP_010,BEN_01846,2026-01-07 18:06:55.024274,Oil,1,50.0,28.581134,77.064005,Dwarka,0
46743283-6298-48f9-ac09-dbcc20d3b1bf,SHOP_037,BEN_00678,2026-01-07 18:13:54.024274,Sugar,2,40.0,28.707215,77.215419,North Delhi,0
e0a6db6a-6a55-4b2d-82f1-f968e2ad84ab,SHOP_038,BEN_02281,2026-01-07 18:15:58.024274,Kerosene,1,25.0,28.737713,77.199062,North Delhi,0
5f877ad9-fe7b-4423-a704-c22ab0949b5b,SHOP_026,BEN_01498,2026-01-07 18:16:47.024274,Oil,2,100.0,28.645158,77.323228,East Delhi,0
b7faefbf-3e08-4510-9887-268f6cced250,SHOP_025,BEN_02525,2026-01-07 18:18:38.024274,Kerosene,1,25.0,28.624929,77.222474,Central Delhi,0
6e208ce8-f9c7-463a-adb2-506e25946620,SHOP_037,BEN_00014,2026-01-07 18:24:18.024274,Sugar,1,20.0,28.707215,77.215419,North Delhi,0
b7a48964-6422-45d8-9517-11bd50006ab6,SHOP_028,BEN_00657,2026-01-07 18:26:29.024274,Rice,9,27.0,28.644078,77.187159,Central Delhi,0
3a28e598-b201-42af-8a2b-97d17f692b43,SHOP_029,BEN_01793,2026-01-07 18:37:18.024274,Sugar,1,20.0,28.583723,77.064561,Dwarka,0
e2d7ed6e-b985-4913-961c-adc508fa1400,SHOP_003,BEN_02960,2026-01-07 18:37:20.024274,Kerosene,1,25.0,28.506364,77.204896,South Delhi,0
f84f93b0-2e01-4685-894b-8ce11f2f6f84,SHOP_029,BEN_02128,2026-01-07 18:38:38.024274,Sugar,3,60.0,28.583723,77.064561,Dwarka,0
7e6ea8c0-a6c0-4a5f-a486-dd9c255b2672,SHOP_050,BEN_00627,2026-01-07 18:42:19.024274,Kerosene,3,75.0,28.560938,77.180795,South Delhi,0
6a69898a-69b3-4351-b9b2-3bffe920fa2f,SHOP_025,BEN_01896,2026-01-07 19:01:55.024274,Wheat,17,34.0,28.624929,77.222474,Central Delhi,0
e88f7166-f133-468d-ad4c-78e19e6e138a,SHOP_034,BEN_02394,2026-01-07 19:04:06.024274,Wheat,19,38.0,28.586699,77.035213,Dwarka,0
343de5f5-2d61-4deb-80de-3b61bcb0a5b5,SHOP_010,BEN_01348,2026-01-07 19:06:05.024274,Kerosene,2,50.0,28.581134,77.064005,Dwarka,0
a9315357-bdd2-4eb7-a2f7-8dfb90cdd0ad,SHOP_036,BEN_02296,2026-01-07 19:06:38.024274,Rice,9,27.0,28.73997,77.11894,Rohini,0
5991e51c-4875-45b1-b538-320dae1e73f3,SHOP_029,BEN_02601,2026-01-07 19:08:01.024274,Kerosene,2,50.0,28.583723,77.064561,Dwarka,0
64f29aca-1415-4ee4-a125-0fe3ed4dc21f,SHOP_024,BEN_02907,2026-01-07 19:25:05.024274,Rice,15,45.0,28.505958,77.198023,South Delhi,0
92c78eae-0ebf-4ec4-8b80-54fdbbe8396a,SHOP_027,BEN_01107,2026-01-07 19:33:09.024274,Kerosene,1,25.0,28.603311,77.025358,Dwarka,0
cadb2386-732b-4916-b05e-93f7092350bc,SHOP_050,BEN_00995,2026-01-07 19:36:42.024274,Sugar,3,60.0,28.560938,77.180795,South Delhi,0
35864903-95b5-4cd1-9c80-b9aeb3506a35,SHOP_050,BEN_01082,2026-01-07 19:40:12.024274,Kerosene,1,25.0,28.560938,77.180795,South Delhi,0
0cd52197-70b8-467c-9fb7-cfa1069b0512,SHOP_019,BEN_01133,2026-01-07 19:40:48.024274,Oil,2,100.0,28.631679,77.201199,Central Delhi,0
1d2d3be0-ce60-42ee-ac68-bb9acf67d5c7,SHOP_039,BEN_02351,2026-01-07 19:42:55.024274,Sugar,2,40.0,28.707365,77.109479,Rohini,0
eb7e4130-8981-4abe-a9ce-17077f7e3a6f,SHOP_009,BEN_00375,2026-01-07 19:44:54.024274,Sugar,1,20.0,28.633713,77.107844,West Delhi,0
313ad587-efaa-4229-b304-79a7799ba2da,SHOP_034,BEN_00986,2026-01-07 19:48:02.024274,Rice,9,27.0,28.586699,77.035213,Dwarka,0
5a1ecb8a-5630-4e49-94f2-a1107566c5c9,SHOP_004,BEN_01372,2026-01-08 08:01:22.024274,Wheat,19,38.0,28.709316,77.129745,Rohini,0
e6b8602a-3dd9-4de4-9bba-6e380028e1bb,SHOP_049,BEN_02367,2026-01-08 08:01:39.024274,Rice,13,39.0,28.514677,77.242533,South Delhi,0
19185d99-4e9c-4276-999a-4fe5427f69b2,SHOP_018,BEN_01565,2026-01-08 08:01:51.024274,Kerosene,1,25.0,28.610429,77.188088,Central Delhi,0
b5b3406a-d31c-4a78-95b8-6fe9cb22912e,SHOP_012,BEN_01125,2026-01-08 08:02:14.024274,Sugar,3,60.0,28.618685,77.319017,East Delhi,0
2d4b1cf8-0e7d-4e77-b433-2e5bed9543bc,SHOP_044,BEN_00004,2026-01-08 08:02:33.024274,Sugar,3,60.0,28.615898,77.224361,Central Delhi,0
a528e75b-6f2b-4682-98d5-1a2208ca19f4,SHOP_020,BEN_02749,2026-01-08 08:02:57.024274,Wheat,7,14.0,28.736478,77.119912,Rohini,0
ee2f90f0-37d0-4f61-b62d-66b363ee8ecb,SHOP_019,BEN_02342,2026-01-08 08:04:25.024274,Rice,16,48.0,28.631679,77.201199,Central Delhi,0
a988a89a-033b-48bb-bfe7-4720622f702a,SHOP_043,BEN_00613,2026-01-08 08:19:02.024274,Oil,1,50.0,28.561519,77.048283,Dwarka,0
2fcf5fef-363b-426e-9d15-b6c0fb928f53,SHOP_029,BEN_00052,2026-01-08 08:23:39.024274,Kerosene,2,50.0,28.583723,77.064561,Dwarka,0
24dac350-f788-414f-bdc8-d207640fce6f,SHOP_045,BEN_00642,2026-01-08 08:24:15.024274,Sugar,2,40.0,28.633767,77.205731,Central Delhi,0
ef8bc51b-43df-4233-b0f8-05a1331cc60f,SHOP_027,BEN_01716,2026-01-08 08:28:41.024274,Wheat,15,30.0,28.603311,77.025358,Dwarka,0
1eac086e-d656-47f0-bb66-b09b30f033c8,SHOP_043,BEN_02259,2026-01-08 08:29:57.024274,Kerosene,1,25.0,28.561519,77.048283,Dwarka,0
61817d66-1c89-42fa-a0b5-ff247148a38f,SHOP_043,BEN_00942,2026-01-08 08:31:50.024274,Oil,2,100.0,28.561519,77.048283,Dwarka,0
544d99a7-c5a6-4191-8454-9fcd02c01265,SHOP_044,BEN_00295,2026-01-08 08:34:02.024274,Oil,2,100.0,28.615898,77.224361,Central Delhi,0
b7c41065-937c-45c9-8656-41d301a40626,SHOP_034,BEN_01631,2026-01-08 08:39:24.024274,Rice,8,24.0,28.586699,77.035213,Dwarka,0
d3fe2e78-c486-43e9-883a-31350f8b5f16,SHOP_019,BEN_01076,2026-01-08 08:39:55.024274,Kerosene,2,50.0,28.631679,77.201199,Central Delhi,0
c594cd07-1c2a-4ee6-a7e7-c28435786ade,SHOP_039,BEN_01101,2026-01-08 08:41:44.024274,Wheat,11,22.0,28.707365,77.109479,Rohini,0
5b7d6228-7691-4ed8-9019-8e23b9eab8d7,SHOP_021,BEN_02318,2026-01-08 08:42:05.024274,Rice,7,21.0,28.654216,77.114329,West Delhi,0
9df4777b-ec28-4d58-9e61-a4cc4ac7470b,SHOP_003,BEN_00773,2026-01-08 08:43:06.024274,Rice,5,15.0,28.506364,77.204896,South Delhi,0
acebb669-bdc5-45da-a2e6-e8e698eb1c81,SHOP_025,BEN_01444,2026-01-08 08:43:25.024274,Wheat,14,28.0,28.624929,77.222474,Central Delhi,0
dc326bb6-017f-4e7d-bdb3-3405b508eb60,SHOP_045,BEN_00337,2026-01-08 08:45:16.024274,Wheat,16,32.0,28.633767,77.205731,Central Delhi,0
52c2c2fd-7b8d-4ee5-bd06-0694f723333d,SHOP_025,BEN_00712,2026-01-08 08:46:46.024274,Kerosene,1,25.0,28.624929,77.222474,Central Delhi,0
615c1bc9-e192-48aa-8130-eaa2853647d8,SHOP_043,BEN_00008,2026-01-08 08:46:46.024274,Wheat,5,10.0,28.561519,77.048283,Dwarka,0
52b33058-d7f6-42d4-b650-e0f6860f34fc,SHOP_020,BEN_02308,2026-01-08 08:48:58.024274,Wheat,19,38.0,28.736478,77.119912,Rohini,0
a9f4d933-b9fa-4936-b3d5-136d7f8fd225,SHOP_037,BEN_01063,2026-01-08 08:50:41.024274,Rice,9,27.0,28.707215,77.215419,North Delhi,0
998a9fbc-a796-4aee-b202-f47a2b586759,SHOP_018,BEN_00688,2026-01-08 09:03:20.024274,Oil,2,100.0,28.610429,77.188088,Central Delhi,0
367c99cd-8b8f-4927-8bfa-c4bec69dfd75,SHOP_040,BEN_00180,2026-01-08 09:07:36.024274,Rice,20,60.0,28.673266,77.089259,West Delhi,0
1822d26e-664c-4796-9620-c20f23a64eb8,SHOP_028,BEN_01605,2026-01-08 09:08:01.024274,Rice,16,48.0,28.644078,77.187159,Central Delhi,0
34942e8c-6945-4020-bca6-2149cea8c6ae,SHOP_009,BEN_00430,2026-01-08 09:08:04.024274,Kerosene,2,50.0,28.633713,77.107844,West Delhi,0
12297f1a-8657-4156-93ca-7d461e945a48,SHOP_049,BEN_00903,2026-01-08 09:15:24.024274,Wheat,13,26.0,28.514677,77.242533,South Delhi,0
1b898eff-b5fd-4197-8f72-bf118d42b87b,SHOP_019,BEN_02005,2026-01-08 09:18:01.024274,Sugar,2,40.0,28.631679,77.201199,Central Delhi,0
dc53dfe1-b683-4a55-a557-fb77c1c39800,SHOP_003,BEN_01067,2026-01-08 09:23:37.024274,Oil,2,100.0,28.506364,77.204896,South Delhi,0
52a44c74-08eb-41f2-b279-00bc01f16b26,SHOP_010,BEN_00986,2026-01-08 09:26:55.024274,Kerosene,2,50.0,28.581134,77.064005,Dwarka,0
a88c76d0-a8f6-49b2-9de4-c57a86394974,SHOP_021,BEN_01412,2026-01-08 09:28:38.024274,Kerosene,1,25.0,28.654216,77.114329,West Delhi,0
58917238-efde-4acd-942b-dd745d1203c2,SHOP_021,BEN_00961,2026-01-08 09:35:21.024274,Wheat,9,18.0,28.654216,77.114329,West Delhi,0
20d331a8-0612-43ab-a771-43aa1d8ee7f1,SHOP_006,BEN_02219,2026-01-08 09:36:48.024274,Sugar,3,60.0,28.6356,77.229758,Central Delhi,0
aa3b8f9f-efc2-4d34-8474-dffee5948110,SHOP_008,BEN_01074,2026-01-08 09:40:26.024274,Sugar,3,60.0,28.666336,77.103257,West Delhi,0
be02fb4f-02fa-40ab-bf5c-715f9c3ce070,SHOP_011,BEN_02113,2026-01-08 09:51:44.024274,Wheat,10,20.0,28.732554,77.205993,North Delhi,0
7dbfd10f-db95-4f52-a99e-fa135950e6f0,SHOP_033,BEN_02069,2026-01-08 09:55:10.024274,Sugar,3,60.0,28.731131,77.204781,North Delhi,0
d983e83d-7ab0-4e19-a8cf-1a3d53b85e07,SHOP_034,BEN_02305,2026-01-08 10:06:16.024274,Kerosene,1,25.0,28.586699,77.035213,Dwarka,0
11c7ed00-08dd-4d0a-85c3-8beb1b9dfa6e,SHOP_006,BEN_01931,2026-01-08 10:09:07.024274,Kerosene,2,50.0,28.6356,77.229758,Central Delhi,0
9429dad5-05aa-40aa-88e9-7c641e17ff78,SHOP_029,BEN_01679,2026-01-08 10:09:57.024274,Kerosene,2,50.0,28.583723,77.064561,Dwarka,0
8730eb97-ad2a-414c-9e3d-3d7145d4068b,SHOP_032,BEN_00568,2026-01-08 10:12:56.024274,Wheat,7,14.0,28.708017,77.126743,Rohini,0
859006b5-8539-46c7-9f42-9e8556c30492,SHOP_045,BEN_00683,2026-01-08 10:13:02.024274,Sugar,1,20.0,28.633767,77.205731,Central Delhi,0
0900f703-96a6-4a55-8cc4-26da7fbcb948,SHOP_019,BEN_00520,2026-01-08 10:15:22.024274,Wheat,13,26.0,28.631679,77.201199,Central Delhi,0
b8b4496a-5583-40f5-9288-d1312bd9ea70,SHOP_015,BEN_02082,2026-01-08 10:21:03.024274,Wheat,7,14.0,28.630112,77.110956,West Delhi,0
6e8ddd97-25c9-4eed-a468-036250859c00,SHOP_021,BEN_02349,2026-01-08 10:34:45.024274,Oil,1,50.0,28.654216,77.114329,West Delhi,0
fa3c132a-a45f-4a45-b8cc-817979107736,SHOP_046,BEN_01593,2026-01-08 10:36:48.024274,Kerosene,3,75.0,28.634402,77.315239,East Delhi,0
73a5e050-017c-49c4-9434-587b5432f4d4,SHOP_046,BEN_02331,2026-01-08 10:37:15.024274,Rice,20,60.0,28.634402,77.315239,East Delhi,0
32828aeb-c910-42d4-a26d-8dd965f3b08c,SHOP_015,BEN_02825,2026-01-08 10:37:27.024274,Wheat,14,28.0,28.630112,77.110956,West Delhi,0
31fb0028-e6d8-42eb-a48e-db1cf552fab7,SHOP_013,BEN_01678,2026-01-08 10:41:35.024274,Wheat,13,26.0,28.689861,77.183213,North Delhi,0
f8f521a2-6f2a-41a5-b8fc-c864a23c6e61,SHOP_007,BEN_00959,2026-01-08 10:42:14.024274,Kerosene,3,75.0,28.520513,77.217525,South Delhi,0
bf276a8a-5b29-4951-a3c0-d255f2e70ff5,SHOP_035,BEN_00522,2026-01-08 10:46:53.024274,Kerosene,2,50.0,28.715607,77.125559,Rohini,0
4dcb886a-12f3-43aa-9645-065a9fea21a0,SHOP_028,BEN_01729,2026-01-08 10:56:31.024274,Wheat,11,22.0,28.644078,77.187159,Central Delhi,0
91f6fb53-cd0e-4f26-aeb2-72edaea46457,SHOP_014,BEN_02326,2026-01-08 10:58:32.024274,Oil,2,100.0,28.708352,77.106686,Rohini,0
25350c92-e8f6-4244-9fa9-ea50eaee2e34,SHOP_003,BEN_01776,2026-01-08 11:05:28.024274,Rice,6,18.0,28.506364,77.204896,South Delhi,0
8d37485e-3173-465d-b1e3-053d0b4fe734,SHOP_036,BEN_01402,2026-01-08 11:16:17.024274,Wheat,11,22.0,28.73997,77.11894,Rohini,0
47e290ab-28e6-4dac-8f65-3e8f26611a33,SHOP_005,BEN_03000,2026-01-08 11:19:36.024274,Wheat,8,16.0,28.599771,77.274279,East Delhi,0
8dd6a29d-87bf-4605-9575-2f2bbcc27134,SHOP_050,BEN_00795,2026-01-08 11:36:40.024274,Wheat,14,28.0,28.560938,77.180795,South Delhi,0
9bc8aaa5-d18d-4293-bbf3-fd406a41b68b,SHOP_009,BEN_00153,2026-01-08 11:39:08.024274,Wheat,10,20.0,28.633713,77.107844,West Delhi,0
b57c42f1-c625-4caf-b21d-0b140052c924,SHOP_039,BEN_02363,2026-01-08 11:40:00.024274,Sugar,1,20.0,28.707365,77.109479,Rohini,0
21fdd972-ba5e-4fe9-8e68-8bdd3e3b8035,SHOP_018,BEN_01573,2026-01-08 11:40:30.024274,Wheat,19,38.0,28.610429,77.188088,Central Delhi,0
b32c1a41-ccb6-4076-a421-6ffdd07a1ead,SHOP_029,BEN_00706,2026-01-08 11:59:17.024274,Wheat,12,24.0,28.583723,77.064561,Dwarka,0
24589509-4de0-4ed3-beef-d746e8eae216,SHOP_022,BEN_01900,2026-01-08 11:59:48.024274,Oil,2,100.0,28.696907,77.177649,North Delhi,0
af242a51-d9b3-490b-9fec-b9bd9686c3d1,SHOP_032,BEN_02125,2026-01-08 12:02:51.024274,Rice,18,54.0,28.708017,77.126743,Rohini,0
46764e77-9363-4047-80a9-49533529755c,SHOP_023,BEN_02810,2026-01-08 12:04:45.024274,Wheat,20,40.0,28.592266,77.310411,East Delhi,0
9dd51634-1db9-4caf-945c-68b7d72510ea,SHOP_015,BEN_01490,2026-01-08 12:06:48.024274,Oil,2,100.0,28.630112,77.110956,West Delhi,0
0e4c53f0-9422-4e10-8922-c8d7ff3fa0be,SHOP_050,BEN_02020,2026-01-08 12:07:56.024274,Oil,2,100.0,28.560938,77.180795,South Delhi,0
2203c698-d861-4d79-be08-65ffdaaedff9,SHOP_007,BEN_02255,2026-01-08 12:10:31.024274,Rice,9,27.0,28.520513,77.217525,South Delhi,0
cc163d14-4022-4ca6-9103-d71d11c91f6e,SHOP_039,BEN_00375,2026-01-08 12:12:29.024274,Kerosene,2,50.0,28.707365,77.109479,Rohini,0
559d78b0-1905-45a9-9abd-c4b54223eada,SHOP_015,BEN_01376,2026-01-08 12:13:38.024274,Oil,1,50.0,28.630112,77.110956,West Delhi,0
7cbf477d-dc7e-4d3a-9d1c-855d9c7fc3e9,SHOP_032,BEN_01505,2026-01-08 12:21:17.024274,Sugar,1,20.0,28.708017,77.126743,Rohini,0
acf2bf1c-fc72-4edf-a2c4-9729bd199ad5,SHOP_036,BEN_02531,2026-01-08 12:21:36.024274,Sugar,2,40.0,28.73997,77.11894,Rohini,0
8cae9280-712b-41dd-bb19-876a8eb5e42c,SHOP_048,BEN_01865,2026-01-08 12:21:55.024274,Sugar,1,20.0,28.596532,77.044874,Dwarka,0
e341c93a-01fb-4f6f-91be-430f523c78db,SHOP_004,BEN_00058,2026-01-08 12:25:52.024274,Wheat,17,34.0,28.709316,77.129745,Rohini,0
7811175b-5cf6-4ab9-9ff1-1e82d64a89c4,SHOP_015,BEN_00088,2026-01-08 12:37:40.024274,Rice,6,18.0,28.630112,77.110956,West Delhi,0
42f75ce5-5680-4f8a-ae61-fcd78e61544f,SHOP_001,BEN_01638,2026-01-08 12:44:36.024274,Sugar,3,60.0,28.563667,77.196744,South Delhi,0
3febb50c-91d3-42c1-ada7-202998589ea1,SHOP_035,BEN_01935,2026-01-08 12:47:25.024274,Wheat,18,36.0,28.715607,77.125559,Rohini,0
c77e2e95-839d-4452-a68f-183588ee5a70,SHOP_030,BEN_01163,2026-01-08 12:53:35.024274,Kerosene,3,75.0,28.656014,77.071143,West Delhi,0
e123a6a9-81a1-4fb1-af36-eda364b0760f,SHOP_032,BEN_01618,2026-01-08 13:07:32.024274,Sugar,3,60.0,28.708017,77.126743,Rohini,0
20798dc1-9aa6-45be-8888-f42db2a04fa3,SHOP_041,BEN_00698,2026-01-08 13:13:17.024274,Sugar,2,40.0,28.676266,77.100986,West Delhi,0
17c1cd18-87df-492c-bd87-48804c03d48e,SHOP_041,BEN_02172,2026-01-08 13:19:31.024274,Sugar,1,20.0,28.676266,77.100986,West Delhi,0
8d3d1ec5-f3f5-42bb-8002-e732cefafa21,SHOP_047,BEN_02237,2026-01-08 13:19:51.024274,Oil,1,50.0,28.715937,77.10426,Rohini,0
bd62849d-d38e-4c2a-926b-8c32003aff42,SHOP_022,BEN_02209,2026-01-08 13:21:04.024274,Rice,19,57.0,28.696907,77.177649,North Delhi,0
59ced8c2-1873-4570-b34c-e9ddd970182f,SHOP_023,BEN_00522,2026-01-08 13:21:46.024274,Kerosene,2,50.0,28.592266,77.310411,East Delhi,0
4e8f482e-de27-40ea-a155-baf83f99651a,SHOP_048,BEN_01511,2026-01-08 13:23:29.024274,Sugar,1,20.0,28.596532,77.044874,Dwarka,0
47da2ccf-4347-485c-8b93-5cab48c70897,SHOP_026,BEN_00861,2026-01-08 13:34:27.024274,Oil,2,100.0,28.645158,77.323228,East Delhi,0
41fd1074-0aef-432d-996c-285535b000da,SHOP_046,BEN_00686,2026-01-08 13:39:27.024274,Oil,2,100.0,28.634402,77.315239,East Delhi,0
7400e0b5-8347-4bf9-b7a0-d1f79718a20c,SHOP_032,BEN_00463,2026-01-08 13:44:36.024274,Oil,2,100.0,28.708017,77.126743,Rohini,0
36efa41f-0355-4fdf-8bec-efd68c28ebbc,SHOP_009,BEN_01225,2026-01-08 13:58:28.024274,Wheat,6,12.0,28.633713,77.107844,West Delhi,0
c61d3f6d-a535-48f7-bc79-5b9c2a97bb4f,SHOP_025,BEN_01491,2026-01-08 14:07:29.024274,Wheat,10,20.0,28.624929,77.222474,Central Delhi,0
2d452d17-9908-4e0a-963b-7882512edc52,SHOP_016,BEN_00991,2026-01-08 14:10:20.024274,Sugar,2,40.0,28.644796,77.107779,West Delhi,0
cf6c409d-e6c0-4c00-a44c-1858378dceaa,SHOP_003,BEN_00738,2026-01-08 14:13:56.024274,Wheat,5,10.0,28.506364,77.204896,South Delhi,0
db456d0d-e89f-438f-8076-250c88a94fb0,SHOP_025,BEN_02781,2026-01-08 14:14:14.024274,Oil,2,100.0,28.624929,77.222474,Central Delhi,0
563b021a-dd40-4361-a112-23d2dfd0c8c7,SHOP_038,BEN_00430,2026-01-08 14:19:10.024274,Oil,1,50.0,28.737713,77.199062,North Delhi,0
2690a617-aec1-4ef9-979e-527a729c7564,SHOP_001,BEN_02979,2026-01-08 14:22:40.024274,Wheat,11,22.0,28.563667,77.196744,South Delhi,0
098e24ea-b9e6-4d76-8b83-e127c1313ad4,SHOP_012,BEN_00288,2026-01-08 14:23:47.024274,Kerosene,1,25.0,28.618685,77.319017,East Delhi,0
d77b3c37-9eb7-49fe-837e-76ad394aba13,SHOP_019,BEN_02026,2026-01-08 14:27:28.024274,Kerosene,2,50.0,28.631679,77.201199,Central Delhi,0
504c3664-6674-486f-b732-b0c6e5eb69ad,SHOP_001,BEN_01895,2026-01-08 14:38:29.024274,Wheat,7,14.0,28.563667,77.196744,South Delhi,0
736dd68c-a7fd-4307-b3cf-402e5a42bdca,SHOP_018,BEN_01300,2026-01-08 14:48:48.024274,Kerosene,1,25.0,28.610429,77.188088,Central Delhi,0
5567ed41-89d2-457c-98c3-35b44e2ee192,SHOP_043,BEN_02346,2026-01-08 15:00:55.024274,Wheat,19,38.0,28.561519,77.048283,Dwarka,0
5f2a1c5e-9cfb-4bf8-af20-45883f118254,SHOP_020,BEN_01044,2026-01-08 15:01:34.024274,Rice,20,60.0,28.736478,77.119912,Rohini,0
cc9fe5f5-6ced-4e0d-8b93-3b555421b70e,SHOP_016,BEN_02003,2026-01-08 15:03:38.024274,Sugar,1,20.0,28.644796,77.107779,West Delhi,0
e3cd985a-a4e6-4279-9bee-e3c868366cd5,SHOP_023,BEN_00484,2026-01-08 15:11:30.024274,Kerosene,1,25.0,28.592266,77.310411,East Delhi,0
a6c5e9e5-bf0b-451f-bb74-6e118d4132be,SHOP_033,BEN_00169,2026-01-08 15:12:45.024274,Kerosene,2,50.0,28.731131,77.204781,North Delhi,0
3d329147-1edf-4f2e-bc60-94cc34ccb1b8,SHOP_005,BEN_01560,2026-01-08 15:15:20.024274,Wheat,5,10.0,28.599771,77.274279,East Delhi,0
b377704d-b29f-48a8-868b-e192a1c375d2,SHOP_040,BEN_01433,2026-01-08 15:26:08.024274,Rice,18,54.0,28.673266,77.089259,West Delhi,0
3afa73e9-91ad-49fa-a084-b96bacaa538a,SHOP_020,BEN_00404,2026-01-08 15:27:14.024274,Oil,2,100.0,28.736478,77.119912,Rohini,0
8ede531d-e9b4-403e-9f23-c3cddf141f70,SHOP_021,BEN_02194,2026-01-08 15:29:08.024274,Oil,2,100.0,28.654216,77.114329,West Delhi,0
64585e9f-ae95-4a21-97e9-59afc2b195d8,SHOP_009,BEN_00221,2026-01-08 15:33:10.024274,Oil,2,100.0,28.633713,77.107844,West Delhi,0
10b5c379-47bc-48b3-ab19-0c6f7348b93e,SHOP_017,BEN_01126,2026-01-08 15:36:24.024274,Oil,2,100.0,28.722696,77.129286,Rohini,0
5433b226-5ef4-4d4f-943a-ab0f026ee2ba,SHOP_019,BEN_01743,2026-01-08 15:41:08.024274,Rice,16,48.0,28.631679,77.201199,Central Delhi,0
f052f707-6852-4e22-8dcd-059c05e16ca3,SHOP_037,BEN_02834,2026-01-08 15:42:02.024274,Kerosene,3,75.0,28.707215,77.215419,North Delhi,0
8b1777e7-4c2c-4ea0-b962-3712d3134838,SHOP_024,BEN_01756,2026-01-08 15:43:48.024274,Kerosene,1,25.0,28.505958,77.198023,South Delhi,0
025cc696-4b53-48f0-b44a-459b53f540fa,SHOP_020,BEN_01085,2026-01-08 15:49:12.024274,Rice,14,42.0,28.736478,77.119912,Rohini,0
6fceb437-8ded-49ac-a644-93e5c103a7b1,SHOP_009,BEN_01897,2026-01-08 16:04:03.024274,Oil,1,50.0,28.633713,77.107844,West Delhi,0
c2a4aec5-90ad-48c7-a9b9-5bc808445e0c,SHOP_044,BEN_01331,2026-01-08 16:07:51.024274,Kerosene,3,75.0,28.615898,77.224361,Central Delhi,0
b6efec7d-4b70-4703-a1ea-e77e6ec3e0bc,SHOP_026,BEN_00242,2026-01-08 16:09:18.024274,Rice,19,57.0,28.645158,77.323228,East Delhi,0
225cce71-44c1-42cd-b9a0-03bd2288c814,SHOP_049,BEN_01193,2026-01-08 16:10:05.024274,Kerosene,1,25.0,28.514677,77.242533,South Delhi,0
4128fb6d-df92-4fb3-a8f7-8872a1abd221,SHOP_007,BEN_01771,2026-01-08 16:12:07.024274,Sugar,2,40.0,28.520513,77.217525,South Delhi,0
80335ea9-1696-45c7-b109-be27e3cae1f1,SHOP_030,BEN_02355,2026-01-08 16:12:48.024274,Oil,2,100.0,28.656014,77.071143,West Delhi,0
29fb22b8-a236-4851-97c6-819b0e8bcf8e,SHOP_003,BEN_02346,2026-01-08 16:20:45.024274,Rice,5,15.0,28.506364,77.204896,South Delhi,0
7ce0532c-c9e7-4b30-8f16-0f58c8505db2,SHOP_043,BEN_02978,2026-01-08 16:26:28.024274,Oil,1,50.0,28.561519,77.048283,Dwarka,0
f31a22fb-f7e1-4ddb-86e1-80cd80f8cd5e,SHOP_044,BEN_01419,2026-01-08 16:27:21.024274,Rice,12,36.0,28.615898,77.224361,Central Delhi,0
bf65d1ea-d103-47c4-8577-5c0d45979878,SHOP_044,BEN_02109,2026-01-08 16:29:02.024274,Kerosene,2,50.0,28.615898,77.224361,Central Delhi,0
46c68bd5-2084-465d-aa35-6bb00232c8d2,SHOP_042,BEN_02692,2026-01-08 16:31:00.024274,Rice,20,60.0,28.598757,77.020815,Dwarka,0
3b65acac-e781-4805-a239-1eef3f4a1727,SHOP_050,BEN_01155,2026-01-08 16:38:35.024274,Oil,2,100.0,28.560938,77.180795,South Delhi,0
37828b77-e848-48c0-9189-66558432d1ad,SHOP_039,BEN_00304,2026-01-08 16:41:53.024274,Sugar,3,60.0,28.707365,77.109479,Rohini,0
8b6fc912-7433-41c8-ac0a-3e8b7fb7afb7,SHOP_039,BEN_01666,2026-01-08 16:43:30.024274,Wheat,11,22.0,28.707365,77.109479,Rohini,0
00e8c1e8-4e37-4055-a161-d60d045f9f3d,SHOP_024,BEN_01692,2026-01-08 16:44:38.024274,Oil,1,50.0,28.505958,77.198023,South Delhi,0
09f0b89c-a4f3-4f72-b0f5-31771fde48bc,SHOP_040,BEN_00686,2026-01-08 16:46:23.024274,Sugar,1,20.0,28.673266,77.089259,West Delhi,0
630c68d5-ae1e-4c72-906c-3b48ac87e3d5,SHOP_012,BEN_00611,2026-01-08 16:48:59.024274,Wheat,7,14.0,28.618685,77.319017,East Delhi,0
eab91198-983d-40d3-87fe-34ae90f5520b,SHOP_016,BEN_00452,2026-01-08 16:49:08.024274,Sugar,1,20.0,28.644796,77.107779,West Delhi,0
112145e3-385a-4b62-b6c0-e5d352a9130a,SHOP_050,BEN_02009,2026-01-08 16:58:56.024274,Kerosene,3,75.0,28.560938,77.180795,South Delhi,0
51d53797-3109-41ca-88bc-7e5c49be1924,SHOP_021,BEN_02913,2026-01-08 17:04:57.024274,Oil,1,50.0,28.654216,77.114329,West Delhi,0
668f27d6-c796-4c6b-a784-50716183c630,SHOP_041,BEN_02719,2026-01-08 17:07:43.024274,Sugar,3,60.0,28.676266,77.100986,West Delhi,0
78f760b1-6a31-45b3-a486-17ec65f074dd,SHOP_025,BEN_02436,2026-01-08 17:13:06.024274,Oil,2,100.0,28.624929,77.222474,Central Delhi,0
ddef803b-ba63-45c2-b3c0-af11c05eabad,SHOP_038,BEN_01196,2026-01-08 17:21:15.024274,Sugar,3,60.0,28.737713,77.199062,North Delhi,0
1612cabf-6bca-455b-8a86-ae50f1d03f76,SHOP_005,BEN_00592,2026-01-08 17:23:29.024274,Kerosene,3,75.0,28.599771,77.274279,East Delhi,0
18b58d08-daaa-4bd6-9c3f-bd1041f0c1da,SHOP_006,BEN_02307,2026-01-08 17:28:22.024274,Sugar,2,40.0,28.6356,77.229758,Central Delhi,0
da071ad5-72c1-4378-8bc6-daf6581a81f3,SHOP_024,BEN_01535,2026-01-08 17:34:51.024274,Kerosene,2,50.0,28.505958,77.198023,South Delhi,0
cb91d8ad-c36f-4390-b9ea-0cd206814008,SHOP_004,BEN_00586,2026-01-08 17:42:47.024274,Kerosene,3,75.0,28.709316,77.129745,Rohini,0
62818a3d-a27e-4e4f-a253-8c8888651a8e,SHOP_028,BEN_02795,2026-01-08 17:44:25.024274,Kerosene,2,50.0,28.644078,77.187159,Central Delhi,0
a6d7ef82-872b-4ed7-8080-eb2fa0cf0d2c,SHOP_038,BEN_00895,2026-01-08 17:44:59.024274,Oil,1,50.0,28.737713,77.199062,North Delhi,0
ab006b22-3ea4-44d9-b64f-5c4217a1943f,SHOP_025,BEN_01872,2026-01-08 17:51:12.024274,Wheat,14,28.0,28.624929,77.222474,Central Delhi,0
81bff9e8-cf14-41a5-9c90-ba6edb418823,SHOP_005,BEN_01019,2026-01-08 18:00:15.024274,Rice,12,36.0,28.599771,77.274279,East Delhi,0
a4feb1c1-fd79-4781-844f-7ff2eb7a56fc,SHOP_028,BEN_01539,2026-01-08 18:02:21.024274,Oil,1,50.0,28.644078,77.187159,Central Delhi,0
22af8dad-a73b-4ebb-9126-d26c027be279,SHOP_030,BEN_02118,2026-01-08 18:02:35.024274,Rice,17,51.0,28.656014,77.071143,West Delhi,0
99f0f6f3-cf75-481e-9455-ff3dd8557481,SHOP_048,BEN_00936,2026-01-08 18:09:16.024274,Oil,2,100.0,28.596532,77.044874,Dwarka,0
ebd9ab84-fe26-483b-b895-f8ae417dbf93,SHOP_011,BEN_00067,2026-01-08 18:10:40.024274,Sugar,3,60.0,28.732554,77.205993,North Delhi,0
bbc85c7a-8f47-4eb2-920b-8e26681fe164,SHOP_011,BEN_01650,2026-01-08 18:11:40.024274,Oil,1,50.0,28.732554,77.205993,North Delhi,0
a200f35f-c5d8-497b-a2b3-8a30e21b5cf1,SHOP_047,BEN_01281,2026-01-08 18:14:21.024274,Rice,20,60.0,28.715937,77.10426,Rohini,0
96f51831-930e-4cd8-be4b-441ba0ec6a61,SHOP_007,BEN_00818,2026-01-08 18:19:33.024274,Wheat,11,22.0,28.520513,77.217525,South Delhi,0
da2d32e5-a96e-4a31-a348-d70561f4839e,SHOP_050,BEN_02564,2026-01-08 18:21:16.024274,Sugar,2,40.0,28.560938,77.180795,South Delhi,0
7cb101ea-824f-4a24-88e5-b940a135b470,SHOP_014,BEN_02160,2026-01-08 18:24:18.024274,Rice,20,60.0,28.708352,77.106686,Rohini,0
476ba9ee-b92e-4dce-8b98-fbd674469d0e,SHOP_044,BEN_00406,2026-01-08 18:33:52.024274,Oil,2,100.0,28.615898,77.224361,Central Delhi,0
47809475-183a-4019-a818-1140e9a7ef4a,SHOP_037,BEN_00861,2026-01-08 18:35:24.024274,Oil,2,100.0,28.707215,77.215419,North Delhi,0
82d5b78a-47e7-4645-88f7-9e0089eb3707,SHOP_043,BEN_02945,2026-01-08 18:37:39.024274,Wheat,12,24.0,28.561519,77.048283,Dwarka,0
db2bdac5-9b1b-4247-930b-d842d2b7ecab,SHOP_043,BEN_01047,2026-01-08 18:37:43.024274,Kerosene,2,50.0,28.561519,77.048283,Dwarka,0
8a76ea97-349f-44d1-9b28-4cfeab45541c,SHOP_002,BEN_01571,2026-01-08 18:42:32.024274,Sugar,1,20.0,28.648957,77.10634,West Delhi,0
3da41182-5716-4932-9966-af8873192097,SHOP_038,BEN_02638,2026-01-08 18:48:48.024274,Rice,7,21.0,28.737713,77.199062,North Delhi,0
c8933eb2-64f2-411c-8d59-f41055e0ccb2,SHOP_028,BEN_01901,2026-01-08 18:48:54.024274,Sugar,1,20.0,28.644078,77.187159,Central Delhi,0
a3912c64-a34b-4804-9657-46f217302ec9,SHOP_028,BEN_02763,2026-01-08 18:52:28.024274,Oil,1,50.0,28.644078,77.187159,Central Delhi,0
8e96e9c3-22ac-483a-9d58-229318e32bce,SHOP_038,BEN_02943,2026-01-08 18:52:59.024274,Kerosene,2,50.0,28.737713,77.199062,North Delhi,0
06224904-f647-427c-8259-9394fb1da338,SHOP_015,BEN_00087,2026-01-08 18:53:53.024274,Wheat,6,12.0,28.630112,77.110956,West Delhi,0
4e798eb2-a716-4cc8-80e5-628cebb5f0ec,SHOP_012,BEN_00993,2026-01-08 18:56:14.024274,Sugar,2,40.0,28.618685,77.319017,East Delhi,0
c932db3f-0462-4381-b89f-0255db1bd55d,SHOP_013,BEN_01922,2026-01-08 18:56:29.024274,Rice,7,21.0,28.689861,77.183213,North Delhi,0
c9e1875a-e981-4528-bb4f-2db251861ac3,SHOP_034,BEN_02140,2026-01-08 19:01:00.024274,Kerosene,1,25.0,28.586699,77.035213,Dwarka,0
a50ee343-75e4-42b0-811f-8e26d5f73372,SHOP_013,BEN_02072,2026-01-08 19:03:19.024274,Rice,18,54.0,28.689861,77.183213,North Delhi,0
d81681bb-8a86-4695-afc6-84183a4a7000,SHOP_038,BEN_00697,2026-01-08 19:13:41.024274,Kerosene,3,75.0,28.737713,77.199062,North Delhi,0
79031588-2996-4125-af2d-c1982b9232b7,SHOP_017,BEN_02493,2026-01-08 19:18:30.024274,Rice,17,51.0,28.722696,77.129286,Rohini,0
93b4d692-e1ad-4770-b039-9b4bebf6658f,SHOP_029,BEN_01910,2026-01-08 19:19:59.024274,Kerosene,1,25.0,28.583723,77.064561,Dwarka,0
9a03ecbb-ec5d-4204-86ff-398eb5b1c231,SHOP_040,BEN_00962,2026-01-08 19:27:00.024274,Rice,18,54.0,28.673266,77.089259,West Delhi,0
867fed88-728d-493c-bc73-d0fd1ef0b3f6,SHOP_020,BEN_00153,2026-01-08 19:41:59.024274,Sugar,2,40.0,28.736478,77.119912,Rohini,0
3f765877-f62d-46f1-abf4-2614e16ae662,SHOP_020,BEN_01330,2026-01-08 19:44:16.024274,Oil,2,100.0,28.736478,77.119912,Rohini,0
1e2c43b2-54a6-477a-a502-ebfbc9f37c6a,SHOP_032,BEN_00636,2026-01-08 19:45:16.024274,Kerosene,3,75.0,28.708017,77.126743,Rohini,0
45126244-9a50-4643-831f-16ecd345aff8,SHOP_023,BEN_00201,2026-01-08 19:45:51.024274,Rice,20,60.0,28.592266,77.310411,East Delhi,0
7d5cb2a8-67a6-4272-81e0-cfeb8292ff5b,SHOP_044,BEN_00225,2026-01-08 19:56:19.024274,Wheat,13,26.0,28.615898,77.224361,Central Delhi,0
e4c9b90f-745e-4b42-b666-63082d12742d,SHOP_041,BEN_01271,2026-01-08 19:59:27.024274,Kerosene,3,75.0,28.676266,77.100986,West Delhi,0
c10df572-622e-4a1e-a8e4-c1f36a952dc2,SHOP_001,BEN_02836,2026-01-09 08:01:30.024274,Kerosene,3,75.0,28.563667,77.196744,South Delhi,0
87c347e9-da9c-4f89-abfd-c2bc18c49c05,SHOP_010,BEN_00879,2026-01-09 08:05:58.024274,Kerosene,3,75.0,28.581134,77.064005,Dwarka,0
212ad7b5-d9ba-41ae-b88f-e087d8596e99,SHOP_004,BEN_01723,2026-01-09 08:08:54.024274,Rice,18,54.0,28.709316,77.129745,Rohini,0
29dc2e02-3726-4478-b885-bd327c1b4040,SHOP_022,BEN_01786,2026-01-09 08:08:59.024274,Rice,10,30.0,28.696907,77.177649,North Delhi,0
3d2775fd-43cd-4782-a957-2a15e1e81582,SHOP_027,BEN_00810,2026-01-09 08:11:28.024274,Oil,1,50.0,28.603311,77.025358,Dwarka,0
2b41df71-a7c3-4586-a483-bf6c5bdb86a2,SHOP_009,BEN_02714,2026-01-09 08:20:59.024274,Sugar,3,60.0,28.633713,77.107844,West Delhi,0
bef54cfb-c716-4e54-885a-4bc22eff5c3d,SHOP_025,BEN_00634,2026-01-09 08:33:01.024274,Kerosene,3,75.0,28.624929,77.222474,Central Delhi,0
f7ddf290-d239-46b3-90db-8f4b6a8b4af2,SHOP_040,BEN_01488,2026-01-09 08:42:49.024274,Wheat,12,24.0,28.673266,77.089259,West Delhi,0
c92ea857-ac2a-4ebd-8c05-268b0e1fb627,SHOP_029,BEN_02340,2026-01-09 08:53:01.024274,Oil,1,50.0,28.583723,77.064561,Dwarka,0
be628b6c-8279-4faf-a7a5-9295ef0a2743,SHOP_003,BEN_01184,2026-01-09 08:53:03.024274,Sugar,2,40.0,28.506364,77.204896,South Delhi,0
6166b440-a1bd-4945-b11b-c9d7cd15f061,SHOP_045,BEN_00977,2026-01-09 08:58:25.024274,Rice,10,30.0,28.633767,77.205731,Central Delhi,0
fd0c4ff8-3a59-4d7a-935d-7a63aa47b2b5,SHOP_023,BEN_02218,2026-01-09 09:07:15.024274,Rice,9,27.0,28.592266,77.310411,East Delhi,0
36845226-f60f-4c8f-9840-ad8738a4db25,SHOP_007,BEN_00013,2026-01-09 09:10:25.024274,Oil,2,100.0,28.520513,77.217525,South Delhi,0
ef812f6a-16a7-44a1-a35c-7784e29c88de,SHOP_013,BEN_01383,2026-01-09 09:12:13.024274,Rice,19,57.0,28.689861,77.183213,North Delhi,0
806b27fb-51a2-41fd-9d19-f2a2116c0f87,SHOP_036,BEN_02503,2026-01-09 09:16:37.024274,Oil,1,50.0,28.73997,77.11894,Rohini,0
0112f56f-4b98-4cb7-9a5d-18cab34e8c9e,SHOP_032,BEN_02056,2026-01-09 09:19:25.024274,Sugar,2,40.0,28.708017,77.126743,Rohini,0
ced7173d-f13f-4b11-8842-29017bd109de,SHOP_010,BEN_02969,2026-01-09 09:19:42.024274,Rice,11,33.0,28.581134,77.064005,Dwarka,0
ae85c644-afea-4018-b9e8-e949eb697773,SHOP_015,BEN_00094,2026-01-09 09:24:39.024274,Sugar,1,20.0,28.630112,77.110956,West Delhi,0
3ce97632-cd47-4350-920b-c47c63473beb,SHOP_002,BEN_01517,2026-01-09 09:38:26.024274,Rice,11,33.0,28.648957,77.10634,West Delhi,0
f3a8664d-7278-4fea-ad03-2e33a4798b9d,SHOP_046,BEN_01425,2026-01-09 09:45:41.024274,Kerosene,3,75.0,28.634402,77.315239,East Delhi,0
b31ea428-e9dd-43d6-831e-086cce33ddf4,SHOP_002,BEN_02141,2026-01-09 09:58:55.024274,Rice,11,33.0,28.648957,77.10634,West Delhi,0
f2b4e822-ea47-4fda-971c-16ce0d276fa4,SHOP_036,BEN_01815,2026-01-09 09:59:51.024274,Oil,1,50.0,28.73997,77.11894,Rohini,0
0aabb420-9149-4268-9c9b-cc7a3c0fb289,SHOP_020,BEN_01777,2026-01-09 10:06:30.024274,Rice,12,36.0,28.736478,77.119912,Rohini,0
25bb6e2e-c933-4c1f-a0cc-a04a12437402,SHOP_005,BEN_01288,2026-01-09 10:09:24.024274,Wheat,10,20.0,28.599771,77.274279,East Delhi,0
4817fc30-02e1-493b-85c5-2c36530c8959,SHOP_022,BEN_00041,2026-01-09 10:09:56.024274,Sugar,2,40.0,28.696907,77.177649,North Delhi,0
37a100dc-da17-4032-97f1-3a2df45b5a3a,SHOP_050,BEN_01565,2026-01-09 10:16:38.024274,Wheat,20,40.0,28.560938,77.180795,South Delhi,0
0d180d22-1c39-4bec-80cd-0a56cfb7b0fa,SHOP_020,BEN_02684,2026-01-09 10:17:26.024274,Wheat,13,26.0,28.736478,77.119912,Rohini,0
74bbb028-bc49-4453-9168-776c2b788923,SHOP_012,BEN_02303,2026-01-09 10:20:31.024274,Rice,15,45.0,28.618685,77.319017,East Delhi,0
8f494762-42a8-447e-81bf-0f0fce71326a,SHOP_024,BEN_02695,2026-01-09 10:20:57.024274,Kerosene,2,50.0,28.505958,77.198023,South Delhi,0
e2d7e870-db9a-49ea-a806-ff690d6c804a,SHOP_039,BEN_01731,2026-01-09 10:22:49.024274,Sugar,3,60.0,28.707365,77.109479,Rohini,0
16ebaa94-78a4-455f-9e8e-3fff20016b8f,SHOP_043,BEN_00356,2026-01-09 10:38:44.024274,Kerosene,3,75.0,28.561519,77.048283,Dwarka,0
532a2811-f4d1-4ff1-adc0-73f3fe7229de,SHOP_032,BEN_02625,2026-01-09 10:40:33.024274,Oil,1,50.0,28.708017,77.126743,Rohini,0
4a071c94-34b1-4a0d-9f45-ce4c65d703ba,SHOP_025,BEN_01665,2026-01-09 10:40:52.024274,Kerosene,3,75.0,28.624929,77.222474,Central Delhi,0
800aea59-15ab-46eb-947b-35ec2a8f9c38,SHOP_024,BEN_01410,2026-01-09 10:44:19.024274,Rice,14,42.0,28.505958,77.198023,South Delhi,0
be11e99b-21dc-4ab1-96e7-082874ab08d9,SHOP_001,BEN_02876,2026-01-09 10:48:10.024274,Sugar,2,40.0,28.563667,77.196744,South Delhi,0
07d0eaf3-c75e-4bdf-9090-2e2c6907c027,SHOP_017,BEN_00054,2026-01-09 10:48:56.024274,Wheat,13,26.0,28.722696,77.129286,Rohini,0
bd86d542-1fb3-4c25-8b7b-386bcb86993c,SHOP_002,BEN_00818,2026-01-09 10:51:59.024274,Oil,1,50.0,28.648957,77.10634,West Delhi,0
bfccab62-7995-419b-9d63-16d9685a7acb,SHOP_041,BEN_02029,2026-01-09 10:56:09.024274,Kerosene,1,25.0,28.676266,77.100986,West Delhi,0
fd8aea01-5377-4b72-88cc-e1ff9f4e3e42,SHOP_008,BEN_00366,2026-01-09 11:02:30.024274,Sugar,1,20.0,28.666336,77.103257,West Delhi,0
18e37f68-80b2-458d-a94a-9b59792a8edd,SHOP_023,BEN_02404,2026-01-09 11:03:28.024274,Sugar,1,20.0,28.592266,77.310411,East Delhi,0
e5cfc8e9-2521-4127-8097-43055f4f9666,SHOP_027,BEN_00371,2026-01-09 11:08:37.024274,Rice,15,45.0,28.603311,77.025358,Dwarka,0
8c00ebad-e0c7-4981-aac8-723b98c77088,SHOP_032,BEN_01180,2026-01-09 11:13:24.024274,Sugar,3,60.0,28.708017,77.126743,Rohini,0
cf9d8757-bb17-4c48-86d1-2e61f64d5892,SHOP_008,BEN_02872,2026-01-09 11:14:21.024274,Sugar,1,20.0,28.666336,77.103257,West Delhi,0
51388f70-0254-42b5-83d8-7210d5b5c23e,SHOP_021,BEN_00984,2026-01-09 11:14:56.024274,Oil,2,100.0,28.654216,77.114329,West Delhi,0
9584e7f3-02cf-415d-ae55-4bbbc0caac84,SHOP_049,BEN_00704,2026-01-09 11:15:14.024274,Rice,19,57.0,28.514677,77.242533,South Delhi,0
f2f15eae-dcbf-4a2f-9273-053049b2eaa3,SHOP_046,BEN_01299,2026-01-09 11:16:50.024274,Oil,1,50.0,28.634402,77.315239,East Delhi,0
75a47602-c29b-4797-8463-ec8c794c7c31,SHOP_012,BEN_01314,2026-01-09 11:19:02.024274,Wheat,16,32.0,28.618685,77.319017,East Delhi,0
311ebc7c-a87b-4d40-a456-c78af692e524,SHOP_039,BEN_00576,2026-01-09 11:36:10.024274,Rice,11,33.0,28.707365,77.109479,Rohini,0
793a6f7f-c942-4e6d-ae54-fde3fe1c431c,SHOP_019,BEN_00051,2026-01-09 11:43:12.024274,Oil,2,100.0,28.631679,77.201199,Central Delhi,0
44d8e0c6-0dac-437c-9bc5-ec14397c189f,SHOP_045,BEN_01544,2026-01-09 11:48:03.024274,Rice,10,30.0,28.633767,77.205731,Central Delhi,0
2c89442f-19fa-463e-9341-791f25a77ee6,SHOP_018,BEN_00578,2026-01-09 11:48:50.024274,Kerosene,3,75.0,28.610429,77.188088,Central Delhi,0
fa55c0af-d8b6-47c9-bf24-e76bc521b0fe,SHOP_008,BEN_01263,2026-01-09 11:50:03.024274,Kerosene,2,50.0,28.666336,77.103257,West Delhi,0
5b985fb2-d91b-4e31-bcd4-b09cb474d873,SHOP_021,BEN_02985,2026-01-09 11:50:07.024274,Rice,11,33.0,28.654216,77.114329,West Delhi,0
d79f4f26-14a4-403c-9d0d-abd24a9824b2,SHOP_005,BEN_01720,2026-01-09 11:57:59.024274,Rice,8,24.0,28.599771,77.274279,East Delhi,0
31afaddf-5da8-42cb-af2c-a8ddc235803d,SHOP_027,BEN_01560,2026-01-09 12:04:21.024274,Oil,1,50.0,28.603311,77.025358,Dwarka,0
a850757a-9715-4314-9150-7deb70b4f5b2,SHOP_011,BEN_00744,2026-01-09 12:08:20.024274,Kerosene,3,75.0,28.732554,77.205993,North Delhi,0
90bc4df8-3a8a-4467-a996-1dd3c3d28146,SHOP_042,BEN_02420,2026-01-09 12:18:29.024274,Wheat,6,12.0,28.598757,77.020815,Dwarka,0
a2632766-e6fa-46e4-b9ea-efb09ee2725e,SHOP_031,BEN_01229,2026-01-09 12:20:27.024274,Sugar,1,20.0,28.727982,77.18544,North Delhi,0
bfeaa00a-01c3-4d03-8d05-4ac011b600a1,SHOP_021,BEN_01497,2026-01-09 12:23:17.024274,Rice,19,57.0,28.654216,77.114329,West Delhi,0
9e84bed6-7d6a-4c90-81e9-2eda6cc400b7,SHOP_029,BEN_00738,2026-01-09 12:25:26.024274,Wheat,13,26.0,28.583723,77.064561,Dwarka,0
bf445351-a615-4e54-8637-019c39ff6143,SHOP_027,BEN_02681,2026-01-09 12:27:37.024274,Rice,17,51.0,28.603311,77.025358,Dwarka,0
5ade7414-5e34-47c0-b3de-39a254ddc2db,SHOP_025,BEN_01334,2026-01-09 12:35:12.024274,Sugar,1,20.0,28.624929,77.222474,Central Delhi,0
f4c33e3f-0ab4-42dd-8ab0-e866d10b577d,SHOP_004,BEN_00322,2026-01-09 12:40:08.024274,Wheat,12,24.0,28.709316,77.129745,Rohini,0
52375b3b-681d-466d-891f-2dc0c9961f02,SHOP_034,BEN_00687,2026-01-09 12:42:54.024274,Wheat,10,20.0,28.586699,77.035213,Dwarka,0
a4763dd5-523b-4db0-a915-88e2854386d5,SHOP_010,BEN_00625,2026-01-09 12:48:01.024274,Sugar,2,40.0,28.581134,77.064005,Dwarka,0
c62abc45-2236-482b-adaa-8e4e2471a7fa,SHOP_011,BEN_02483,2026-01-09 12:49:14.024274,Rice,7,21.0,28.732554,77.205993,North Delhi,0
947f26ba-6f62-4a2d-8f5b-2b9618db64dd,SHOP_008,BEN_00208,2026-01-09 13:02:45.024274,Kerosene,1,25.0,28.666336,77.103257,West Delhi,0
d1131d71-2a7d-46c2-a5f2-c30075825e2d,SHOP_031,BEN_00152,2026-01-09 13:18:38.024274,Wheat,5,10.0,28.727982,77.18544,North Delhi,0
741d2755-2eb9-4a41-9ef7-ea10be84ea89,SHOP_045,BEN_02295,2026-01-09 13:20:53.024274,Wheat,10,20.0,28.633767,77.205731,Central Delhi,0
dc1bc0f8-c510-4786-8088-cd06dfc87856,SHOP_022,BEN_00293,2026-01-09 13:26:16.024274,Sugar,3,60.0,28.696907,77.177649,North Delhi,0
459e6b58-7b6e-4dca-a443-6ea2976c67f9,SHOP_050,BEN_02092,2026-01-09 13:34:19.024274,Sugar,3,60.0,28.560938,77.180795,South Delhi,0
5347bb27-6273-429f-92cf-41c520b38534,SHOP_026,BEN_01252,2026-01-09 13:40:19.024274,Sugar,3,60.0,28.645158,77.323228,East Delhi,0
e5e836a9-cc9b-40af-b983-e7f7164aa70d,SHOP_032,BEN_01078,2026-01-09 13:46:09.024274,Kerosene,2,50.0,28.708017,77.126743,Rohini,0
d0aa7e11-204c-4396-8a77-36784e163598,SHOP_016,BEN_01393,2026-01-09 13:46:32.024274,Oil,2,100.0,28.644796,77.107779,West Delhi,0
ff415d6f-d290-4cba-a489-f0d7e6255168,SHOP_038,BEN_01350,2026-01-09 13:47:18.024274,Oil,1,50.0,28.737713,77.199062,North Delhi,0
73c70344-fa55-4349-8df9-63b7d2d88c4d,SHOP_003,BEN_01117,2026-01-09 13:48:15.024274,Oil,2,100.0,28.506364,77.204896,South Delhi,0
3db76398-95a2-42b6-9c30-634005b7f2a7,SHOP_036,BEN_00734,2026-01-09 13:54:55.024274,Kerosene,2,50.0,28.73997,77.11894,Rohini,0
3d7d34a6-274b-42c4-b225-7e5c7e8b807a,SHOP_023,BEN_01622,2026-01-09 13:59:15.024274,Oil,1,50.0,28.592266,77.310411,East Delhi,0
ff277c90-3323-456c-ac42-f1be5ab2454a,SHOP_027,BEN_01640,2026-01-09 14:01:18.024274,Oil,2,100.0,28.603311,77.025358,Dwarka,0
2547861c-ac45-42c5-87e4-f9c9c13d1f84,SHOP_002,BEN_01032,2026-01-09 14:05:23.024274,Kerosene,1,25.0,28.648957,77.10634,West Delhi,0
c3a10cf3-62d7-41bd-82ec-ac729bbd36a5,SHOP_049,BEN_01999,2026-01-09 14:06:10.024274,Rice,14,42.0,28.514677,77.242533,South Delhi,0
7131d2eb-1cf4-457b-87e0-b5bf4a51a5c7,SHOP_029,BEN_01736,2026-01-09 14:17:54.024274,Rice,12,36.0,28.583723,77.064561,Dwarka,0
8c11aec6-4673-42ea-b5a0-8d81432b60c2,SHOP_031,BEN_00405,2026-01-09 14:22:17.024274,Sugar,1,20.0,28.727982,77.18544,North Delhi,0
7c199f4e-0471-46a4-924c-8fd8d9a5087c,SHOP_039,BEN_00709,2026-01-09 14:25:20.024274,Wheat,12,24.0,28.707365,77.109479,Rohini,0
55198c46-f8fc-4210-98e4-d113c3ce17cd,SHOP_041,BEN_01570,2026-01-09 14:26:32.024274,Kerosene,1,25.0,28.676266,77.100986,West Delhi,0
eacc7e49-f896-4bb3-a429-fad58a42026a,SHOP_008,BEN_01283,2026-01-09 14:27:51.024274,Wheat,18,36.0,28.666336,77.103257,West Delhi,0
8dfe787b-4c9a-4f87-b19c-882e44b05bb5,SHOP_030,BEN_01128,2026-01-09 14:33:05.024274,Kerosene,2,50.0,28.656014,77.071143,West Delhi,0
aa1e79b6-57ef-4349-9d39-190454848188,SHOP_003,BEN_01924,2026-01-09 14:35:13.024274,Kerosene,1,25.0,28.506364,77.204896,South Delhi,0
bb770361-7a3e-4f14-a7f1-266caa406974,SHOP_037,BEN_02550,2026-01-09 14:47:08.024274,Oil,1,50.0,28.707215,77.215419,North Delhi,0
238a44d7-2be2-49cd-b741-89c0e0450f97,SHOP_035,BEN_01780,2026-01-09 14:54:26.024274,Rice,12,36.0,28.715607,77.125559,Rohini,0
80aec2ca-3065-460c-abf2-b5fe3e4c7955,SHOP_033,BEN_00131,2026-01-09 14:55:26.024274,Sugar,1,20.0,28.731131,77.204781,North Delhi,0
49ff11b4-c2f0-4f71-a45e-620d3f218298,SHOP_027,BEN_01272,2026-01-09 14:55:37.024274,Wheat,6,12.0,28.603311,77.025358,Dwarka,0
0dbe3a22-6e51-4702-a041-c75e88f0b8c9,SHOP_019,BEN_00728,2026-01-09 15:08:24.024274,Sugar,3,60.0,28.631679,77.201199,Central Delhi,0
b4a91e5b-16fa-4da2-b582-8caa7fdc3d20,SHOP_023,BEN_00593,2026-01-09 15:17:58.024274,Oil,2,100.0,28.592266,77.310411,East Delhi,0
0f59f5eb-d50e-47f1-b8d4-9de687eca9c7,SHOP_025,BEN_00589,2026-01-09 15:19:11.024274,Sugar,1,20.0,28.624929,77.222474,Central Delhi,0
b4fa31ea-fe32-416c-98e0-bdca213350db,SHOP_026,BEN_02898,2026-01-09 15:24:19.024274,Oil,1,50.0,28.645158,77.323228,East Delhi,0
fe7b0d27-6d5c-42fa-a2a0-f05ffe3a6b4a,SHOP_041,BEN_02910,2026-01-09 15:30:00.024274,Kerosene,3,75.0,28.676266,77.100986,West Delhi,0
755298a9-76b3-4b65-ad9f-b50824cbdf12,SHOP_018,BEN_01320,2026-01-09 15:34:38.024274,Rice,7,21.0,28.610429,77.188088,Central Delhi,0
8c5fea15-2e76-4f6d-9c48-5cb0920004e1,SHOP_021,BEN_00053,2026-01-09 15:45:30.024274,Oil,2,100.0,28.654216,77.114329,West Delhi,0
e659388c-3239-4e15-8368-fc54efd8cd54,SHOP_027,BEN_01628,2026-01-09 15:48:19.024274,Kerosene,3,75.0,28.603311,77.025358,Dwarka,0
e6ad7351-6af8-4489-abbc-67979f019dda,SHOP_011,BEN_01725,2026-01-09 15:53:13.024274,Oil,2,100.0,28.732554,77.205993,North Delhi,0
d0331a9f-cb9c-4d2c-a3ea-870d3a5a0b51,SHOP_027,BEN_01589,2026-01-09 15:53:59.024274,Sugar,1,20.0,28.603311,77.025358,Dwarka,0
2e8ac27e-d74a-49ad-a003-9c2780e85dc3,SHOP_035,BEN_02802,2026-01-09 15:54:28.024274,Sugar,2,40.0,28.715607,77.125559,Rohini,0
894fbcfe-d166-41bf-85b4-48c5b47288b2,SHOP_042,BEN_00099,2026-01-09 15:57:21.024274,Kerosene,1,25.0,28.598757,77.020815,Dwarka,0
637f6653-61ca-4d9c-bb3d-7d1fca31af1f,SHOP_015,BEN_02181,2026-01-09 16:00:26.024274,Rice,15,45.0,28.630112,77.110956,West Delhi,0
c878365a-c1ed-49d9-95af-f94ad9ce1709,SHOP_016,BEN_02396,2026-01-09 16:01:13.024274,Oil,2,100.0,28.644796,77.107779,West Delhi,0
77169805-487b-460e-bbe2-3f0a3b74bf9a,SHOP_036,BEN_02104,2026-01-09 16:03:23.024274,Oil,2,100.0,28.73997,77.11894,Rohini,0
d69b1512-5b1a-4753-8445-ccda99a32b06,SHOP_034,BEN_02559,2026-01-09 16:08:45.024274,Oil,1,50.0,28.586699,77.035213,Dwarka,0
1dc0f0a7-b10a-4f26-a58e-56d1ba8b9120,SHOP_022,BEN_02861,2026-01-09 16:08:49.024274,Kerosene,3,75.0,28.696907,77.177649,North Delhi,0
95029169-0a1c-42b5-b799-4951abf11c74,SHOP_042,BEN_01592,2026-01-09 16:10:10.024274,Wheat,14,28.0,28.598757,77.020815,Dwarka,0
c9c18a37-cfd4-4404-8c14-60149c225aa6,SHOP_041,BEN_01578,2026-01-09 16:15:04.024274,Kerosene,1,25.0,28.676266,77.100986,West Delhi,0
fe599b5a-9998-41d3-95b6-2e2d42133f73,SHOP_016,BEN_01562,2026-01-09 16:16:15.024274,Rice,13,39.0,28.644796,77.107779,West Delhi,0
3bb68746-5879-4fc0-9975-891fe6b2f5c9,SHOP_039,BEN_02299,2026-01-09 16:17:56.024274,Sugar,1,20.0,28.707365,77.109479,Rohini,0
053027e6-dda6-4da4-9753-cddb3c6942c9,SHOP_001,BEN_02758,2026-01-09 16:26:32.024274,Rice,19,57.0,28.563667,77.196744,South Delhi,0
60fdbf88-bd57-434a-af5c-8c02b9d04441,SHOP_012,BEN_01336,2026-01-09 16:28:08.024274,Rice,8,24.0,28.618685,77.319017,East Delhi,0
1933e659-5622-43cd-bdc5-fec6c3b71bdb,SHOP_044,BEN_02933,2026-01-09 16:30:11.024274,Oil,1,50.0,28.615898,77.224361,Central Delhi,0
ec8a849b-4234-4fe7-95e7-6d13064dd71f,SHOP_016,BEN_01377,2026-01-09 16:37:45.024274,Kerosene,1,25.0,28.644796,77.107779,West Delhi,0
8b382bd6-030e-4a1f-9799-b80b0dc3c6e4,SHOP_002,BEN_02732,2026-01-09 16:42:11.024274,Rice,7,21.0,28.648957,77.10634,West Delhi,0
2bd6cbfe-f5a7-483e-807d-4fabbe8494a3,SHOP_029,BEN_01371,2026-01-09 16:46:27.024274,Sugar,2,40.0,28.583723,77.064561,Dwarka,0
6a3ae2a4-aca0-48a3-9589-798d0c0b97fc,SHOP_001,BEN_00461,2026-01-09 16:50:45.024274,Rice,12,36.0,28.563667,77.196744,South Delhi,0
ad1230f0-3c8d-429f-a399-01c429de8c96,SHOP_045,BEN_02319,2026-01-09 16:51:04.024274,Kerosene,2,50.0,28.633767,77.205731,Central Delhi,0
40854d94-6253-4cb0-b380-cda1a6c53872,SHOP_006,BEN_00743,2026-01-09 16:52:01.024274,Sugar,1,20.0,28.6356,77.229758,Central Delhi,0
30cd78ea-63d2-4aeb-9a2e-565338d9a173,SHOP_018,BEN_02319,2026-01-09 16:59:35.024274,Kerosene,2,50.0,28.610429,77.188088,Central Delhi,0
3f100d78-dfd4-491b-bef1-10333e9f31ef,SHOP_041,BEN_02582,2026-01-09 17:03:14.024274,Oil,2,100.0,28.676266,77.100986,West Delhi,0
c0617c6d-2144-4ef5-a7d8-ee6de47c1535,SHOP_025,BEN_01249,2026-01-09 17:08:01.024274,Kerosene,1,25.0,28.624929,77.222474,Central Delhi,0
3065ecbd-56b8-413f-9dfe-dcfc01cdb912,SHOP_007,BEN_00798,2026-01-09 17:11:06.024274,Sugar,3,60.0,28.520513,77.217525,South Delhi,0
3da0bada-f920-44cc-9909-7c901df5fae8,SHOP_030,BEN_00575,2026-01-09 17:14:13.024274,Oil,1,50.0,28.656014,77.071143,West Delhi,0
e5e4bf92-cc4b-459d-a89c-a751cf836a31,SHOP_040,BEN_02013,2026-01-09 17:16:15.024274,Oil,2,100.0,28.673266,77.089259,West Delhi,0
7d6e7eba-da33-4525-964d-2d52476f95f7,SHOP_009,BEN_02170,2026-01-09 17:22:31.024274,Wheat,6,12.0,28.633713,77.107844,West Delhi,0
52945fc3-24c3-4362-93bd-7009fc8b0870,SHOP_049,BEN_00573,2026-01-09 17:34:29.024274,Kerosene,1,25.0,28.514677,77.242533,South Delhi,0
5f1fb87d-7e52-47c7-98b6-17ab017952d0,SHOP_022,BEN_02351,2026-01-09 17:36:07.024274,Kerosene,3,75.0,28.696907,77.177649,North Delhi,0
8a2ad184-3c19-4ef7-8d45-7d77f778570f,SHOP_024,BEN_02089,2026-01-09 17:36:29.024274,Rice,11,33.0,28.505958,77.198023,South Delhi,0
26fe191e-94e6-4679-bcec-aa609f098a1b,SHOP_016,BEN_01189,2026-01-09 17:36:59.024274,Sugar,2,40.0,28.644796,77.107779,West Delhi,0
5dabf60b-11a7-4bcf-ac8a-b7c814bd04f0,SHOP_032,BEN_00350,2026-01-09 17:40:23.024274,Rice,17,51.0,28.708017,77.126743,Rohini,0
4ca0d579-5063-4897-a33e-590416f102a9,SHOP_011,BEN_02546,2026-01-09 18:01:01.024274,Wheat,9,18.0,28.732554,77.205993,North Delhi,0
3698f042-ede1-404e-9c03-48af4f3e2cc9,SHOP_045,BEN_02020,2026-01-09 18:03:42.024274,Wheat,15,30.0,28.633767,77.205731,Central Delhi,0
29836259-6a1d-449c-a1ae-e23b50706f64,SHOP_043,BEN_02502,2026-01-09 18:09:52.024274,Kerosene,3,75.0,28.561519,77.048283,Dwarka,0
4e49b489-ef18-4dd9-a2ee-e6012269a4b7,SHOP_032,BEN_01147,2026-01-09 18:09:57.024274,Kerosene,1,25.0,28.708017,77.126743,Rohini,0
c01e682b-9c7c-49f5-8cff-465067626b8f,SHOP_015,BEN_02410,2026-01-09 18:11:23.024274,Wheat,8,16.0,28.630112,77.110956,West Delhi,0
4ec6546b-4c3d-4b4e-b1e9-b30097fdd3af,SHOP_015,BEN_02935,2026-01-09 18:30:02.024274,Oil,2,100.0,28.630112,77.110956,West Delhi,0
c631e33d-4311-4c24-acdd-0d514f8eb72c,SHOP_028,BEN_01740,2026-01-09 18:34:51.024274,Kerosene,2,50.0,28.644078,77.187159,Central Delhi,0
17c66a5f-9042-4c1b-bc43-8782f71dcbd7,SHOP_024,BEN_00370,2026-01-09 18:35:36.024274,Kerosene,3,75.0,28.505958,77.198023,South Delhi,0
a32b1c60-3f8a-4778-a7f9-f9f98f95e9d3,SHOP_010,BEN_00615,2026-01-09 18:41:17.024274,Kerosene,1,25.0,28.581134,77.064005,Dwarka,0
446b3830-a05c-4724-9649-d545c9b177a7,SHOP_006,BEN_00005,2026-01-09 18:43:59.024274,Rice,11,33.0,28.6356,77.229758,Central Delhi,0
8f82f44a-a34e-4644-b426-d34861e8867e,SHOP_012,BEN_00241,2026-01-09 18:46:26.024274,Oil,2,100.0,28.618685,77.319017,East Delhi,0
842c6047-b81d-4caf-a7ca-4897798111d1,SHOP_011,BEN_02675,2026-01-09 18:48:43.024274,Rice,6,18.0,28.732554,77.205993,North Delhi,0
2c9dac15-47e7-4471-af95-a26614b481e0,SHOP_044,BEN_00431,2026-01-09 18:52:23.024274,Rice,18,54.0,28.615898,77.224361,Central Delhi,0
9e413e82-e3aa-41ce-907c-5e05d9f351ed,SHOP_031,BEN_02753,2026-01-09 18:57:02.024274,Oil,2,100.0,28.727982,77.18544,North Delhi,0
5e32d434-ec72-46ad-9d9d-127065254a0a,SHOP_007,BEN_01342,2026-01-09 19:02:19.024274,Wheat,10,20.0,28.520513,77.217525,South Delhi,0
c894eef1-2f44-43e3-af7e-373db22739c9,SHOP_029,BEN_00984,2026-01-09 19:08:46.024274,Wheat,12,24.0,28.583723,77.064561,Dwarka,0
e925a58d-864c-4191-b775-5757a448a645,SHOP_006,BEN_00836,2026-01-09 19:09:44.024274,Wheat,18,36.0,28.6356,77.229758,Central Delhi,0
8227e5ec-cc2a-4e7a-a421-4d14edeb9201,SHOP_019,BEN_01637,2026-01-09 19:16:46.024274,Kerosene,1,25.0,28.631679,77.201199,Central Delhi,0
d0687202-3eb8-48d8-844e-19ef1abff564,SHOP_033,BEN_02100,2026-01-09 19:19:18.024274,Rice,14,42.0,28.731131,77.204781,North Delhi,0
9bcdff95-9084-4113-a2a4-021dfc32fcc3,SHOP_036,BEN_00412,2026-01-09 19:21:15.024274,Sugar,3,60.0,28.73997,77.11894,Rohini,0
68a1bb05-2cda-4d85-930a-827f6cd7d31c,SHOP_041,BEN_00295,2026-01-09 19:23:37.024274,Oil,1,50.0,28.676266,77.100986,West Delhi,0
7d18437a-e845-4b3d-8d4c-edb934c7a4e7,SHOP_026,BEN_02659,2026-01-09 19:26:19.024274,Kerosene,3,75.0,28.645158,77.323228,East Delhi,0
ffb310f5-084d-4183-a701-5642283b8370,SHOP_046,BEN_02750,2026-01-09 19:27:45.024274,Rice,12,36.0,28.634402,77.315239,East Delhi,0
e6be9e89-ca63-4ffd-b350-3c1b05219a9f,SHOP_010,BEN_02273,2026-01-09 19:36:33.024274,Kerosene,1,25.0,28.581134,77.064005,Dwarka,0
893e9f23-9407-4623-9f52-d059f034ecf4,SHOP_011,BEN_00204,2026-01-09 19:37:42.024274,Oil,1,50.0,28.732554,77.205993,North Delhi,0
b809ad0c-6506-46f8-a902-a35c032c2089,SHOP_030,BEN_00403,2026-01-09 19:45:27.024274,Wheat,6,12.0,28.656014,77.071143,West Delhi,0
3f50ef78-a758-42f1-a499-cbaffc7bb180,SHOP_024,BEN_00541,2026-01-09 19:50:50.024274,Rice,10,30.0,28.505958,77.198023,South Delhi,0
77a793a2-b919-4643-9879-e4a28023b069,SHOP_031,BEN_01161,2026-01-09 19:54:01.024274,Oil,2,100.0,28.727982,77.18544,North Delhi,0
9d0aab4b-61bc-4b1a-9d03-5b3a043b7655,SHOP_039,BEN_02201,2026-01-09 19:57:28.024274,Sugar,3,60.0,28.707365,77.109479,Rohini,0
992f37a1-34eb-4097-8dfd-9ae8901751ff,SHOP_012,BEN_00114,2026-01-09 19:57:56.024274,Kerosene,3,75.0,28.618685,77.319017,East Delhi,0
492f8caf-19b1-4b3e-89a7-b894b7b2be90,SHOP_012,BEN_00302,2026-01-10 08:00:38.024274,Wheat,15,30.0,28.618685,77.319017,East Delhi,0
d03cbc27-df2d-4b2e-9934-0da5839a91ee,SHOP_049,BEN_00171,2026-01-10 08:02:25.024274,Rice,19,57.0,28.514677,77.242533,South Delhi,0
4cdfc324-4464-4c5d-8ea8-ab6809988210,SHOP_024,BEN_02595,2026-01-10 08:02:43.024274,Rice,14,42.0,28.505958,77.198023,South Delhi,0
5facbd19-046d-40ae-881c-bf8362f8a2ac,SHOP_012,BEN_01904,2026-01-10 08:15:20.024274,Rice,13,39.0,28.618685,77.319017,East Delhi,0
20ec5859-7052-46bb-8242-dddeb9f78a03,SHOP_026,BEN_00842,2026-01-10 08:15:52.024274,Oil,2,100.0,28.645158,77.323228,East Delhi,0
a5afc104-c40c-4a2a-9660-1492d6f91dcb,SHOP_018,BEN_00311,2026-01-10 08:21:29.024274,Wheat,7,14.0,28.610429,77.188088,Central Delhi,0
f1c90092-bc9d-427b-8103-844934cdbbc6,SHOP_044,BEN_01091,2026-01-10 08:33:46.024274,Rice,9,27.0,28.615898,77.224361,Central Delhi,0
bdeffd13-01b1-471e-9b15-e49ec4dceaba,SHOP_048,BEN_02929,2026-01-10 08:41:27.024274,Wheat,18,36.0,28.596532,77.044874,Dwarka,0
1dc5c56c-5bb6-4ae1-a95b-9afe4dee9af1,SHOP_019,BEN_01101,2026-01-10 08:47:01.024274,Kerosene,2,50.0,28.631679,77.201199,Central Delhi,0
98fac873-09a1-474c-8070-41f3f850b33a,SHOP_016,BEN_01759,2026-01-10 08:47:09.024274,Kerosene,1,25.0,28.644796,77.107779,West Delhi,0
1c4b9672-338f-4d31-982a-eb2ee93d94f0,SHOP_030,BEN_02055,2026-01-10 08:47:29.024274,Rice,14,42.0,28.656014,77.071143,West Delhi,0
df7e5585-10c4-45fd-a00c-6b5b4ea5953f,SHOP_045,BEN_00189,2026-01-10 08:52:50.024274,Rice,6,18.0,28.633767,77.205731,Central Delhi,0
a339c854-69e9-4ffb-a3d9-175e2d823b71,SHOP_006,BEN_02589,2026-01-10 08:54:23.024274,Wheat,13,26.0,28.6356,77.229758,Central Delhi,0
5cd0c1c1-371c-4824-9701-67465d93ff05,SHOP_035,BEN_00651,2026-01-10 08:56:13.024274,Kerosene,2,50.0,28.715607,77.125559,Rohini,0
f38d7486-3181-4e77-a085-98520d64d319,SHOP_021,BEN_01121,2026-01-10 08:56:28.024274,Oil,1,50.0,28.654216,77.114329,West Delhi,0
0da33b6e-3ccf-42a0-80be-2b591314677e,SHOP_049,BEN_00902,2026-01-10 08:57:39.024274,Sugar,3,60.0,28.514677,77.242533,South Delhi,0
891332ed-8e4e-456f-8fbe-52df1ef0f5c2,SHOP_027,BEN_02802,2026-01-10 09:10:38.024274,Kerosene,2,50.0,28.603311,77.025358,Dwarka,0
ffc47cbb-bcdd-479a-9c68-2a5d2d4d9a8c,SHOP_014,BEN_01933,2026-01-10 09:11:20.024274,Sugar,3,60.0,28.708352,77.106686,Rohini,0
593abfc1-f50d-428f-8e18-19654d12dac4,SHOP_042,BEN_01774,2026-01-10 09:14:46.024274,Kerosene,3,75.0,28.598757,77.020815,Dwarka,0
7fcdea3f-c814-4710-8925-965f8e49288b,SHOP_025,BEN_01927,2026-01-10 09:16:26.024274,Sugar,2,40.0,28.624929,77.222474,Central Delhi,0
da1cfec3-9adc-4cf2-a5b8-d3c19a129460,SHOP_046,BEN_02133,2026-01-10 09:17:21.024274,Oil,2,100.0,28.634402,77.315239,East Delhi,0
d0339253-d501-4f64-a45c-11865860b014,SHOP_033,BEN_01137,2026-01-10 09:19:09.024274,Kerosene,2,50.0,28.731131,77.204781,North Delhi,0
ee4e3908-03fd-4edd-9bcd-f3f7bca85b6a,SHOP_002,BEN_01773,2026-01-10 09:24:03.024274,Wheat,12,24.0,28.648957,77.10634,West Delhi,0
7caec7e9-2674-4c95-98ff-71067fd67eb0,SHOP_033,BEN_02606,2026-01-10 09:26:01.024274,Oil,2,100.0,28.731131,77.204781,North Delhi,0
778c13ed-7edd-4917-a1fb-3536a18975da,SHOP_046,BEN_00932,2026-01-10 09:26:23.024274,Rice,6,18.0,28.634402,77.315239,East Delhi,0
4c52131b-69bb-4809-bed5-9bdb2228526e,SHOP_012,BEN_01589,2026-01-10 09:29:14.024274,Kerosene,3,75.0,28.618685,77.319017,East Delhi,0
36491c9b-765a-442b-b47a-bf7a804c12aa,SHOP_005,BEN_00030,2026-01-10 09:30:04.024274,Kerosene,1,25.0,28.599771,77.274279,East Delhi,0
4db7cf37-6014-40c8-821b-ee8e60f085ad,SHOP_027,BEN_00613,2026-01-10 09:40:16.024274,Oil,2,100.0,28.603311,77.025358,Dwarka,0
d58a4572-080e-4352-ba6d-60bfa58e06c9,SHOP_038,BEN_01394,2026-01-10 09:43:58.024274,Kerosene,2,50.0,28.737713,77.199062,North Delhi,0
7430007f-5313-43e0-a988-a8bba261aef6,SHOP_023,BEN_00236,2026-01-10 09:45:10.024274,Sugar,2,40.0,28.592266,77.310411,East Delhi,0
b5d7f332-f320-43ab-b98b-1f140a5e720b,SHOP_030,BEN_00482,2026-01-10 09:58:17.024274,Sugar,2,40.0,28.656014,77.071143,West Delhi,0
7dec4ebe-b8be-4928-8c68-00f5fad6eafa,SHOP_007,BEN_00630,2026-01-10 10:01:55.024274,Wheat,17,34.0,28.520513,77.217525,South Delhi,0
5dc9c9dd-f23e-4477-b904-a63108e39289,SHOP_004,BEN_00040,2026-01-10 10:07:07.024274,Rice,10,30.0,28.709316,77.129745,Rohini,0
f26f1a39-b71e-42f9-8602-30051b8305be,SHOP_042,BEN_01104,2026-01-10 10:09:19.024274,Sugar,2,40.0,28.598757,77.020815,Dwarka,0
a8d4293e-3bc4-4a44-9510-c9b8b087a40c,SHOP_021,BEN_01897,2026-01-10 10:09:21.024274,Oil,2,100.0,28.654216,77.114329,West Delhi,0
c094cfbe-a3ed-4584-8b54-0265f04a18c2,SHOP_013,BEN_01572,2026-01-10 10:17:14.024274,Rice,10,30.0,28.689861,77.183213,North Delhi,0
ef5fd3d1-e223-40cc-b5f0-f8d2f3dc23ec,SHOP_004,BEN_01264,2026-01-10 10:17:25.024274,Oil,2,100.0,28.709316,77.129745,Rohini,0
3bc79367-5548-47db-b586-7b417aa4d5d1,SHOP_049,BEN_00514,2026-01-10 10:23:25.024274,Rice,5,15.0,28.514677,77.242533,South Delhi,0
17956b35-b470-49b9-8aad-f3dcfc8abf4d,SHOP_042,BEN_00846,2026-01-10 10:23:48.024274,Kerosene,2,50.0,28.598757,77.020815,Dwarka,0
2d9e5c85-8f5f-4aa9-861c-8a0477b33751,SHOP_039,BEN_02288,2026-01-10 10:28:07.024274,Oil,1,50.0,28.707365,77.109479,Rohini,0
9401add1-552b-426d-821a-0389bccffa55,SHOP_018,BEN_02386,2026-01-10 10:29:10.024274,Kerosene,2,50.0,28.610429,77.188088,Central Delhi,0
9ee26c45-1d0a-4123-8765-ac09f41020fa,SHOP_007,BEN_02235,2026-01-10 10:38:22.024274,Sugar,2,40.0,28.520513,77.217525,South Delhi,0
4a8cdf16-eedb-4e2a-b613-486eecca1a35,SHOP_018,BEN_02065,2026-01-10 10:45:36.024274,Sugar,1,20.0,28.610429,77.188088,Central Delhi,0
71a063a4-39e3-401c-b557-50c00ed52a90,SHOP_031,BEN_00459,2026-01-10 10:54:16.024274,Oil,1,50.0,28.727982,77.18544,North Delhi,0
31e74ab3-7f61-41ca-a6b4-5297731f1c83,SHOP_034,BEN_00560,2026-01-10 10:54:37.024274,Oil,1,50.0,28.586699,77.035213,Dwarka,0
7e7fec28-4325-4870-b7bb-c84aa8cd2017,SHOP_043,BEN_01179,2026-01-10 10:57:28.024274,Kerosene,3,75.0,28.561519,77.048283,Dwarka,0
563c32d1-7ad7-439e-81b1-ab6c2bb5f8c3,SHOP_025,BEN_02577,2026-01-10 10:57:32.024274,Oil,1,50.0,28.624929,77.222474,Central Delhi,0
bf2c04a6-d6e5-4daf-94bc-0dde9a75ebd0,SHOP_033,BEN_02473,2026-01-10 11:00:53.024274,Oil,1,50.0,28.731131,77.204781,North Delhi,0
4d797c8f-cdef-48fb-a7d4-8e9bc4a284f1,SHOP_023,BEN_01569,2026-01-10 11:03:55.024274,Sugar,3,60.0,28.592266,77.310411,East Delhi,0
b3e0f728-c21b-40b9-b0bb-41f61c2feacf,SHOP_023,BEN_02384,2026-01-10 11:07:02.024274,Oil,2,100.0,28.592266,77.310411,East Delhi,0
bbe3d9c1-c29a-45de-a6dc-21ca5b2e5424,SHOP_020,BEN_00542,2026-01-10 11:09:52.024274,Kerosene,2,50.0,28.736478,77.119912,Rohini,0
a8db4af3-7eb7-4ad6-a53a-f0083db24e8b,SHOP_008,BEN_01451,2026-01-10 11:10:39.024274,Oil,2,100.0,28.666336,77.103257,West Delhi,0
4a38380a-2941-4471-b4e5-e0168a2ceee4,SHOP_029,BEN_01982,2026-01-10 11:11:18.024274,Wheat,19,38.0,28.583723,77.064561,Dwarka,0
c2134d5d-8a92-44e0-a19c-c4b168482b45,SHOP_026,BEN_00464,2026-01-10 11:13:45.024274,Wheat,13,26.0,28.645158,77.323228,East Delhi,0
c4703765-123d-4075-a534-96d169906264,SHOP_045,BEN_00398,2026-01-10 11:14:49.024274,Wheat,8,16.0,28.633767,77.205731,Central Delhi,0
cd426b0b-d485-47c5-93ae-97b08b1c2e06,SHOP_017,BEN_02008,2026-01-10 11:15:12.024274,Kerosene,2,50.0,28.722696,77.129286,Rohini,0
f2880304-53ab-4663-9347-748d8cc4b13e,SHOP_021,BEN_00409,2026-01-10 11:19:47.024274,Oil,1,50.0,28.654216,77.114329,West Delhi,0
dab1091d-414d-4554-9b47-8b4ca701d33b,SHOP_023,BEN_00254,2026-01-10 11:22:38.024274,Kerosene,1,25.0,28.592266,77.310411,East Delhi,0
ba08638a-ad0b-4997-9b48-2f0b43f37f3e,SHOP_006,BEN_02224,2026-01-10 11:25:34.024274,Wheat,11,22.0,28.6356,77.229758,Central Delhi,0
4a5dc2c4-fdd7-4a72-a8b5-8aac23d34ee9,SHOP_024,BEN_01367,2026-01-10 11:34:32.024274,Oil,1,50.0,28.505958,77.198023,South Delhi,0
4e160937-505b-4913-9c7c-9378d5619464,SHOP_025,BEN_01642,2026-01-10 11:34:37.024274,Sugar,1,20.0,28.624929,77.222474,Central Delhi,0
cd66679e-9a00-4b06-93df-a39a432150e6,SHOP_006,BEN_02099,2026-01-10 11:38:14.024274,Oil,1,50.0,28.6356,77.229758,Central Delhi,0
2e3e4c00-6a79-4f11-ba6e-fa8b68928cb3,SHOP_030,BEN_01513,2026-01-10 11:42:18.024274,Sugar,3,60.0,28.656014,77.071143,West Delhi,0
a6a54669-9175-4151-96ab-7dc46b29c625,SHOP_026,BEN_02203,2026-01-10 11:52:54.024274,Oil,2,100.0,28.645158,77.323228,East Delhi,0
272c72bd-a4b9-498c-a94c-3df800bee509,SHOP_039,BEN_00702,2026-01-10 11:55:27.024274,Kerosene,3,75.0,28.707365,77.109479,Rohini,0
5aeb9644-3c8e-4fee-993a-39ddb81a643f,SHOP_050,BEN_01492,2026-01-10 12:03:07.024274,Rice,18,54.0,28.560938,77.180795,South Delhi,0
0f64360c-3414-461b-b644-f5692fbb0bfe,SHOP_043,BEN_01267,2026-01-10 12:07:50.024274,Oil,2,100.0,28.561519,77.048283,Dwarka,0
a4e22111-1d2d-43d8-8b5f-3098b5b3df77,SHOP_017,BEN_00749,2026-01-10 12:15:38.024274,Sugar,2,40.0,28.722696,77.129286,Rohini,0
1baa68be-e9d3-4150-8e10-ac090b35ff0d,SHOP_037,BEN_02316,2026-01-10 12:31:05.024274,Oil,1,50.0,28.707215,77.215419,North Delhi,0
ebe30356-b4b8-42cb-9cbd-6f7346f2a79b,SHOP_006,BEN_02646,2026-01-10 12:31:17.024274,Wheat,8,16.0,28.6356,77.229758,Central Delhi,0
b3b4e451-449a-476d-8eb8-e97f5b0e1436,SHOP_046,BEN_01034,2026-01-10 12:38:47.024274,Wheat,5,10.0,28.634402,77.315239,East Delhi,0
52b7e248-8e2b-4321-a92c-92ef6d4a88ae,SHOP_019,BEN_00733,2026-01-10 12:39:09.024274,Kerosene,3,75.0,28.631679,77.201199,Central Delhi,0
d2051e76-961c-4d83-ab9f-bf865407cb9b,SHOP_037,BEN_00838,2026-01-10 12:42:37.024274,Sugar,2,40.0,28.707215,77.215419,North Delhi,0
ea44c5c3-ca7c-488a-b7ed-a6972a6cc569,SHOP_015,BEN_02152,2026-01-10 12:43:36.024274,Rice,7,21.0,28.630112,77.110956,West Delhi,0
4d2be99a-e04f-4b97-8454-7bcfb22afd07,SHOP_043,BEN_01390,2026-01-10 12:45:07.024274,Rice,12,36.0,28.561519,77.048283,Dwarka,0
76324bc8-c1a1-4aa6-8070-3a12610ecee5,SHOP_017,BEN_02745,2026-01-10 12:47:18.024274,Rice,18,54.0,28.722696,77.129286,Rohini,0
92bbedf7-17d4-4338-a3b1-fe63b0952471,SHOP_024,BEN_02712,2026-01-10 12:51:36.024274,Wheat,20,40.0,28.505958,77.198023,South Delhi,0
f1a4e4e5-eddf-4fc4-840d-0c6a85236ac0,SHOP_021,BEN_02213,2026-01-10 12:52:13.024274,Rice,7,21.0,28.654216,77.114329,West Delhi,0
4411635a-6e65-498f-82c5-3353d9da3922,SHOP_048,BEN_00874,2026-01-10 12:54:48.024274,Kerosene,3,75.0,28.596532,77.044874,Dwarka,0
ba6672b1-145f-4aea-b20b-a0d23883e47b,SHOP_005,BEN_00254,2026-01-10 12:59:32.024274,Wheat,7,14.0,28.599771,77.274279,East Delhi,0
f20fbcd6-e5f9-4674-b9ca-6a821f19c2eb,SHOP_018,BEN_01438,2026-01-10 13:05:37.024274,Rice,13,39.0,28.610429,77.188088,Central Delhi,0
2615c109-f30e-405e-88a8-db8dc42c817e,SHOP_035,BEN_00371,2026-01-10 13:16:38.024274,Sugar,3,60.0,28.715607,77.125559,Rohini,0
fa4e7110-5fa8-4b80-b4e3-4d8f93036fb9,SHOP_017,BEN_00282,2026-01-10 13:18:02.024274,Sugar,1,20.0,28.722696,77.129286,Rohini,0
1defd6c5-6238-461e-b987-f4160a67eb4d,SHOP_019,BEN_02707,2026-01-10 13:22:58.024274,Sugar,1,20.0,28.631679,77.201199,Central Delhi,0
61757469-a7fa-4de4-a97d-64557bfc8b7a,SHOP_035,BEN_00801,2026-01-10 13:39:56.024274,Rice,15,45.0,28.715607,77.125559,Rohini,0
2b1d903d-3c9e-4e7f-ae4b-8a018bd57498,SHOP_017,BEN_02910,2026-01-10 13:41:38.024274,Sugar,2,40.0,28.722696,77.129286,Rohini,0
a11e6d87-9426-4c9c-bf3a-f4e30a7e0134,SHOP_037,BEN_02064,2026-01-10 13:47:03.024274,Kerosene,1,25.0,28.707215,77.215419,North Delhi,0
af62201a-fd03-496e-8e82-36e324167da0,SHOP_003,BEN_01932,2026-01-10 13:47:29.024274,Wheat,6,12.0,28.506364,77.204896,South Delhi,0
35a43bfe-0526-456f-802c-b6eb1004406d,SHOP_009,BEN_01231,2026-01-10 13:49:41.024274,Sugar,1,20.0,28.633713,77.107844,West Delhi,0
388a274b-19d0-4269-aff3-38b22a5a36b3,SHOP_003,BEN_00085,2026-01-10 14:00:25.024274,Wheat,7,14.0,28.506364,77.204896,South Delhi,0
256af906-bc4d-4ced-8d3b-c8049e91cbc4,SHOP_025,BEN_00520,2026-01-10 14:09:48.024274,Rice,18,54.0,28.624929,77.222474,Central Delhi,0
fe4fac81-6099-471b-9bf4-caecc8181510,SHOP_006,BEN_00382,2026-01-10 14:15:24.024274,Wheat,13,26.0,28.6356,77.229758,Central Delhi,0
76afb1af-7fcd-4ddc-a109-549243c638e7,SHOP_002,BEN_02527,2026-01-10 14:18:08.024274,Oil,2,100.0,28.648957,77.10634,West Delhi,0
e18f820b-74f0-47f4-8b18-c215d237227c,SHOP_003,BEN_02679,2026-01-10 14:21:18.024274,Kerosene,3,75.0,28.506364,77.204896,South Delhi,0
b0c8645a-fae8-4b22-b233-72d33f62b792,SHOP_026,BEN_02408,2026-01-10 14:22:16.024274,Kerosene,1,25.0,28.645158,77.323228,East Delhi,0
451861f2-5191-4940-99bb-5d9b11c9061b,SHOP_021,BEN_02156,2026-01-10 14:24:43.024274,Oil,2,100.0,28.654216,77.114329,West Delhi,0
22a245de-0903-406c-9cdf-f10153fe6021,SHOP_049,BEN_02940,2026-01-10 14:27:05.024274,Rice,20,60.0,28.514677,77.242533,South Delhi,0
faa51f99-3488-4c53-a428-a94543325c44,SHOP_020,BEN_02177,2026-01-10 14:30:38.024274,Sugar,3,60.0,28.736478,77.119912,Rohini,0
d63e2cc6-5442-4f97-acd3-b06ca221fc18,SHOP_044,BEN_02244,2026-01-10 14:31:06.024274,Sugar,2,40.0,28.615898,77.224361,Central Delhi,0
e728fb28-867c-42c1-a1fa-8675173191af,SHOP_040,BEN_02195,2026-01-10 14:38:30.024274,Wheat,6,12.0,28.673266,77.089259,West Delhi,0
1151d749-c351-4061-915c-0f0d2ffea226,SHOP_030,BEN_00749,2026-01-10 14:47:05.024274,Kerosene,1,25.0,28.656014,77.071143,West Delhi,0
06fd763a-aa9e-478b-b653-15651678467d,SHOP_020,BEN_00850,2026-01-10 15:01:33.024274,Rice,7,21.0,28.736478,77.119912,Rohini,0
7a356b88-d4b6-4a7b-8845-b007a618b374,SHOP_050,BEN_02653,2026-01-10 15:02:01.024274,Kerosene,3,75.0,28.560938,77.180795,South Delhi,0
9c0a5d37-4781-4669-baa0-7ba3998d044c,SHOP_019,BEN_00865,2026-01-10 15:04:11.024274,Wheat,11,22.0,28.631679,77.201199,Central Delhi,0
1b5ce948-ae35-41f6-ad8e-cae42c9b30a4,SHOP_049,BEN_00448,2026-01-10 15:14:10.024274,Rice,11,33.0,28.514677,77.242533,South Delhi,0
237023ed-8d57-4988-9c4e-343ed28269a3,SHOP_010,BEN_02856,2026-01-10 15:14:36.024274,Oil,2,100.0,28.581134,77.064005,Dwarka,0
b5f731ec-ecf9-4511-a5c1-f701b6b88f10,SHOP_038,BEN_02964,2026-01-10 15:18:09.024274,Oil,1,50.0,28.737713,77.199062,North Delhi,0
c448695e-d23b-40d4-a320-2259a781589d,SHOP_044,BEN_01574,2026-01-10 15:21:14.024274,Sugar,2,40.0,28.615898,77.224361,Central Delhi,0
ab8ec71e-9b08-4f2a-8491-3b7854d20aeb,SHOP_014,BEN_02073,2026-01-10 15:23:26.024274,Wheat,15,30.0,28.708352,77.106686,Rohini,0
009a3c97-39b9-493d-b9c2-6ac9d0d74612,SHOP_007,BEN_01930,2026-01-10 15:24:08.024274,Rice,15,45.0,28.520513,77.217525,South Delhi,0
538e2fee-4390-4072-b527-5d882e2633c5,SHOP_019,BEN_00452,2026-01-10 15:34:35.024274,Sugar,2,40.0,28.631679,77.201199,Central Delhi,0
a2161aa8-aca1-415a-8512-9b37a6a7ecba,SHOP_043,BEN_00015,2026-01-10 15:40:51.024274,Sugar,2,40.0,28.561519,77.048283,Dwarka,0
b8c2c224-8000-4ec8-9bac-1dd9d7c87872,SHOP_011,BEN_01353,2026-01-10 15:41:27.024274,Wheat,13,26.0,28.732554,77.205993,North Delhi,0
1adf6153-c717-497b-a1f5-5f6907072de1,SHOP_036,BEN_01854,2026-01-10 15:46:59.024274,Wheat,12,24.0,28.73997,77.11894,Rohini,0
8d0c673f-2248-4b4d-aa61-78117a7af2ca,SHOP_011,BEN_00539,2026-01-10 15:51:14.024274,Oil,2,100.0,28.732554,77.205993,North Delhi,0
28c94566-2350-44bc-9009-e7daf6c87c33,SHOP_012,BEN_00327,2026-01-10 15:52:16.024274,Sugar,1,20.0,28.618685,77.319017,East Delhi,0
2a920d49-a2a9-475e-b108-542da1e05085,SHOP_015,BEN_00074,2026-01-10 15:57:13.024274,Kerosene,3,75.0,28.630112,77.110956,West Delhi,0
1323c4de-347a-416f-88fd-56ba67019fd4,SHOP_032,BEN_00053,2026-01-10 16:07:54.024274,Wheat,17,34.0,28.708017,77.126743,Rohini,0
d82c338f-a59a-47ac-af5d-576064b7504e,SHOP_032,BEN_00502,2026-01-10 16:09:28.024274,Oil,2,100.0,28.708017,77.126743,Rohini,0
de07489d-0ee2-4c44-9744-7809ea4f4a5d,SHOP_014,BEN_00844,2026-01-10 16:09:52.024274,Kerosene,2,50.0,28.708352,77.106686,Rohini,0
dd371570-a2f8-44fd-91d4-4a9c0fbb6e10,SHOP_050,BEN_02368,2026-01-10 16:11:53.024274,Kerosene,3,75.0,28.560938,77.180795,South Delhi,0
99a6b4e2-c0cf-4e15-903e-52ec4c919c07,SHOP_025,BEN_00039,2026-01-10 16:14:30.024274,Rice,8,24.0,28.624929,77.222474,Central Delhi,0
42ef2e25-8e1c-4f00-8e8b-bae6a4769cc3,SHOP_007,BEN_02794,2026-01-10 16:16:06.024274,Oil,1,50.0,28.520513,77.217525,South Delhi,0
ac3f740f-a0ee-4391-9fd0-bd326d62aa5b,SHOP_024,BEN_00801,2026-01-10 16:24:10.024274,Wheat,9,18.0,28.505958,77.198023,South Delhi,0
06ba9012-4f41-44ef-a087-30bfd9bfd056,SHOP_005,BEN_01792,2026-01-10 16:25:18.024274,Oil,2,100.0,28.599771,77.274279,East Delhi,0
2ddfa4c2-c2b9-492d-9334-39a39171c1ab,SHOP_020,BEN_00621,2026-01-10 16:40:12.024274,Oil,1,50.0,28.736478,77.119912,Rohini,0
7f4f9c16-e647-408d-b9a5-dd0d1b367927,SHOP_033,BEN_00427,2026-01-10 16:41:51.024274,Rice,15,45.0,28.731131,77.204781,North Delhi,0
791074a0-1d22-423b-a988-a820419e7c88,SHOP_013,BEN_01634,2026-01-10 16:51:00.024274,Wheat,18,36.0,28.689861,77.183213,North Delhi,0
12ba8b3b-1dbd-4b32-bd6d-c871deed4276,SHOP_047,BEN_00379,2026-01-10 16:51:33.024274,Wheat,17,34.0,28.715937,77.10426,Rohini,0
7014e3a7-b7c4-46cb-a513-185af1fdbfb9,SHOP_016,BEN_02703,2026-01-10 16:57:19.024274,Rice,18,54.0,28.644796,77.107779,West Delhi,0
415674be-afcd-4eb1-a5b9-26fcb1b97dc7,SHOP_017,BEN_01529,2026-01-10 16:57:58.024274,Rice,14,42.0,28.722696,77.129286,Rohini,0
3bd37e28-14f3-4081-8db1-c6b0b10fae4b,SHOP_039,BEN_00068,2026-01-10 16:58:57.024274,Kerosene,2,50.0,28.707365,77.109479,Rohini,0
59e6644a-72f7-4937-a548-1863a0b2996b,SHOP_040,BEN_00934,2026-01-10 17:01:55.024274,Oil,2,100.0,28.673266,77.089259,West Delhi,0
307cff79-d1c9-4677-9b56-b68d5d0ca333,SHOP_037,BEN_01610,2026-01-10 17:08:57.024274,Wheat,13,26.0,28.707215,77.215419,North Delhi,0
e52e0f13-fc88-4327-91ad-596e906c62aa,SHOP_027,BEN_01148,2026-01-10 17:15:05.024274,Wheat,9,18.0,28.603311,77.025358,Dwarka,0
5b495234-6c37-4072-ba97-fe846d4beca3,SHOP_021,BEN_00176,2026-01-10 17:27:58.024274,Wheat,18,36.0,28.654216,77.114329,West Delhi,0
d62c3d5f-7eb8-4876-b575-7e48af3129db,SHOP_021,BEN_02190,2026-01-10 17:30:25.024274,Wheat,10,20.0,28.654216,77.114329,West Delhi,0
5aa5f3b0-3702-4161-a265-ed5b6d530560,SHOP_015,BEN_01788,2026-01-10 17:30:55.024274,Kerosene,1,25.0,28.630112,77.110956,West Delhi,0
498a7170-c76d-48f8-9187-85199a37f37a,SHOP_034,BEN_02452,2026-01-10 17:31:03.024274,Rice,9,27.0,28.586699,77.035213,Dwarka,0
4a4d6077-a3a4-4077-afd3-117b954d2027,SHOP_004,BEN_02858,2026-01-10 17:39:36.024274,Oil,2,100.0,28.709316,77.129745,Rohini,0
3f4e53f3-67d7-484a-9cee-42ac83b1edf1,SHOP_011,BEN_01701,2026-01-10 17:46:15.024274,Wheat,17,34.0,28.732554,77.205993,North Delhi,0
bc66764c-0609-4709-8244-325a8e1e6a7e,SHOP_001,BEN_00885,2026-01-10 17:47:58.024274,Rice,17,51.0,28.563667,77.196744,South Delhi,0
0b45d7d5-bbb9-48b3-b679-1f0a840d3da7,SHOP_024,BEN_01991,2026-01-10 17:53:48.024274,Oil,2,100.0,28.505958,77.198023,South Delhi,0
ff6bdb9e-996a-46c5-b133-c149024c0631,SHOP_010,BEN_02576,2026-01-10 17:57:49.024274,Oil,1,50.0,28.581134,77.064005,Dwarka,0
b744ded0-fc21-4c50-86e7-638bf0b640cc,SHOP_041,BEN_01509,2026-01-10 17:58:25.024274,Sugar,2,40.0,28.676266,77.100986,West Delhi,0
5673e0dc-8ca6-41f8-8835-e87a37c55447,SHOP_041,BEN_01399,2026-01-10 18:12:54.024274,Sugar,1,20.0,28.676266,77.100986,West Delhi,0
da20cceb-49a0-4c0b-9fa3-5a3f0d672886,SHOP_029,BEN_02775,2026-01-10 18:16:52.024274,Sugar,2,40.0,28.583723,77.064561,Dwarka,0
a5413cd8-3116-4657-b3b0-30b3bc6a9854,SHOP_013,BEN_02636,2026-01-10 18:28:11.024274,Sugar,3,60.0,28.689861,77.183213,North Delhi,0
03c53b8c-f752-45b9-86b9-54308b1283b4,SHOP_009,BEN_02159,2026-01-10 18:36:29.024274,Oil,2,100.0,28.633713,77.107844,West Delhi,0
6259f347-29ef-466c-adb5-c793453c2242,SHOP_010,BEN_01274,2026-01-10 18:41:37.024274,Sugar,3,60.0,28.581134,77.064005,Dwarka,0
19b9dc0c-3b54-40ec-ab03-5c8bd0e9e11e,SHOP_006,BEN_00282,2026-01-10 18:51:11.024274,Sugar,3,60.0,28.6356,77.229758,Central Delhi,0
b92d0a08-5e50-43a4-97e1-8d01ab2dc70f,SHOP_010,BEN_01290,2026-01-10 18:59:35.024274,Wheat,11,22.0,28.581134,77.064005,Dwarka,0
191b6b50-8d52-424a-adc2-0ff71760c6a0,SHOP_027,BEN_02918,2026-01-10 19:02:28.024274,Rice,6,18.0,28.603311,77.025358,Dwarka,0
d33d7e6b-2503-4991-bb00-1a239ba26999,SHOP_003,BEN_01825,2026-01-10 19:09:55.024274,Rice,20,60.0,28.506364,77.204896,South Delhi,0
2fca6139-213b-4cdd-aadd-4a995ee16346,SHOP_012,BEN_02945,2026-01-10 19:18:50.024274,Rice,13,39.0,28.618685,77.319017,East Delhi,0
aff30b62-7d8a-4c24-a11d-9921f20702dd,SHOP_008,BEN_00214,2026-01-10 19:20:23.024274,Oil,2,100.0,28.666336,77.103257,West Delhi,0
4840883a-3596-462c-9eef-da85274faafa,SHOP_038,BEN_00156,2026-01-10 19:29:06.024274,Kerosene,3,75.0,28.737713,77.199062,North Delhi,0
96bae72c-07c3-41b9-a9e0-f39d8a9f1fb7,SHOP_010,BEN_02142,2026-01-10 19:33:42.024274,Wheat,13,26.0,28.581134,77.064005,Dwarka,0
a69bf143-74f2-41c1-98a6-cbaf159a4f13,SHOP_026,BEN_00717,2026-01-10 19:36:54.024274,Oil,1,50.0,28.645158,77.323228,East Delhi,0
21d9b158-e972-4a18-bd1d-7f1ddf3620d5,SHOP_035,BEN_01595,2026-01-10 19:38:15.024274,Kerosene,1,25.0,28.715607,77.125559,Rohini,0
77017490-68d8-47e5-932f-e87c639bbd09,SHOP_032,BEN_02630,2026-01-10 19:41:19.024274,Kerosene,2,50.0,28.708017,77.126743,Rohini,0
2b652c6e-3452-48a3-b7ca-bc444337d3a4,SHOP_023,BEN_00820,2026-01-10 19:41:28.024274,Oil,1,50.0,28.592266,77.310411,East Delhi,0
9113a17a-1d98-477f-a6af-7356cbad5090,SHOP_021,BEN_02751,2026-01-11 08:01:36.024274,Rice,20,60.0,28.654216,77.114329,West Delhi,0
80b2dd01-bcfa-4329-a845-05395fefdfec,SHOP_029,BEN_02570,2026-01-11 08:13:46.024274,Kerosene,2,50.0,28.583723,77.064561,Dwarka,0
9a6374c9-c3ff-4e36-82c8-901490cdac41,SHOP_006,BEN_00562,2026-01-11 08:20:54.024274,Kerosene,3,75.0,28.6356,77.229758,Central Delhi,0
49f11467-16eb-40f9-9dba-92bd84bcd2ba,SHOP_039,BEN_01482,2026-01-11 08:29:40.024274,Kerosene,1,25.0,28.707365,77.109479,Rohini,0
2f3d7bd1-02d0-4b32-8a28-21800d194eec,SHOP_045,BEN_01816,2026-01-11 08:31:46.024274,Rice,11,33.0,28.633767,77.205731,Central Delhi,0
10fff91c-d770-4fb8-9f3e-e4e95f6bcc97,SHOP_037,BEN_00410,2026-01-11 08:35:27.024274,Rice,11,33.0,28.707215,77.215419,North Delhi,0
88b9a92b-5ae9-459f-93a1-f2d7cd7c3b3e,SHOP_049,BEN_00543,2026-01-11 08:36:48.024274,Kerosene,1,25.0,28.514677,77.242533,South Delhi,0
c6062922-54ff-4666-a1c7-ba289828ab62,SHOP_002,BEN_01818,2026-01-11 08:37:16.024274,Wheat,10,20.0,28.648957,77.10634,West Delhi,0
ee9e1164-0808-4478-8ea5-bbcf14bd5b43,SHOP_042,BEN_00408,2026-01-11 08:47:26.024274,Sugar,1,20.0,28.598757,77.020815,Dwarka,0
666e588b-90d4-435f-8f45-6087515beab2,SHOP_012,BEN_02066,2026-01-11 08:48:43.024274,Rice,20,60.0,28.618685,77.319017,East Delhi,0
fd64f8bf-492b-44ef-be54-5351c18f14d8,SHOP_041,BEN_00922,2026-01-11 08:54:31.024274,Wheat,14,28.0,28.676266,77.100986,West Delhi,0
a1cf3b95-75f5-4d5a-b953-305cb9d16ff3,SHOP_041,BEN_00423,2026-01-11 09:15:18.024274,Wheat,18,36.0,28.676266,77.100986,West Delhi,0
54c74f07-b414-4e32-86b7-cfd94138038e,SHOP_046,BEN_02583,2026-01-11 09:17:55.024274,Rice,12,36.0,28.634402,77.315239,East Delhi,0
c0d7d21a-3d70-4a3f-971a-80deaab9b33f,SHOP_004,BEN_00643,2026-01-11 09:26:31.024274,Kerosene,3,75.0,28.709316,77.129745,Rohini,0
f058bcab-19d6-4276-b184-f43ad0a39d42,SHOP_047,BEN_01839,2026-01-11 09:31:17.024274,Oil,1,50.0,28.715937,77.10426,Rohini,0
4f45a43e-4926-4238-bbd5-69a742526da5,SHOP_009,BEN_01258,2026-01-11 09:31:35.024274,Rice,12,36.0,28.633713,77.107844,West Delhi,0
2662861d-b57f-4bff-8a35-1eebc1304951,SHOP_017,BEN_00979,2026-01-11 09:32:53.024274,Kerosene,3,75.0,28.722696,77.129286,Rohini,0
68b35fe5-e228-4ea8-bb94-8cd11334cfff,SHOP_033,BEN_02752,2026-01-11 09:35:00.024274,Oil,1,50.0,28.731131,77.204781,North Delhi,0
20faa5c8-3f43-4239-a5f9-57ab5c9f9a18,SHOP_010,BEN_01874,2026-01-11 09:40:56.024274,Rice,11,33.0,28.581134,77.064005,Dwarka,0
f6c9cf18-0290-49bf-985f-217bebf79130,SHOP_010,BEN_01578,2026-01-11 09:46:04.024274,Oil,2,100.0,28.581134,77.064005,Dwarka,0
81d6bc00-e18f-4f6c-936c-3db56e67776f,SHOP_047,BEN_00491,2026-01-11 09:48:49.024274,Sugar,3,60.0,28.715937,77.10426,Rohini,0
a6b533d6-be0f-4e03-9853-0b9fb02fc935,SHOP_050,BEN_02449,2026-01-11 09:52:40.024274,Wheat,20,40.0,28.560938,77.180795,South Delhi,0
e2970ddf-9744-41ea-b311-30713d4c5d86,SHOP_040,BEN_02830,2026-01-11 09:53:47.024274,Kerosene,3,75.0,28.673266,77.089259,West Delhi,0
c17733d6-4738-4bc4-9b02-f1855f0e9567,SHOP_037,BEN_02748,2026-01-11 10:08:02.024274,Kerosene,2,50.0,28.707215,77.215419,North Delhi,0
ee2b76b3-cbc1-4964-bca0-b2f03ad8643a,SHOP_013,BEN_01306,2026-01-11 10:13:15.024274,Sugar,3,60.0,28.689861,77.183213,North Delhi,0
4bd71c78-90d9-4255-843e-c1017ddeaf51,SHOP_015,BEN_02009,2026-01-11 10:19:48.024274,Sugar,1,20.0,28.630112,77.110956,West Delhi,0
42472a35-16f9-4446-8b7f-84c121b44601,SHOP_008,BEN_02957,2026-01-11 10:26:34.024274,Oil,1,50.0,28.666336,77.103257,West Delhi,0
517ed6ff-8c02-440c-81fe-5006ced52553,SHOP_006,BEN_00489,2026-01-11 10:31:03.024274,Kerosene,1,25.0,28.6356,77.229758,Central Delhi,0
5e352693-df6f-4a92-af19-347142b52cc3,SHOP_013,BEN_01111,2026-01-11 10:34:18.024274,Rice,9,27.0,28.689861,77.183213,North Delhi,0
7b05bdcd-495c-40dc-876e-2e1510cb1594,SHOP_022,BEN_02450,2026-01-11 10:34:53.024274,Wheat,15,30.0,28.696907,77.177649,North Delhi,0
bb9c5224-a6c3-4a27-9f0e-d3b844bebe33,SHOP_012,BEN_01975,2026-01-11 10:38:23.024274,Kerosene,3,75.0,28.618685,77.319017,East Delhi,0
cde7ffda-911b-4b3e-91c2-392231a1c8de,SHOP_043,BEN_00805,2026-01-11 10:44:03.024274,Rice,12,36.0,28.561519,77.048283,Dwarka,0
d60d7d17-4795-4405-aa73-985b07691daa,SHOP_008,BEN_01850,2026-01-11 10:50:13.024274,Rice,14,42.0,28.666336,77.103257,West Delhi,0
87443bc8-b6d8-4a72-9f91-071813047ad0,SHOP_042,BEN_02222,2026-01-11 10:54:06.024274,Sugar,3,60.0,28.598757,77.020815,Dwarka,0
7ac041f9-cd62-4006-8e1b-f8385a53e7ae,SHOP_006,BEN_02345,2026-01-11 10:58:18.024274,Oil,2,100.0,28.6356,77.229758,Central Delhi,0
043e301a-3b3b-4217-b505-e3c6f512c3e3,SHOP_046,BEN_01611,2026-01-11 11:02:13.024274,Wheat,6,12.0,28.634402,77.315239,East Delhi,0
bf021e2c-3d14-450e-9cc4-ee513e8e5eb1,SHOP_034,BEN_01837,2026-01-11 11:02:27.024274,Rice,14,42.0,28.586699,77.035213,Dwarka,0
074d7df5-cf29-492c-ba2c-c258fc912134,SHOP_037,BEN_01913,2026-01-11 11:03:54.024274,Kerosene,2,50.0,28.707215,77.215419,North Delhi,0
92da9ab4-fe2b-4fd4-8611-361b1f582d7f,SHOP_007,BEN_01344,2026-01-11 11:17:23.024274,Oil,2,100.0,28.520513,77.217525,South Delhi,0
be3306a4-93f3-4a1b-a178-960eb7553325,SHOP_012,BEN_01381,2026-01-11 11:26:36.024274,Oil,1,50.0,28.618685,77.319017,East Delhi,0
6354de1f-7ad9-4a73-b90e-8ec211f6c6b2,SHOP_020,BEN_00839,2026-01-11 11:27:11.024274,Rice,19,57.0,28.736478,77.119912,Rohini,0
598d6397-7b60-49f2-b0b0-46c9d2e36204,SHOP_044,BEN_01659,2026-01-11 11:40:53.024274,Wheat,14,28.0,28.615898,77.224361,Central Delhi,0
dc764f85-055e-4f2b-9caf-87090c7f0bad,SHOP_001,BEN_02579,2026-01-11 11:48:24.024274,Kerosene,2,50.0,28.563667,77.196744,South Delhi,0
e311e4a0-0ee2-4972-947a-42279fc97533,SHOP_014,BEN_02490,2026-01-11 11:48:40.024274,Oil,1,50.0,28.708352,77.106686,Rohini,0
1fcff53d-dc69-4f89-83ff-0ff738404eff,SHOP_037,BEN_00133,2026-01-11 11:50:47.024274,Wheat,8,16.0,28.707215,77.215419,North Delhi,0
000db8e7-a0f5-431e-85d5-be0563caef9f,SHOP_001,BEN_02797,2026-01-11 11:51:39.024274,Oil,2,100.0,28.563667,77.196744,South Delhi,0
24684ba9-cfd4-4c46-8d4f-e2c737e640bc,SHOP_021,BEN_02816,2026-01-11 11:56:26.024274,Wheat,19,38.0,28.654216,77.114329,West Delhi,0
1ec11d56-65e6-442a-bf9d-874e0e2059cc,SHOP_011,BEN_01159,2026-01-11 12:00:11.024274,Sugar,1,20.0,28.732554,77.205993,North Delhi,0
18dc0b89-55e5-4b1a-aeb9-066b4c5736c8,SHOP_023,BEN_02060,2026-01-11 12:01:44.024274,Rice,20,60.0,28.592266,77.310411,East Delhi,0
445fe09f-af4b-47b8-8a8d-5eb5cb556f2c,SHOP_012,BEN_00880,2026-01-11 12:02:38.024274,Oil,1,50.0,28.618685,77.319017,East Delhi,0
3f20821c-f11f-4b51-8674-71c03feee23c,SHOP_038,BEN_01465,2026-01-11 12:06:25.024274,Sugar,3,60.0,28.737713,77.199062,North Delhi,0
6c8bbc96-4295-4acf-bd3a-71f1773caed6,SHOP_041,BEN_00344,2026-01-11 12:17:57.024274,Kerosene,3,75.0,28.676266,77.100986,West Delhi,0
aa8d5590-12d6-44fa-8004-83c68d0b68a3,SHOP_050,BEN_01599,2026-01-11 12:18:43.024274,Wheat,8,16.0,28.560938,77.180795,South Delhi,0
28af61f4-4681-4b3b-8bce-be509b8c3554,SHOP_043,BEN_02357,2026-01-11 12:24:09.024274,Sugar,1,20.0,28.561519,77.048283,Dwarka,0
4c0c0aff-4de4-4484-9c00-a8aaa13e71f2,SHOP_012,BEN_02105,2026-01-11 12:40:15.024274,Rice,20,60.0,28.618685,77.319017,East Delhi,0
2da58a54-8760-4805-b828-0bdddeaf07f4,SHOP_026,BEN_00848,2026-01-11 12:40:16.024274,Sugar,2,40.0,28.645158,77.323228,East Delhi,0
adc41c7c-575a-4f2d-9fb6-8f26ddea74b4,SHOP_014,BEN_01605,2026-01-11 12:51:10.024274,Kerosene,2,50.0,28.708352,77.106686,Rohini,0
ffb1a1d3-986a-46ed-b7b9-89a4b3d51c8b,SHOP_037,BEN_00506,2026-01-11 12:51:54.024274,Rice,6,18.0,28.707215,77.215419,North Delhi,0
af3f55ca-09e6-43d8-ad42-1b9f24863507,SHOP_020,BEN_01566,2026-01-11 13:02:54.024274,Wheat,14,28.0,28.736478,77.119912,Rohini,0
ef7fcf2d-4b20-4ed0-8eff-f85ccbfdf743,SHOP_028,BEN_02044,2026-01-11 13:07:08.024274,Kerosene,1,25.0,28.644078,77.187159,Central Delhi,0
478f53c6-5022-4d57-85dd-53e0cdd92e14,SHOP_049,BEN_01006,2026-01-11 13:08:37.024274,Oil,1,50.0,28.514677,77.242533,South Delhi,0
5b7bdde4-1e59-4da7-aefd-a58cd5951894,SHOP_014,BEN_00825,2026-01-11 13:08:44.024274,Wheat,16,32.0,28.708352,77.106686,Rohini,0
2871a502-80a9-4a26-9782-6311c123b66c,SHOP_011,BEN_00931,2026-01-11 13:09:04.024274,Wheat,11,22.0,28.732554,77.205993,North Delhi,0
c4ab365b-248a-4cc5-b758-62a07edad3bc,SHOP_033,BEN_00202,2026-01-11 13:14:23.024274,Sugar,2,40.0,28.731131,77.204781,North Delhi,0
14135d23-8f13-4b39-9910-6db31f904043,SHOP_003,BEN_00009,2026-01-11 13:15:05.024274,Oil,2,100.0,28.506364,77.204896,South Delhi,0
060a4af3-7e0a-4f91-a296-f9ac7b75ef1e,SHOP_021,BEN_01960,2026-01-11 13:15:27.024274,Wheat,17,34.0,28.654216,77.114329,West Delhi,0
a0b8b718-6ce6-4bb7-af11-b641c9ecc31e,SHOP_021,BEN_01916,2026-01-11 13:16:51.024274,Kerosene,1,25.0,28.654216,77.114329,West Delhi,0
7c905169-6df8-4d25-ae27-533683f5a704,SHOP_020,BEN_02823,2026-01-11 13:18:37.024274,Wheat,7,14.0,28.736478,77.119912,Rohini,0
f4dab6ef-b964-4dc7-9dfe-4b0df82fc7f0,SHOP_029,BEN_01714,2026-01-11 13:21:55.024274,Sugar,3,60.0,28.583723,77.064561,Dwarka,0
e0a12039-2772-40ec-b551-6a43e1a77637,SHOP_006,BEN_02512,2026-01-11 13:22:57.024274,Kerosene,2,50.0,28.6356,77.229758,Central Delhi,0
5879c351-cebe-47b2-ac58-4090e9711fc5,SHOP_022,BEN_00438,2026-01-11 13:26:58.024274,Oil,1,50.0,28.696907,77.177649,North Delhi,0
492b716c-0113-495f-bc57-f8c09929413c,SHOP_028,BEN_00843,2026-01-11 13:40:03.024274,Kerosene,1,25.0,28.644078,77.187159,Central Delhi,0
b0971640-6b71-459a-94c3-99551327bfd5,SHOP_004,BEN_00664,2026-01-11 13:46:27.024274,Sugar,3,60.0,28.709316,77.129745,Rohini,0
70be1b49-9c6d-4d10-b6e6-34b3654f6c16,SHOP_040,BEN_00599,2026-01-11 13:53:27.024274,Sugar,3,60.0,28.673266,77.089259,West Delhi,0
e8d049b0-c04a-48b1-aa88-1c03068cfab5,SHOP_049,BEN_00237,2026-01-11 13:55:07.024274,Oil,2,100.0,28.514677,77.242533,South Delhi,0
817cf83b-e475-4e87-a05c-f57e1e4a7f31,SHOP_013,BEN_01442,2026-01-11 13:57:21.024274,Kerosene,3,75.0,28.689861,77.183213,North Delhi,0
d7cd615f-ee14-43d8-a277-a5d0284c9003,SHOP_026,BEN_01443,2026-01-11 14:02:58.024274,Kerosene,2,50.0,28.645158,77.323228,East Delhi,0
dad87125-5b78-4c0f-93e2-b8cb61fe5c4b,SHOP_024,BEN_02313,2026-01-11 14:04:04.024274,Sugar,2,40.0,28.505958,77.198023,South Delhi,0
9c835200-0a52-4f73-96fb-bbcf3ec593dd,SHOP_022,BEN_01995,2026-01-11 14:14:25.024274,Sugar,2,40.0,28.696907,77.177649,North Delhi,0
6e1aa087-d5a3-440d-a6e4-986b032720aa,SHOP_034,BEN_00571,2026-01-11 14:17:56.024274,Oil,1,50.0,28.586699,77.035213,Dwarka,0
eb5ff411-afe6-4c37-8dba-d616ecc8d16c,SHOP_001,BEN_02156,2026-01-11 14:26:54.024274,Rice,15,45.0,28.563667,77.196744,South Delhi,0
109df002-6f80-4fc3-b41c-f4dcf310cb4b,SHOP_011,BEN_01278,2026-01-11 14:31:38.024274,Kerosene,3,75.0,28.732554,77.205993,North Delhi,0
eef51cc8-9b58-4c4e-8fbe-a4e3fc890f36,SHOP_031,BEN_01008,2026-01-11 14:34:13.024274,Kerosene,2,50.0,28.727982,77.18544,North Delhi,0
74542b57-1c80-434a-af96-5afc773fc791,SHOP_004,BEN_00640,2026-01-11 14:37:08.024274,Sugar,3,60.0,28.709316,77.129745,Rohini,0
8f73fce4-86e2-4909-8aa6-e19442e1e369,SHOP_028,BEN_00429,2026-01-11 14:37:49.024274,Wheat,7,14.0,28.644078,77.187159,Central Delhi,0
18d19adc-9e91-4a28-8cd7-dd5bb77a6310,SHOP_021,BEN_00981,2026-01-11 14:38:36.024274,Oil,2,100.0,28.654216,77.114329,West Delhi,0
5d0854af-476c-4b2b-96db-03cbd66b5296,SHOP_044,BEN_01790,2026-01-11 14:40:59.024274,Oil,1,50.0,28.615898,77.224361,Central Delhi,0
baadbf89-c9a9-4962-a41c-dbd776fd3fcc,SHOP_016,BEN_02084,2026-01-11 14:44:07.024274,Sugar,2,40.0,28.644796,77.107779,West Delhi,0
82136851-81b0-42aa-935a-436896b2b54c,SHOP_024,BEN_01680,2026-01-11 14:46:37.024274,Wheat,8,16.0,28.505958,77.198023,South Delhi,0
bd0b477f-f258-4245-9f3d-6c6ff4b09e9a,SHOP_043,BEN_02418,2026-01-11 14:50:20.024274,Oil,1,50.0,28.561519,77.048283,Dwarka,0
07b8aaa4-3b27-483c-b258-5baea724e96b,SHOP_024,BEN_01297,2026-01-11 14:58:58.024274,Kerosene,1,25.0,28.505958,77.198023,South Delhi,0
046333ee-8f31-483c-97c0-333e8869202f,SHOP_035,BEN_00502,2026-01-11 15:03:02.024274,Rice,12,36.0,28.715607,77.125559,Rohini,0
951bdb2d-f987-491f-ace9-19cd91d3598f,SHOP_018,BEN_01679,2026-01-11 15:04:42.024274,Rice,19,57.0,28.610429,77.188088,Central Delhi,0
11d8c0d3-404a-4152-8995-12f1ac8f291c,SHOP_012,BEN_00646,2026-01-11 15:04:54.024274,Oil,1,50.0,28.618685,77.319017,East Delhi,0
2ab6504a-b776-4f56-b105-b435b0b5e145,SHOP_010,BEN_01526,2026-01-11 15:16:06.024274,Wheat,6,12.0,28.581134,77.064005,Dwarka,0
91003073-828e-4b6f-87bf-e347834f4c88,SHOP_050,BEN_00022,2026-01-11 15:20:02.024274,Sugar,2,40.0,28.560938,77.180795,South Delhi,0
b54c5cc5-6166-4c40-8815-46d21e960308,SHOP_046,BEN_00779,2026-01-11 15:23:23.024274,Oil,2,100.0,28.634402,77.315239,East Delhi,0
6728683d-8539-45bc-9e38-15f9ae5ddea6,SHOP_045,BEN_02065,2026-01-11 15:24:27.024274,Kerosene,2,50.0,28.633767,77.205731,Central Delhi,0
ad466230-bc4d-4b90-b5e6-8a2c88a31728,SHOP_021,BEN_00530,2026-01-11 15:31:30.024274,Kerosene,1,25.0,28.654216,77.114329,West Delhi,0
85f35ecc-b02f-4a5d-9384-644c61da1d2d,SHOP_032,BEN_00412,2026-01-11 15:34:12.024274,Sugar,2,40.0,28.708017,77.126743,Rohini,0
a9b5dada-ec38-4ab2-bc0c-79c58050f2b6,SHOP_048,BEN_01441,2026-01-11 15:36:09.024274,Kerosene,2,50.0,28.596532,77.044874,Dwarka,0
e9b9e905-7fc2-479c-af5f-deccc50ae538,SHOP_036,BEN_02729,2026-01-11 15:38:05.024274,Wheat,19,38.0,28.73997,77.11894,Rohini,0
000fafdc-6757-4b73-aa0f-2facb84a11fb,SHOP_020,BEN_02076,2026-01-11 15:43:54.024274,Oil,2,100.0,28.736478,77.119912,Rohini,0
1c7752db-26b1-4b78-8de6-0fe95e7f677c,SHOP_023,BEN_00772,2026-01-11 15:45:28.024274,Sugar,3,60.0,28.592266,77.310411,East Delhi,0
1509d631-c89d-4a37-b882-4cbe1696e473,SHOP_008,BEN_00009,2026-01-11 15:49:33.024274,Sugar,3,60.0,28.666336,77.103257,West Delhi,0
b1c37d34-da54-415e-9d68-ac994baeb27c,SHOP_050,BEN_02008,2026-01-11 16:00:20.024274,Wheat,7,14.0,28.560938,77.180795,South Delhi,0
0f6e4c72-db3d-48a9-9c4b-afef262d69d4,SHOP_017,BEN_00943,2026-01-11 16:11:08.024274,Wheat,18,36.0,28.722696,77.129286,Rohini,0
20e60527-8304-449e-9eb1-80f0f4972635,SHOP_036,BEN_01952,2026-01-11 16:13:43.024274,Wheat,19,38.0,28.73997,77.11894,Rohini,0
7ab7cb64-8fbb-449f-a4bb-e0567a486a4b,SHOP_038,BEN_00564,2026-01-11 16:20:03.024274,Rice,7,21.0,28.737713,77.199062,North Delhi,0
8d58c411-2d0f-40e9-8021-b1209746ad3f,SHOP_041,BEN_01232,2026-01-11 16:22:26.024274,Wheat,18,36.0,28.676266,77.100986,West Delhi,0
b7fd983d-704d-4a14-89cf-d68fe6f295d4,SHOP_040,BEN_02767,2026-01-11 16:23:29.024274,Sugar,2,40.0,28.673266,77.089259,West Delhi,0
c0ee5926-b73b-468b-9450-597bffebecae,SHOP_011,BEN_02061,2026-01-11 16:26:00.024274,Oil,1,50.0,28.732554,77.205993,North Delhi,0
409ca92f-7fa7-46ab-aaa7-f753a8dfca13,SHOP_039,BEN_01268,2026-01-11 16:26:21.024274,Sugar,2,40.0,28.707365,77.109479,Rohini,0
7cd95b23-3fd4-4999-ac31-fee0d1a9b022,SHOP_030,BEN_01034,2026-01-11 16:27:57.024274,Oil,1,50.0,28.656014,77.071143,West Delhi,0
1ef6d840-9bc1-4681-86da-dc05be809af0,SHOP_029,BEN_02619,2026-01-11 16:29:46.024274,Kerosene,1,25.0,28.583723,77.064561,Dwarka,0
022d538f-02d3-433c-92d8-a58d12ea3a47,SHOP_019,BEN_02769,2026-01-11 16:35:08.024274,Rice,11,33.0,28.631679,77.201199,Central Delhi,0
07f7a38c-a992-4459-84f3-ab815e8f5f40,SHOP_010,BEN_00772,2026-01-11 16:39:50.024274,Wheat,11,22.0,28.581134,77.064005,Dwarka,0
62ac1f15-9551-4df7-b721-5b3a1d7059bc,SHOP_004,BEN_01890,2026-01-11 16:43:48.024274,Wheat,11,22.0,28.709316,77.129745,Rohini,0
ec38ec28-ef3c-49e6-b34b-77f470a892af,SHOP_022,BEN_00143,2026-01-11 16:46:08.024274,Sugar,1,20.0,28.696907,77.177649,North Delhi,0
2f96b54d-a279-47f0-90ca-a452c490babe,SHOP_039,BEN_02408,2026-01-11 16:46:11.024274,Rice,20,60.0,28.707365,77.109479,Rohini,0
c04e5866-dc85-4aaa-95dd-b516d51d91ec,SHOP_018,BEN_00243,2026-01-11 16:51:14.024274,Sugar,2,40.0,28.610429,77.188088,Central Delhi,0
2fa07751-80b9-41a4-a9e4-4609448971df,SHOP_026,BEN_00731,2026-01-11 16:58:20.024274,Rice,17,51.0,28.645158,77.323228,East Delhi,0
f7ed6f66-5aad-47d5-854c-2fb7fa95911b,SHOP_003,BEN_02694,2026-01-11 17:02:41.024274,Oil,1,50.0,28.506364,77.204896,South Delhi,0
6754d3a6-5c73-44db-83d9-1cc7be2a330c,SHOP_036,BEN_02746,2026-01-11 17:11:23.024274,Sugar,3,60.0,28.73997,77.11894,Rohini,0
b04c9460-47e9-4610-ad15-1bb4b6b3ecb7,SHOP_022,BEN_02449,2026-01-11 17:14:30.024274,Rice,12,36.0,28.696907,77.177649,North Delhi,0
4922d8a5-73e8-4dff-bca3-869079f16ed6,SHOP_033,BEN_02704,2026-01-11 17:20:23.024274,Sugar,3,60.0,28.731131,77.204781,North Delhi,0
54b75575-78d8-46a8-97ce-8d6a59fd6a22,SHOP_020,BEN_02261,2026-01-11 17:21:26.024274,Wheat,18,36.0,28.736478,77.119912,Rohini,0
54e21065-4103-4406-8c07-9812c44b70ec,SHOP_015,BEN_00901,2026-01-11 17:32:17.024274,Wheat,16,32.0,28.630112,77.110956,West Delhi,0
ec29d826-0436-4cca-bba9-56ff09de283c,SHOP_021,BEN_02967,2026-01-11 17:33:55.024274,Rice,8,24.0,28.654216,77.114329,West Delhi,0
1fcace58-4889-42e4-8d4b-3c6c88faf32a,SHOP_043,BEN_00435,2026-01-11 17:35:28.024274,Oil,2,100.0,28.561519,77.048283,Dwarka,0
28369e7f-a3c2-4f90-95a0-89fa620a7305,SHOP_004,BEN_01455,2026-01-11 17:41:56.024274,Kerosene,1,25.0,28.709316,77.129745,Rohini,0
dca784ad-e40b-497b-97e8-749db88593fb,SHOP_002,BEN_00321,2026-01-11 17:49:03.024274,Oil,1,50.0,28.648957,77.10634,West Delhi,0
67e2004b-a86e-4c4d-9942-ac0f72c33777,SHOP_011,BEN_00622,2026-01-11 17:49:27.024274,Oil,1,50.0,28.732554,77.205993,North Delhi,0
6e3cb679-6393-47aa-9331-48cc80f43a94,SHOP_007,BEN_01131,2026-01-11 17:52:32.024274,Kerosene,1,25.0,28.520513,77.217525,South Delhi,0
ae00ddd5-2011-4d1d-9bfc-9d642932678e,SHOP_049,BEN_01979,2026-01-11 18:00:27.024274,Kerosene,2,50.0,28.514677,77.242533,South Delhi,0
e106bbec-68e6-422d-9f97-310809836e18,SHOP_033,BEN_02755,2026-01-11 18:07:17.024274,Rice,15,45.0,28.731131,77.204781,North Delhi,0
20da1a54-270d-4649-88e0-ea254d1c8573,SHOP_049,BEN_01573,2026-01-11 18:10:20.024274,Sugar,1,20.0,28.514677,77.242533,South Delhi,0
579c4915-691d-454e-9fc2-ab1ba9796d0d,SHOP_045,BEN_00785,2026-01-11 18:13:52.024274,Sugar,2,40.0,28.633767,77.205731,Central Delhi,0
c6ea6d60-c993-4c2f-9d8b-ad9cc2c87b78,SHOP_027,BEN_00101,2026-01-11 18:30:00.024274,Wheat,19,38.0,28.603311,77.025358,Dwarka,0
8fc394f8-e92f-4673-ac6c-54208f140863,SHOP_007,BEN_01862,2026-01-11 18:34:14.024274,Oil,2,100.0,28.520513,77.217525,South Delhi,0
7437c97c-54ab-49db-aa23-e9983ab8ce7b,SHOP_014,BEN_01672,2026-01-11 18:38:26.024274,Sugar,1,20.0,28.708352,77.106686,Rohini,0
674f90b3-45c6-4489-b312-98e35d86a0fc,SHOP_023,BEN_02308,2026-01-11 18:40:00.024274,Rice,10,30.0,28.592266,77.310411,East Delhi,0
83eff870-624d-4bd0-8caa-4360c1270b49,SHOP_042,BEN_02626,2026-01-11 18:40:36.024274,Sugar,2,40.0,28.598757,77.020815,Dwarka,0
6de9d21e-c05d-48fd-bb21-1b3a04140b79,SHOP_019,BEN_01158,2026-01-11 18:42:03.024274,Sugar,1,20.0,28.631679,77.201199,Central Delhi,0
9f4540a8-098a-4339-8903-7b3fd6c03697,SHOP_042,BEN_00908,2026-01-11 18:43:49.024274,Sugar,2,40.0,28.598757,77.020815,Dwarka,0
a9af2cdc-1573-4bf4-add6-c7253577e348,SHOP_023,BEN_00643,2026-01-11 18:44:34.024274,Rice,11,33.0,28.592266,77.310411,East Delhi,0
b5c88491-4ed7-4b4d-ab64-1e4ef2f04b0e,SHOP_010,BEN_01686,2026-01-11 18:53:07.024274,Kerosene,3,75.0,28.581134,77.064005,Dwarka,0
eccac7cb-523a-4140-8068-13f4667426fc,SHOP_025,BEN_01241,2026-01-11 18:53:12.024274,Wheat,16,32.0,28.624929,77.222474,Central Delhi,0
31007b22-5eef-437a-bcc0-79332afc97b5,SHOP_023,BEN_00932,2026-01-11 18:54:26.024274,Rice,10,30.0,28.592266,77.310411,East Delhi,0
e33c7105-da5d-4281-8644-9cfb61630fc8,SHOP_004,BEN_01396,2026-01-11 18:59:43.024274,Wheat,5,10.0,28.709316,77.129745,Rohini,0
2303aae3-2f12-4b09-a8b8-fcbd11429d79,SHOP_043,BEN_01869,2026-01-11 19:03:08.024274,Oil,2,100.0,28.561519,77.048283,Dwarka,0
8fc51237-0371-46a1-abe7-2573e902fe18,SHOP_032,BEN_00753,2026-01-11 19:09:13.024274,Kerosene,3,75.0,28.708017,77.126743,Rohini,0
53dd29a2-ac44-4925-9eb4-2e6ff80df896,SHOP_023,BEN_02097,2026-01-11 19:15:34.024274,Sugar,3,60.0,28.592266,77.310411,East Delhi,0
88e1b54c-1b96-41ae-a3cb-539e3406b9d6,SHOP_019,BEN_01060,2026-01-11 19:19:04.024274,Kerosene,3,75.0,28.631679,77.201199,Central Delhi,0
9f56be39-c970-42ea-84ba-6d9376d97aea,SHOP_028,BEN_02655,2026-01-11 19:28:02.024274,Sugar,1,20.0,28.644078,77.187159,Central Delhi,0
48dfc9fc-4b95-41c7-821c-e89871c69409,SHOP_027,BEN_01261,2026-01-11 19:41:06.024274,Rice,15,45.0,28.603311,77.025358,Dwarka,0
0c281a49-d785-431a-bc5e-c305efa5ee11,SHOP_033,BEN_00824,2026-01-11 19:47:02.024274,Rice,15,45.0,28.731131,77.204781,North Delhi,0
3d2fb54f-626d-41d8-9c9c-ad05dba6be02,SHOP_013,BEN_02856,2026-01-11 19:47:23.024274,Wheat,10,20.0,28.689861,77.183213,North Delhi,0
d3700108-7c00-4ecd-81ed-92e8e7705639,SHOP_035,BEN_02464,2026-01-11 19:54:44.024274,Rice,16,48.0,28.715607,77.125559,Rohini,0
6b0f51ae-1bc1-48c8-a772-57e27a53e73e,SHOP_022,BEN_01926,2026-01-11 19:57:17.024274,Sugar,1,20.0,28.696907,77.177649,North Delhi,0
d2ffc4bd-10be-47a4-ad80-c962a2162659,SHOP_029,BEN_02927,2026-01-12 02:04:23.024274,Kerosene,1,25.0,28.583723,77.064561,Dwarka,1
fe7f356d-2195-412a-9a17-271af8bee564,SHOP_027,BEN_02374,2026-01-12 08:02:17.024274,Wheat,10,20.0,28.603311,77.025358,Dwarka,0
9e340d7e-c030-459a-941d-ebf044401608,SHOP_048,BEN_01959,2026-01-12 08:02:34.024274,Wheat,8,16.0,28.596532,77.044874,Dwarka,0
2dc14461-6529-4ac4-9963-c69e444aaf58,SHOP_036,BEN_00031,2026-01-12 08:04:43.024274,Oil,1,50.0,28.73997,77.11894,Rohini,0
130d8d68-10ce-45a2-be38-96d52dcec589,SHOP_037,BEN_00995,2026-01-12 08:06:52.024274,Sugar,1,20.0,28.707215,77.215419,North Delhi,0
1fae24c6-ef7b-4022-a799-52a092189820,SHOP_025,BEN_00261,2026-01-12 08:12:37.024274,Wheat,12,24.0,28.624929,77.222474,Central Delhi,0
f39048b4-f403-47da-9e3d-646866d9e7ec,SHOP_008,BEN_00834,2026-01-12 08:19:44.024274,Wheat,15,30.0,28.666336,77.103257,West Delhi,0
e1d85cee-b46a-4143-a9f7-03fc764e8a42,SHOP_026,BEN_01760,2026-01-12 08:22:44.024274,Kerosene,3,75.0,28.645158,77.323228,East Delhi,0
fa309382-f114-4092-9295-4524a4185268,SHOP_023,BEN_01717,2026-01-12 08:25:49.024274,Kerosene,1,25.0,28.592266,77.310411,East Delhi,0
f17152b3-0282-4ee1-ad27-858b3515791b,SHOP_043,BEN_02163,2026-01-12 08:29:54.024274,Sugar,3,60.0,28.561519,77.048283,Dwarka,0
797009c1-5769-4eb2-b71c-71ca85eb7d61,SHOP_028,BEN_00882,2026-01-12 08:35:24.024274,Oil,1,50.0,28.644078,77.187159,Central Delhi,0
f153c29c-ab51-4944-a53a-bf8a1f654814,SHOP_006,BEN_02105,2026-01-12 08:40:01.024274,Kerosene,1,25.0,28.6356,77.229758,Central Delhi,0
37e4fde2-ea86-4ad7-a7e1-3b4dc8f0cf54,SHOP_044,BEN_01094,2026-01-12 08:47:25.024274,Wheat,12,24.0,28.615898,77.224361,Central Delhi,0
f1b09502-8c8b-42c4-90b0-e6463ed5d9df,SHOP_008,BEN_01316,2026-01-12 08:47:38.024274,Sugar,3,60.0,28.666336,77.103257,West Delhi,0
8f29a47a-1b82-4693-8a2e-423f80f07eec,SHOP_030,BEN_01025,2026-01-12 08:57:50.024274,Kerosene,2,50.0,28.656014,77.071143,West Delhi,0
3fd81413-2ed6-4f78-9b43-4a607ec9393e,SHOP_044,BEN_02590,2026-01-12 09:01:32.024274,Oil,2,100.0,28.615898,77.224361,Central Delhi,0
a4e21a42-b007-4880-b507-d56b15281169,SHOP_047,BEN_02708,2026-01-12 09:06:09.024274,Wheat,8,16.0,28.715937,77.10426,Rohini,0
1a22ff59-4832-40f1-a789-040a17fe710d,SHOP_006,BEN_00721,2026-01-12 09:09:14.024274,Kerosene,2,50.0,28.6356,77.229758,Central Delhi,0
ac4bd00d-3348-45b0-91f0-06244d00d5fb,SHOP_010,BEN_01830,2026-01-12 09:09:48.024274,Oil,1,50.0,28.581134,77.064005,Dwarka,0
fcefb0c4-8630-455b-95bf-049204add61a,SHOP_005,BEN_01716,2026-01-12 09:11:23.024274,Rice,19,57.0,28.599771,77.274279,East Delhi,0
da9715ee-8e79-4e0a-b130-780b9650f9bc,SHOP_042,BEN_01037,2026-01-12 09:14:01.024274,Rice,11,33.0,28.598757,77.020815,Dwarka,0
df83b7d7-a0d7-43a3-897c-5721a58fa11d,SHOP_023,BEN_01789,2026-01-12 09:26:47.024274,Sugar,2,40.0,28.592266,77.310411,East Delhi,0
ad9ad18c-c0aa-4f33-b85c-b6fc9db45986,SHOP_041,BEN_01022,2026-01-12 09:28:07.024274,Sugar,1,20.0,28.676266,77.100986,West Delhi,0
8f877d65-fd2c-4572-9e52-8e240143b78e,SHOP_034,BEN_00010,2026-01-12 09:33:16.024274,Kerosene,2,50.0,28.586699,77.035213,Dwarka,0
3e547e2d-5a1c-4cc5-be9b-d1d8794f223e,SHOP_036,BEN_02907,2026-01-12 09:33:31.024274,Kerosene,3,75.0,28.73997,77.11894,Rohini,0
0e37289a-ca5d-49ea-a36d-4ca47d3ffa8e,SHOP_012,BEN_01673,2026-01-12 09:35:30.024274,Sugar,2,40.0,28.618685,77.319017,East Delhi,0
81f45225-8cb8-4115-a962-c4f0bc41b47c,SHOP_049,BEN_02771,2026-01-12 09:40:22.024274,Sugar,2,40.0,28.514677,77.242533,South Delhi,0
249f61ea-5c59-4ee6-9dec-c0f44dc9f87c,SHOP_030,BEN_00265,2026-01-12 09:41:38.024274,Rice,5,15.0,28.656014,77.071143,West Delhi,0
e4538a48-31ae-49d0-b9b5-bdb5de0bbbc6,SHOP_042,BEN_02875,2026-01-12 09:49:03.024274,Kerosene,3,75.0,28.598757,77.020815,Dwarka,0
04a105a2-4e62-46a9-9ba9-0262ea990cc7,SHOP_033,BEN_01555,2026-01-12 09:49:06.024274,Rice,14,42.0,28.731131,77.204781,North Delhi,0
db4861b1-d0d2-4146-a02a-0b5618285b6d,SHOP_049,BEN_02162,2026-01-12 10:00:47.024274,Sugar,1,20.0,28.514677,77.242533,South Delhi,0
fe17d9d4-33ae-40b3-8402-691e5abfbb8f,SHOP_045,BEN_02332,2026-01-12 10:04:40.024274,Kerosene,2,50.0,28.633767,77.205731,Central Delhi,0
ad7bd0ba-25e7-43cc-bf47-5eacf63fc97f,SHOP_042,BEN_00278,2026-01-12 10:10:14.024274,Wheat,14,28.0,28.598757,77.020815,Dwarka,0
2aea6e5d-47d4-4df3-9e0a-74d11dddf232,SHOP_004,BEN_01224,2026-01-12 10:12:32.024274,Kerosene,1,25.0,28.709316,77.129745,Rohini,0
44e4546f-e603-42f9-a2f7-c9f345778934,SHOP_024,BEN_02077,2026-01-12 10:13:45.024274,Oil,1,50.0,28.505958,77.198023,South Delhi,0
3f74bb82-61d7-4e6d-82e4-63be3f912ede,SHOP_018,BEN_00894,2026-01-12 10:16:43.024274,Oil,2,100.0,28.610429,77.188088,Central Delhi,0
30210811-b4d3-47f5-9919-7122a40426ac,SHOP_047,BEN_02909,2026-01-12 10:17:30.024274,Rice,17,51.0,28.715937,77.10426,Rohini,0
75d60559-960a-45ab-862a-4583ea379ad7,SHOP_042,BEN_02166,2026-01-12 10:23:11.024274,Kerosene,1,25.0,28.598757,77.020815,Dwarka,0
345f026c-a28a-49bb-9254-a09de3e0cc54,SHOP_013,BEN_02107,2026-01-12 10:23:46.024274,Wheat,16,32.0,28.689861,77.183213,North Delhi,0
e7fb75a3-6eab-45c9-88c3-a1f95a84f7e2,SHOP_037,BEN_00011,2026-01-12 10:24:23.024274,Oil,1,50.0,28.707215,77.215419,North Delhi,0
e291fb61-6e4d-426b-91b2-52c797fd490e,SHOP_040,BEN_02207,2026-01-12 10:26:30.024274,Wheat,7,14.0,28.673266,77.089259,West Delhi,0
fe7a9bac-f2b6-4032-97fd-3a1e82734bcf,SHOP_007,BEN_02184,2026-01-12 10:28:21.024274,Sugar,3,60.0,28.520513,77.217525,South Delhi,0
be6865d7-9712-4939-8bf3-87086ca28e52,SHOP_010,BEN_02923,2026-01-12 10:30:15.024274,Wheat,5,10.0,28.581134,77.064005,Dwarka,0
7832a24a-b4df-44a3-a2bd-746cac1fcf4a,SHOP_025,BEN_00493,2026-01-12 10:33:09.024274,Wheat,5,10.0,28.624929,77.222474,Central Delhi,0
8b49aab6-2db7-43f6-b826-3c1b297cadbc,SHOP_014,BEN_01499,2026-01-12 10:33:38.024274,Sugar,1,20.0,28.708352,77.106686,Rohini,0
4fd1202d-6e22-445f-b031-ee5553ebb673,SHOP_045,BEN_00784,2026-01-12 10:44:54.024274,Wheat,14,28.0,28.633767,77.205731,Central Delhi,0
f6c9ffe3-3e0e-4845-a260-29a604192f1f,SHOP_037,BEN_01865,2026-01-12 10:45:19.024274,Sugar,2,40.0,28.707215,77.215419,North Delhi,0
6dbfe079-1caf-440a-b025-c92152db065a,SHOP_033,BEN_00987,2026-01-12 10:49:13.024274,Kerosene,2,50.0,28.731131,77.204781,North Delhi,0
1888744c-8ec0-4279-8f54-20e1a1eb80f4,SHOP_037,BEN_02051,2026-01-12 10:54:16.024274,Sugar,1,20.0,28.707215,77.215419,North Delhi,0
868e2dfa-45b6-4405-941a-fd54b559acf4,SHOP_035,BEN_01518,2026-01-12 11:05:34.024274,Wheat,18,36.0,28.715607,77.125559,Rohini,0
a6557b2f-3eaa-4b51-8f17-4385b48ddfea,SHOP_042,BEN_00267,2026-01-12 11:06:39.024274,Rice,8,24.0,28.598757,77.020815,Dwarka,0
8ae87a24-9a11-4e68-a4ac-ef18f9f49482,SHOP_002,BEN_02646,2026-01-12 11:09:35.024274,Wheat,20,40.0,28.648957,77.10634,West Delhi,0
8213f56e-2465-41ca-bae7-e92cb0a5eb5b,SHOP_032,BEN_01926,2026-01-12 11:16:18.024274,Oil,2,100.0,28.708017,77.126743,Rohini,0
5474dfb0-f10d-432f-aa7d-2e67ea9f37c0,SHOP_041,BEN_02782,2026-01-12 11:18:52.024274,Kerosene,2,50.0,28.676266,77.100986,West Delhi,0
a914418e-ef2d-4724-b4ca-6bae9e4223f3,SHOP_022,BEN_00756,2026-01-12 11:31:46.024274,Rice,13,39.0,28.696907,77.177649,North Delhi,0
6e9bf360-1830-404a-838a-b204f284b5a6,SHOP_044,BEN_02754,2026-01-12 11:38:04.024274,Sugar,2,40.0,28.615898,77.224361,Central Delhi,0
79e92279-2e8e-46e0-85cc-439c1d57b324,SHOP_006,BEN_00606,2026-01-12 11:47:35.024274,Sugar,3,60.0,28.6356,77.229758,Central Delhi,0
c0cddbad-e214-4251-b531-9e2f23af98fd,SHOP_015,BEN_02133,2026-01-12 12:02:37.024274,Oil,2,100.0,28.630112,77.110956,West Delhi,0
2196be01-f076-4910-b0fa-2d5ca4bf472f,SHOP_025,BEN_02143,2026-01-12 12:06:32.024274,Oil,2,100.0,28.624929,77.222474,Central Delhi,0
c35d42d2-cf5e-43ab-8af3-cc33bb21b06d,SHOP_023,BEN_01255,2026-01-12 12:08:33.024274,Oil,2,100.0,28.592266,77.310411,East Delhi,0
1fe6b0ef-cfb1-42f4-881d-c90d96dd734f,SHOP_012,BEN_01898,2026-01-12 12:10:47.024274,Wheat,16,32.0,28.618685,77.319017,East Delhi,0
ea1ebbb2-1264-4d9c-acb7-af6bbfbca132,SHOP_014,BEN_00944,2026-01-12 12:18:59.024274,Kerosene,1,25.0,28.708352,77.106686,Rohini,0
aad8a89d-c19b-43eb-90cc-4de4333c33b4,SHOP_050,BEN_02173,2026-01-12 12:19:06.024274,Kerosene,3,75.0,28.560938,77.180795,South Delhi,0
e2c76aeb-00d6-424d-838e-c1c8abd0a8de,SHOP_006,BEN_00306,2026-01-12 12:26:23.024274,Rice,20,60.0,28.6356,77.229758,Central Delhi,0
96aa25a5-a001-46ef-96b3-c5cf02683100,SHOP_002,BEN_02773,2026-01-12 12:27:09.024274,Oil,2,100.0,28.648957,77.10634,West Delhi,0
2ef1d24c-33f2-467b-b03e-d9af6fff7ca7,SHOP_007,BEN_01658,2026-01-12 12:40:48.024274,Sugar,1,20.0,28.520513,77.217525,South Delhi,0
e5721113-fd34-4299-8a4c-b8e975fddb64,SHOP_041,BEN_01680,2026-01-12 12:41:59.024274,Rice,8,24.0,28.676266,77.100986,West Delhi,0
fd136dab-970e-47e2-a695-54666a981be6,SHOP_011,BEN_01446,2026-01-12 12:46:17.024274,Rice,5,15.0,28.732554,77.205993,North Delhi,0
6e06b119-b1ae-4869-82c5-d47b7dab47ac,SHOP_043,BEN_00406,2026-01-12 12:49:15.024274,Rice,16,48.0,28.561519,77.048283,Dwarka,0
a9b5371c-c6fc-40a8-89d9-f18ddde8954e,SHOP_031,BEN_01557,2026-01-12 12:50:45.024274,Rice,17,51.0,28.727982,77.18544,North Delhi,0
a050a676-080d-409f-87a6-f7c55bf2b78d,SHOP_042,BEN_00195,2026-01-12 12:53:15.024274,Wheat,7,14.0,28.598757,77.020815,Dwarka,0
3680070e-a27f-43d4-a3b4-de7384979c4d,SHOP_036,BEN_02845,2026-01-12 13:06:23.024274,Kerosene,1,25.0,28.73997,77.11894,Rohini,0
4c394572-eb32-42fe-a9f5-045f6dbc7139,SHOP_028,BEN_02457,2026-01-12 13:11:32.024274,Oil,2,100.0,28.644078,77.187159,Central Delhi,0
e6393235-fbba-4c9b-b426-21f2914687bd,SHOP_025,BEN_01017,2026-01-12 13:19:56.024274,Kerosene,2,50.0,28.624929,77.222474,Central Delhi,0
adaf498b-4b8f-4e12-ad51-797d8bb5cbd0,SHOP_006,BEN_00514,2026-01-12 13:21:43.024274,Rice,16,48.0,28.6356,77.229758,Central Delhi,0
b0a93237-056f-4f84-a5c9-e6e20ff5b0a6,SHOP_026,BEN_00441,2026-01-12 13:29:17.024274,Oil,2,100.0,28.645158,77.323228,East Delhi,0
584a389d-d5c7-463b-86f2-61d7842415c9,SHOP_041,BEN_01838,2026-01-12 13:33:19.024274,Oil,2,100.0,28.676266,77.100986,West Delhi,0
9b352044-ee78-4668-ac78-e4f796b701e2,SHOP_018,BEN_01079,2026-01-12 13:37:05.024274,Kerosene,2,50.0,28.610429,77.188088,Central Delhi,0
f381545d-27ec-48f8-9fa9-ec46f4b7aec6,SHOP_034,BEN_01260,2026-01-12 13:38:20.024274,Rice,17,51.0,28.586699,77.035213,Dwarka,0
79e75fa9-bc1c-4326-ab6a-c17b827de114,SHOP_025,BEN_02599,2026-01-12 13:39:54.024274,Oil,2,100.0,28.624929,77.222474,Central Delhi,0
68b00f0a-b276-46d7-aa5e-55d2f6a80ae6,SHOP_043,BEN_02355,2026-01-12 13:44:43.024274,Kerosene,1,25.0,28.561519,77.048283,Dwarka,0
f60e17f6-36e1-40a4-b04e-602ca32c8b5d,SHOP_033,BEN_01687,2026-01-12 13:44:58.024274,Kerosene,2,50.0,28.731131,77.204781,North Delhi,0
180405be-eeea-43bd-ad82-20aeeb3a1955,SHOP_004,BEN_02732,2026-01-12 13:56:25.024274,Kerosene,3,75.0,28.709316,77.129745,Rohini,0
9ff944bc-032d-4e33-93e9-d8257274f71c,SHOP_011,BEN_01119,2026-01-12 13:56:43.024274,Wheat,17,34.0,28.732554,77.205993,North Delhi,0
efb2ee77-39a7-4577-941a-3aa1e08bc63c,SHOP_029,BEN_01077,2026-01-12 14:06:34.024274,Wheat,6,12.0,28.583723,77.064561,Dwarka,0
e5a1a2d1-7714-4744-9326-864320d8eb21,SHOP_003,BEN_02389,2026-01-12 14:07:03.024274,Sugar,1,20.0,28.506364,77.204896,South Delhi,0
214b6ca5-1116-4f0b-b0fe-80a23991ec66,SHOP_023,BEN_01932,2026-01-12 14:07:49.024274,Kerosene,2,50.0,28.592266,77.310411,East Delhi,0
2979edd5-831f-4e40-8482-50335a839b76,SHOP_002,BEN_02366,2026-01-12 14:09:27.024274,Rice,5,15.0,28.648957,77.10634,West Delhi,0
c83c059f-c793-4d48-99dd-223702e0b985,SHOP_007,BEN_00681,2026-01-12 14:15:34.024274,Wheat,14,28.0,28.520513,77.217525,South Delhi,0
3d680eb1-3597-4502-9bd5-dd90bde12f85,SHOP_044,BEN_00647,2026-01-12 14:18:49.024274,Kerosene,3,75.0,28.615898,77.224361,Central Delhi,0
3bda8147-b49e-4b26-b04c-47d1af55ea8e,SHOP_023,BEN_02226,2026-01-12 14:24:09.024274,Sugar,2,40.0,28.592266,77.310411,East Delhi,0
44c10055-a18e-4349-9974-70ce92352ef1,SHOP_023,BEN_02083,2026-01-12 14:25:42.024274,Oil,1,50.0,28.592266,77.310411,East Delhi,0
7f1fbbbe-cb49-47e9-a474-d2697e52f725,SHOP_013,BEN_01425,2026-01-12 14:28:47.024274,Sugar,3,60.0,28.689861,77.183213,North Delhi,0
df7e6af6-1c42-458f-aa73-1fc29d566376,SHOP_009,BEN_01154,2026-01-12 14:30:55.024274,Oil,2,100.0,28.633713,77.107844,West Delhi,0
d732f386-21d6-4cf2-acca-b013ed8dd4b8,SHOP_002,BEN_01488,2026-01-12 14:34:33.024274,Sugar,2,40.0,28.648957,77.10634,West Delhi,0
a69223b8-1db1-4078-84c8-044052070110,SHOP_007,BEN_02839,2026-01-12 14:40:52.024274,Sugar,2,40.0,28.520513,77.217525,South Delhi,0
1b6e0762-e85e-441b-a50f-1c178546d64e,SHOP_003,BEN_00113,2026-01-12 14:41:04.024274,Oil,2,100.0,28.506364,77.204896,South Delhi,0
01904726-ff4a-44a3-abea-03f33a7937d4,SHOP_036,BEN_01779,2026-01-12 14:42:03.024274,Kerosene,2,50.0,28.73997,77.11894,Rohini,0
490f7000-4a67-4bf1-b60b-142eca9562c9,SHOP_042,BEN_01122,2026-01-12 14:56:53.024274,Oil,2,100.0,28.598757,77.020815,Dwarka,0
aa01f9a6-78f0-4c8b-a3c9-656b11a2f90d,SHOP_025,BEN_00697,2026-01-12 15:18:51.024274,Wheat,19,38.0,28.624929,77.222474,Central Delhi,0
c9864a21-bf84-4a7a-aa3c-32a992c0a207,SHOP_011,BEN_00546,2026-01-12 15:20:15.024274,Rice,17,51.0,28.732554,77.205993,North Delhi,0
d8781001-d127-4071-a5fb-e02b98490416,SHOP_030,BEN_00159,2026-01-12 15:22:22.024274,Rice,18,54.0,28.656014,77.071143,West Delhi,0
ef35128a-8a2a-4961-98d1-2f10127dd018,SHOP_017,BEN_01508,2026-01-12 15:23:11.024274,Kerosene,1,25.0,28.722696,77.129286,Rohini,0
e5023d1e-fc75-4ee5-8ad3-f9d998906bac,SHOP_004,BEN_02398,2026-01-12 15:27:57.024274,Sugar,2,40.0,28.709316,77.129745,Rohini,0
7a02de4b-4537-40ed-ac1a-3773c0fecc7d,SHOP_019,BEN_02260,2026-01-12 15:35:34.024274,Sugar,3,60.0,28.631679,77.201199,Central Delhi,0
d42d07d3-e427-4ebb-9e0f-830eddf1e42c,SHOP_013,BEN_01153,2026-01-12 15:40:01.024274,Rice,14,42.0,28.689861,77.183213,North Delhi,0
3be9e1d9-56c0-4169-9abf-23540a28bd4d,SHOP_020,BEN_02154,2026-01-12 15:46:03.024274,Sugar,1,20.0,28.736478,77.119912,Rohini,0
2214cec9-04ef-4f91-82e0-1335b4bed03b,SHOP_011,BEN_01277,2026-01-12 15:46:26.024274,Wheat,19,38.0,28.732554,77.205993,North Delhi,0
79d55c0c-6330-48b3-9194-8bdee96f3317,SHOP_010,BEN_02906,2026-01-12 15:46:55.024274,Sugar,1,20.0,28.581134,77.064005,Dwarka,0
f60aa412-d0d8-4029-a3e8-f8ad30f144da,SHOP_020,BEN_02424,2026-01-12 15:58:45.024274,Sugar,1,20.0,28.736478,77.119912,Rohini,0
36861367-c10a-4d6a-8a7c-0143f9fc8029,SHOP_005,BEN_01732,2026-01-12 16:07:56.024274,Sugar,2,40.0,28.599771,77.274279,East Delhi,0
4655aee4-a735-422e-a9e3-d29a1fd4f765,SHOP_012,BEN_01541,2026-01-12 16:12:07.024274,Kerosene,1,25.0,28.618685,77.319017,East Delhi,0
b2f31c1f-4bed-41e9-894a-5614a3983928,SHOP_015,BEN_00934,2026-01-12 16:12:18.024274,Wheat,20,40.0,28.630112,77.110956,West Delhi,0
a136eca2-56ee-4453-9ac2-e3b49097ebe0,SHOP_020,BEN_00745,2026-01-12 16:16:58.024274,Rice,8,24.0,28.736478,77.119912,Rohini,0
bfab56dc-3b1c-400e-9a60-85167d19b7de,SHOP_026,BEN_00627,2026-01-12 16:23:23.024274,Sugar,3,60.0,28.645158,77.323228,East Delhi,0
c9ca2f1f-638d-401a-abdf-662d210abb12,SHOP_005,BEN_01856,2026-01-12 16:24:03.024274,Rice,5,15.0,28.599771,77.274279,East Delhi,0
d68c8434-8e4e-4494-bf41-3d9fc872d794,SHOP_017,BEN_00947,2026-01-12 16:26:52.024274,Sugar,2,40.0,28.722696,77.129286,Rohini,0
6d7b3f7a-295e-4bf1-aac0-3f2c7a40f5ea,SHOP_017,BEN_02739,2026-01-12 16:39:19.024274,Sugar,3,60.0,28.722696,77.129286,Rohini,0
cfc192cc-d7c8-4786-b499-83797b1943ba,SHOP_009,BEN_01275,2026-01-12 16:40:11.024274,Kerosene,3,75.0,28.633713,77.107844,West Delhi,0
03c2ffad-8997-4f36-b0f3-299492e5658f,SHOP_050,BEN_02591,2026-01-12 16:40:58.024274,Kerosene,2,50.0,28.560938,77.180795,South Delhi,0
233d2e04-a382-4702-ac1e-b8d8ebfd1ab4,SHOP_047,BEN_02017,2026-01-12 16:43:12.024274,Oil,1,50.0,28.715937,77.10426,Rohini,0
1ebbcd03-67f1-4fb9-bfc8-f35fc7fb1d13,SHOP_038,BEN_01097,2026-01-12 16:44:31.024274,Wheat,15,30.0,28.737713,77.199062,North Delhi,0
658f23fd-8bd9-4402-8b29-fe45066610f8,SHOP_004,BEN_02879,2026-01-12 16:50:51.024274,Sugar,3,60.0,28.709316,77.129745,Rohini,0
25052cad-8cdd-4e9b-bafa-ec6e78ea2496,SHOP_025,BEN_01178,2026-01-12 16:51:19.024274,Oil,1,50.0,28.624929,77.222474,Central Delhi,0
a1f629a3-9c9c-417c-afcb-e19f4ee24d77,SHOP_004,BEN_00869,2026-01-12 16:56:16.024274,Sugar,2,40.0,28.709316,77.129745,Rohini,0
9ebc1205-6a29-462e-9071-f377cf18a6b6,SHOP_026,BEN_00841,2026-01-12 17:04:30.024274,Kerosene,3,75.0,28.645158,77.323228,East Delhi,0
01c35e42-7c5c-4820-9766-6b93f2e966f0,SHOP_022,BEN_01460,2026-01-12 17:05:14.024274,Kerosene,1,25.0,28.696907,77.177649,North Delhi,0
b3a623e9-65fb-43a7-b16f-a01a5702f167,SHOP_045,BEN_01941,2026-01-12 17:08:09.024274,Rice,16,48.0,28.633767,77.205731,Central Delhi,0
f0a519f9-d9dd-45cb-95dc-1f8fb18f8857,SHOP_047,BEN_02883,2026-01-12 17:09:27.024274,Sugar,3,60.0,28.715937,77.10426,Rohini,0
ce11c603-02bd-4ed8-85cd-772730c0b91d,SHOP_027,BEN_02810,2026-01-12 17:16:12.024274,Wheat,8,16.0,28.603311,77.025358,Dwarka,0
b2753456-7667-4ed0-bdef-03fe866dc6fd,SHOP_010,BEN_02072,2026-01-12 17:16:20.024274,Kerosene,3,75.0,28.581134,77.064005,Dwarka,0
ee2e4f09-8d54-49a9-82f8-4cf5dc46fea8,SHOP_034,BEN_02885,2026-01-12 17:32:02.024274,Oil,1,50.0,28.586699,77.035213,Dwarka,0
07c7ad07-e839-4b05-995a-7d8074b1afae,SHOP_037,BEN_01254,2026-01-12 17:34:39.024274,Oil,2,100.0,28.707215,77.215419,North Delhi,0
54129145-bf03-4842-97c4-31688deff6ed,SHOP_049,BEN_00817,2026-01-12 17:37:44.024274,Kerosene,2,50.0,28.514677,77.242533,South Delhi,0
fe188349-ffef-482c-8f28-98de6d89015d,SHOP_034,BEN_02561,2026-01-12 17:48:06.024274,Wheat,14,28.0,28.586699,77.035213,Dwarka,0
faa713ac-8956-4ef1-ace2-9b9a95d1883b,SHOP_021,BEN_00242,2026-01-12 17:57:03.024274,Oil,2,100.0,28.654216,77.114329,West Delhi,0
d2b8cc2d-3b5d-47af-923b-9502cf25a362,SHOP_034,BEN_00616,2026-01-12 18:00:19.024274,Rice,7,21.0,28.586699,77.035213,Dwarka,0
c97d43a5-d308-43eb-bd06-16a90385a4ab,SHOP_033,BEN_01972,2026-01-12 18:02:06.024274,Wheat,17,34.0,28.731131,77.204781,North Delhi,0
00690209-4c39-493e-b6b7-10b4f2b0635f,SHOP_017,BEN_02671,2026-01-12 18:05:06.024274,Sugar,2,40.0,28.722696,77.129286,Rohini,0
6e855f8b-786b-45d7-8f52-ddb8bd59b6ae,SHOP_031,BEN_00259,2026-01-12 18:14:32.024274,Wheat,13,26.0,28.727982,77.18544,North Delhi,0
ea013ddf-937f-436b-afba-519195cb52e3,SHOP_048,BEN_00663,2026-01-12 18:15:32.024274,Sugar,1,20.0,28.596532,77.044874,Dwarka,0
d3de9633-48aa-4efa-89cc-baa4a2f48c98,SHOP_035,BEN_00045,2026-01-12 18:20:59.024274,Wheat,13,26.0,28.715607,77.125559,Rohini,0
cafbfd19-79c3-48b6-ae55-3163f5071ed6,SHOP_043,BEN_01795,2026-01-12 18:31:48.024274,Wheat,10,20.0,28.561519,77.048283,Dwarka,0
606ad37d-2bea-4aa2-a10b-5b5b4a6181dd,SHOP_035,BEN_02801,2026-01-12 18:32:33.024274,Sugar,1,20.0,28.715607,77.125559,Rohini,0
2a55f2b9-f6ab-4208-9046-6bb632e722a6,SHOP_012,BEN_02672,2026-01-12 18:32:47.024274,Wheat,14,28.0,28.618685,77.319017,East Delhi,0
94c2125e-ee1d-4972-aefa-6ca5a026ec58,SHOP_035,BEN_00370,2026-01-12 18:33:07.024274,Rice,13,39.0,28.715607,77.125559,Rohini,0
c44db56a-ec70-4203-b891-10050e699d9b,SHOP_037,BEN_00732,2026-01-12 18:33:15.024274,Sugar,1,20.0,28.707215,77.215419,North Delhi,0
4561035a-eb84-4ae4-ae29-b94c20a16dde,SHOP_024,BEN_00025,2026-01-12 18:41:09.024274,Rice,6,18.0,28.505958,77.198023,South Delhi,0
0115cede-2abb-48a7-9444-cf343103f96a,SHOP_019,BEN_02488,2026-01-12 18:42:55.024274,Rice,14,42.0,28.631679,77.201199,Central Delhi,0
3b29ac1d-a8cd-4fa5-a9be-7c8daeaea1ee,SHOP_003,BEN_01320,2026-01-12 18:44:23.024274,Sugar,3,60.0,28.506364,77.204896,South Delhi,0
3ed732d4-82eb-4771-b3d0-dd1ed29f9e25,SHOP_009,BEN_00487,2026-01-12 18:47:05.024274,Oil,2,100.0,28.633713,77.107844,West Delhi,0
7e745abb-3c29-44ef-b9de-f73edc68a1d2,SHOP_013,BEN_01186,2026-01-12 18:47:26.024274,Rice,14,42.0,28.689861,77.183213,North Delhi,0
0e96ea11-681f-451a-86b2-ea4de6c90ccc,SHOP_024,BEN_00526,2026-01-12 18:49:44.024274,Sugar,3,60.0,28.505958,77.198023,South Delhi,0
9499c7d9-631d-4b31-bac7-433d80e81877,SHOP_012,BEN_02062,2026-01-12 18:50:03.024274,Rice,14,42.0,28.618685,77.319017,East Delhi,0
874948cb-d286-45e7-b4b3-7e4851a5bda5,SHOP_036,BEN_02094,2026-01-12 18:51:00.024274,Wheat,16,32.0,28.73997,77.11894,Rohini,0
8e5b5471-ae58-4b99-9d17-29c8d670874e,SHOP_017,BEN_01170,2026-01-12 19:00:07.024274,Rice,8,24.0,28.722696,77.129286,Rohini,0
8c1bf285-4f53-4997-b3d1-d614220d32d2,SHOP_030,BEN_01070,2026-01-12 19:12:35.024274,Oil,1,50.0,28.656014,77.071143,West Delhi,0
be37ba69-95c3-4411-ad61-4239cfa440d6,SHOP_046,BEN_02842,2026-01-12 19:13:07.024274,Wheat,19,38.0,28.634402,77.315239,East Delhi,0
3de74d04-9fe4-4f54-9c1d-1dc0e898b98e,SHOP_028,BEN_00527,2026-01-12 19:13:45.024274,Kerosene,3,75.0,28.644078,77.187159,Central Delhi,0
398392fa-2f78-4197-b93e-4f864295446e,SHOP_014,BEN_00490,2026-01-12 19:19:29.024274,Wheat,13,26.0,28.708352,77.106686,Rohini,0
5a92dc82-f9c8-486b-b10f-794167034db7,SHOP_012,BEN_01457,2026-01-12 19:21:46.024274,Wheat,18,36.0,28.618685,77.319017,East Delhi,0
0edacd8c-eccb-46ab-a867-c194942b0085,SHOP_043,BEN_02588,2026-01-12 19:25:01.024274,Rice,11,33.0,28.561519,77.048283,Dwarka,0
0baa0ec7-c1e6-4350-88c3-c9f7670dc84f,SHOP_014,BEN_01854,2026-01-12 19:33:30.024274,Sugar,2,40.0,28.708352,77.106686,Rohini,0
ecb274ec-baed-4488-8b2d-ba2e7ba50357,SHOP_046,BEN_00431,2026-01-12 19:37:17.024274,Wheat,7,14.0,28.634402,77.315239,East Delhi,0
f1e6e157-0598-4c86-88b6-1afbc853c57a,SHOP_018,BEN_02791,2026-01-12 19:37:46.024274,Rice,8,24.0,28.610429,77.188088,Central Delhi,0
2913472e-365b-440f-9489-cd6c37fc32ff,SHOP_033,BEN_02110,2026-01-12 19:40:32.024274,Rice,13,39.0,28.731131,77.204781,North Delhi,0
bbc0608a-ed2b-4c39-bb8f-cc540d0b2ff0,SHOP_041,BEN_02994,2026-01-12 19:43:32.024274,Kerosene,3,75.0,28.676266,77.100986,West Delhi,0
5434456b-6d1c-430a-bb34-6e479a9bbcb5,SHOP_017,BEN_02846,2026-01-12 19:46:45.024274,Wheat,6,12.0,28.722696,77.129286,Rohini,0
a8da4f1d-f1b5-4bcf-b7e7-306c819fe3f4,SHOP_004,BEN_00639,2026-01-12 19:58:21.024274,Wheat,12,24.0,28.709316,77.129745,Rohini,0
c73ad97a-096d-4bad-b647-b983c891417b,SHOP_046,BEN_01144,2026-01-13 08:05:17.024274,Sugar,1,20.0,28.634402,77.315239,East Delhi,0
f1ba845d-5a9d-466c-8782-6dd1876675b5,SHOP_010,BEN_02905,2026-01-13 08:19:54.024274,Oil,1,50.0,28.581134,77.064005,Dwarka,0
46aaa127-2827-4e27-bd54-714de71b1746,SHOP_004,BEN_00483,2026-01-13 08:23:36.024274,Rice,18,54.0,28.709316,77.129745,Rohini,0
1dc640b9-ea8b-463d-a825-90e243ba2dc5,SHOP_011,BEN_00048,2026-01-13 08:25:59.024274,Oil,2,100.0,28.732554,77.205993,North Delhi,0
73b1681d-17e6-40cd-a742-3d93c8cd6442,SHOP_022,BEN_01656,2026-01-13 08:27:33.024274,Kerosene,3,75.0,28.696907,77.177649,North Delhi,0
407a69b9-1522-4d67-8511-2ada9874bfb6,SHOP_050,BEN_01514,2026-01-13 08:31:59.024274,Rice,15,45.0,28.560938,77.180795,South Delhi,0
22eae621-1e77-4b4a-b046-298f49137063,SHOP_014,BEN_01448,2026-01-13 08:33:08.024274,Wheat,8,16.0,28.708352,77.106686,Rohini,0
7efa5383-681a-47b3-b4b3-3d1a4b731add,SHOP_011,BEN_02831,2026-01-13 08:42:21.024274,Sugar,2,40.0,28.732554,77.205993,North Delhi,0
3d6da280-1b40-4135-bd6f-38e9d8ce8328,SHOP_040,BEN_00130,2026-01-13 08:44:09.024274,Sugar,1,20.0,28.673266,77.089259,West Delhi,0
e1b989c5-bedd-4495-9bb3-fc82f45db662,SHOP_006,BEN_02158,2026-01-13 08:51:55.024274,Sugar,1,20.0,28.6356,77.229758,Central Delhi,0
5f58c66a-08f7-4311-af74-6ba73f9d6292,SHOP_042,BEN_01672,2026-01-13 08:55:16.024274,Wheat,8,16.0,28.598757,77.020815,Dwarka,0
5b1205f2-f910-4c44-9e9a-c8ce3f284672,SHOP_040,BEN_01080,2026-01-13 08:55:24.024274,Oil,2,100.0,28.673266,77.089259,West Delhi,0
a4a7619c-4270-40ee-9b77-bc25eb2bf727,SHOP_048,BEN_01056,2026-01-13 09:01:15.024274,Wheat,15,30.0,28.596532,77.044874,Dwarka,0
4ef1ef56-f541-4525-aa7f-f35db2b09200,SHOP_011,BEN_00647,2026-01-13 09:02:54.024274,Wheat,10,20.0,28.732554,77.205993,North Delhi,0
db16f37e-22b6-4ee9-a742-d82a7b657bf5,SHOP_021,BEN_02929,2026-01-13 09:06:15.024274,Rice,19,57.0,28.654216,77.114329,West Delhi,0
34e95d6f-4cbb-41cb-9b6a-036fbaf15712,SHOP_028,BEN_00353,2026-01-13 09:14:31.024274,Oil,2,100.0,28.644078,77.187159,Central Delhi,0
dd331f2e-95e4-457d-ba4c-fe29bf6093fa,SHOP_030,BEN_02344,2026-01-13 09:15:07.024274,Oil,2,100.0,28.656014,77.071143,West Delhi,0
562c6e2b-d52e-4559-b044-387356944b35,SHOP_023,BEN_02083,2026-01-13 09:15:42.024274,Oil,1,50.0,28.592266,77.310411,East Delhi,0
f4a1579b-5da8-4d81-b9e8-eca5120222f4,SHOP_043,BEN_02460,2026-01-13 09:20:27.024274,Wheat,12,24.0,28.561519,77.048283,Dwarka,0
1d2da7eb-7c43-42e8-b33a-efae225cd958,SHOP_034,BEN_01774,2026-01-13 09:31:14.024274,Rice,16,48.0,28.586699,77.035213,Dwarka,0
1cf8af7d-c466-4b79-a266-30fe4c0cd4c5,SHOP_022,BEN_01597,2026-01-13 09:42:06.024274,Rice,8,24.0,28.696907,77.177649,North Delhi,0
885ad3c1-dc74-4920-9856-e66861da11b3,SHOP_017,BEN_00041,2026-01-13 09:43:04.024274,Oil,2,100.0,28.722696,77.129286,Rohini,0
96fe479c-4f3a-459c-b893-1a1b32639cbc,SHOP_009,BEN_00685,2026-01-13 09:52:37.024274,Wheat,19,38.0,28.633713,77.107844,West Delhi,0
b7b78b35-cb61-414f-9a4b-29d63e748aaf,SHOP_030,BEN_02207,2026-01-13 09:55:02.024274,Wheat,6,12.0,28.656014,77.071143,West Delhi,0
ce3f89a6-947b-4836-8384-ce716ff0d5dc,SHOP_044,BEN_00746,2026-01-13 09:55:36.024274,Rice,13,39.0,28.615898,77.224361,Central Delhi,0
fa3e3f1e-6cf4-434e-ac3b-e176da458ad7,SHOP_036,BEN_02007,2026-01-13 10:06:15.024274,Oil,2,100.0,28.73997,77.11894,Rohini,0
9f59b3d5-229c-44ce-9a10-f5d166147850,SHOP_014,BEN_02041,2026-01-13 10:08:32.024274,Sugar,3,60.0,28.708352,77.106686,Rohini,0
5e7aaa9c-d01e-4ced-8b4b-5220ae572edc,SHOP_003,BEN_01038,2026-01-13 10:10:35.024274,Rice,14,42.0,28.506364,77.204896,South Delhi,0
0dc58bd3-6b75-4ba2-99a7-2ac48712c559,SHOP_045,BEN_01195,2026-01-13 10:14:14.024274,Sugar,2,40.0,28.633767,77.205731,Central Delhi,0
7b8621f6-0829-4b7d-8c84-91d6fc79f91e,SHOP_042,BEN_01693,2026-01-13 10:20:27.024274,Wheat,6,12.0,28.598757,77.020815,Dwarka,0
fae7c01b-3141-48e7-a13e-cd2f19fd7cda,SHOP_002,BEN_00866,2026-01-13 10:20:55.024274,Sugar,3,60.0,28.648957,77.10634,West Delhi,0
b9c4e34f-ebbd-42c2-be2b-57be1960df96,SHOP_021,BEN_01335,2026-01-13 10:21:17.024274,Oil,2,100.0,28.654216,77.114329,West Delhi,0
cb5dc221-d3fe-4be5-956e-c584f93fa452,SHOP_018,BEN_01286,2026-01-13 10:27:25.024274,Sugar,1,20.0,28.610429,77.188088,Central Delhi,0
f3ed1db3-d14a-414f-8340-e2a1f8853bb8,SHOP_014,BEN_02147,2026-01-13 10:28:44.024274,Oil,1,50.0,28.708352,77.106686,Rohini,0
717e84c2-3907-4f65-ad88-34d11ffdf997,SHOP_001,BEN_02187,2026-01-13 10:31:45.024274,Kerosene,2,50.0,28.563667,77.196744,South Delhi,0
ac2577ff-f292-4266-83f2-3925ce2e391d,SHOP_023,BEN_02244,2026-01-13 10:33:29.024274,Sugar,1,20.0,28.592266,77.310411,East Delhi,0
b3bc2f7e-585e-4aad-bf46-7ffa0ced1664,SHOP_012,BEN_02230,2026-01-13 10:37:03.024274,Sugar,1,20.0,28.618685,77.319017,East Delhi,0
7714297d-01df-4c83-897c-437d3f001bd4,SHOP_006,BEN_02607,2026-01-13 10:37:24.024274,Rice,7,21.0,28.6356,77.229758,Central Delhi,0
f5e2121b-25e2-4cf8-a8ec-bce8995e96f0,SHOP_025,BEN_00972,2026-01-13 10:42:44.024274,Rice,11,33.0,28.624929,77.222474,Central Delhi,0
af6c97eb-2909-4c3a-b740-7fa51b395860,SHOP_039,BEN_01654,2026-01-13 10:50:57.024274,Sugar,3,60.0,28.707365,77.109479,Rohini,0
04d5cdc7-6d59-4155-8c76-29b248c35925,SHOP_036,BEN_02559,2026-01-13 10:51:14.024274,Rice,11,33.0,28.73997,77.11894,Rohini,0
07ed715a-b319-4cac-bfc0-68fada8f5291,SHOP_039,BEN_02759,2026-01-13 11:01:37.024274,Oil,2,100.0,28.707365,77.109479,Rohini,0
44c990c5-8349-4515-b8da-d73ef50ae9e2,SHOP_041,BEN_00422,2026-01-13 11:02:23.024274,Sugar,2,40.0,28.676266,77.100986,West Delhi,0
c73d6a5a-d79d-41d6-aa17-f50f19845c79,SHOP_024,BEN_02422,2026-01-13 11:05:09.024274,Kerosene,3,75.0,28.505958,77.198023,South Delhi,0
9bb6620d-21ae-4014-86db-e4c0bba62e6d,SHOP_007,BEN_00719,2026-01-13 11:05:33.024274,Sugar,2,40.0,28.520513,77.217525,South Delhi,0
928da547-f98d-4caa-b7a5-530ea7bd28d3,SHOP_007,BEN_01259,2026-01-13 11:14:58.024274,Sugar,3,60.0,28.520513,77.217525,South Delhi,0
93870562-9656-4650-b18c-aaf5e7a64cac,SHOP_023,BEN_01020,2026-01-13 11:19:31.024274,Oil,1,50.0,28.592266,77.310411,East Delhi,0
814810f8-bbbf-47b9-b99e-cd1a92af5c03,SHOP_001,BEN_00478,2026-01-13 11:28:48.024274,Kerosene,1,25.0,28.563667,77.196744,South Delhi,0
45712b2e-0ecb-4f63-b776-dc7a4f44b134,SHOP_001,BEN_01984,2026-01-13 11:31:42.024274,Sugar,3,60.0,28.563667,77.196744,South Delhi,0
1908c873-2e8f-48da-8347-2d68379e72a7,SHOP_017,BEN_01877,2026-01-13 11:33:53.024274,Sugar,2,40.0,28.722696,77.129286,Rohini,0
72eb1f17-426c-471b-8938-899a889f4cab,SHOP_011,BEN_01981,2026-01-13 11:35:28.024274,Wheat,20,40.0,28.732554,77.205993,North Delhi,0
2ea8634c-5676-4cb0-b725-d9e4054c8f08,SHOP_038,BEN_01613,2026-01-13 11:38:00.024274,Oil,1,50.0,28.737713,77.199062,North Delhi,0
6d4df0b4-a778-4fa4-adbc-4fb4262bf6b2,SHOP_025,BEN_02030,2026-01-13 11:46:39.024274,Kerosene,1,25.0,28.624929,77.222474,Central Delhi,0
bfbf5bdc-3d82-45b9-85b8-949c82d52a47,SHOP_005,BEN_01450,2026-01-13 11:49:50.024274,Wheat,13,26.0,28.599771,77.274279,East Delhi,0
365fae55-e047-4a79-bb24-09de02d47d3e,SHOP_023,BEN_01359,2026-01-13 11:50:39.024274,Rice,20,60.0,28.592266,77.310411,East Delhi,0
8dc6a94b-381e-407a-8ece-518cc681ef15,SHOP_027,BEN_01239,2026-01-13 11:53:12.024274,Rice,8,24.0,28.603311,77.025358,Dwarka,0
884bfce9-11e7-45f7-b135-ff34cd84f59a,SHOP_003,BEN_01356,2026-01-13 12:00:38.024274,Kerosene,2,50.0,28.506364,77.204896,South Delhi,0
fc9d6e1a-6af5-4ca9-ad93-8babb91333bb,SHOP_041,BEN_01711,2026-01-13 12:02:13.024274,Kerosene,2,50.0,28.676266,77.100986,West Delhi,0
58ffa2be-db04-4e82-b61d-5bf1e2c05d6c,SHOP_035,BEN_01791,2026-01-13 12:02:22.024274,Rice,15,45.0,28.715607,77.125559,Rohini,0
b9ed9c58-1174-43fe-9007-b27df68ca22c,SHOP_023,BEN_00107,2026-01-13 12:07:36.024274,Rice,14,42.0,28.592266,77.310411,East Delhi,0
e3f1bd47-56d1-4e92-8983-29ace01e9acb,SHOP_003,BEN_01746,2026-01-13 12:19:13.024274,Rice,15,45.0,28.506364,77.204896,South Delhi,0
7940d0fb-f68f-47a3-be38-67c91819091c,SHOP_003,BEN_01526,2026-01-13 12:25:25.024274,Oil,2,100.0,28.506364,77.204896,South Delhi,0
6cd96e94-79ed-41e9-a7c0-102a8b84bcb2,SHOP_006,BEN_00051,2026-01-13 12:25:39.024274,Sugar,2,40.0,28.6356,77.229758,Central Delhi,0
e8844abc-663f-45f0-86ff-6a6cc8c8e0cc,SHOP_040,BEN_02815,2026-01-13 12:33:25.024274,Wheat,10,20.0,28.673266,77.089259,West Delhi,0
91af1313-966f-43f7-95bb-8915140ba055,SHOP_017,BEN_02456,2026-01-13 12:50:45.024274,Sugar,2,40.0,28.722696,77.129286,Rohini,0
300ca390-8582-47d5-b612-fa63da3b3d61,SHOP_030,BEN_00102,2026-01-13 12:52:19.024274,Sugar,1,20.0,28.656014,77.071143,West Delhi,0
e0a07b38-9d18-42e9-9dcb-7ba5caa5620e,SHOP_027,BEN_01741,2026-01-13 12:59:22.024274,Sugar,3,60.0,28.603311,77.025358,Dwarka,0
c4ec4f34-082c-4cdf-af34-780617d54c1d,SHOP_018,BEN_00553,2026-01-13 13:09:02.024274,Kerosene,2,50.0,28.610429,77.188088,Central Delhi,0
c2573730-68f5-4fc1-85d4-dcf02fe6ea77,SHOP_031,BEN_00237,2026-01-13 13:10:14.024274,Oil,2,100.0,28.727982,77.18544,North Delhi,0
56ee2035-92d1-4acb-a4f3-22dd4f2a1a4a,SHOP_020,BEN_00316,2026-01-13 13:11:01.024274,Wheat,9,18.0,28.736478,77.119912,Rohini,0
888f2801-6ecf-45fb-8501-9477123983a8,SHOP_044,BEN_02887,2026-01-13 13:14:48.024274,Rice,12,36.0,28.615898,77.224361,Central Delhi,0
e57728b0-7b25-4816-9ef5-4dcdf0d8b461,SHOP_007,BEN_02686,2026-01-13 13:16:31.024274,Oil,1,50.0,28.520513,77.217525,South Delhi,0
e031e662-8080-4195-81b3-a46538912729,SHOP_050,BEN_01527,2026-01-13 13:21:18.024274,Oil,1,50.0,28.560938,77.180795,South Delhi,0
3de4b46f-9943-4ec0-91f5-2c7a038a6764,SHOP_002,BEN_00953,2026-01-13 13:25:31.024274,Rice,12,36.0,28.648957,77.10634,West Delhi,0
9cdfbf94-a7c3-4883-8106-e2a150473967,SHOP_017,BEN_01270,2026-01-13 13:45:04.024274,Sugar,1,20.0,28.722696,77.129286,Rohini,0
3ee99430-bb45-42a8-a2e0-824ab98dfb7c,SHOP_030,BEN_02257,2026-01-13 13:53:02.024274,Rice,12,36.0,28.656014,77.071143,West Delhi,0
ebf51841-dd9c-4c90-a212-733ca5bbdc7c,SHOP_034,BEN_02168,2026-01-13 13:57:29.024274,Wheat,14,28.0,28.586699,77.035213,Dwarka,0
9f7c2999-b45f-4d85-a5b8-2e5031abd12f,SHOP_039,BEN_01040,2026-01-13 14:05:13.024274,Wheat,18,36.0,28.707365,77.109479,Rohini,0
8fe31ac8-f36a-4849-9129-e583289d7cba,SHOP_040,BEN_02200,2026-01-13 14:05:32.024274,Sugar,3,60.0,28.673266,77.089259,West Delhi,0
7ccb04b1-9b11-4dc8-9fd9-2e15400ac1a6,SHOP_006,BEN_02256,2026-01-13 14:09:49.024274,Wheat,11,22.0,28.6356,77.229758,Central Delhi,0
4ed678fb-77c3-432b-a26f-0ff58402c261,SHOP_026,BEN_02519,2026-01-13 14:17:24.024274,Sugar,3,60.0,28.645158,77.323228,East Delhi,0
81535f18-ed34-404b-94f2-7dee9c84073a,SHOP_047,BEN_00302,2026-01-13 14:20:48.024274,Sugar,1,20.0,28.715937,77.10426,Rohini,0
46486cc2-0591-48d6-953b-76986e0dd351,SHOP_032,BEN_01953,2026-01-13 14:21:43.024274,Kerosene,1,25.0,28.708017,77.126743,Rohini,0
95a34a42-dae3-4b6c-b37a-074b2f28e219,SHOP_002,BEN_01881,2026-01-13 14:28:16.024274,Kerosene,1,25.0,28.648957,77.10634,West Delhi,0
2461a7b3-9edc-407c-88d5-98c676f1ca86,SHOP_039,BEN_02356,2026-01-13 14:33:33.024274,Sugar,2,40.0,28.707365,77.109479,Rohini,0
c109b9a7-3ce0-4398-be65-a3b8ffae8ac7,SHOP_026,BEN_01513,2026-01-13 14:37:18.024274,Sugar,2,40.0,28.645158,77.323228,East Delhi,0
95745c4b-c9b3-4dee-a10b-a2650e0e6d77,SHOP_013,BEN_00549,2026-01-13 14:37:31.024274,Sugar,2,40.0,28.689861,77.183213,North Delhi,0
ad208e32-5075-4386-bf70-7e8d3247dca4,SHOP_001,BEN_01917,2026-01-13 14:37:47.024274,Oil,2,100.0,28.563667,77.196744,South Delhi,0
4fa93ada-fc2c-4074-9d3d-ab7ce64e16d5,SHOP_022,BEN_02440,2026-01-13 14:40:15.024274,Wheat,7,14.0,28.696907,77.177649,North Delhi,0
0de2a601-ef0e-4622-ad47-86f0a1a7e39e,SHOP_035,BEN_02989,2026-01-13 14:40:58.024274,Wheat,7,14.0,28.715607,77.125559,Rohini,0
f64c67aa-d233-47b0-a670-8354bbd08aa8,SHOP_007,BEN_02045,2026-01-13 14:44:55.024274,Kerosene,1,25.0,28.520513,77.217525,South Delhi,0
1268ba78-ee45-43be-9580-70f3158a7348,SHOP_020,BEN_01927,2026-01-13 14:46:00.024274,Oil,2,100.0,28.736478,77.119912,Rohini,0
9104f2d9-279b-4e2e-ae5a-90d67a9c1fea,SHOP_047,BEN_02741,2026-01-13 14:46:08.024274,Kerosene,1,25.0,28.715937,77.10426,Rohini,0
5b53c90c-a525-440d-8259-b33484724a1e,SHOP_022,BEN_00391,2026-01-13 14:46:13.024274,Rice,16,48.0,28.696907,77.177649,North Delhi,0
59f95639-ff74-4bf9-a014-37ca4d8b3dbe,SHOP_028,BEN_00701,2026-01-13 14:49:00.024274,Kerosene,1,25.0,28.644078,77.187159,Central Delhi,0
38262574-eb7f-47bf-a8c8-4be41ddadd7a,SHOP_001,BEN_00492,2026-01-13 14:56:56.024274,Sugar,2,40.0,28.563667,77.196744,South Delhi,0
bb42ca48-7b9d-4e09-b68a-095834325351,SHOP_005,BEN_01128,2026-01-13 14:58:16.024274,Sugar,2,40.0,28.599771,77.274279,East Delhi,0
98a280d2-e055-4469-afa3-d7314f351802,SHOP_009,BEN_02336,2026-01-13 14:58:41.024274,Sugar,1,20.0,28.633713,77.107844,West Delhi,0
0b7edf4a-52ba-4afc-9029-e18b9f5e5f20,SHOP_050,BEN_01993,2026-01-13 15:05:53.024274,Oil,1,50.0,28.560938,77.180795,South Delhi,0
764744c6-1c5e-4b56-a4d4-801c20972e1e,SHOP_042,BEN_01675,2026-01-13 15:10:37.024274,Rice,15,45.0,28.598757,77.020815,Dwarka,0
83850864-f999-4aa7-bd64-a46b1bc07cd2,SHOP_037,BEN_02797,2026-01-13 15:18:42.024274,Sugar,3,60.0,28.707215,77.215419,North Delhi,0
c00a3bd4-42e4-463f-9eb4-23ffda7b88f5,SHOP_003,BEN_02137,2026-01-13 15:26:31.024274,Kerosene,2,50.0,28.506364,77.204896,South Delhi,0
11beeff1-76f8-4809-beac-d46193254120,SHOP_033,BEN_01590,2026-01-13 15:27:18.024274,Sugar,2,40.0,28.731131,77.204781,North Delhi,0
fed978cd-e4db-49ee-8ffe-25d3b117159d,SHOP_020,BEN_02418,2026-01-13 15:28:51.024274,Rice,19,57.0,28.736478,77.119912,Rohini,0
2e182c79-1450-442c-9614-ddb7bcb0ef0c,SHOP_005,BEN_00739,2026-01-13 15:30:18.024274,Oil,1,50.0,28.599771,77.274279,East Delhi,0
e615fb11-d9aa-4348-8368-3369bf08cd6d,SHOP_009,BEN_02940,2026-01-13 15:37:46.024274,Oil,2,100.0,28.633713,77.107844,West Delhi,0
b2d7f9c1-d208-4020-82ec-7c77edd7ef09,SHOP_033,BEN_01032,2026-01-13 15:40:21.024274,Rice,17,51.0,28.731131,77.204781,North Delhi,0
e5ee1c17-a1ba-4ae8-91a6-2b3428419e54,SHOP_032,BEN_01872,2026-01-13 15:43:11.024274,Oil,1,50.0,28.708017,77.126743,Rohini,0
61744f83-9621-4716-bd5c-df282dcbea33,SHOP_029,BEN_02154,2026-01-13 15:51:09.024274,Rice,12,36.0,28.583723,77.064561,Dwarka,0
6fe0c6ea-3f6d-461f-9134-20a51e0dc3c0,SHOP_021,BEN_00777,2026-01-13 15:57:26.024274,Sugar,3,60.0,28.654216,77.114329,West Delhi,0
13ca1a19-11bd-4c98-a5e8-fd8125804a82,SHOP_047,BEN_01496,2026-01-13 16:15:47.024274,Rice,15,45.0,28.715937,77.10426,Rohini,0
156abb6f-d153-4117-b3e7-a1d74d558186,SHOP_008,BEN_01841,2026-01-13 16:26:42.024274,Oil,2,100.0,28.666336,77.103257,West Delhi,0
89748bfa-3ee7-4c0d-9d21-26d207b28582,SHOP_048,BEN_02402,2026-01-13 16:28:14.024274,Wheat,13,26.0,28.596532,77.044874,Dwarka,0
410edc2f-88ba-4979-9105-808ad67e9bc5,SHOP_020,BEN_01419,2026-01-13 16:32:02.024274,Sugar,1,20.0,28.736478,77.119912,Rohini,0
580a865f-104c-4ce8-b6e8-3de4f9483a9e,SHOP_049,BEN_00951,2026-01-13 16:32:33.024274,Rice,13,39.0,28.514677,77.242533,South Delhi,0
654293d0-b198-4cd3-ac55-d12b9259086b,SHOP_017,BEN_00303,2026-01-13 16:35:48.024274,Wheat,19,38.0,28.722696,77.129286,Rohini,0
401dba0c-728b-45cd-b362-5bab5935340c,SHOP_006,BEN_00001,2026-01-13 16:55:35.024274,Rice,8,24.0,28.6356,77.229758,Central Delhi,0
c8d93df9-9104-489f-aca3-d3074cc816cb,SHOP_023,BEN_00223,2026-01-13 17:03:08.024274,Oil,2,100.0,28.592266,77.310411,East Delhi,0
0a4a0d1d-ce77-4a69-9dc1-cd6a208bab28,SHOP_010,BEN_02614,2026-01-13 17:13:39.024274,Oil,2,100.0,28.581134,77.064005,Dwarka,0
2c34ecfa-3a9a-4b07-8faa-c8bc34f5a053,SHOP_035,BEN_00361,2026-01-13 17:18:23.024274,Kerosene,2,50.0,28.715607,77.125559,Rohini,0
d9a45756-d9b1-47c7-bce5-2a38a90d8128,SHOP_007,BEN_00019,2026-01-13 17:19:35.024274,Rice,12,36.0,28.520513,77.217525,South Delhi,0
606f9bac-60b7-47b6-8d11-63bb4f31f4e3,SHOP_042,BEN_00985,2026-01-13 17:27:10.024274,Wheat,20,40.0,28.598757,77.020815,Dwarka,0
20657f27-3def-4074-880b-a727324a9994,SHOP_050,BEN_01078,2026-01-13 17:38:59.024274,Rice,6,18.0,28.560938,77.180795,South Delhi,0
f3c9b17c-c5dd-4edb-aade-5f2266ae9a90,SHOP_014,BEN_02853,2026-01-13 17:42:12.024274,Oil,2,100.0,28.708352,77.106686,Rohini,0
29751511-acf9-4f88-8837-0ae1cccd59aa,SHOP_041,BEN_02208,2026-01-13 17:50:10.024274,Rice,7,21.0,28.676266,77.100986,West Delhi,0
931b41dd-4865-481f-8ca1-72f5209e62e3,SHOP_030,BEN_01024,2026-01-13 17:52:38.024274,Rice,5,15.0,28.656014,77.071143,West Delhi,0
bc34d500-7c2a-43a1-b4c0-175e8d092844,SHOP_031,BEN_02177,2026-01-13 17:53:17.024274,Wheat,12,24.0,28.727982,77.18544,North Delhi,0
74e77336-5b4e-462c-8ff8-89cb859c142b,SHOP_026,BEN_02126,2026-01-13 17:54:20.024274,Wheat,20,40.0,28.645158,77.323228,East Delhi,0
a5628d54-91e3-452a-a140-5a698bccedf7,SHOP_037,BEN_00791,2026-01-13 17:59:15.024274,Rice,7,21.0,28.707215,77.215419,North Delhi,0
35bee2ce-e4da-4be3-83ab-1c700eae6b49,SHOP_008,BEN_02709,2026-01-13 18:04:29.024274,Rice,9,27.0,28.666336,77.103257,West Delhi,0
6e6b8b92-50a0-4521-bd0c-48569223f35e,SHOP_004,BEN_01366,2026-01-13 18:06:11.024274,Wheat,9,18.0,28.709316,77.129745,Rohini,0
8d4f0dc1-3c2b-422b-9861-c0fe640cd1ff,SHOP_017,BEN_02988,2026-01-13 18:13:59.024274,Sugar,3,60.0,28.722696,77.129286,Rohini,0
b7afcf33-a863-476e-b8c7-241acb01dee1,SHOP_015,BEN_01906,2026-01-13 18:16:11.024274,Wheat,10,20.0,28.630112,77.110956,West Delhi,0
e4c0fba0-a786-4aeb-9485-318a42bf9d2f,SHOP_033,BEN_01788,2026-01-13 18:20:50.024274,Sugar,2,40.0,28.731131,77.204781,North Delhi,0
38f738eb-4071-423e-a20c-18a936e6454e,SHOP_029,BEN_01013,2026-01-13 18:39:32.024274,Rice,9,27.0,28.583723,77.064561,Dwarka,0
7abbb9a6-3c71-42d0-adda-0d260a5cd652,SHOP_048,BEN_01651,2026-01-13 18:45:20.024274,Sugar,1,20.0,28.596532,77.044874,Dwarka,0
ec0f34d5-2697-4b73-847e-cbcfe0e1d559,SHOP_015,BEN_02212,2026-01-13 18:46:57.024274,Oil,2,100.0,28.630112,77.110956,West Delhi,0
ed632e47-4c82-4650-81da-a0e2011b7fda,SHOP_025,BEN_00511,2026-01-13 18:51:07.024274,Oil,2,100.0,28.624929,77.222474,Central Delhi,0
9f91e91a-a8ae-4fbf-8d4f-cd87d5a33b34,SHOP_040,BEN_00815,2026-01-13 18:55:36.024274,Kerosene,2,50.0,28.673266,77.089259,West Delhi,0
0692026d-be8d-41cb-8da9-cf7293b89a91,SHOP_021,BEN_02778,2026-01-13 18:56:15.024274,Wheat,17,34.0,28.654216,77.114329,West Delhi,0
300df25f-61d3-4f8a-a399-cff113d9f456,SHOP_050,BEN_02778,2026-01-13 19:04:07.024274,Oil,1,50.0,28.560938,77.180795,South Delhi,0
085031cd-09e9-43a0-bc81-00d0f024b767,SHOP_019,BEN_00262,2026-01-13 19:05:16.024274,Wheat,10,20.0,28.631679,77.201199,Central Delhi,0
4a273bd2-4412-4003-831b-53eb7f9e48d2,SHOP_014,BEN_01929,2026-01-13 19:09:45.024274,Oil,2,100.0,28.708352,77.106686,Rohini,0
2981e2b9-1c1f-4a88-9661-bf983621a549,SHOP_026,BEN_02957,2026-01-13 19:12:44.024274,Wheat,8,16.0,28.645158,77.323228,East Delhi,0
4aa1cd20-70a2-4575-9b73-64944516c4c7,SHOP_026,BEN_02071,2026-01-13 19:16:23.024274,Kerosene,3,75.0,28.645158,77.323228,East Delhi,0
4f0fa461-458c-4b2e-88fb-3e4e60878a51,SHOP_013,BEN_00629,2026-01-13 19:19:58.024274,Kerosene,3,75.0,28.689861,77.183213,North Delhi,0
5693f4c1-d746-4ab9-a630-616405d51a50,SHOP_015,BEN_02212,2026-01-13 19:22:51.024274,Wheat,13,26.0,28.630112,77.110956,West Delhi,0
73a8e4db-6d23-4de7-95fe-6026ac90c3a8,SHOP_036,BEN_00764,2026-01-13 19:25:16.024274,Sugar,2,40.0,28.73997,77.11894,Rohini,0
9fb57c49-9bee-48d4-b008-41420b2f8ab8,SHOP_032,BEN_01099,2026-01-13 19:32:06.024274,Oil,2,100.0,28.708017,77.126743,Rohini,0
3c161263-0ce1-42f7-9bf2-6a0441473f4c,SHOP_050,BEN_02912,2026-01-13 19:34:01.024274,Kerosene,1,25.0,28.560938,77.180795,South Delhi,0
74b9ccdf-a18d-4ef4-bb47-61d473c08190,SHOP_043,BEN_00859,2026-01-13 19:34:41.024274,Sugar,3,60.0,28.561519,77.048283,Dwarka,0
a30397d3-afa1-4978-a4a3-699fdeff0b31,SHOP_010,BEN_02754,2026-01-13 19:49:52.024274,Oil,1,50.0,28.581134,77.064005,Dwarka,0
321068ce-bc9b-4146-ae28-e0775b467d64,SHOP_047,BEN_02306,2026-01-13 19:55:24.024274,Sugar,2,40.0,28.715937,77.10426,Rohini,0
b162e8df-4b4d-416f-9d5f-32331b17d602,SHOP_037,BEN_01820,2026-01-13 19:55:53.024274,Rice,19,57.0,28.707215,77.215419,North Delhi,0
8076539f-d5b2-4fc9-a337-55534255095e,SHOP_032,BEN_02145,2026-01-14 02:42:59.024274,Oil,2,100.0,28.708017,77.126743,Rohini,1
2ce60f2e-88e8-4da9-8c0b-57f92031a61e,SHOP_011,BEN_00253,2026-01-14 08:06:59.024274,Kerosene,2,50.0,28.732554,77.205993,North Delhi,0
d5fa0ed3-f23a-4b99-a8b1-8230f9d4a572,SHOP_022,BEN_01744,2026-01-14 08:13:20.024274,Sugar,2,40.0,28.696907,77.177649,North Delhi,0
3f5629ba-a21e-4bf1-a923-831c73ab1c8b,SHOP_007,BEN_02204,2026-01-14 08:13:42.024274,Kerosene,1,25.0,28.520513,77.217525,South Delhi,0
be1285bc-706b-4bd6-a7bb-567fc4766af2,SHOP_048,BEN_01461,2026-01-14 08:21:05.024274,Wheat,14,28.0,28.596532,77.044874,Dwarka,0
a61cd200-2525-4a51-a91e-f23b418c3fcc,SHOP_005,BEN_02059,2026-01-14 08:21:17.024274,Rice,13,39.0,28.599771,77.274279,East Delhi,0
d92728d1-9738-49ca-b364-9afeedafb73c,SHOP_047,BEN_00471,2026-01-14 08:26:01.024274,Oil,1,50.0,28.715937,77.10426,Rohini,0
ad0ce6e9-90a5-40eb-a4d3-363d6eed5661,SHOP_022,BEN_01793,2026-01-14 08:28:05.024274,Rice,5,15.0,28.696907,77.177649,North Delhi,0
d5ab07c8-9d2b-421a-98c5-11b2dfaba7e4,SHOP_019,BEN_02443,2026-01-14 08:32:26.024274,Rice,5,15.0,28.631679,77.201199,Central Delhi,0
df2427de-cae2-494f-86e4-d850fbef42a8,SHOP_004,BEN_01112,2026-01-14 08:35:11.024274,Rice,13,39.0,28.709316,77.129745,Rohini,0
81f6cfec-0745-4f13-b007-e7e140283ee9,SHOP_031,BEN_02696,2026-01-14 08:41:57.024274,Wheat,5,10.0,28.727982,77.18544,North Delhi,0
a65760ba-b72a-4969-901e-9231f27345d6,SHOP_002,BEN_01935,2026-01-14 08:48:46.024274,Rice,16,48.0,28.648957,77.10634,West Delhi,0
44e345af-92da-4b66-a025-4f0cbf374f1d,SHOP_018,BEN_02141,2026-01-14 08:54:57.024274,Rice,16,48.0,28.610429,77.188088,Central Delhi,0
bc716a3e-db91-4a7c-9471-39b6ad64be95,SHOP_050,BEN_01536,2026-01-14 08:55:36.024274,Oil,2,100.0,28.560938,77.180795,South Delhi,0
0066867e-e592-41df-9cc5-42f14365474c,SHOP_049,BEN_02292,2026-01-14 08:55:57.024274,Oil,1,50.0,28.514677,77.242533,South Delhi,0
9181504b-a5d1-4768-a4ce-99191e2c5da8,SHOP_035,BEN_02520,2026-01-14 09:03:23.024274,Rice,11,33.0,28.715607,77.125559,Rohini,0
17508e35-80a5-447b-bfa8-cf280b12a77b,SHOP_003,BEN_00485,2026-01-14 09:04:25.024274,Wheat,14,28.0,28.506364,77.204896,South Delhi,0
90931c5a-af01-41d4-900f-4f7b97265aed,SHOP_008,BEN_00462,2026-01-14 09:11:05.024274,Wheat,9,18.0,28.666336,77.103257,West Delhi,0
e24e8445-cc23-476e-9842-48e1921b0657,SHOP_026,BEN_00837,2026-01-14 09:12:48.024274,Kerosene,2,50.0,28.645158,77.323228,East Delhi,0
c7d47f87-2a33-40f4-8365-f6bcc1efa5cd,SHOP_025,BEN_02368,2026-01-14 09:13:33.024274,Wheat,20,40.0,28.624929,77.222474,Central Delhi,0
6d6c634c-83d0-4576-90d6-c5d440e57864,SHOP_030,BEN_02976,2026-01-14 09:16:25.024274,Kerosene,1,25.0,28.656014,77.071143,West Delhi,0
d58b5968-fcd2-4323-b825-fd1e48526b08,SHOP_008,BEN_02583,2026-01-14 09:18:01.024274,Kerosene,3,75.0,28.666336,77.103257,West Delhi,0
3db25b77-d29d-41aa-851e-5988a8f375b4,SHOP_010,BEN_01129,2026-01-14 09:18:54.024274,Rice,12,36.0,28.581134,77.064005,Dwarka,0
613adbee-8fa7-41e9-96ad-247c7d1aad97,SHOP_049,BEN_00328,2026-01-14 09:35:11.024274,Sugar,2,40.0,28.514677,77.242533,South Delhi,0
741d7d58-dfc9-40ed-be41-be8bf12898c3,SHOP_002,BEN_01312,2026-01-14 09:50:48.024274,Sugar,1,20.0,28.648957,77.10634,West Delhi,0
202517c8-4440-418a-b6ff-a4c16a8c38e3,SHOP_031,BEN_01321,2026-01-14 09:52:36.024274,Sugar,1,20.0,28.727982,77.18544,North Delhi,0
b53343fb-866a-4131-ab74-ad02e7998b52,SHOP_009,BEN_01965,2026-01-14 09:54:06.024274,Wheat,10,20.0,28.633713,77.107844,West Delhi,0
b4806152-b796-448b-b99a-c5ba470c10dc,SHOP_035,BEN_02190,2026-01-14 09:54:09.024274,Rice,11,33.0,28.715607,77.125559,Rohini,0
dadb765a-4137-4340-8daf-8f511213845e,SHOP_022,BEN_02875,2026-01-14 09:55:11.024274,Oil,2,100.0,28.696907,77.177649,North Delhi,0
0d3413ac-91f2-4fb8-85f5-7262f9e74598,SHOP_025,BEN_01081,2026-01-14 09:59:03.024274,Wheat,8,16.0,28.624929,77.222474,Central Delhi,0
3e2b10df-0e80-4012-8865-34d8a6bfd201,SHOP_050,BEN_01821,2026-01-14 10:12:39.024274,Wheat,12,24.0,28.560938,77.180795,South Delhi,0
b1c74363-f4f0-4633-aa73-bb40021cdf8e,SHOP_004,BEN_01152,2026-01-14 10:13:13.024274,Wheat,14,28.0,28.709316,77.129745,Rohini,0
30127fee-e352-41c0-8523-baf12db1cc5b,SHOP_026,BEN_01939,2026-01-14 10:16:28.024274,Sugar,3,60.0,28.645158,77.323228,East Delhi,0
816ca6a3-479e-4517-bf1f-d2b3dd4bc6e2,SHOP_050,BEN_02748,2026-01-14 10:22:31.024274,Sugar,3,60.0,28.560938,77.180795,South Delhi,0
ec17d28c-2797-4697-a4c1-09dfb579a81a,SHOP_044,BEN_02828,2026-01-14 10:23:52.024274,Rice,19,57.0,28.615898,77.224361,Central Delhi,0
c6a72f40-f6f4-42ab-9fbd-913e2d0faf2d,SHOP_046,BEN_02392,2026-01-14 10:24:57.024274,Sugar,1,20.0,28.634402,77.315239,East Delhi,0
603f995d-df50-4e4d-8828-2c314eae208b,SHOP_032,BEN_01380,2026-01-14 10:33:43.024274,Oil,2,100.0,28.708017,77.126743,Rohini,0
14791d38-a4a7-4061-9803-9e2e747a847f,SHOP_041,BEN_02087,2026-01-14 10:34:25.024274,Oil,1,50.0,28.676266,77.100986,West Delhi,0
1ed35288-d989-456c-b339-2aae760bc124,SHOP_037,BEN_00705,2026-01-14 10:35:44.024274,Wheat,5,10.0,28.707215,77.215419,North Delhi,0
0651a48d-48d8-422a-8a44-9cf2055c2c94,SHOP_016,BEN_01393,2026-01-14 10:35:57.024274,Kerosene,1,25.0,28.644796,77.107779,West Delhi,0
bc99c6d2-7c8a-416f-ba64-bc09764fb831,SHOP_006,BEN_01499,2026-01-14 10:43:34.024274,Oil,2,100.0,28.6356,77.229758,Central Delhi,0
e08e4dec-e3e4-4ebe-86f0-04279ad714b0,SHOP_002,BEN_01414,2026-01-14 10:44:03.024274,Wheat,17,34.0,28.648957,77.10634,West Delhi,0
69e33af8-88e9-42c8-8e48-69418b5b8c54,SHOP_030,BEN_00792,2026-01-14 10:50:39.024274,Sugar,2,40.0,28.656014,77.071143,West Delhi,0
544eb93b-4bdd-4203-a327-d526eecf2f85,SHOP_009,BEN_02023,2026-01-14 10:50:57.024274,Rice,19,57.0,28.633713,77.107844,West Delhi,0
bdaa99aa-e048-4aa9-a414-012c6a37c958,SHOP_031,BEN_02288,2026-01-14 10:54:57.024274,Oil,2,100.0,28.727982,77.18544,North Delhi,0
97c7f971-cbe2-427f-a460-7da47b31ceb2,SHOP_006,BEN_01728,2026-01-14 10:55:34.024274,Wheat,5,10.0,28.6356,77.229758,Central Delhi,0
e3505ca1-49a3-4d32-b2a4-29fd68e20f1f,SHOP_012,BEN_00890,2026-01-14 11:03:45.024274,Kerosene,1,25.0,28.618685,77.319017,East Delhi,0
c2463a0c-7766-4b5f-a819-d5952a881589,SHOP_047,BEN_00424,2026-01-14 11:06:53.024274,Kerosene,2,50.0,28.715937,77.10426,Rohini,0
3e7933ad-519d-47a7-9494-dd05a015aaf7,SHOP_022,BEN_01046,2026-01-14 11:17:24.024274,Rice,6,18.0,28.696907,77.177649,North Delhi,0
2894b762-e0bd-4dc6-b4c8-f11596f3002c,SHOP_016,BEN_01561,2026-01-14 11:22:45.024274,Kerosene,1,25.0,28.644796,77.107779,West Delhi,0
4b29a87c-13f0-4e56-97df-d26d9edcd853,SHOP_019,BEN_02516,2026-01-14 11:22:57.024274,Wheat,19,38.0,28.631679,77.201199,Central Delhi,0
e4fbf453-3cf7-4da2-9570-39043e8f0d02,SHOP_039,BEN_01389,2026-01-14 11:23:51.024274,Kerosene,2,50.0,28.707365,77.109479,Rohini,0
8add025b-9bee-4ce9-aa12-cd04792d1fe3,SHOP_034,BEN_02909,2026-01-14 11:24:26.024274,Oil,2,100.0,28.586699,77.035213,Dwarka,0
04592b29-d3a5-4672-a16e-d0c142381398,SHOP_042,BEN_02851,2026-01-14 11:29:12.024274,Wheat,14,28.0,28.598757,77.020815,Dwarka,0
6d38c4d4-a5b8-41dd-919e-3242d355dabb,SHOP_036,BEN_00381,2026-01-14 11:31:44.024274,Wheat,11,22.0,28.73997,77.11894,Rohini,0
8b9473c4-28b5-42dd-9f94-4c856051816d,SHOP_029,BEN_02737,2026-01-14 11:36:39.024274,Sugar,1,20.0,28.583723,77.064561,Dwarka,0
4cf92419-0434-4215-9226-dc7c4afa0647,SHOP_035,BEN_02713,2026-01-14 11:41:11.024274,Wheat,19,38.0,28.715607,77.125559,Rohini,0
dd67f06b-f6e8-478a-991d-02d091379db9,SHOP_007,BEN_00336,2026-01-14 11:47:39.024274,Wheat,10,20.0,28.520513,77.217525,South Delhi,0
582082be-41ca-4b2b-9b15-49a3dd963e9b,SHOP_036,BEN_00754,2026-01-14 11:49:43.024274,Wheat,5,10.0,28.73997,77.11894,Rohini,0
0df09013-3796-4fb4-a620-08fa714cf71a,SHOP_023,BEN_00332,2026-01-14 11:57:07.024274,Kerosene,1,25.0,28.592266,77.310411,East Delhi,0
0d96c03f-bc65-4fde-82c4-7ad4f3ff7a6a,SHOP_035,BEN_01068,2026-01-14 12:10:00.024274,Wheat,17,34.0,28.715607,77.125559,Rohini,0
7ca4c351-faf2-47bd-a8ce-de4e5b88b09c,SHOP_048,BEN_00321,2026-01-14 12:17:35.024274,Oil,1,50.0,28.596532,77.044874,Dwarka,0
295f9120-9b78-4b28-82ef-9a21782b09a6,SHOP_004,BEN_01702,2026-01-14 12:23:31.024274,Rice,13,39.0,28.709316,77.129745,Rohini,0
780f7e81-744c-4854-9af9-09e25e98c200,SHOP_027,BEN_02658,2026-01-14 12:26:10.024274,Rice,12,36.0,28.603311,77.025358,Dwarka,0
707905bd-04f8-483f-8b7c-ad11f9ac96a2,SHOP_048,BEN_02232,2026-01-14 12:29:18.024274,Rice,18,54.0,28.596532,77.044874,Dwarka,0
f88a306f-4738-4a43-90be-639f772b9c77,SHOP_017,BEN_00354,2026-01-14 12:36:16.024274,Sugar,1,20.0,28.722696,77.129286,Rohini,0
23894055-2091-41cc-9b74-c87b96f2290e,SHOP_016,BEN_02837,2026-01-14 12:36:54.024274,Oil,2,100.0,28.644796,77.107779,West Delhi,0
765676a4-6d03-4d00-8f6b-e88373ff2d7e,SHOP_018,BEN_01990,2026-01-14 12:39:11.024274,Sugar,3,60.0,28.610429,77.188088,Central Delhi,0
2566e957-2898-4d1c-bc00-268e4e821c03,SHOP_029,BEN_02235,2026-01-14 12:43:12.024274,Kerosene,1,25.0,28.583723,77.064561,Dwarka,0
d57a3855-3aac-465f-a921-1995735fedaa,SHOP_006,BEN_02491,2026-01-14 12:53:20.024274,Rice,6,18.0,28.6356,77.229758,Central Delhi,0
506eef91-71d0-44f4-96d8-7d1e62f60bd9,SHOP_010,BEN_02206,2026-01-14 12:54:27.024274,Wheat,7,14.0,28.581134,77.064005,Dwarka,0
79d40395-535f-46ed-9b5e-8907e232fe60,SHOP_049,BEN_00451,2026-01-14 13:07:33.024274,Rice,13,39.0,28.514677,77.242533,South Delhi,0
a1c9aaa0-d22b-4500-a40c-469697730886,SHOP_029,BEN_02963,2026-01-14 13:09:40.024274,Oil,1,50.0,28.583723,77.064561,Dwarka,0
1c431ace-7a0d-4f9c-8a20-304bedb607d4,SHOP_018,BEN_02854,2026-01-14 13:10:04.024274,Rice,12,36.0,28.610429,77.188088,Central Delhi,0
3f50b89e-6675-4060-b04f-4f2049ca67e8,SHOP_002,BEN_02654,2026-01-14 13:14:41.024274,Rice,19,57.0,28.648957,77.10634,West Delhi,0
84dc01d8-0443-4f39-85bc-4314bf869dea,SHOP_006,BEN_01451,2026-01-14 13:15:44.024274,Rice,5,15.0,28.6356,77.229758,Central Delhi,0
05f3bd7e-8256-4583-bcdd-c17a9383686e,SHOP_014,BEN_00308,2026-01-14 13:21:33.024274,Rice,16,48.0,28.708352,77.106686,Rohini,0
612e27ac-4f65-4895-a646-63dd56ebc130,SHOP_029,BEN_00164,2026-01-14 13:26:40.024274,Oil,1,50.0,28.583723,77.064561,Dwarka,0
4d47e2dc-99d6-42a5-b98d-0eb3fea3bb05,SHOP_048,BEN_00978,2026-01-14 13:26:52.024274,Kerosene,1,25.0,28.596532,77.044874,Dwarka,0
7ca56838-5fee-46a7-971c-e549c4688db2,SHOP_044,BEN_00342,2026-01-14 13:31:32.024274,Kerosene,3,75.0,28.615898,77.224361,Central Delhi,0
73510590-92d5-4407-beab-80fb69db40c9,SHOP_020,BEN_01075,2026-01-14 13:39:21.024274,Wheat,15,30.0,28.736478,77.119912,Rohini,0
94ab53aa-3d80-4299-baf0-fd4ae2e46058,SHOP_038,BEN_01858,2026-01-14 13:41:11.024274,Oil,2,100.0,28.737713,77.199062,North Delhi,0
e25760f9-cdc5-411e-b490-76ae8d632acb,SHOP_017,BEN_02458,2026-01-14 13:48:26.024274,Oil,2,100.0,28.722696,77.129286,Rohini,0
5fcb7541-d43f-4eb4-8f5f-7f040e042781,SHOP_042,BEN_01913,2026-01-14 13:49:33.024274,Rice,11,33.0,28.598757,77.020815,Dwarka,0
a7393dd9-d08b-4993-8a18-3f18284debf1,SHOP_041,BEN_00457,2026-01-14 13:55:32.024274,Rice,19,57.0,28.676266,77.100986,West Delhi,0
2fadd236-35e9-4bd8-a446-758c3ea94ebc,SHOP_015,BEN_00378,2026-01-14 14:00:28.024274,Rice,11,33.0,28.630112,77.110956,West Delhi,0
cd24078e-db92-47c7-906e-7617dbfb92bb,SHOP_007,BEN_01487,2026-01-14 14:02:03.024274,Kerosene,1,25.0,28.520513,77.217525,South Delhi,0
7cfbb57d-cf2b-4b57-ab6e-1ba376a7acb0,SHOP_001,BEN_00531,2026-01-14 14:11:26.024274,Kerosene,3,75.0,28.563667,77.196744,South Delhi,0
1849fa52-d0ca-4ea6-8c2d-2f2a226e6efd,SHOP_050,BEN_00048,2026-01-14 14:16:25.024274,Kerosene,2,50.0,28.560938,77.180795,South Delhi,0
608ee1a6-12c6-4c67-89b8-11d038b9d7f4,SHOP_017,BEN_01198,2026-01-14 14:32:58.024274,Sugar,1,20.0,28.722696,77.129286,Rohini,0
e829f624-bb8e-4577-840b-fb95c5e32cd5,SHOP_002,BEN_00305,2026-01-14 14:34:32.024274,Sugar,2,40.0,28.648957,77.10634,West Delhi,0
b910178e-ca29-400f-8f89-111bb20885bc,SHOP_016,BEN_00703,2026-01-14 14:35:17.024274,Rice,8,24.0,28.644796,77.107779,West Delhi,0
bd2a7d32-1632-4120-9307-8f2b06c6f33a,SHOP_028,BEN_02862,2026-01-14 14:42:18.024274,Oil,2,100.0,28.644078,77.187159,Central Delhi,0
b5e2739e-aa12-4da3-89da-82657d97f9f9,SHOP_012,BEN_02069,2026-01-14 14:42:25.024274,Wheat,16,32.0,28.618685,77.319017,East Delhi,0
a2ac9ba9-dae2-41dc-b868-598e27e1289c,SHOP_045,BEN_01710,2026-01-14 14:53:09.024274,Wheat,10,20.0,28.633767,77.205731,Central Delhi,0
8df4f034-41f9-420a-b7bb-5966b88e9cde,SHOP_041,BEN_00284,2026-01-14 14:53:18.024274,Oil,2,100.0,28.676266,77.100986,West Delhi,0
dddb022c-8682-4207-9d01-14d33c5b4f68,SHOP_014,BEN_02852,2026-01-14 14:53:49.024274,Rice,7,21.0,28.708352,77.106686,Rohini,0
22beb246-5df7-4729-a12d-43e877872ca3,SHOP_017,BEN_00087,2026-01-14 14:54:36.024274,Oil,1,50.0,28.722696,77.129286,Rohini,0
3beb7467-872f-485b-9aaa-0ce377bc4475,SHOP_044,BEN_01459,2026-01-14 14:58:04.024274,Sugar,3,60.0,28.615898,77.224361,Central Delhi,0
7a7f5635-b5fc-4c00-ab93-660da0de1de8,SHOP_040,BEN_00912,2026-01-14 14:58:54.024274,Sugar,1,20.0,28.673266,77.089259,West Delhi,0
bde472dd-c147-4894-856d-8e6e0b862475,SHOP_029,BEN_00509,2026-01-14 15:05:50.024274,Sugar,1,20.0,28.583723,77.064561,Dwarka,0
8581b6cd-34c5-42b9-8762-8b8cc0e4a4d9,SHOP_041,BEN_02221,2026-01-14 15:06:06.024274,Oil,1,50.0,28.676266,77.100986,West Delhi,0
4f0bf895-a7b6-41bc-9bd6-07b55cd09701,SHOP_015,BEN_01395,2026-01-14 15:07:33.024274,Sugar,3,60.0,28.630112,77.110956,West Delhi,0
ce75ff7e-db0d-47a4-99bf-3290d7ab2914,SHOP_048,BEN_00473,2026-01-14 15:07:47.024274,Sugar,2,40.0,28.596532,77.044874,Dwarka,0
6fc3f82b-e53d-4d34-8543-47c09bbcb1d2,SHOP_049,BEN_00460,2026-01-14 15:12:25.024274,Kerosene,3,75.0,28.514677,77.242533,South Delhi,0
6eb9c005-896a-4422-869f-04e7002686d0,SHOP_020,BEN_02762,2026-01-14 15:17:04.024274,Kerosene,1,25.0,28.736478,77.119912,Rohini,0
7a2d0c71-771e-4064-ac95-694e7ac223a3,SHOP_018,BEN_01870,2026-01-14 15:17:56.024274,Kerosene,2,50.0,28.610429,77.188088,Central Delhi,0
30479414-d830-4fcd-a9b6-978d475b28db,SHOP_046,BEN_00641,2026-01-14 15:20:14.024274,Sugar,3,60.0,28.634402,77.315239,East Delhi,0
54c5aa3c-9c70-453e-bc31-5a2f903a51da,SHOP_034,BEN_00510,2026-01-14 15:29:18.024274,Sugar,2,40.0,28.586699,77.035213,Dwarka,0
0d17d8a7-a8ac-4776-9d83-380b70266f7c,SHOP_023,BEN_02886,2026-01-14 15:32:03.024274,Sugar,1,20.0,28.592266,77.310411,East Delhi,0
0d99afc4-87ce-426d-bd2a-1dadb2f25dcb,SHOP_009,BEN_01863,2026-01-14 15:39:19.024274,Oil,2,100.0,28.633713,77.107844,West Delhi,0
2cb1e51f-e7de-4859-ba0b-61118af36fad,SHOP_008,BEN_02639,2026-01-14 15:40:07.024274,Kerosene,2,50.0,28.666336,77.103257,West Delhi,0
848b69a0-f331-48fa-9d99-4062f08ef004,SHOP_005,BEN_01618,2026-01-14 15:49:18.024274,Kerosene,3,75.0,28.599771,77.274279,East Delhi,0
9e4189f1-046c-4eab-92a9-032619493695,SHOP_027,BEN_01474,2026-01-14 15:53:27.024274,Oil,1,50.0,28.603311,77.025358,Dwarka,0
7febe4e2-682e-490a-8c69-389bbfb2b269,SHOP_033,BEN_01586,2026-01-14 15:57:27.024274,Sugar,2,40.0,28.731131,77.204781,North Delhi,0
b32266e2-fd68-425e-bb12-6359d3e5432d,SHOP_034,BEN_01359,2026-01-14 16:00:49.024274,Rice,15,45.0,28.586699,77.035213,Dwarka,0
11b572bf-8898-4918-8f16-c53f6817932e,SHOP_026,BEN_01218,2026-01-14 16:02:33.024274,Rice,16,48.0,28.645158,77.323228,East Delhi,0
95867428-96a4-40e1-9ca8-9303352601e2,SHOP_046,BEN_01899,2026-01-14 16:06:11.024274,Sugar,2,40.0,28.634402,77.315239,East Delhi,0
ccf2f43d-f358-4aa9-8152-15a2c2891d04,SHOP_032,BEN_02908,2026-01-14 16:10:51.024274,Rice,12,36.0,28.708017,77.126743,Rohini,0
5e9f41ee-3bd8-4145-b776-49f7430c98bf,SHOP_019,BEN_02955,2026-01-14 16:12:51.024274,Wheat,17,34.0,28.631679,77.201199,Central Delhi,0
40fec0a0-426b-4e37-b3c0-e4e7e5f1d073,SHOP_039,BEN_01387,2026-01-14 16:17:25.024274,Oil,1,50.0,28.707365,77.109479,Rohini,0
38cfec09-7960-4e41-87f1-013191b10a52,SHOP_029,BEN_01312,2026-01-14 16:26:47.024274,Rice,16,48.0,28.583723,77.064561,Dwarka,0
35a37e98-44b4-44a7-8172-98e4ca1aa896,SHOP_019,BEN_02833,2026-01-14 16:37:32.024274,Rice,16,48.0,28.631679,77.201199,Central Delhi,0
d9b5ad42-8673-4d1e-9478-2cf0ed2cb159,SHOP_020,BEN_00359,2026-01-14 16:40:37.024274,Oil,2,100.0,28.736478,77.119912,Rohini,0
9133a30d-2f01-4d02-9865-bd490c21f0d8,SHOP_035,BEN_00232,2026-01-14 16:46:34.024274,Sugar,3,60.0,28.715607,77.125559,Rohini,0
cc684685-cfcf-43b3-b3d7-767fcce3487a,SHOP_036,BEN_01795,2026-01-14 16:50:21.024274,Sugar,2,40.0,28.73997,77.11894,Rohini,0
68c05abd-8b38-4878-8b0c-53542aa3d393,SHOP_012,BEN_00367,2026-01-14 16:58:00.024274,Kerosene,3,75.0,28.618685,77.319017,East Delhi,0
f99b1fa3-f34f-4931-ad03-431bbde7ed99,SHOP_034,BEN_02543,2026-01-14 17:01:39.024274,Rice,12,36.0,28.586699,77.035213,Dwarka,0
a212bd45-894d-49c8-aea8-8b5686c14b18,SHOP_016,BEN_02633,2026-01-14 17:07:40.024274,Sugar,2,40.0,28.644796,77.107779,West Delhi,0
a1ac0e5b-d4b2-447c-bc15-2fbb4925c099,SHOP_030,BEN_01758,2026-01-14 17:08:03.024274,Wheat,20,40.0,28.656014,77.071143,West Delhi,0
031e48de-b55d-4b97-93ae-c3ae176e1cf6,SHOP_026,BEN_01223,2026-01-14 17:20:14.024274,Oil,1,50.0,28.645158,77.323228,East Delhi,0
131fba36-2ddc-4ec3-a615-90aae1cf8d2f,SHOP_006,BEN_02631,2026-01-14 17:21:09.024274,Wheat,19,38.0,28.6356,77.229758,Central Delhi,0
2ac4fd97-85e3-4a6a-ba33-299089c2f8c3,SHOP_016,BEN_01687,2026-01-14 17:23:44.024274,Sugar,3,60.0,28.644796,77.107779,West Delhi,0
64a48317-46d6-41b6-ac3a-8e04648d6a4b,SHOP_047,BEN_00280,2026-01-14 17:28:20.024274,Kerosene,1,25.0,28.715937,77.10426,Rohini,0
ce20160b-57ca-4965-8145-96f9a988bc3a,SHOP_020,BEN_00310,2026-01-14 17:29:39.024274,Sugar,2,40.0,28.736478,77.119912,Rohini,0
0faa76b8-2c62-4713-b509-c3d9e7744032,SHOP_044,BEN_02294,2026-01-14 17:30:03.024274,Kerosene,3,75.0,28.615898,77.224361,Central Delhi,0
15a968a5-51f1-4ee7-914d-3f6923feb8f2,SHOP_045,BEN_01515,2026-01-14 17:34:17.024274,Oil,1,50.0,28.633767,77.205731,Central Delhi,0
2820b972-1495-4605-b624-766128a32a4d,SHOP_021,BEN_01311,2026-01-14 17:35:19.024274,Sugar,2,40.0,28.654216,77.114329,West Delhi,0
9076b741-2c35-4c38-8870-b50fb115f56b,SHOP_016,BEN_01407,2026-01-14 17:38:10.024274,Wheat,19,38.0,28.644796,77.107779,West Delhi,0
314e2e8c-bae9-4b6f-9d38-0085617bea35,SHOP_043,BEN_00279,2026-01-14 17:38:29.024274,Rice,20,60.0,28.561519,77.048283,Dwarka,0
83d9a0fc-8d4b-470e-a4bf-0fcc802edfec,SHOP_021,BEN_02556,2026-01-14 17:44:16.024274,Kerosene,2,50.0,28.654216,77.114329,West Delhi,0
cbb90227-d452-44c8-8ab2-9d6abde0684a,SHOP_018,BEN_01645,2026-01-14 17:46:06.024274,Rice,17,51.0,28.610429,77.188088,Central Delhi,0
cd323c21-b345-433f-bde7-468fbce6c2b2,SHOP_016,BEN_00281,2026-01-14 17:48:43.024274,Oil,1,50.0,28.644796,77.107779,West Delhi,0
0ce9d234-7cfc-47e6-a5c6-61872f499fd2,SHOP_021,BEN_00443,2026-01-14 17:49:19.024274,Oil,1,50.0,28.654216,77.114329,West Delhi,0
aeeb4a1f-c039-45f6-bd8c-6986be961147,SHOP_014,BEN_02661,2026-01-14 17:50:27.024274,Sugar,1,20.0,28.708352,77.106686,Rohini,0
41f700b8-9ca3-4060-a047-e5e2dec865d6,SHOP_041,BEN_00405,2026-01-14 17:51:42.024274,Kerosene,3,75.0,28.676266,77.100986,West Delhi,0
9e1be63a-9562-4295-b3e5-01c884691275,SHOP_046,BEN_02116,2026-01-14 17:54:50.024274,Wheat,6,12.0,28.634402,77.315239,East Delhi,0
12383b21-3866-414a-96af-b57122ee7597,SHOP_028,BEN_00910,2026-01-14 17:55:32.024274,Oil,1,50.0,28.644078,77.187159,Central Delhi,0
3ca784ef-1044-4c7c-ba27-f8857da1a39c,SHOP_014,BEN_00142,2026-01-14 17:56:39.024274,Wheat,20,40.0,28.708352,77.106686,Rohini,0
a7726bfe-8d98-4d13-b2df-d60a165d71a9,SHOP_013,BEN_02863,2026-01-14 17:57:58.024274,Rice,18,54.0,28.689861,77.183213,North Delhi,0
f6fc52cd-ca2c-4d19-bf04-4fd87c7a0000,SHOP_008,BEN_01388,2026-01-14 17:59:54.024274,Sugar,2,40.0,28.666336,77.103257,West Delhi,0
483ecb15-553b-4950-b8a1-18375d12731b,SHOP_047,BEN_00323,2026-01-14 18:01:50.024274,Sugar,3,60.0,28.715937,77.10426,Rohini,0
5ee9a59f-a9b0-47fb-8525-723bf3ecc466,SHOP_050,BEN_00654,2026-01-14 18:04:20.024274,Kerosene,1,25.0,28.560938,77.180795,South Delhi,0
c325c7cb-ca5d-440e-be04-8e86437ac330,SHOP_011,BEN_02411,2026-01-14 18:05:07.024274,Sugar,2,40.0,28.732554,77.205993,North Delhi,0
3f11a220-22ca-41e2-b8ff-576672650e0b,SHOP_017,BEN_02889,2026-01-14 18:05:33.024274,Oil,1,50.0,28.722696,77.129286,Rohini,0
cdb3e08c-112c-46de-b090-129363dcf354,SHOP_016,BEN_02717,2026-01-14 18:13:15.024274,Kerosene,3,75.0,28.644796,77.107779,West Delhi,0
f565bc17-154b-4d18-a4e2-8c3234b74bbf,SHOP_012,BEN_02238,2026-01-14 18:20:32.024274,Sugar,2,40.0,28.618685,77.319017,East Delhi,0
af49f992-40cf-467f-ae9b-82aec8b692bd,SHOP_023,BEN_01819,2026-01-14 18:27:10.024274,Kerosene,1,25.0,28.592266,77.310411,East Delhi,0
81b6c5cc-ed1f-4a71-99f4-6a5fc5e183ff,SHOP_029,BEN_02361,2026-01-14 18:28:36.024274,Kerosene,3,75.0,28.583723,77.064561,Dwarka,0
3f5b6f6e-cd96-469b-978a-e68a6ba1550d,SHOP_046,BEN_00925,2026-01-14 18:32:39.024274,Oil,2,100.0,28.634402,77.315239,East Delhi,0
01620204-113c-49ac-894e-1995e0266037,SHOP_027,BEN_02572,2026-01-14 18:39:15.024274,Sugar,1,20.0,28.603311,77.025358,Dwarka,0
2497bcdd-007c-4302-af2c-0df45acfce7e,SHOP_020,BEN_02972,2026-01-14 18:39:44.024274,Sugar,1,20.0,28.736478,77.119912,Rohini,0
26a82fa8-8440-4ba1-9b29-c2483284b6fb,SHOP_034,BEN_01095,2026-01-14 18:42:25.024274,Sugar,2,40.0,28.586699,77.035213,Dwarka,0
e5d70327-afd5-4af0-9288-eaf520516282,SHOP_042,BEN_00857,2026-01-14 18:44:30.024274,Kerosene,1,25.0,28.598757,77.020815,Dwarka,0
9f9e6936-6202-4c9d-a17e-d20f00343354,SHOP_011,BEN_00501,2026-01-14 18:52:03.024274,Kerosene,1,25.0,28.732554,77.205993,North Delhi,0
b414bca4-b1ea-4865-93d6-9a6e7475c394,SHOP_026,BEN_00458,2026-01-14 18:55:16.024274,Kerosene,3,75.0,28.645158,77.323228,East Delhi,0
0100c21d-1ff3-4099-a36c-d333e19d99b1,SHOP_001,BEN_00120,2026-01-14 18:57:52.024274,Sugar,2,40.0,28.563667,77.196744,South Delhi,0
3ba1aff5-3b86-43a0-96a1-54d20fddbd1a,SHOP_015,BEN_00271,2026-01-14 19:01:35.024274,Oil,2,100.0,28.630112,77.110956,West Delhi,0
758954e6-0115-42cc-bc52-6705d6c51e30,SHOP_017,BEN_02332,2026-01-14 19:08:39.024274,Kerosene,1,25.0,28.722696,77.129286,Rohini,0
d57ffba7-6d8d-43d7-bbbc-9c08fe978677,SHOP_007,BEN_02132,2026-01-14 19:09:10.024274,Oil,1,50.0,28.520513,77.217525,South Delhi,0
5e6a817b-f810-42e2-b5aa-779f54b4d1f9,SHOP_031,BEN_02139,2026-01-14 19:10:53.024274,Rice,5,15.0,28.727982,77.18544,North Delhi,0
7e952d42-3967-4b03-935e-69fdfb87d6d1,SHOP_008,BEN_01109,2026-01-14 19:11:58.024274,Oil,2,100.0,28.666336,77.103257,West Delhi,0
9369c157-a93f-416a-8744-7a3c93a34ab6,SHOP_037,BEN_01093,2026-01-14 19:12:10.024274,Wheat,20,40.0,28.707215,77.215419,North Delhi,0
4deef35f-155a-4f53-b40d-899098586e88,SHOP_042,BEN_00515,2026-01-14 19:20:38.024274,Oil,1,50.0,28.598757,77.020815,Dwarka,0
408e3e7e-b94d-43b2-8f7d-98b511ae9595,SHOP_012,BEN_01467,2026-01-14 19:21:29.024274,Rice,16,48.0,28.618685,77.319017,East Delhi,0
c4dc2278-c5d8-4a1d-a56c-4f33a3864e8d,SHOP_034,BEN_00083,2026-01-14 19:28:18.024274,Rice,17,51.0,28.586699,77.035213,Dwarka,0
1a3cdc22-157c-472f-9845-ee4cdabddf01,SHOP_003,BEN_02300,2026-01-14 19:30:14.024274,Wheat,12,24.0,28.506364,77.204896,South Delhi,0
00b0f187-55cd-43b2-ba01-669b86e88df4,SHOP_023,BEN_02269,2026-01-14 19:30:15.024274,Sugar,3,60.0,28.592266,77.310411,East Delhi,0
04655217-dddb-4935-8863-863327021941,SHOP_037,BEN_00607,2026-01-14 19:34:39.024274,Rice,13,39.0,28.707215,77.215419,North Delhi,0
49a0390c-3da7-4a93-bb37-3274c517d7f6,SHOP_008,BEN_01242,2026-01-14 19:37:21.024274,Sugar,3,60.0,28.666336,77.103257,West Delhi,0
7396042b-5c01-47f1-abb2-e0523777b5b7,SHOP_049,BEN_02252,2026-01-14 19:55:02.024274,Rice,10,30.0,28.514677,77.242533,South Delhi,0
2ce4cd84-1252-4451-9412-7b53db58ae07,SHOP_017,BEN_02974,2026-01-14 19:58:33.024274,Kerosene,2,50.0,28.722696,77.129286,Rohini,0
8f52738f-71a8-48c9-b391-a96e5caa5f87,SHOP_015,BEN_02843,2026-01-14 19:58:44.024274,Sugar,3,60.0,28.630112,77.110956,West Delhi,0
cc35f029-a2cf-4cd3-b06c-8b72a1a2ded1,SHOP_039,BEN_01837,2026-01-15 08:06:41.024274,Wheat,17,34.0,28.707365,77.109479,Rohini,0
2594025c-9b41-429d-b6c8-1873d9818e9d,SHOP_011,BEN_01884,2026-01-15 08:20:25.024274,Wheat,15,30.0,28.732554,77.205993,North Delhi,0
fc6c4e00-c51a-40e5-b5c5-2de3586b1d6b,SHOP_030,BEN_01749,2026-01-15 08:22:57.024274,Sugar,1,20.0,28.656014,77.071143,West Delhi,0
e1c7f92b-fb73-475a-b286-e795f6fbec6a,SHOP_045,BEN_01655,2026-01-15 08:24:53.024274,Oil,2,100.0,28.633767,77.205731,Central Delhi,0
3cc6427e-5080-4a46-8521-90c51e6aa105,SHOP_013,BEN_00688,2026-01-15 08:25:15.024274,Sugar,1,20.0,28.689861,77.183213,North Delhi,0
679be92a-3df7-4389-bdc6-2afd871f8f8b,SHOP_037,BEN_00923,2026-01-15 08:26:15.024274,Oil,2,100.0,28.707215,77.215419,North Delhi,0
24a6affd-bb7b-4db6-a49f-fd81b4fc9fc6,SHOP_043,BEN_01276,2026-01-15 08:28:23.024274,Rice,11,33.0,28.561519,77.048283,Dwarka,0
769da460-7dbf-4741-9c2b-bf47944642e6,SHOP_033,BEN_02587,2026-01-15 08:28:41.024274,Sugar,3,60.0,28.731131,77.204781,North Delhi,0
58732a60-fe9e-479a-a9f5-3a9578d787cf,SHOP_026,BEN_00766,2026-01-15 08:29:00.024274,Kerosene,1,25.0,28.645158,77.323228,East Delhi,0
44c9c5bf-17f7-4b98-88be-dde45908be57,SHOP_032,BEN_01071,2026-01-15 08:35:58.024274,Oil,1,50.0,28.708017,77.126743,Rohini,0
eea84c00-14c1-4eb8-a386-907b7505aaab,SHOP_042,BEN_01481,2026-01-15 08:41:24.024274,Kerosene,3,75.0,28.598757,77.020815,Dwarka,0
abf26c65-1d85-4cc7-a662-fcf10efbcb91,SHOP_005,BEN_01076,2026-01-15 08:47:06.024274,Wheat,20,40.0,28.599771,77.274279,East Delhi,0
dadd6e61-da64-42e6-b10f-27b2d3894817,SHOP_011,BEN_00518,2026-01-15 08:48:06.024274,Sugar,2,40.0,28.732554,77.205993,North Delhi,0
e44f7b13-3892-4bf6-b6ae-d52f25b7f345,SHOP_025,BEN_01832,2026-01-15 08:48:51.024274,Oil,1,50.0,28.624929,77.222474,Central Delhi,0
6ef2b073-615e-4001-8497-166399c99490,SHOP_050,BEN_02043,2026-01-15 08:51:46.024274,Oil,1,50.0,28.560938,77.180795,South Delhi,0
75a46ca8-6ed2-45ec-8991-14d2ec1df869,SHOP_019,BEN_01477,2026-01-15 08:59:17.024274,Oil,1,50.0,28.631679,77.201199,Central Delhi,0
b4a3986f-e646-49af-b96a-37403c5075d9,SHOP_050,BEN_01287,2026-01-15 09:03:59.024274,Wheat,15,30.0,28.560938,77.180795,South Delhi,0
4497f7e0-f6b7-4e10-be14-eadcb192b719,SHOP_046,BEN_01073,2026-01-15 09:10:13.024274,Sugar,2,40.0,28.634402,77.315239,East Delhi,0
1d12df3d-bf31-4c3f-92a1-643ed1cceb7a,SHOP_008,BEN_01769,2026-01-15 09:13:06.024274,Kerosene,2,50.0,28.666336,77.103257,West Delhi,0
ace3ad90-e308-4f5c-b5b2-b33a6ef4a8c0,SHOP_001,BEN_01983,2026-01-15 09:14:44.024274,Wheat,16,32.0,28.563667,77.196744,South Delhi,0
b60f9cf5-6af7-4a7d-a188-e083a65be50a,SHOP_033,BEN_00925,2026-01-15 09:21:06.024274,Wheat,9,18.0,28.731131,77.204781,North Delhi,0
c8ef5ea2-ba27-4288-a84f-a79901af49d9,SHOP_044,BEN_01830,2026-01-15 09:39:59.024274,Sugar,1,20.0,28.615898,77.224361,Central Delhi,0
50702461-38cc-493a-ba19-8b2503dc3d22,SHOP_042,BEN_01112,2026-01-15 09:40:42.024274,Sugar,1,20.0,28.598757,77.020815,Dwarka,0
ac11a427-cdf8-48d2-b5b7-733af317c970,SHOP_036,BEN_01455,2026-01-15 09:44:10.024274,Oil,1,50.0,28.73997,77.11894,Rohini,0
5c5d622c-c0e5-44f2-89ea-b933530e4cc5,SHOP_001,BEN_01726,2026-01-15 09:44:21.024274,Rice,6,18.0,28.563667,77.196744,South Delhi,0
31e4ad4f-8046-4c81-b81f-25e95c326483,SHOP_046,BEN_01107,2026-01-15 09:44:36.024274,Kerosene,3,75.0,28.634402,77.315239,East Delhi,0
42ed5cb8-9417-43ea-86f8-775be2954b8a,SHOP_004,BEN_00223,2026-01-15 09:47:38.024274,Wheat,12,24.0,28.709316,77.129745,Rohini,0
48f11d17-5b48-4a91-bbe8-c830825b39ec,SHOP_011,BEN_02881,2026-01-15 10:01:32.024274,Rice,8,24.0,28.732554,77.205993,North Delhi,0
3ad6a133-373d-417d-8e09-da05641c6dd3,SHOP_038,BEN_01489,2026-01-15 10:05:50.024274,Wheat,14,28.0,28.737713,77.199062,North Delhi,0
6e4b2bff-45e4-4d92-aadd-e88756e5c846,SHOP_009,BEN_00378,2026-01-15 10:07:24.024274,Sugar,1,20.0,28.633713,77.107844,West Delhi,0
7107f629-0dcc-4867-9055-849bdec32710,SHOP_004,BEN_00959,2026-01-15 10:11:03.024274,Kerosene,1,25.0,28.709316,77.129745,Rohini,0
54d7f589-128d-46d6-9614-3267d90e1bd4,SHOP_010,BEN_02298,2026-01-15 10:16:34.024274,Oil,1,50.0,28.581134,77.064005,Dwarka,0
8c293789-cb43-439e-9c29-15149a445173,SHOP_005,BEN_00588,2026-01-15 10:21:21.024274,Rice,17,51.0,28.599771,77.274279,East Delhi,0
ff4087ca-24f4-46b8-8e32-758dafdf32d5,SHOP_026,BEN_02090,2026-01-15 10:21:59.024274,Kerosene,1,25.0,28.645158,77.323228,East Delhi,0
633dfb46-da2f-44ff-80fc-c2573b3f8638,SHOP_043,BEN_02888,2026-01-15 10:24:13.024274,Rice,20,60.0,28.561519,77.048283,Dwarka,0
86890f97-139c-4dbb-8b2c-38463f0bad18,SHOP_032,BEN_00023,2026-01-15 10:26:43.024274,Sugar,3,60.0,28.708017,77.126743,Rohini,0
5507ecd2-e8ed-4b2e-bc3d-ae34df54ff4f,SHOP_001,BEN_02891,2026-01-15 10:31:45.024274,Rice,7,21.0,28.563667,77.196744,South Delhi,0
6e1d8046-79c9-45a0-9179-eb2bb91b3ccf,SHOP_025,BEN_00645,2026-01-15 10:32:19.024274,Kerosene,1,25.0,28.624929,77.222474,Central Delhi,0
3aed731b-cdab-4a69-94f8-a647677a33c0,SHOP_050,BEN_01483,2026-01-15 10:34:46.024274,Wheat,10,20.0,28.560938,77.180795,South Delhi,0
2c3b94d5-a707-4b80-9928-de4f9a066b13,SHOP_027,BEN_02068,2026-01-15 10:36:14.024274,Oil,1,50.0,28.603311,77.025358,Dwarka,0
ee6d51f6-087c-4be6-999f-29fcad9d6021,SHOP_046,BEN_00377,2026-01-15 10:39:59.024274,Rice,11,33.0,28.634402,77.315239,East Delhi,0
61b2d1be-51bb-499a-b4f5-197a758d3f87,SHOP_011,BEN_02103,2026-01-15 10:49:57.024274,Sugar,2,40.0,28.732554,77.205993,North Delhi,0
3ff532a8-8523-45bf-af31-e799ce7626b4,SHOP_004,BEN_02884,2026-01-15 10:50:27.024274,Kerosene,1,25.0,28.709316,77.129745,Rohini,0
3493ba97-4aa5-4a90-9def-9be6a043ece6,SHOP_029,BEN_01125,2026-01-15 10:56:06.024274,Sugar,1,20.0,28.583723,77.064561,Dwarka,0
0e3abc7a-f886-4ff3-90fd-3c6c58c238e5,SHOP_038,BEN_00207,2026-01-15 11:02:37.024274,Sugar,2,40.0,28.737713,77.199062,North Delhi,0
16e62ce1-7118-4fe9-a848-1e3e286d4d44,SHOP_045,BEN_02536,2026-01-15 11:06:25.024274,Sugar,2,40.0,28.633767,77.205731,Central Delhi,0
45d9dfab-e3d5-4b11-bdb8-9f80942c8cbc,SHOP_043,BEN_02322,2026-01-15 11:06:42.024274,Oil,2,100.0,28.561519,77.048283,Dwarka,0
0313d779-4ea7-42fc-93ce-b6690f5799e1,SHOP_017,BEN_00055,2026-01-15 11:10:13.024274,Wheat,5,10.0,28.722696,77.129286,Rohini,0
f6e3ebd5-b152-4067-87e5-b549a310aff1,SHOP_013,BEN_01674,2026-01-15 11:12:43.024274,Wheat,16,32.0,28.689861,77.183213,North Delhi,0
9bcc590f-92ec-464c-8a41-90d079bd6f37,SHOP_010,BEN_00904,2026-01-15 11:16:07.024274,Wheat,18,36.0,28.581134,77.064005,Dwarka,0
4edf5301-7ef7-487b-b2ef-e2e219e8e13d,SHOP_038,BEN_02517,2026-01-15 11:19:50.024274,Wheat,6,12.0,28.737713,77.199062,North Delhi,0
54a182b5-0e78-465a-81ac-30c100b8f47c,SHOP_012,BEN_01620,2026-01-15 11:21:07.024274,Wheat,7,14.0,28.618685,77.319017,East Delhi,0
7de3fed0-74ee-4d85-b2b4-aff361f1b44b,SHOP_015,BEN_01293,2026-01-15 11:22:53.024274,Sugar,1,20.0,28.630112,77.110956,West Delhi,0
b759ef60-50db-4ba4-945f-ec83817ca5db,SHOP_033,BEN_02726,2026-01-15 11:29:27.024274,Kerosene,2,50.0,28.731131,77.204781,North Delhi,0
9c19cc3d-8769-47f3-973a-62f1e04bb308,SHOP_047,BEN_02565,2026-01-15 11:36:18.024274,Rice,5,15.0,28.715937,77.10426,Rohini,0
96bc2f0b-988f-48c1-b215-ffa580a5bc6e,SHOP_044,BEN_00115,2026-01-15 11:44:01.024274,Sugar,2,40.0,28.615898,77.224361,Central Delhi,0
e915f5ce-c5a9-4933-9e02-6a0fd37c239a,SHOP_043,BEN_00518,2026-01-15 11:44:54.024274,Rice,20,60.0,28.561519,77.048283,Dwarka,0
5bc75318-2a60-4425-8d4d-00087758214f,SHOP_037,BEN_00219,2026-01-15 11:45:43.024274,Oil,2,100.0,28.707215,77.215419,North Delhi,0
d13a958b-09c4-450a-9c0e-f8dc11344115,SHOP_050,BEN_01890,2026-01-15 12:00:08.024274,Wheat,7,14.0,28.560938,77.180795,South Delhi,0
5406b0aa-eda1-439a-9be9-666b4b7d0f34,SHOP_035,BEN_02864,2026-01-15 12:02:12.024274,Kerosene,2,50.0,28.715607,77.125559,Rohini,0
067ff3ed-c75d-410c-8b4d-ed86b3e8dd7e,SHOP_050,BEN_00332,2026-01-15 12:07:11.024274,Rice,11,33.0,28.560938,77.180795,South Delhi,0
7d20c16f-ab86-4785-8d02-2feb6a3699a6,SHOP_017,BEN_02812,2026-01-15 12:09:44.024274,Rice,12,36.0,28.722696,77.129286,Rohini,0
0a9ae893-a646-4141-a855-05ba55930331,SHOP_026,BEN_00110,2026-01-15 12:13:39.024274,Sugar,3,60.0,28.645158,77.323228,East Delhi,0
5d19ffbc-93cb-4eda-b8ac-7ba15aa0e96c,SHOP_017,BEN_02690,2026-01-15 12:16:07.024274,Oil,2,100.0,28.722696,77.129286,Rohini,0
a681e7e0-c664-42da-a3a1-e00c1e9cd3b3,SHOP_047,BEN_01065,2026-01-15 12:21:05.024274,Rice,17,51.0,28.715937,77.10426,Rohini,0
b0d3b77b-8715-472d-8246-9127a6c9002b,SHOP_039,BEN_02614,2026-01-15 12:21:13.024274,Rice,6,18.0,28.707365,77.109479,Rohini,0
62ff463b-c30e-41ed-ace1-a5f94d08ec45,SHOP_037,BEN_01253,2026-01-15 12:23:50.024274,Kerosene,1,25.0,28.707215,77.215419,North Delhi,0
215f257c-80c3-47c0-a516-907eb023f20a,SHOP_023,BEN_02715,2026-01-15 12:24:53.024274,Oil,1,50.0,28.592266,77.310411,East Delhi,0
12c09391-1899-4126-b07b-ad8a677263e7,SHOP_050,BEN_01293,2026-01-15 12:31:42.024274,Sugar,2,40.0,28.560938,77.180795,South Delhi,0
a80bf47c-2f51-4cd6-bec8-9f7885ba4647,SHOP_010,BEN_00492,2026-01-15 12:40:08.024274,Kerosene,1,25.0,28.581134,77.064005,Dwarka,0
aeef62ad-8826-4607-bfd2-c2df8de0a53a,SHOP_031,BEN_00330,2026-01-15 12:42:30.024274,Wheat,14,28.0,28.727982,77.18544,North Delhi,0
b086e409-3c35-4693-870d-b4f1472bb324,SHOP_035,BEN_01487,2026-01-15 12:44:20.024274,Wheat,12,24.0,28.715607,77.125559,Rohini,0
892f43da-4164-4aa5-b43e-7f53dea4ed0e,SHOP_035,BEN_01747,2026-01-15 12:58:51.024274,Wheat,20,40.0,28.715607,77.125559,Rohini,0
e4de6081-a21a-4d3e-9936-d6dea6dc4121,SHOP_048,BEN_00700,2026-01-15 13:02:40.024274,Sugar,1,20.0,28.596532,77.044874,Dwarka,0
b76eb09f-2452-43b3-8e0a-a303286c962b,SHOP_028,BEN_02270,2026-01-15 13:05:58.024274,Wheat,9,18.0,28.644078,77.187159,Central Delhi,0
f0635c60-a533-4f79-a0ad-ef2237cce9c0,SHOP_031,BEN_02462,2026-01-15 13:07:47.024274,Kerosene,1,25.0,28.727982,77.18544,North Delhi,0
2b435340-ef08-44d1-89c6-91634eeda4bf,SHOP_003,BEN_01319,2026-01-15 13:11:26.024274,Kerosene,1,25.0,28.506364,77.204896,South Delhi,0
3643de11-3e8a-4899-8a18-10556692912e,SHOP_042,BEN_00252,2026-01-15 13:19:37.024274,Kerosene,1,25.0,28.598757,77.020815,Dwarka,0
ee33a3da-1c19-49e6-bda2-7ef98c2cf5bd,SHOP_027,BEN_00870,2026-01-15 13:19:53.024274,Oil,2,100.0,28.603311,77.025358,Dwarka,0
8380f18f-7d98-496f-aa13-77ce0a04ec9a,SHOP_005,BEN_00830,2026-01-15 13:28:13.024274,Kerosene,2,50.0,28.599771,77.274279,East Delhi,0
3df34582-5e8f-402e-80d8-d8264767666c,SHOP_019,BEN_01368,2026-01-15 13:29:39.024274,Sugar,1,20.0,28.631679,77.201199,Central Delhi,0
f75eb9d0-5180-460b-9618-f4f22c1e756d,SHOP_025,BEN_00309,2026-01-15 13:31:08.024274,Sugar,3,60.0,28.624929,77.222474,Central Delhi,0
7adce617-29a5-46af-8869-5824a5fba085,SHOP_029,BEN_02626,2026-01-15 13:54:50.024274,Sugar,3,60.0,28.583723,77.064561,Dwarka,0
b5ea8577-d8d3-4c14-be34-4bd9799d436f,SHOP_028,BEN_00666,2026-01-15 14:05:19.024274,Oil,1,50.0,28.644078,77.187159,Central Delhi,0
bfa13af4-2abf-4d01-94da-6ddb95f31073,SHOP_018,BEN_01931,2026-01-15 14:06:14.024274,Rice,17,51.0,28.610429,77.188088,Central Delhi,0
5a9cf46a-00c6-4e97-a5ff-9d8df6b665ba,SHOP_021,BEN_01742,2026-01-15 14:07:09.024274,Sugar,2,40.0,28.654216,77.114329,West Delhi,0
2f686ece-3e5e-4347-bbd5-d8e872dfb9d9,SHOP_023,BEN_00637,2026-01-15 14:10:03.024274,Rice,17,51.0,28.592266,77.310411,East Delhi,0
f66bb700-cd29-4bc1-8b53-a92d14fd57e1,SHOP_035,BEN_00059,2026-01-15 14:10:41.024274,Oil,2,100.0,28.715607,77.125559,Rohini,0
fd97032f-1e6e-424b-a553-0e1c8dc9ddb8,SHOP_010,BEN_02859,2026-01-15 14:21:19.024274,Oil,2,100.0,28.581134,77.064005,Dwarka,0
ade4cc25-de28-43d4-9b8a-38999997c864,SHOP_010,BEN_01018,2026-01-15 14:25:17.024274,Wheat,8,16.0,28.581134,77.064005,Dwarka,0
f6fcfedc-66fc-4da5-a907-bedfa2ad35d6,SHOP_019,BEN_01453,2026-01-15 14:28:48.024274,Oil,1,50.0,28.631679,77.201199,Central Delhi,0
18dac32e-1fd5-4fdf-9c0e-51dd741b42a1,SHOP_020,BEN_00491,2026-01-15 14:35:59.024274,Sugar,3,60.0,28.736478,77.119912,Rohini,0
c8821454-7575-4add-8f0e-259a6690700e,SHOP_048,BEN_00349,2026-01-15 14:50:38.024274,Sugar,1,20.0,28.596532,77.044874,Dwarka,0
0d6b6cb9-0598-43c4-8033-4ff6a43f5ea1,SHOP_012,BEN_02481,2026-01-15 14:51:51.024274,Kerosene,3,75.0,28.618685,77.319017,East Delhi,0
72268440-36f3-4988-9082-1e5d0ee518b3,SHOP_022,BEN_00203,2026-01-15 14:56:06.024274,Rice,12,36.0,28.696907,77.177649,North Delhi,0
d4311f36-cdae-40b6-a664-f235b18f312d,SHOP_002,BEN_01976,2026-01-15 14:58:54.024274,Kerosene,2,50.0,28.648957,77.10634,West Delhi,0
53810b24-83f6-488c-925a-b70d16951b66,SHOP_036,BEN_02269,2026-01-15 15:02:16.024274,Wheat,9,18.0,28.73997,77.11894,Rohini,0
23542e9a-f218-4bca-bcdd-5463edd75564,SHOP_019,BEN_02967,2026-01-15 15:04:15.024274,Sugar,2,40.0,28.631679,77.201199,Central Delhi,0
538a878b-14f0-4986-ac33-22a7254b6bf9,SHOP_038,BEN_02005,2026-01-15 15:07:05.024274,Sugar,3,60.0,28.737713,77.199062,North Delhi,0
1319f82f-1d06-4722-826f-fbb87347d4cb,SHOP_003,BEN_01755,2026-01-15 15:15:39.024274,Kerosene,3,75.0,28.506364,77.204896,South Delhi,0
36eb6213-dc47-4b01-ba9d-6d119b0466cc,SHOP_014,BEN_01066,2026-01-15 15:23:22.024274,Wheat,7,14.0,28.708352,77.106686,Rohini,0
36d53e42-a42a-47a2-b9e2-59d160da9650,SHOP_016,BEN_00021,2026-01-15 15:26:24.024274,Rice,10,30.0,28.644796,77.107779,West Delhi,0
8ac01ce9-7d6c-4f7b-885e-417948a6d0f9,SHOP_006,BEN_02257,2026-01-15 15:27:45.024274,Oil,2,100.0,28.6356,77.229758,Central Delhi,0
cd502df0-dfdf-4dc2-9c8d-ea4fb2dadf8c,SHOP_029,BEN_02216,2026-01-15 15:27:55.024274,Oil,2,100.0,28.583723,77.064561,Dwarka,0
54c5909d-5a4f-4ceb-b75c-344e9472456c,SHOP_030,BEN_00497,2026-01-15 15:37:12.024274,Sugar,3,60.0,28.656014,77.071143,West Delhi,0
07b279c6-8cff-44f7-b7f4-3a3b801ceb64,SHOP_010,BEN_02724,2026-01-15 15:39:06.024274,Rice,13,39.0,28.581134,77.064005,Dwarka,0
cb21afd1-65f4-4156-bd11-5acf7b642626,SHOP_014,BEN_01512,2026-01-15 15:39:33.024274,Wheat,14,28.0,28.708352,77.106686,Rohini,0
c3f2b0f6-ea50-4975-aeab-3b32209599de,SHOP_026,BEN_00876,2026-01-15 15:47:11.024274,Oil,2,100.0,28.645158,77.323228,East Delhi,0
451d90d4-5333-49f9-9801-683cf1c0bc4d,SHOP_012,BEN_02193,2026-01-15 16:02:22.024274,Sugar,2,40.0,28.618685,77.319017,East Delhi,0
e474ae58-be5b-4f85-b684-4f18b61a6870,SHOP_021,BEN_01479,2026-01-15 16:17:03.024274,Rice,9,27.0,28.654216,77.114329,West Delhi,0
00b66bd3-e631-4248-a6c5-a3aeb1ebe277,SHOP_036,BEN_02537,2026-01-15 16:34:06.024274,Rice,15,45.0,28.73997,77.11894,Rohini,0
fce38cfb-f6ad-4df8-a175-d28a7480ba30,SHOP_026,BEN_01129,2026-01-15 16:35:31.024274,Kerosene,2,50.0,28.645158,77.323228,East Delhi,0
2584db63-7848-4b63-bc5f-e1a368c43250,SHOP_042,BEN_01891,2026-01-15 16:52:01.024274,Wheat,14,28.0,28.598757,77.020815,Dwarka,0
c6c67054-e476-40ac-87c6-24019139918d,SHOP_016,BEN_02341,2026-01-15 17:04:49.024274,Kerosene,3,75.0,28.644796,77.107779,West Delhi,0
cb8532cf-1f61-4d24-928a-32c1f7c77516,SHOP_046,BEN_01692,2026-01-15 17:04:54.024274,Oil,2,100.0,28.634402,77.315239,East Delhi,0
d6779bfa-74b7-432a-aedb-4aac6797bf36,SHOP_022,BEN_02903,2026-01-15 17:07:20.024274,Wheat,20,40.0,28.696907,77.177649,North Delhi,0
f84a13cc-10ea-4788-8888-fe1426701844,SHOP_005,BEN_01222,2026-01-15 17:13:33.024274,Oil,1,50.0,28.599771,77.274279,East Delhi,0
badfbf58-d80d-40e3-ab19-71b40ab081fc,SHOP_042,BEN_02962,2026-01-15 17:15:41.024274,Rice,18,54.0,28.598757,77.020815,Dwarka,0
71895650-859d-4efa-abde-0d41df200f8d,SHOP_009,BEN_02359,2026-01-15 17:17:05.024274,Wheat,18,36.0,28.633713,77.107844,West Delhi,0
b2314952-5a84-4023-ac2a-7c96de0a9e77,SHOP_012,BEN_00193,2026-01-15 17:22:25.024274,Kerosene,3,75.0,28.618685,77.319017,East Delhi,0
6ff89e4e-5cad-402a-9f22-e8b4b79bc00f,SHOP_027,BEN_01765,2026-01-15 17:31:16.024274,Sugar,1,20.0,28.603311,77.025358,Dwarka,0
9d90adc1-d5ea-473b-aa9c-c266aaa02fc8,SHOP_014,BEN_02669,2026-01-15 17:38:44.024274,Rice,11,33.0,28.708352,77.106686,Rohini,0
37b42461-219a-444f-a3f1-c96b055446a3,SHOP_042,BEN_00022,2026-01-15 17:39:44.024274,Kerosene,3,75.0,28.598757,77.020815,Dwarka,0
adcb57bc-916a-405a-8c4e-e1ca22a4dd68,SHOP_010,BEN_01737,2026-01-15 17:49:57.024274,Rice,8,24.0,28.581134,77.064005,Dwarka,0
52a7232e-d0ad-4dab-9517-f9f4a3735f95,SHOP_021,BEN_02423,2026-01-15 17:51:29.024274,Rice,15,45.0,28.654216,77.114329,West Delhi,0
30dc9e39-a181-42b9-8168-5242e21f5617,SHOP_014,BEN_00399,2026-01-15 17:57:59.024274,Kerosene,3,75.0,28.708352,77.106686,Rohini,0
77d8b2ba-774a-406b-9720-a59515b001c2,SHOP_029,BEN_00570,2026-01-15 18:07:31.024274,Wheat,18,36.0,28.583723,77.064561,Dwarka,0
ce6f4aa4-3bc7-4d35-8966-1b091dc5fe38,SHOP_006,BEN_02652,2026-01-15 18:09:16.024274,Oil,1,50.0,28.6356,77.229758,Central Delhi,0
21fbf488-470c-4f4d-aec0-ba433283a29a,SHOP_005,BEN_00591,2026-01-15 18:09:24.024274,Oil,1,50.0,28.599771,77.274279,East Delhi,0
2c2346dd-83e8-4422-afa8-700f70cbff39,SHOP_034,BEN_02223,2026-01-15 18:13:09.024274,Kerosene,3,75.0,28.586699,77.035213,Dwarka,0
d615ec98-328e-4c1b-ba7a-53f7ad17f38e,SHOP_019,BEN_01845,2026-01-15 18:16:56.024274,Oil,1,50.0,28.631679,77.201199,Central Delhi,0
e9a1adae-4450-49d6-a226-71da77d5806d,SHOP_042,BEN_02584,2026-01-15 18:23:20.024274,Oil,2,100.0,28.598757,77.020815,Dwarka,0
fb608773-35ce-42b1-80f2-ca8634feda97,SHOP_028,BEN_02197,2026-01-15 18:23:38.024274,Kerosene,2,50.0,28.644078,77.187159,Central Delhi,0
0a091447-eec3-4a2f-8dad-ff77f539476b,SHOP_007,BEN_02620,2026-01-15 18:29:13.024274,Wheat,14,28.0,28.520513,77.217525,South Delhi,0
9408c023-c0c0-4ef5-bdfa-fa737b7e1601,SHOP_021,BEN_01360,2026-01-15 18:35:29.024274,Oil,1,50.0,28.654216,77.114329,West Delhi,0
8a0d817a-95fc-4367-bf6b-1a793c99a97f,SHOP_044,BEN_01598,2026-01-15 18:36:30.024274,Sugar,3,60.0,28.615898,77.224361,Central Delhi,0
0a07494f-16b7-476f-bb91-deb85107b92f,SHOP_006,BEN_00523,2026-01-15 18:48:13.024274,Rice,5,15.0,28.6356,77.229758,Central Delhi,0
39215edd-a6e9-4895-aa6d-1094ea2ae265,SHOP_015,BEN_01904,2026-01-15 18:53:26.024274,Oil,2,100.0,28.630112,77.110956,West Delhi,0
304ab4ae-560b-4702-b420-35393948e0df,SHOP_042,BEN_01401,2026-01-15 18:53:28.024274,Wheat,10,20.0,28.598757,77.020815,Dwarka,0
5f615f87-39df-4541-bbb9-dab138532ecc,SHOP_043,BEN_00917,2026-01-15 18:55:06.024274,Oil,2,100.0,28.561519,77.048283,Dwarka,0
cd85a1f6-b1e4-44d7-87a0-514825292e8e,SHOP_014,BEN_02742,2026-01-15 19:00:17.024274,Kerosene,3,75.0,28.708352,77.106686,Rohini,0
98429bcf-1966-40a5-a714-06eff74b5160,SHOP_005,BEN_01411,2026-01-15 19:05:18.024274,Rice,15,45.0,28.599771,77.274279,East Delhi,0
d3bbcb33-63d8-4cc8-8e68-d5917a619781,SHOP_032,BEN_00944,2026-01-15 19:08:26.024274,Wheat,10,20.0,28.708017,77.126743,Rohini,0
f45b1541-55fe-478c-8914-620cb2f81bff,SHOP_042,BEN_00220,2026-01-15 19:12:55.024274,Rice,13,39.0,28.598757,77.020815,Dwarka,0
2f8c57d3-5419-4829-826e-2a0affade584,SHOP_027,BEN_00935,2026-01-15 19:15:01.024274,Oil,1,50.0,28.603311,77.025358,Dwarka,0
db501733-313d-4b46-8654-2656d51baf95,SHOP_010,BEN_01946,2026-01-15 19:15:33.024274,Rice,16,48.0,28.581134,77.064005,Dwarka,0
af886b3f-9698-4c52-a894-2bb6d7ba24aa,SHOP_010,BEN_01664,2026-01-15 19:20:48.024274,Kerosene,3,75.0,28.581134,77.064005,Dwarka,0
edbc5e5f-6af8-466a-a4d9-3f872fd6b737,SHOP_028,BEN_01229,2026-01-15 19:24:00.024274,Oil,2,100.0,28.644078,77.187159,Central Delhi,0
a4105d19-c59a-49ed-bfc8-ccead395e9f9,SHOP_015,BEN_02305,2026-01-15 19:30:05.024274,Sugar,1,20.0,28.630112,77.110956,West Delhi,0
ee98a98d-b828-48f7-9087-465c772e9edb,SHOP_046,BEN_01612,2026-01-15 19:30:18.024274,Sugar,2,40.0,28.634402,77.315239,East Delhi,0
1c7844af-1aef-45bd-b1cd-1903e13f81da,SHOP_046,BEN_02519,2026-01-15 19:33:21.024274,Wheat,6,12.0,28.634402,77.315239,East Delhi,0
56900fd0-2031-43b6-a7ad-55baf4e19a0c,SHOP_039,BEN_00198,2026-01-15 19:33:56.024274,Oil,1,50.0,28.707365,77.109479,Rohini,0
094b15d1-a577-41fb-aaa5-f00e9ebbdf34,SHOP_035,BEN_00808,2026-01-15 19:35:13.024274,Rice,17,51.0,28.715607,77.125559,Rohini,0
6f497fc5-e27f-4615-968e-6a71d1d46631,SHOP_036,BEN_02074,2026-01-15 19:38:07.024274,Sugar,2,40.0,28.73997,77.11894,Rohini,0
463aa814-ef0d-4dbf-8edb-9455c098af8f,SHOP_045,BEN_02637,2026-01-15 19:46:32.024274,Rice,7,21.0,28.633767,77.205731,Central Delhi,0
9f7ad63b-d5f6-4218-92b1-9776075eae5c,SHOP_033,BEN_02978,2026-01-16 08:05:48.024274,Oil,1,50.0,28.731131,77.204781,North Delhi,0
522cb381-b03e-4571-bcf7-0a727a8b56d8,SHOP_020,BEN_01921,2026-01-16 08:07:06.024274,Wheat,12,24.0,28.736478,77.119912,Rohini,0
73659173-6593-4ede-9a7e-c8226076b823,SHOP_001,BEN_00250,2026-01-16 08:07:38.024274,Oil,1,50.0,28.563667,77.196744,South Delhi,0
f6033671-16a0-41cb-831c-8805f5a0a6cc,SHOP_050,BEN_00222,2026-01-16 08:08:31.024274,Wheat,15,30.0,28.560938,77.180795,South Delhi,0
b46f3846-7265-420a-821d-b6191c6f9e72,SHOP_024,BEN_00449,2026-01-16 08:12:56.024274,Sugar,2,40.0,28.505958,77.198023,South Delhi,0
b0f2047f-f55c-48cd-beeb-91b637dedc2f,SHOP_017,BEN_02981,2026-01-16 08:18:53.024274,Rice,8,24.0,28.722696,77.129286,Rohini,0
0406ec58-3a97-43d0-8b50-d5207a06a9a0,SHOP_043,BEN_00604,2026-01-16 08:26:06.024274,Wheat,12,24.0,28.561519,77.048283,Dwarka,0
9d4b4cdc-6db4-4ac5-9225-dd9373d2ba78,SHOP_040,BEN_02836,2026-01-16 08:38:22.024274,Wheat,15,30.0,28.673266,77.089259,West Delhi,0
cd103de2-ebf0-48ae-8ed3-517af5f4e151,SHOP_034,BEN_00761,2026-01-16 08:39:10.024274,Wheat,14,28.0,28.586699,77.035213,Dwarka,0
3b0ea2a9-998d-47d2-9dd8-c2059ab38eef,SHOP_042,BEN_02759,2026-01-16 08:39:37.024274,Oil,1,50.0,28.598757,77.020815,Dwarka,0
c7c54a1c-f65b-441c-b959-c5d49f871640,SHOP_041,BEN_02425,2026-01-16 08:39:54.024274,Oil,2,100.0,28.676266,77.100986,West Delhi,0
2abc9358-891f-45b3-9f01-558853513b04,SHOP_014,BEN_00049,2026-01-16 08:40:55.024274,Sugar,2,40.0,28.708352,77.106686,Rohini,0
82ac9d2a-68d8-4e2f-95da-eb3cd0831be5,SHOP_001,BEN_01349,2026-01-16 08:47:07.024274,Oil,2,100.0,28.563667,77.196744,South Delhi,0
9d48a780-c924-40ac-8eb2-4d7c44cc15ff,SHOP_043,BEN_02191,2026-01-16 08:48:15.024274,Wheat,20,40.0,28.561519,77.048283,Dwarka,0
3baa37cb-8d80-41b6-8a88-7b962cdab9cf,SHOP_031,BEN_00537,2026-01-16 08:48:40.024274,Sugar,3,60.0,28.727982,77.18544,North Delhi,0
460fa73f-4ed0-4ec3-97f5-b0ff616d112a,SHOP_006,BEN_00148,2026-01-16 08:55:14.024274,Wheat,13,26.0,28.6356,77.229758,Central Delhi,0
6f3af831-f753-4333-aec4-cb0b7c11cff4,SHOP_014,BEN_02792,2026-01-16 08:57:52.024274,Rice,16,48.0,28.708352,77.106686,Rohini,0
90b42f5f-3149-4372-9f95-7c37b861d6bd,SHOP_048,BEN_02891,2026-01-16 08:59:41.024274,Rice,6,18.0,28.596532,77.044874,Dwarka,0
9a11d445-6929-4411-a36f-03fe0ee1ece1,SHOP_022,BEN_01057,2026-01-16 09:00:38.024274,Wheat,10,20.0,28.696907,77.177649,North Delhi,0
80b320f2-44aa-4e39-87e6-4392ecef3249,SHOP_031,BEN_00826,2026-01-16 09:07:40.024274,Wheat,9,18.0,28.727982,77.18544,North Delhi,0
7a2b0d4c-babd-469d-b3c0-fbd24b058f14,SHOP_013,BEN_00997,2026-01-16 09:10:24.024274,Rice,18,54.0,28.689861,77.183213,North Delhi,0
013ae132-593c-4e29-877a-98bc4924958d,SHOP_048,BEN_00368,2026-01-16 09:11:13.024274,Kerosene,1,25.0,28.596532,77.044874,Dwarka,0
6295af27-40ed-4f38-8fc6-0e704b51d279,SHOP_036,BEN_01186,2026-01-16 09:12:25.024274,Wheat,18,36.0,28.73997,77.11894,Rohini,0
23db9d13-8c30-4803-9500-8656e8ac49cd,SHOP_047,BEN_01117,2026-01-16 09:13:07.024274,Wheat,15,30.0,28.715937,77.10426,Rohini,0
0c47404f-87a5-44bf-b16f-9934fdabc18a,SHOP_050,BEN_01746,2026-01-16 09:14:36.024274,Oil,2,100.0,28.560938,77.180795,South Delhi,0
aac757ad-8db9-481a-ad9d-11598b0e7329,SHOP_044,BEN_00465,2026-01-16 09:15:59.024274,Kerosene,2,50.0,28.615898,77.224361,Central Delhi,0
cd8960e2-099f-456e-ba67-8e196c698988,SHOP_043,BEN_00420,2026-01-16 09:16:06.024274,Kerosene,2,50.0,28.561519,77.048283,Dwarka,0
614ab19d-31ba-4d95-b529-be5ff15cf937,SHOP_044,BEN_02946,2026-01-16 09:23:12.024274,Wheat,16,32.0,28.615898,77.224361,Central Delhi,0
d960f8ad-eed6-4d24-a3a8-897031195261,SHOP_028,BEN_01751,2026-01-16 09:25:57.024274,Sugar,1,20.0,28.644078,77.187159,Central Delhi,0
f220c4eb-0e8c-4f82-bb33-d5c0ce14db9d,SHOP_001,BEN_00036,2026-01-16 09:25:59.024274,Sugar,3,60.0,28.563667,77.196744,South Delhi,0
71d37a7e-4dfc-42bb-8fe3-05b15e895a72,SHOP_006,BEN_00921,2026-01-16 09:33:11.024274,Kerosene,3,75.0,28.6356,77.229758,Central Delhi,0
68cfba51-f2f9-4740-b2fa-aaf3469506cb,SHOP_008,BEN_01857,2026-01-16 09:38:06.024274,Sugar,3,60.0,28.666336,77.103257,West Delhi,0
2a0215bf-dc24-4e88-a075-b4182699069e,SHOP_004,BEN_00985,2026-01-16 09:40:18.024274,Sugar,1,20.0,28.709316,77.129745,Rohini,0
0d73cea8-6d1f-476c-88f4-47c7f7fea2de,SHOP_042,BEN_02233,2026-01-16 09:57:20.024274,Wheat,7,14.0,28.598757,77.020815,Dwarka,0
65ed33c9-20bb-45c4-bcfe-a83fdfa362fe,SHOP_048,BEN_00854,2026-01-16 10:04:11.024274,Oil,1,50.0,28.596532,77.044874,Dwarka,0
610ab7c1-39d7-42fa-a0c7-ac1318ff4c47,SHOP_048,BEN_02446,2026-01-16 10:06:50.024274,Rice,5,15.0,28.596532,77.044874,Dwarka,0
2410d73b-a772-4f52-9b45-d8d78b3d80e3,SHOP_025,BEN_00610,2026-01-16 10:13:18.024274,Kerosene,2,50.0,28.624929,77.222474,Central Delhi,0
20113512-91b6-4960-bb7a-20a1b85a941d,SHOP_039,BEN_02211,2026-01-16 10:14:17.024274,Wheat,13,26.0,28.707365,77.109479,Rohini,0
a365bde4-8ade-459b-9f5a-5230c6944c1f,SHOP_029,BEN_00804,2026-01-16 10:17:01.024274,Kerosene,1,25.0,28.583723,77.064561,Dwarka,0
4335d7f3-a15e-445f-9819-2d0b5bf0d435,SHOP_003,BEN_01649,2026-01-16 10:30:57.024274,Oil,1,50.0,28.506364,77.204896,South Delhi,0
47073dab-a8c9-4f32-8a4f-c4b574a07a31,SHOP_043,BEN_02532,2026-01-16 10:38:47.024274,Kerosene,3,75.0,28.561519,77.048283,Dwarka,0
9e33b261-27f8-4b28-b8bc-5b76ee28b6b9,SHOP_015,BEN_00355,2026-01-16 10:41:01.024274,Rice,14,42.0,28.630112,77.110956,West Delhi,0
71c01435-bf82-49f7-927c-6d56f47df306,SHOP_005,BEN_02438,2026-01-16 10:43:47.024274,Oil,2,100.0,28.599771,77.274279,East Delhi,0
52300e4e-8faa-42ff-840c-0e66e1ab7725,SHOP_002,BEN_00399,2026-01-16 10:51:22.024274,Oil,2,100.0,28.648957,77.10634,West Delhi,0
a360700f-8840-4cd6-8d39-29cca9efdb71,SHOP_020,BEN_02553,2026-01-16 11:01:21.024274,Sugar,2,40.0,28.736478,77.119912,Rohini,0
4628d777-135e-4526-8456-5962a5c78464,SHOP_031,BEN_02193,2026-01-16 11:03:17.024274,Rice,18,54.0,28.727982,77.18544,North Delhi,0
fa98aabf-ce45-4cfb-8ddc-08da14a78432,SHOP_007,BEN_00303,2026-01-16 11:15:51.024274,Oil,1,50.0,28.520513,77.217525,South Delhi,0
f5e4f044-e116-4198-b8b5-8507c1a7bd03,SHOP_049,BEN_00380,2026-01-16 11:22:34.024274,Oil,2,100.0,28.514677,77.242533,South Delhi,0
d37d55f5-cd0f-4bed-92ef-f76c90e615d9,SHOP_029,BEN_01531,2026-01-16 11:22:51.024274,Oil,1,50.0,28.583723,77.064561,Dwarka,0
54619eed-6a40-44e8-ac3f-674fdd35c956,SHOP_038,BEN_01225,2026-01-16 11:23:54.024274,Wheat,8,16.0,28.737713,77.199062,North Delhi,0
28e7e4b7-0a06-49d6-9e45-fe1752bc3dd1,SHOP_038,BEN_01505,2026-01-16 11:24:20.024274,Wheat,19,38.0,28.737713,77.199062,North Delhi,0
392c7ca3-12e5-4ae1-899c-48ba97b8bf45,SHOP_040,BEN_02116,2026-01-16 11:26:38.024274,Sugar,1,20.0,28.673266,77.089259,West Delhi,0
2ef9dc5f-4b34-401d-8f3b-39c900610feb,SHOP_029,BEN_01079,2026-01-16 11:27:20.024274,Wheat,8,16.0,28.583723,77.064561,Dwarka,0
a198f616-60f5-4c66-8c06-59200aad8b2f,SHOP_046,BEN_00981,2026-01-16 11:27:34.024274,Kerosene,1,25.0,28.634402,77.315239,East Delhi,0
58cc03ed-8a55-4d18-b1d5-31e50b12c9bc,SHOP_038,BEN_01335,2026-01-16 11:38:10.024274,Rice,5,15.0,28.737713,77.199062,North Delhi,0
af027f2b-ec28-4702-ba0d-7054a9dd604f,SHOP_027,BEN_01710,2026-01-16 11:38:40.024274,Oil,1,50.0,28.603311,77.025358,Dwarka,0
0b720ae1-1ef5-4bf1-a28f-c47674eac7f2,SHOP_031,BEN_02713,2026-01-16 11:38:59.024274,Wheat,13,26.0,28.727982,77.18544,North Delhi,0
27dbe2b3-b5b4-42c1-b914-4d351b2f652d,SHOP_037,BEN_00855,2026-01-16 11:40:09.024274,Rice,16,48.0,28.707215,77.215419,North Delhi,0
4f7c4994-2324-46f9-b79f-f41a554b3c0b,SHOP_012,BEN_01271,2026-01-16 11:41:22.024274,Wheat,11,22.0,28.618685,77.319017,East Delhi,0
c1949444-1b12-46c7-8e35-146f7fe14e9f,SHOP_002,BEN_00310,2026-01-16 11:46:44.024274,Wheat,8,16.0,28.648957,77.10634,West Delhi,0
018759bb-9dc1-4205-adf5-2f6eb6e712ce,SHOP_001,BEN_02996,2026-01-16 11:47:56.024274,Oil,2,100.0,28.563667,77.196744,South Delhi,0
66e66161-c8a5-47bb-9c32-f9aa25511c3a,SHOP_037,BEN_00095,2026-01-16 11:49:25.024274,Kerosene,1,25.0,28.707215,77.215419,North Delhi,0
7add5692-4d13-4d3c-9836-96b912f67479,SHOP_014,BEN_02567,2026-01-16 11:50:43.024274,Oil,2,100.0,28.708352,77.106686,Rohini,0
d7b32bc2-3dd3-4d15-8ee0-4fa3a729149e,SHOP_007,BEN_00718,2026-01-16 11:54:41.024274,Rice,18,54.0,28.520513,77.217525,South Delhi,0
dcc8ea3c-1d2b-44a9-a431-eee8200febc7,SHOP_038,BEN_01378,2026-01-16 11:56:57.024274,Wheat,5,10.0,28.737713,77.199062,North Delhi,0
044b4371-9dcc-4cb6-a351-3c5f812ddc9b,SHOP_019,BEN_00367,2026-01-16 11:58:35.024274,Wheat,14,28.0,28.631679,77.201199,Central Delhi,0
3fceacb3-ab0c-4a2f-99de-04d9784fddd2,SHOP_035,BEN_00251,2026-01-16 12:00:03.024274,Oil,2,100.0,28.715607,77.125559,Rohini,0
389675b8-39d4-401f-b111-16e4552ec518,SHOP_002,BEN_01082,2026-01-16 12:08:49.024274,Wheat,17,34.0,28.648957,77.10634,West Delhi,0
744fce30-5be0-4cd2-88a5-243356cb62b4,SHOP_025,BEN_00174,2026-01-16 12:09:27.024274,Wheat,10,20.0,28.624929,77.222474,Central Delhi,0
01752bd8-e7b1-4feb-910a-f03c07d5d885,SHOP_028,BEN_00503,2026-01-16 12:12:37.024274,Wheat,10,20.0,28.644078,77.187159,Central Delhi,0
c5b00fe4-d060-4081-a9d8-158863bb1865,SHOP_003,BEN_02501,2026-01-16 12:15:58.024274,Wheat,12,24.0,28.506364,77.204896,South Delhi,0
1880a2a0-789a-49bd-9d21-942d9f141809,SHOP_035,BEN_00807,2026-01-16 12:16:22.024274,Wheat,12,24.0,28.715607,77.125559,Rohini,0
0e54b2e9-8f7a-4631-b413-453edf416765,SHOP_023,BEN_00231,2026-01-16 12:22:48.024274,Sugar,2,40.0,28.592266,77.310411,East Delhi,0
56d48d52-7255-476e-a4a6-372609873043,SHOP_048,BEN_00407,2026-01-16 12:38:34.024274,Wheat,9,18.0,28.596532,77.044874,Dwarka,0
8a3e8ac7-76d7-4d20-8bb3-c7be7d2ee674,SHOP_001,BEN_01401,2026-01-16 12:41:37.024274,Wheat,11,22.0,28.563667,77.196744,South Delhi,0
9917dda4-d574-4a52-a425-29787bfce3d8,SHOP_008,BEN_02016,2026-01-16 12:46:35.024274,Kerosene,1,25.0,28.666336,77.103257,West Delhi,0
9aef1ffc-d0e9-41b8-a087-9566fef04db7,SHOP_007,BEN_02461,2026-01-16 12:50:22.024274,Sugar,3,60.0,28.520513,77.217525,South Delhi,0
cca9acbc-0828-4a71-aa7b-64a6dbcb0da3,SHOP_047,BEN_02744,2026-01-16 12:52:48.024274,Oil,1,50.0,28.715937,77.10426,Rohini,0
566b1b64-da6b-4e8b-b285-44a194fa39d4,SHOP_038,BEN_00199,2026-01-16 12:53:05.024274,Sugar,2,40.0,28.737713,77.199062,North Delhi,0
9a4fe678-da52-47b8-8b17-3f125b90fb67,SHOP_013,BEN_02984,2026-01-16 12:54:45.024274,Sugar,1,20.0,28.689861,77.183213,North Delhi,0
f0d7784a-33ea-4e5b-9a37-9b3400fd04c4,SHOP_030,BEN_02195,2026-01-16 13:13:53.024274,Kerosene,3,75.0,28.656014,77.071143,West Delhi,0
8d5f93b9-49a4-438b-94cb-b6756cc6866a,SHOP_028,BEN_01223,2026-01-16 13:16:24.024274,Sugar,2,40.0,28.644078,77.187159,Central Delhi,0
ca1ea008-07eb-4441-b6e2-ac41759b72c9,SHOP_038,BEN_02456,2026-01-16 13:25:27.024274,Wheat,14,28.0,28.737713,77.199062,North Delhi,0
9f168334-2da9-4915-af3f-6d6564d96fc9,SHOP_023,BEN_02378,2026-01-16 13:29:40.024274,Oil,1,50.0,28.592266,77.310411,East Delhi,0
1aa973d7-d7b7-4e81-b737-c298b45c069f,SHOP_011,BEN_02364,2026-01-16 13:30:06.024274,Sugar,2,40.0,28.732554,77.205993,North Delhi,0
1a167394-de33-4734-9947-83a253810498,SHOP_006,BEN_02922,2026-01-16 13:37:02.024274,Oil,1,50.0,28.6356,77.229758,Central Delhi,0
113ac097-702b-4d48-9f5f-5642937f1e24,SHOP_050,BEN_01827,2026-01-16 13:38:57.024274,Kerosene,2,50.0,28.560938,77.180795,South Delhi,0
90c553ad-92b6-4ddb-934a-235de32735c8,SHOP_041,BEN_01554,2026-01-16 13:48:29.024274,Oil,2,100.0,28.676266,77.100986,West Delhi,0
14ad0d9a-1557-4c3b-b818-9b871d2be483,SHOP_015,BEN_02074,2026-01-16 13:50:36.024274,Kerosene,3,75.0,28.630112,77.110956,West Delhi,0
b975683f-68a9-4f7b-844f-2b43d5479a8e,SHOP_021,BEN_00070,2026-01-16 13:53:22.024274,Oil,2,100.0,28.654216,77.114329,West Delhi,0
85550b14-6e86-49f9-9720-8f4436b32919,SHOP_013,BEN_01493,2026-01-16 13:53:35.024274,Rice,20,60.0,28.689861,77.183213,North Delhi,0
1d1da4c2-14b8-49ac-a4e6-987b029c521c,SHOP_016,BEN_01170,2026-01-16 13:55:34.024274,Wheat,14,28.0,28.644796,77.107779,West Delhi,0
703a22cc-e670-4fc9-8630-07afc4d50b76,SHOP_001,BEN_01794,2026-01-16 13:59:50.024274,Oil,2,100.0,28.563667,77.196744,South Delhi,0
07a5bc23-22b9-4f4d-a5d4-84598a4366ef,SHOP_018,BEN_01276,2026-01-16 14:10:37.024274,Wheat,17,34.0,28.610429,77.188088,Central Delhi,0
ddc22897-4ae9-4fb4-8acb-8863c82d06a5,SHOP_002,BEN_02373,2026-01-16 14:13:25.024274,Rice,6,18.0,28.648957,77.10634,West Delhi,0
40d1d679-6207-4875-a2c5-84b7184b9b66,SHOP_002,BEN_01485,2026-01-16 14:17:40.024274,Kerosene,2,50.0,28.648957,77.10634,West Delhi,0
e6bc93a8-5722-46a9-aabc-f76ac9fdef8e,SHOP_023,BEN_02647,2026-01-16 14:32:01.024274,Rice,5,15.0,28.592266,77.310411,East Delhi,0
e3ea3f4f-a0ea-437d-87b8-c2b816641848,SHOP_009,BEN_01241,2026-01-16 14:32:35.024274,Rice,16,48.0,28.633713,77.107844,West Delhi,0
d5e172e7-43dd-4603-9c8c-7fc5c8d358e8,SHOP_031,BEN_00635,2026-01-16 14:34:48.024274,Wheat,12,24.0,28.727982,77.18544,North Delhi,0
9875c044-b1be-4c23-8328-5de806adb6ad,SHOP_025,BEN_00702,2026-01-16 14:34:53.024274,Sugar,2,40.0,28.624929,77.222474,Central Delhi,0
23943b75-6cc5-4359-9201-8ae29c395471,SHOP_029,BEN_01304,2026-01-16 14:35:48.024274,Wheat,10,20.0,28.583723,77.064561,Dwarka,0
05fb16c5-bbbe-4c03-b5d3-949e3e92516e,SHOP_034,BEN_00716,2026-01-16 14:36:51.024274,Rice,11,33.0,28.586699,77.035213,Dwarka,0
6a688065-2896-4ec2-bc5c-9d5c65cbb59d,SHOP_039,BEN_00348,2026-01-16 14:37:14.024274,Sugar,3,60.0,28.707365,77.109479,Rohini,0
5946bafa-5807-498d-b602-d2f2f2754e48,SHOP_023,BEN_00561,2026-01-16 14:38:46.024274,Oil,1,50.0,28.592266,77.310411,East Delhi,0
901390d8-6407-48ce-b88f-e9f4113700f0,SHOP_030,BEN_01089,2026-01-16 14:46:26.024274,Wheat,16,32.0,28.656014,77.071143,West Delhi,0
4a1ded3d-bd62-4a79-ac39-7d9f4aaeb532,SHOP_036,BEN_01108,2026-01-16 14:47:10.024274,Rice,15,45.0,28.73997,77.11894,Rohini,0
15fd2530-9e6d-4b64-abad-e6647606d7d6,SHOP_008,BEN_02102,2026-01-16 14:52:18.024274,Rice,17,51.0,28.666336,77.103257,West Delhi,0
8d3bbcb9-8e9d-4c9f-883e-087dcc5df577,SHOP_042,BEN_02338,2026-01-16 14:52:49.024274,Sugar,1,20.0,28.598757,77.020815,Dwarka,0
60dcc217-ae56-472a-8beb-f8774dfe7fa1,SHOP_045,BEN_01608,2026-01-16 14:54:38.024274,Rice,17,51.0,28.633767,77.205731,Central Delhi,0
869db1bc-c421-473c-b3e8-69d8a50b0f8a,SHOP_025,BEN_02495,2026-01-16 14:55:02.024274,Rice,6,18.0,28.624929,77.222474,Central Delhi,0
583cca8c-8c54-4f15-9785-aa82f4565ff0,SHOP_021,BEN_01553,2026-01-16 14:57:12.024274,Oil,1,50.0,28.654216,77.114329,West Delhi,0
7090c4b7-2aad-443a-9fb5-3dd0e6285dbf,SHOP_014,BEN_00166,2026-01-16 15:00:32.024274,Rice,16,48.0,28.708352,77.106686,Rohini,0
a2324173-44ae-4caf-950c-87b472fe6c45,SHOP_046,BEN_02425,2026-01-16 15:01:33.024274,Wheat,17,34.0,28.634402,77.315239,East Delhi,0
fbc7d365-6bdb-463d-a691-dd15c73fa233,SHOP_026,BEN_01256,2026-01-16 15:01:56.024274,Sugar,2,40.0,28.645158,77.323228,East Delhi,0
80139007-0604-40c1-9319-8eb40b575211,SHOP_016,BEN_01551,2026-01-16 15:04:51.024274,Wheat,17,34.0,28.644796,77.107779,West Delhi,0
aae3b7f3-e0e3-4a7d-9028-b668dc69b4ee,SHOP_029,BEN_02171,2026-01-16 15:06:02.024274,Oil,2,100.0,28.583723,77.064561,Dwarka,0
0ce68660-d451-4f28-801d-fb3680927a6f,SHOP_023,BEN_02114,2026-01-16 15:07:19.024274,Kerosene,2,50.0,28.592266,77.310411,East Delhi,0
a76f78e6-7228-4b61-9040-e2de1261edfb,SHOP_026,BEN_02091,2026-01-16 15:08:13.024274,Wheat,18,36.0,28.645158,77.323228,East Delhi,0
89402c4a-ed3c-4cbb-a788-87cfe3517092,SHOP_023,BEN_01961,2026-01-16 15:08:27.024274,Sugar,3,60.0,28.592266,77.310411,East Delhi,0
9e9e5b67-6d9d-4beb-823a-fea450cbe4cd,SHOP_036,BEN_00437,2026-01-16 15:16:29.024274,Sugar,1,20.0,28.73997,77.11894,Rohini,0
310fe844-7687-4e52-8301-a702ba93c3cd,SHOP_013,BEN_01663,2026-01-16 15:16:55.024274,Wheat,18,36.0,28.689861,77.183213,North Delhi,0
484e5780-79d5-4132-a068-0df2cdcdec24,SHOP_017,BEN_02774,2026-01-16 15:21:05.024274,Kerosene,3,75.0,28.722696,77.129286,Rohini,0
b189da50-75fa-4992-9549-0b1141530202,SHOP_031,BEN_00618,2026-01-16 15:21:50.024274,Oil,2,100.0,28.727982,77.18544,North Delhi,0
709f8ac4-7ff4-45ad-aa5c-6e9b77a45f8a,SHOP_050,BEN_00717,2026-01-16 15:22:42.024274,Sugar,1,20.0,28.560938,77.180795,South Delhi,0
5915d9ca-6365-4293-9485-4aa04afd8107,SHOP_030,BEN_01207,2026-01-16 15:25:05.024274,Wheat,11,22.0,28.656014,77.071143,West Delhi,0
d919d6d2-9e5e-469f-a7a6-7e8ec22114f8,SHOP_037,BEN_01442,2026-01-16 15:28:50.024274,Wheat,15,30.0,28.707215,77.215419,North Delhi,0
229db185-f12d-4417-84d8-e4407f784f2e,SHOP_027,BEN_00193,2026-01-16 15:30:25.024274,Rice,10,30.0,28.603311,77.025358,Dwarka,0
d8dbdd9d-faea-41f5-b828-8e2128b3b837,SHOP_022,BEN_01853,2026-01-16 15:34:54.024274,Rice,14,42.0,28.696907,77.177649,North Delhi,0
b3062a80-7166-4e70-970e-8ee3ca40551b,SHOP_045,BEN_01166,2026-01-16 15:43:12.024274,Sugar,2,40.0,28.633767,77.205731,Central Delhi,0
30cd12c9-7f82-40a5-8b28-b5af3cdd0941,SHOP_038,BEN_01779,2026-01-16 15:53:44.024274,Wheat,16,32.0,28.737713,77.199062,North Delhi,0
cbfdaedb-e9d2-423a-ad34-4fb99b3570db,SHOP_023,BEN_01986,2026-01-16 15:59:47.024274,Oil,1,50.0,28.592266,77.310411,East Delhi,0
c5233f8a-5421-47cc-ac2a-8b8edb5fc47e,SHOP_004,BEN_01184,2026-01-16 16:05:42.024274,Kerosene,2,50.0,28.709316,77.129745,Rohini,0
5a24e9a0-7de9-4ca2-8d95-8304d505cbcf,SHOP_040,BEN_00114,2026-01-16 16:07:09.024274,Rice,7,21.0,28.673266,77.089259,West Delhi,0
c4da6a12-7ba9-4115-996a-83f427f5a65b,SHOP_042,BEN_01396,2026-01-16 16:07:47.024274,Sugar,2,40.0,28.598757,77.020815,Dwarka,0
386346d0-0681-4832-a2b6-5f54ededfc7a,SHOP_014,BEN_01936,2026-01-16 16:12:34.024274,Wheat,10,20.0,28.708352,77.106686,Rohini,0
e9f2a4cd-69ba-4256-92ec-b1a622e03f4c,SHOP_008,BEN_02412,2026-01-16 16:14:04.024274,Kerosene,2,50.0,28.666336,77.103257,West Delhi,0
3174dfed-ac65-472a-ba17-d6c4b723bf20,SHOP_030,BEN_00758,2026-01-16 16:20:01.024274,Kerosene,3,75.0,28.656014,77.071143,West Delhi,0
18f16f8d-3474-4ec2-8688-e102c7c82ab8,SHOP_019,BEN_02971,2026-01-16 16:20:53.024274,Sugar,2,40.0,28.631679,77.201199,Central Delhi,0
28c6299d-d59e-4d3b-851f-642d6c9e4632,SHOP_005,BEN_01133,2026-01-16 16:26:34.024274,Wheat,11,22.0,28.599771,77.274279,East Delhi,0
669436d0-76ca-4763-b8cc-46c5b393a5e1,SHOP_015,BEN_00115,2026-01-16 16:27:02.024274,Kerosene,3,75.0,28.630112,77.110956,West Delhi,0
220ae29c-7dc9-4735-8640-e5eb325fbf38,SHOP_008,BEN_01457,2026-01-16 16:29:01.024274,Sugar,1,20.0,28.666336,77.103257,West Delhi,0
f50ccff3-7d85-4fee-9ef4-454811a60073,SHOP_033,BEN_00824,2026-01-16 16:31:05.024274,Rice,7,21.0,28.731131,77.204781,North Delhi,0
bcc375cd-431d-42f8-8b13-17b59b0223c8,SHOP_021,BEN_00345,2026-01-16 16:31:13.024274,Kerosene,1,25.0,28.654216,77.114329,West Delhi,0
1d319bc1-e8c9-4f10-ae15-2673785fb4dd,SHOP_043,BEN_02376,2026-01-16 16:34:09.024274,Oil,2,100.0,28.561519,77.048283,Dwarka,0
cff624cb-09fd-40cc-9c06-330718eaa5f2,SHOP_038,BEN_02552,2026-01-16 16:36:28.024274,Kerosene,3,75.0,28.737713,77.199062,North Delhi,0
cf3ffcca-35ac-4207-8ecc-c340a0f6c519,SHOP_014,BEN_00715,2026-01-16 16:43:00.024274,Wheat,8,16.0,28.708352,77.106686,Rohini,0
3ffc6603-fb17-402d-b661-5410b6a2bb60,SHOP_028,BEN_00506,2026-01-16 16:43:51.024274,Oil,1,50.0,28.644078,77.187159,Central Delhi,0
adc39b07-d940-4980-bdce-7efb2fc65b6f,SHOP_042,BEN_02999,2026-01-16 16:45:56.024274,Oil,2,100.0,28.598757,77.020815,Dwarka,0
7eeac005-6d41-4bef-8ac0-3bc0a7a1ca00,SHOP_021,BEN_00734,2026-01-16 16:55:55.024274,Wheat,6,12.0,28.654216,77.114329,West Delhi,0
edfa2aef-29a0-461d-94c3-b59ac24c9faa,SHOP_021,BEN_01564,2026-01-16 16:59:52.024274,Rice,18,54.0,28.654216,77.114329,West Delhi,0
2296513d-3d5a-4470-9c59-b23e9f8ec24d,SHOP_048,BEN_00799,2026-01-16 17:05:29.024274,Wheat,7,14.0,28.596532,77.044874,Dwarka,0
adf852db-a7b8-44e3-8aca-9800fb8106ac,SHOP_012,BEN_02040,2026-01-16 17:05:31.024274,Wheat,10,20.0,28.618685,77.319017,East Delhi,0
9c27691f-373a-4134-98de-c5ffae6ae0a9,SHOP_033,BEN_01681,2026-01-16 17:07:19.024274,Wheat,10,20.0,28.731131,77.204781,North Delhi,0
dd85637a-8f12-4c32-ba5e-a1c31e72bb8e,SHOP_037,BEN_00217,2026-01-16 17:09:16.024274,Wheat,11,22.0,28.707215,77.215419,North Delhi,0
a1fe8826-47ff-47fb-9bc4-caf2d3864b40,SHOP_019,BEN_00748,2026-01-16 17:09:47.024274,Wheat,19,38.0,28.631679,77.201199,Central Delhi,0
772e87ab-5c20-4568-a949-1bc2cc079eef,SHOP_034,BEN_01648,2026-01-16 17:15:36.024274,Oil,2,100.0,28.586699,77.035213,Dwarka,0
e14e4ece-6218-4e54-acd1-a1dbb5da5a41,SHOP_029,BEN_00993,2026-01-16 17:16:55.024274,Sugar,2,40.0,28.583723,77.064561,Dwarka,0
6d662b3c-a778-45ae-b705-d6ec622c2eb6,SHOP_031,BEN_02339,2026-01-16 17:17:35.024274,Oil,1,50.0,28.727982,77.18544,North Delhi,0
277c967c-6656-437e-9f3a-14b361db07e3,SHOP_019,BEN_02595,2026-01-16 17:19:00.024274,Kerosene,2,50.0,28.631679,77.201199,Central Delhi,0
254da694-dbbd-4916-b75b-a30a4bfeae5a,SHOP_020,BEN_01612,2026-01-16 17:19:22.024274,Kerosene,1,25.0,28.736478,77.119912,Rohini,0
f57b7210-40bc-40cd-8636-f0f31060a351,SHOP_040,BEN_02673,2026-01-16 17:20:05.024274,Kerosene,3,75.0,28.673266,77.089259,West Delhi,0
6abf51c7-3297-4bcf-8462-ac5edfd7aa2b,SHOP_037,BEN_00248,2026-01-16 17:22:21.024274,Wheat,7,14.0,28.707215,77.215419,North Delhi,0
f7ac4c7e-a7e0-4d81-8db2-d86fe21517b3,SHOP_021,BEN_02931,2026-01-16 17:23:57.024274,Oil,2,100.0,28.654216,77.114329,West Delhi,0
50fe87b1-1903-4a5a-a2cd-e3bd9b646e92,SHOP_016,BEN_02865,2026-01-16 17:32:12.024274,Oil,1,50.0,28.644796,77.107779,West Delhi,0
07f8be9d-3ef7-4864-88f8-30c68e3272ef,SHOP_046,BEN_00659,2026-01-16 17:32:20.024274,Sugar,3,60.0,28.634402,77.315239,East Delhi,0
1332696d-ab8b-4ca0-9575-48c722f417f9,SHOP_010,BEN_02621,2026-01-16 17:41:02.024274,Rice,7,21.0,28.581134,77.064005,Dwarka,0
9360c934-49e3-44eb-b2dc-5a648d801c91,SHOP_029,BEN_00987,2026-01-16 17:41:56.024274,Kerosene,2,50.0,28.583723,77.064561,Dwarka,0
e54196b2-637a-411a-b724-979634b65d4e,SHOP_030,BEN_01136,2026-01-16 17:44:03.024274,Oil,2,100.0,28.656014,77.071143,West Delhi,0
294584d1-fec7-4ba9-b1f4-f39125d6fa5a,SHOP_001,BEN_00550,2026-01-16 18:10:23.024274,Kerosene,1,25.0,28.563667,77.196744,South Delhi,0
0b30642d-c8f3-4a76-a806-cbd23d720cb5,SHOP_040,BEN_01367,2026-01-16 18:20:07.024274,Sugar,3,60.0,28.673266,77.089259,West Delhi,0
ecd783fd-6481-425c-a63e-5c45b971ccf6,SHOP_039,BEN_01009,2026-01-16 18:21:41.024274,Kerosene,3,75.0,28.707365,77.109479,Rohini,0
513eaece-238d-4713-9650-3726cd1e6f47,SHOP_013,BEN_01200,2026-01-16 18:24:27.024274,Sugar,1,20.0,28.689861,77.183213,North Delhi,0
57e4bf38-3c4f-40f1-a0a3-74c4515df89b,SHOP_006,BEN_01915,2026-01-16 18:24:30.024274,Oil,1,50.0,28.6356,77.229758,Central Delhi,0
15821fd1-c3c8-4615-8f89-6f86f0bc3a69,SHOP_047,BEN_02641,2026-01-16 18:25:13.024274,Kerosene,1,25.0,28.715937,77.10426,Rohini,0
3209dcfc-7952-4e5f-8e57-a65d3fe90174,SHOP_045,BEN_02508,2026-01-16 18:30:01.024274,Rice,16,48.0,28.633767,77.205731,Central Delhi,0
e162f9ca-5a11-4bd1-8837-d31c189b09b8,SHOP_035,BEN_01845,2026-01-16 18:32:27.024274,Oil,1,50.0,28.715607,77.125559,Rohini,0
78524d69-4c84-4b90-b579-ada9854fbb64,SHOP_041,BEN_01603,2026-01-16 18:34:01.024274,Rice,17,51.0,28.676266,77.100986,West Delhi,0
f438bc4b-4780-46d5-9390-4e87130f8dd1,SHOP_012,BEN_02673,2026-01-16 18:40:06.024274,Rice,12,36.0,28.618685,77.319017,East Delhi,0
64e737c7-d028-45f9-ab11-7953e5f9cadd,SHOP_048,BEN_00536,2026-01-16 18:45:07.024274,Kerosene,3,75.0,28.596532,77.044874,Dwarka,0
f251e610-8e42-4284-8299-7b8259da69ba,SHOP_005,BEN_00494,2026-01-16 18:47:54.024274,Kerosene,3,75.0,28.599771,77.274279,East Delhi,0
9792a154-55c2-464c-a52d-92c4230c894d,SHOP_034,BEN_01602,2026-01-16 18:53:32.024274,Sugar,2,40.0,28.586699,77.035213,Dwarka,0
c44d191f-4df7-4dfc-9824-ab744ef07fa8,SHOP_027,BEN_01622,2026-01-16 18:55:02.024274,Rice,7,21.0,28.603311,77.025358,Dwarka,0
d0a8cf7e-830e-4019-8838-7e3e1731957b,SHOP_046,BEN_01629,2026-01-16 18:56:25.024274,Rice,17,51.0,28.634402,77.315239,East Delhi,0
e4ce205b-9eee-4257-a3dc-aa6b527f43c2,SHOP_048,BEN_02864,2026-01-16 19:05:02.024274,Kerosene,3,75.0,28.596532,77.044874,Dwarka,0
4f7c0a11-0f61-49a7-8add-7f188433cac7,SHOP_028,BEN_00037,2026-01-16 19:14:41.024274,Sugar,1,20.0,28.644078,77.187159,Central Delhi,0
e1b32011-4d96-4e6b-8d81-233abfa74d2a,SHOP_002,BEN_01908,2026-01-16 19:15:22.024274,Rice,9,27.0,28.648957,77.10634,West Delhi,0
05f403ea-2d6f-44fc-a5a2-10e988f9ccb7,SHOP_030,BEN_02498,2026-01-16 19:16:53.024274,Rice,5,15.0,28.656014,77.071143,West Delhi,0
6c5a294c-622a-446f-8c7b-d1925c9b959d,SHOP_007,BEN_00626,2026-01-16 19:17:57.024274,Kerosene,1,25.0,28.520513,77.217525,South Delhi,0
80b865c2-208d-47db-a092-0a206bdf73b3,SHOP_035,BEN_01463,2026-01-16 19:19:33.024274,Wheat,14,28.0,28.715607,77.125559,Rohini,0
c6661b24-1296-4d81-8e1e-4da5ac7ace44,SHOP_015,BEN_01775,2026-01-16 19:23:06.024274,Sugar,1,20.0,28.630112,77.110956,West Delhi,0
cd023e52-3ae9-45d8-83d3-d3652e433edd,SHOP_045,BEN_01570,2026-01-16 19:24:09.024274,Sugar,1,20.0,28.633767,77.205731,Central Delhi,0
ce618280-d17e-4f25-8a82-19572d486ba0,SHOP_024,BEN_02206,2026-01-16 19:31:01.024274,Sugar,2,40.0,28.505958,77.198023,South Delhi,0
8befc6a5-3d35-45e2-ba72-ac485fc0c61f,SHOP_022,BEN_01452,2026-01-16 19:35:37.024274,Rice,15,45.0,28.696907,77.177649,North Delhi,0
1a64c2ec-ef33-4f99-ad2d-a0fafd26da1a,SHOP_041,BEN_00426,2026-01-16 19:35:46.024274,Rice,14,42.0,28.676266,77.100986,West Delhi,0
817b67db-b467-416c-8b0f-30010ea7de04,SHOP_032,BEN_02873,2026-01-16 19:50:44.024274,Wheat,18,36.0,28.708017,77.126743,Rohini,0
e749abe1-551f-4393-ad5c-c4b7c823c7bc,SHOP_025,BEN_00853,2026-01-17 02:20:58.024274,Sugar,1,20.0,28.624929,77.222474,Central Delhi,1
2447e1a2-005a-4aa0-8cb8-5296692fe1f4,SHOP_012,BEN_01281,2026-01-17 03:48:05.024274,Sugar,3,60.0,28.618685,77.319017,East Delhi,1
271c22ab-0803-4043-a42f-8747b6fbe4aa,SHOP_039,BEN_00403,2026-01-17 08:07:44.024274,Wheat,7,14.0,28.707365,77.109479,Rohini,0
bae5e464-77be-4e64-aa86-bce38184df08,SHOP_001,BEN_02755,2026-01-17 08:11:53.024274,Rice,8,24.0,28.563667,77.196744,South Delhi,0
d093eb90-34ac-445d-bbc0-2f48d01d3ccc,SHOP_039,BEN_02623,2026-01-17 08:15:31.024274,Kerosene,1,25.0,28.707365,77.109479,Rohini,0
01f420b7-c55f-4279-ad8d-74baae739812,SHOP_044,BEN_00065,2026-01-17 08:18:13.024274,Rice,6,18.0,28.615898,77.224361,Central Delhi,0
367752ef-4c87-45da-8c22-e419319e7e50,SHOP_039,BEN_00400,2026-01-17 08:21:18.024274,Oil,2,100.0,28.707365,77.109479,Rohini,0
5ca56fb8-e897-4898-9060-85fcc28c37cf,SHOP_036,BEN_02507,2026-01-17 08:22:04.024274,Sugar,2,40.0,28.73997,77.11894,Rohini,0
b372c4c8-518e-457b-828f-f0f15bb93092,SHOP_011,BEN_00578,2026-01-17 08:22:38.024274,Sugar,1,20.0,28.732554,77.205993,North Delhi,0
10521e5c-1d83-4abc-a50f-819fafb45cac,SHOP_014,BEN_00315,2026-01-17 08:28:16.024274,Wheat,7,14.0,28.708352,77.106686,Rohini,0
6c748131-5220-4667-b128-6c2fee880067,SHOP_027,BEN_01494,2026-01-17 08:29:13.024274,Kerosene,2,50.0,28.603311,77.025358,Dwarka,0
0a02fe45-a869-4c14-8fa7-b02cf115ffb1,SHOP_030,BEN_00642,2026-01-17 08:29:18.024274,Oil,1,50.0,28.656014,77.071143,West Delhi,0
f5fece3d-0a92-4ad4-a346-a74bb5c8c84f,SHOP_024,BEN_02944,2026-01-17 08:29:32.024274,Wheat,6,12.0,28.505958,77.198023,South Delhi,0
223d2386-b45d-4e5f-b1a3-04c1229945b5,SHOP_037,BEN_00486,2026-01-17 08:30:35.024274,Rice,15,45.0,28.707215,77.215419,North Delhi,0
8334f634-654d-4503-b3ec-ac224beee2e1,SHOP_046,BEN_01174,2026-01-17 08:30:58.024274,Sugar,1,20.0,28.634402,77.315239,East Delhi,0
ba53eb56-8e8c-4265-9d25-934a9fd952d2,SHOP_049,BEN_00125,2026-01-17 08:35:24.024274,Oil,2,100.0,28.514677,77.242533,South Delhi,0
7c310941-2b33-4785-9208-5d8c9e50c02e,SHOP_039,BEN_02689,2026-01-17 08:38:06.024274,Wheat,15,30.0,28.707365,77.109479,Rohini,0
a847e4b7-a31d-49d7-acd6-485b0672f72b,SHOP_029,BEN_00554,2026-01-17 08:38:12.024274,Rice,20,60.0,28.583723,77.064561,Dwarka,0
98a2580b-5bb1-48a2-868f-66d0688334cc,SHOP_038,BEN_00751,2026-01-17 08:40:39.024274,Sugar,2,40.0,28.737713,77.199062,North Delhi,0
7466b856-3a6b-45c5-8b7b-1b0223a48493,SHOP_041,BEN_00238,2026-01-17 08:41:33.024274,Wheat,13,26.0,28.676266,77.100986,West Delhi,0
9048f9ed-0a04-4fd5-aaba-b3f6ffb667b3,SHOP_029,BEN_01724,2026-01-17 08:51:15.024274,Rice,7,21.0,28.583723,77.064561,Dwarka,0
aacba92f-063b-474a-a712-d213669a07bd,SHOP_012,BEN_01978,2026-01-17 08:52:54.024274,Wheat,14,28.0,28.618685,77.319017,East Delhi,0
fd497c13-164b-4988-85ee-c8a704588e79,SHOP_019,BEN_02627,2026-01-17 08:59:54.024274,Kerosene,1,25.0,28.631679,77.201199,Central Delhi,0
46ff1e5d-4d2c-43f5-af4b-ecf4a37f93b0,SHOP_045,BEN_01188,2026-01-17 08:59:56.024274,Oil,1,50.0,28.633767,77.205731,Central Delhi,0
9d6f40ee-c349-4924-a642-df097a683adb,SHOP_010,BEN_01539,2026-01-17 09:02:29.024274,Oil,2,100.0,28.581134,77.064005,Dwarka,0
2f128498-ca06-4420-ac3a-b22e743ca53e,SHOP_048,BEN_01534,2026-01-17 09:04:28.024274,Oil,1,50.0,28.596532,77.044874,Dwarka,0
747943a6-f04d-4acb-b7b8-1b7312f066a8,SHOP_041,BEN_02867,2026-01-17 09:08:56.024274,Oil,1,50.0,28.676266,77.100986,West Delhi,0
bad69c19-c7ea-4c00-a6ed-b6ddae194e63,SHOP_006,BEN_00312,2026-01-17 09:11:26.024274,Rice,16,48.0,28.6356,77.229758,Central Delhi,0
c7451cff-e996-48ec-b3cb-6d952980316f,SHOP_048,BEN_01416,2026-01-17 09:22:00.024274,Sugar,1,20.0,28.596532,77.044874,Dwarka,0
b1538372-5045-49fc-a315-72f1914ee5c5,SHOP_025,BEN_02580,2026-01-17 09:26:57.024274,Wheat,15,30.0,28.624929,77.222474,Central Delhi,0
5ec5526c-af22-4b4c-b436-d12ed4dd137f,SHOP_032,BEN_02409,2026-01-17 09:30:06.024274,Kerosene,1,25.0,28.708017,77.126743,Rohini,0
c4fcc1e5-e312-4fb6-a075-1e0e23bc2ac7,SHOP_022,BEN_02661,2026-01-17 09:31:52.024274,Wheat,11,22.0,28.696907,77.177649,North Delhi,0
1050c578-df97-4886-a8c4-a2b04f80fbf5,SHOP_040,BEN_02509,2026-01-17 09:36:47.024274,Sugar,3,60.0,28.673266,77.089259,West Delhi,0
5ecc7a8a-afdb-44b8-ad97-1d18fbbf4f71,SHOP_010,BEN_00488,2026-01-17 09:39:09.024274,Wheat,18,36.0,28.581134,77.064005,Dwarka,0
ca1aed9a-70f3-40d3-b900-9d1f81f578a3,SHOP_024,BEN_02599,2026-01-17 09:50:07.024274,Sugar,1,20.0,28.505958,77.198023,South Delhi,0
83541969-6221-445f-a8ed-5005c167bb6c,SHOP_014,BEN_02345,2026-01-17 09:53:40.024274,Rice,13,39.0,28.708352,77.106686,Rohini,0
f8149ee0-f96d-44ef-84a9-eeb8cad659e4,SHOP_034,BEN_00826,2026-01-17 09:56:21.024274,Oil,1,50.0,28.586699,77.035213,Dwarka,0
e0cafff9-aadc-4de6-8b5a-36ac183950e3,SHOP_008,BEN_01216,2026-01-17 10:00:29.024274,Wheat,11,22.0,28.666336,77.103257,West Delhi,0
1825a508-1b97-46e5-8d55-7241b2036213,SHOP_011,BEN_00152,2026-01-17 10:22:51.024274,Oil,1,50.0,28.732554,77.205993,North Delhi,0
a8d72e12-ce2f-4d28-bf85-cf627380eeb9,SHOP_028,BEN_02286,2026-01-17 10:28:56.024274,Sugar,1,20.0,28.644078,77.187159,Central Delhi,0
286baf6b-6e50-4506-bbaf-d6877299e8d4,SHOP_022,BEN_02901,2026-01-17 10:36:26.024274,Kerosene,1,25.0,28.696907,77.177649,North Delhi,0
9f639454-1157-4c2d-8171-d37814301a2d,SHOP_002,BEN_02992,2026-01-17 10:37:27.024274,Oil,2,100.0,28.648957,77.10634,West Delhi,0
6ec24a9a-e3f7-4cee-a44a-796174acc73c,SHOP_025,BEN_02080,2026-01-17 10:38:04.024274,Sugar,2,40.0,28.624929,77.222474,Central Delhi,0
6f3e6086-e354-4fb8-a4ee-26aee7ce44fc,SHOP_018,BEN_02832,2026-01-17 10:42:54.024274,Rice,20,60.0,28.610429,77.188088,Central Delhi,0
31a734dc-5957-49b6-8f16-1a6b5e240bea,SHOP_020,BEN_00517,2026-01-17 10:44:34.024274,Sugar,3,60.0,28.736478,77.119912,Rohini,0
55394411-07b7-4dc1-8a8b-cf87be75554a,SHOP_029,BEN_00888,2026-01-17 10:49:43.024274,Sugar,3,60.0,28.583723,77.064561,Dwarka,0
098d7bc3-7a6f-4f3d-8b4e-03fee6f228a8,SHOP_038,BEN_01989,2026-01-17 10:53:50.024274,Kerosene,3,75.0,28.737713,77.199062,North Delhi,0
1923fc28-4899-4b5f-a169-00f5dad8034c,SHOP_014,BEN_00204,2026-01-17 10:59:36.024274,Kerosene,3,75.0,28.708352,77.106686,Rohini,0
6f04c618-48e7-4bcb-97e6-04f34c0318d6,SHOP_020,BEN_02613,2026-01-17 11:02:33.024274,Sugar,1,20.0,28.736478,77.119912,Rohini,0
446082b3-bf5b-44b9-bd67-2fff93136074,SHOP_006,BEN_01987,2026-01-17 11:06:46.024274,Kerosene,3,75.0,28.6356,77.229758,Central Delhi,0
18f1b1aa-fb82-491f-b20f-175620aa24c6,SHOP_008,BEN_01268,2026-01-17 11:11:57.024274,Oil,1,50.0,28.666336,77.103257,West Delhi,0
1bff7091-27ec-454c-9552-1791cfd1af2a,SHOP_043,BEN_02934,2026-01-17 11:15:33.024274,Oil,1,50.0,28.561519,77.048283,Dwarka,0
97307d1b-6143-43bc-9a51-8d136e47f26a,SHOP_034,BEN_02886,2026-01-17 11:32:17.024274,Rice,17,51.0,28.586699,77.035213,Dwarka,0
2d31044a-e713-4828-b39e-ede07341a814,SHOP_047,BEN_00365,2026-01-17 11:39:32.024274,Oil,2,100.0,28.715937,77.10426,Rohini,0
2004c2c5-c38c-4a26-9138-051650b33515,SHOP_039,BEN_01142,2026-01-17 11:39:49.024274,Kerosene,3,75.0,28.707365,77.109479,Rohini,0
e40c77b1-c732-4fae-8227-5e584fd6ed14,SHOP_010,BEN_02164,2026-01-17 11:46:41.024274,Oil,1,50.0,28.581134,77.064005,Dwarka,0
1b2ef33b-a268-45b5-9e38-9fe8cdfeaba3,SHOP_019,BEN_00366,2026-01-17 11:46:43.024274,Oil,1,50.0,28.631679,77.201199,Central Delhi,0
161e9719-9589-4219-abd7-151f5306e386,SHOP_018,BEN_00670,2026-01-17 11:53:56.024274,Wheat,7,14.0,28.610429,77.188088,Central Delhi,0
78ccac02-12f6-4909-9509-750449614ef7,SHOP_049,BEN_01141,2026-01-17 11:56:57.024274,Kerosene,1,25.0,28.514677,77.242533,South Delhi,0
eb5b66c9-8a8b-4caa-918b-8155af87cd83,SHOP_044,BEN_02240,2026-01-17 11:58:53.024274,Rice,17,51.0,28.615898,77.224361,Central Delhi,0
ed6be2d1-7de2-41c0-b937-18b03e221ae0,SHOP_048,BEN_00188,2026-01-17 12:02:25.024274,Oil,2,100.0,28.596532,77.044874,Dwarka,0
c05b6680-f150-4ca1-a097-bea3e208bde4,SHOP_003,BEN_00272,2026-01-17 12:12:48.024274,Oil,1,50.0,28.506364,77.204896,South Delhi,0
ad41cf81-1ab8-44f5-96ca-56fb8afe120e,SHOP_005,BEN_00823,2026-01-17 12:17:34.024274,Sugar,3,60.0,28.599771,77.274279,East Delhi,0
46cb63a7-0965-4c77-a5a8-823e8526322a,SHOP_032,BEN_01363,2026-01-17 12:19:42.024274,Oil,1,50.0,28.708017,77.126743,Rohini,0
0b64b998-dc86-4b62-bd54-c36eca10e6bc,SHOP_016,BEN_01439,2026-01-17 12:25:10.024274,Sugar,3,60.0,28.644796,77.107779,West Delhi,0
d8ede7cd-4c05-4af4-a559-a099b1d4d45e,SHOP_035,BEN_01139,2026-01-17 12:26:12.024274,Rice,15,45.0,28.715607,77.125559,Rohini,0
55db52a9-9d8e-4ecb-86e4-e4083d5cf6dc,SHOP_008,BEN_00883,2026-01-17 12:30:40.024274,Kerosene,1,25.0,28.666336,77.103257,West Delhi,0
e22a9fe1-1e94-4e3f-a3b8-72b3465725f2,SHOP_045,BEN_01820,2026-01-17 12:37:15.024274,Wheat,19,38.0,28.633767,77.205731,Central Delhi,0
06017ca8-2334-4d99-b6f3-c07eb5f89b3f,SHOP_024,BEN_02304,2026-01-17 12:38:59.024274,Rice,7,21.0,28.505958,77.198023,South Delhi,0
b287d9d9-1599-47fe-bf23-6efabce8bb5e,SHOP_011,BEN_01643,2026-01-17 12:41:13.024274,Sugar,2,40.0,28.732554,77.205993,North Delhi,0
89ebf478-3272-4c03-b45f-c4237411790a,SHOP_012,BEN_02280,2026-01-17 12:52:48.024274,Kerosene,3,75.0,28.618685,77.319017,East Delhi,0
e0e3a1a9-87d2-467a-8630-b94d893a208a,SHOP_042,BEN_00285,2026-01-17 13:02:26.024274,Wheat,10,20.0,28.598757,77.020815,Dwarka,0
881b3227-65b3-430d-a6f2-1bdb378482d3,SHOP_034,BEN_02824,2026-01-17 13:10:07.024274,Wheat,9,18.0,28.586699,77.035213,Dwarka,0
b4f15e13-e066-4ee7-ad59-331059ab7751,SHOP_042,BEN_02741,2026-01-17 13:12:42.024274,Rice,8,24.0,28.598757,77.020815,Dwarka,0
b2833bb9-def7-4ff6-bd06-4ffcaf549db7,SHOP_027,BEN_00155,2026-01-17 13:13:31.024274,Oil,2,100.0,28.603311,77.025358,Dwarka,0
02705a11-7b4d-486e-903b-9a2f3aef24b3,SHOP_018,BEN_01807,2026-01-17 13:13:50.024274,Sugar,1,20.0,28.610429,77.188088,Central Delhi,0
9543c519-881d-4bf3-85d7-e50872f323b0,SHOP_045,BEN_02999,2026-01-17 13:19:52.024274,Wheat,17,34.0,28.633767,77.205731,Central Delhi,0
b3b6adbb-3e1e-49f6-a292-eadffba7c06b,SHOP_029,BEN_02562,2026-01-17 13:23:11.024274,Wheat,14,28.0,28.583723,77.064561,Dwarka,0
4739e263-feda-40e5-b710-8ba07f41bd70,SHOP_047,BEN_01512,2026-01-17 13:34:28.024274,Wheat,11,22.0,28.715937,77.10426,Rohini,0
05bcfd2c-60a8-481d-bc47-c824fd900868,SHOP_036,BEN_01210,2026-01-17 13:35:01.024274,Kerosene,3,75.0,28.73997,77.11894,Rohini,0
90e1fba2-fe7d-487c-b2e6-e055275bfcb4,SHOP_011,BEN_02433,2026-01-17 13:37:00.024274,Wheat,6,12.0,28.732554,77.205993,North Delhi,0
c340c621-5b3f-4197-ab82-8512a1e67a14,SHOP_029,BEN_00878,2026-01-17 13:45:20.024274,Kerosene,1,25.0,28.583723,77.064561,Dwarka,0
98ab3d31-f39a-42ce-b28c-30c12e358346,SHOP_036,BEN_01621,2026-01-17 13:46:45.024274,Oil,2,100.0,28.73997,77.11894,Rohini,0
148f823d-92c3-4fa7-8881-f0d4871c4f95,SHOP_009,BEN_01214,2026-01-17 13:48:06.024274,Sugar,3,60.0,28.633713,77.107844,West Delhi,0
a259c0ab-a266-4f1a-b26f-85b091ffb34d,SHOP_010,BEN_01810,2026-01-17 14:00:55.024274,Oil,1,50.0,28.581134,77.064005,Dwarka,0
8899ff05-dfe9-4b3d-97e5-57a816170cd5,SHOP_008,BEN_02647,2026-01-17 14:08:58.024274,Oil,2,100.0,28.666336,77.103257,West Delhi,0
0af2ae83-bf4f-4c00-b527-f26887e23361,SHOP_010,BEN_02170,2026-01-17 14:14:53.024274,Sugar,1,20.0,28.581134,77.064005,Dwarka,0
0d624379-49e7-45cc-adca-1c2f322acede,SHOP_040,BEN_01750,2026-01-17 14:18:24.024274,Kerosene,3,75.0,28.673266,77.089259,West Delhi,0
487080ec-8861-4ba4-96d7-62950cddd4ca,SHOP_021,BEN_02353,2026-01-17 14:19:12.024274,Sugar,1,20.0,28.654216,77.114329,West Delhi,0
b5833ffd-4c91-4c85-b687-cabc35a3ed59,SHOP_018,BEN_00091,2026-01-17 14:23:53.024274,Rice,15,45.0,28.610429,77.188088,Central Delhi,0
f09dfecb-3b20-4077-8b8c-d9495a6b25e5,SHOP_049,BEN_02360,2026-01-17 14:28:54.024274,Kerosene,1,25.0,28.514677,77.242533,South Delhi,0
f4b4cd04-e63a-4a6f-b1d7-65a2fdc9da48,SHOP_044,BEN_01338,2026-01-17 14:34:38.024274,Rice,17,51.0,28.615898,77.224361,Central Delhi,0
81da96f1-bb75-41a2-add3-20422087beb1,SHOP_030,BEN_01145,2026-01-17 14:39:25.024274,Wheat,20,40.0,28.656014,77.071143,West Delhi,0
9f608f59-c750-46a5-87ae-6c18e640fba0,SHOP_044,BEN_01291,2026-01-17 14:39:58.024274,Kerosene,1,25.0,28.615898,77.224361,Central Delhi,0
9efbbd9e-54e7-4258-aea3-536769d4a800,SHOP_042,BEN_00648,2026-01-17 14:40:05.024274,Oil,1,50.0,28.598757,77.020815,Dwarka,0
4c1a3a10-0e8e-4345-807b-d1b91938dda0,SHOP_031,BEN_02950,2026-01-17 14:49:12.024274,Rice,10,30.0,28.727982,77.18544,North Delhi,0
f9076ff4-56ec-4259-9ea6-6647edbc5601,SHOP_043,BEN_01385,2026-01-17 14:53:40.024274,Sugar,1,20.0,28.561519,77.048283,Dwarka,0
c29d4e08-b328-42c1-a3ae-b0d141f65b14,SHOP_015,BEN_02848,2026-01-17 14:54:11.024274,Kerosene,2,50.0,28.630112,77.110956,West Delhi,0
6ce90adb-53c0-4b38-877b-abf0cc5b4eff,SHOP_012,BEN_00483,2026-01-17 15:01:33.024274,Kerosene,1,25.0,28.618685,77.319017,East Delhi,0
3f319ba7-c5c6-43fc-97bb-b9926cbd70bc,SHOP_028,BEN_02926,2026-01-17 15:03:57.024274,Oil,2,100.0,28.644078,77.187159,Central Delhi,0
9c550491-0f5b-442a-9b5e-02e4daf1ebe2,SHOP_045,BEN_02403,2026-01-17 15:13:56.024274,Oil,2,100.0,28.633767,77.205731,Central Delhi,0
b839d8a1-4028-4e72-b5fd-5ceb5e9044f2,SHOP_023,BEN_00139,2026-01-17 15:15:18.024274,Kerosene,1,25.0,28.592266,77.310411,East Delhi,0
d2cfc38c-ed59-4f43-a5fb-4408eaa48457,SHOP_029,BEN_01731,2026-01-17 15:26:50.024274,Kerosene,1,25.0,28.583723,77.064561,Dwarka,0
525849f9-c6d8-4d83-a86e-b85998d13c3e,SHOP_015,BEN_00003,2026-01-17 15:29:19.024274,Sugar,2,40.0,28.630112,77.110956,West Delhi,0
17701c3a-53e4-418c-bfd5-9f180b58eebb,SHOP_032,BEN_01880,2026-01-17 15:30:00.024274,Wheat,17,34.0,28.708017,77.126743,Rohini,0
eb3a4a4c-5ca8-4f1a-b620-68cdbe0f9d0d,SHOP_021,BEN_01478,2026-01-17 15:30:01.024274,Sugar,2,40.0,28.654216,77.114329,West Delhi,0
e14859b1-2acb-4d21-995b-639e7b47dc1e,SHOP_035,BEN_02867,2026-01-17 15:33:00.024274,Oil,1,50.0,28.715607,77.125559,Rohini,0
69481e52-1019-46b8-8b91-5ee9132ad642,SHOP_024,BEN_02502,2026-01-17 15:42:09.024274,Kerosene,2,50.0,28.505958,77.198023,South Delhi,0
7292209c-184b-43d8-98a6-01e28514227f,SHOP_001,BEN_00121,2026-01-17 15:54:49.024274,Wheat,7,14.0,28.563667,77.196744,South Delhi,0
934b58d0-1254-4fff-8c41-3b15c028d3bc,SHOP_009,BEN_00748,2026-01-17 15:54:57.024274,Wheat,7,14.0,28.633713,77.107844,West Delhi,0
8c21fbc8-0b39-44d6-9b40-0651910b59a1,SHOP_043,BEN_01254,2026-01-17 15:55:20.024274,Sugar,2,40.0,28.561519,77.048283,Dwarka,0
682c1a37-99c7-4882-9d8d-ee150bb73d4c,SHOP_029,BEN_02742,2026-01-17 15:59:41.024274,Wheat,8,16.0,28.583723,77.064561,Dwarka,0
11b810b1-9da5-4ecd-8800-abc49ac045b3,SHOP_023,BEN_02399,2026-01-17 16:00:54.024274,Sugar,2,40.0,28.592266,77.310411,East Delhi,0
80848137-edef-4a89-9a85-be0dbd0afacb,SHOP_016,BEN_02466,2026-01-17 16:05:07.024274,Wheat,19,38.0,28.644796,77.107779,West Delhi,0
4264b74a-f8dd-41f9-9cfb-865ed6ec1e78,SHOP_047,BEN_01827,2026-01-17 16:09:23.024274,Kerosene,3,75.0,28.715937,77.10426,Rohini,0
ab92a009-d70a-44c2-a34b-0fad754bc20f,SHOP_037,BEN_02950,2026-01-17 16:17:41.024274,Sugar,2,40.0,28.707215,77.215419,North Delhi,0
e14072a4-b5f9-467d-b77a-d9fba3d785c7,SHOP_034,BEN_01629,2026-01-17 16:23:31.024274,Rice,20,60.0,28.586699,77.035213,Dwarka,0
ecc79a61-d32f-491e-a83c-0a93d5042a19,SHOP_002,BEN_00661,2026-01-17 16:28:20.024274,Sugar,2,40.0,28.648957,77.10634,West Delhi,0
4e9e0017-ed95-4768-a79c-24ef18216442,SHOP_014,BEN_00718,2026-01-17 16:31:45.024274,Rice,9,27.0,28.708352,77.106686,Rohini,0
6a4fdc46-8eec-41f1-8100-955d8eb2af37,SHOP_046,BEN_02808,2026-01-17 16:41:54.024274,Wheat,9,18.0,28.634402,77.315239,East Delhi,0
4cb91f67-5a2a-47c9-a2c6-c7ee54657568,SHOP_013,BEN_00811,2026-01-17 16:44:14.024274,Wheat,5,10.0,28.689861,77.183213,North Delhi,0
18770691-bbf1-44c8-86a4-5cc3d6091845,SHOP_009,BEN_01279,2026-01-17 16:44:29.024274,Kerosene,2,50.0,28.633713,77.107844,West Delhi,0
912b5f94-34ff-4dcd-83c6-73db1b8c3084,SHOP_001,BEN_02377,2026-01-17 16:49:00.024274,Sugar,1,20.0,28.563667,77.196744,South Delhi,0
ee475906-c38a-44f9-91b0-aa4641cd1dc3,SHOP_027,BEN_00915,2026-01-17 16:58:39.024274,Kerosene,1,25.0,28.603311,77.025358,Dwarka,0
8ec7e289-0bac-44e4-948b-ca7faf00e973,SHOP_048,BEN_01824,2026-01-17 16:58:57.024274,Wheat,13,26.0,28.596532,77.044874,Dwarka,0
d35e34d4-4161-4295-80d1-6522f3f44afb,SHOP_014,BEN_00828,2026-01-17 17:05:29.024274,Kerosene,3,75.0,28.708352,77.106686,Rohini,0
87533a4f-1901-42e6-821e-04bb75733efc,SHOP_029,BEN_02167,2026-01-17 17:06:43.024274,Oil,2,100.0,28.583723,77.064561,Dwarka,0
b9c85907-95d7-4bdb-8713-3bd595c26148,SHOP_037,BEN_02768,2026-01-17 17:11:21.024274,Kerosene,1,25.0,28.707215,77.215419,North Delhi,0
ba669b09-cb90-403a-9eb7-125b9af2ec68,SHOP_046,BEN_00275,2026-01-17 17:16:48.024274,Sugar,3,60.0,28.634402,77.315239,East Delhi,0
67446369-cd7d-46b7-a455-0733649e8fee,SHOP_034,BEN_02827,2026-01-17 17:17:19.024274,Kerosene,2,50.0,28.586699,77.035213,Dwarka,0
26258b89-874f-49ee-9eff-69c9c9c9a4aa,SHOP_031,BEN_00426,2026-01-17 17:17:34.024274,Wheat,17,34.0,28.727982,77.18544,North Delhi,0
744ba050-2b4e-416f-bc4e-72ed9c32f483,SHOP_041,BEN_01691,2026-01-17 17:17:47.024274,Sugar,2,40.0,28.676266,77.100986,West Delhi,0
a829e4e2-046b-47f7-8bd9-66933893ffec,SHOP_043,BEN_00344,2026-01-17 17:36:02.024274,Wheat,9,18.0,28.561519,77.048283,Dwarka,0
4491b9b1-11ad-4684-b639-be4e42686a9e,SHOP_019,BEN_00476,2026-01-17 17:46:48.024274,Wheat,20,40.0,28.631679,77.201199,Central Delhi,0
e2355c1f-adaa-4b98-a26d-4198478d819b,SHOP_007,BEN_01709,2026-01-17 17:53:50.024274,Wheat,13,26.0,28.520513,77.217525,South Delhi,0
7cc551f6-1182-40ca-a4ac-f1c7e2e6c02e,SHOP_018,BEN_02834,2026-01-17 17:53:53.024274,Oil,1,50.0,28.610429,77.188088,Central Delhi,0
56a7f2b7-812c-482b-b9cd-49f992a3da99,SHOP_016,BEN_02222,2026-01-17 17:54:11.024274,Rice,10,30.0,28.644796,77.107779,West Delhi,0
c4c0d101-08f9-4006-b261-1692140ade2c,SHOP_015,BEN_00798,2026-01-17 17:57:24.024274,Wheat,8,16.0,28.630112,77.110956,West Delhi,0
20bd921f-bb2a-42d9-9ba6-92e37febc67c,SHOP_044,BEN_00969,2026-01-17 17:58:22.024274,Kerosene,3,75.0,28.615898,77.224361,Central Delhi,0
4f9801b1-11a7-433d-9b6b-34bb3a53f533,SHOP_018,BEN_02245,2026-01-17 17:58:54.024274,Kerosene,3,75.0,28.610429,77.188088,Central Delhi,0
366850a4-edee-4983-8421-f0168ffb8fca,SHOP_047,BEN_00090,2026-01-17 18:00:15.024274,Wheat,9,18.0,28.715937,77.10426,Rohini,0
f779c019-5ba2-4367-9eb7-348720f60766,SHOP_046,BEN_00435,2026-01-17 18:02:00.024274,Kerosene,3,75.0,28.634402,77.315239,East Delhi,0
4d0dcf3a-8d7b-409c-8cef-7fb13643f7ec,SHOP_019,BEN_01036,2026-01-17 18:05:01.024274,Kerosene,2,50.0,28.631679,77.201199,Central Delhi,0
2c56e704-d120-4691-9651-b0c1dbdc8287,SHOP_046,BEN_02007,2026-01-17 18:14:30.024274,Wheat,19,38.0,28.634402,77.315239,East Delhi,0
483d561b-d674-44f0-8c9a-2ac5cdd275a9,SHOP_032,BEN_00729,2026-01-17 18:21:11.024274,Wheat,12,24.0,28.708017,77.126743,Rohini,0
15768e16-afd2-4bb2-b99b-4b151e86fca0,SHOP_047,BEN_01971,2026-01-17 18:24:18.024274,Rice,11,33.0,28.715937,77.10426,Rohini,0
18cb66c1-133e-45b5-8707-e0333943ae44,SHOP_026,BEN_00024,2026-01-17 18:25:59.024274,Oil,1,50.0,28.645158,77.323228,East Delhi,0
f59365a7-8d8f-4583-b33b-d7b171a05845,SHOP_001,BEN_00221,2026-01-17 18:28:40.024274,Sugar,2,40.0,28.563667,77.196744,South Delhi,0
2dacdc55-ba06-4d73-b288-a322d2b2c4fd,SHOP_032,BEN_00479,2026-01-17 18:34:01.024274,Kerosene,3,75.0,28.708017,77.126743,Rohini,0
89105ffe-faeb-4890-a36d-686611587db4,SHOP_022,BEN_00529,2026-01-17 18:36:24.024274,Sugar,1,20.0,28.696907,77.177649,North Delhi,0
107140d2-389e-4a63-a75f-2d08d2f914f0,SHOP_002,BEN_00218,2026-01-17 18:38:58.024274,Wheat,13,26.0,28.648957,77.10634,West Delhi,0
77f87580-b083-4b22-b2a4-e2976184fdd9,SHOP_039,BEN_02208,2026-01-17 18:39:21.024274,Kerosene,2,50.0,28.707365,77.109479,Rohini,0
d2dcbfa6-b3e4-480c-823b-6d298b154be7,SHOP_027,BEN_01634,2026-01-17 18:41:16.024274,Wheat,10,20.0,28.603311,77.025358,Dwarka,0
6d2025ed-f001-4e89-a4f9-1db1c34e4196,SHOP_045,BEN_01192,2026-01-17 18:49:10.024274,Oil,2,100.0,28.633767,77.205731,Central Delhi,0
7a837e0a-744e-4e44-a192-dccae43bc8ce,SHOP_040,BEN_02401,2026-01-17 18:55:44.024274,Kerosene,3,75.0,28.673266,77.089259,West Delhi,0
43aa2427-16ef-4648-aec5-66f6e054f761,SHOP_032,BEN_00117,2026-01-17 19:05:34.024274,Kerosene,3,75.0,28.708017,77.126743,Rohini,0
24dfa90e-5eaf-4677-815a-6ac251e4465f,SHOP_026,BEN_01724,2026-01-17 19:16:45.024274,Rice,7,21.0,28.645158,77.323228,East Delhi,0
ccbfd087-6983-413e-9f83-4c094f81cf24,SHOP_023,BEN_00649,2026-01-17 19:22:48.024274,Kerosene,1,25.0,28.592266,77.310411,East Delhi,0
14248a74-a666-488d-a08d-4b74f63a1e49,SHOP_010,BEN_02354,2026-01-17 19:22:51.024274,Sugar,3,60.0,28.581134,77.064005,Dwarka,0
dd1d39ff-0d70-4fe6-8557-f83de71b2833,SHOP_025,BEN_02749,2026-01-17 19:32:32.024274,Oil,1,50.0,28.624929,77.222474,Central Delhi,0
90cde572-f6a7-402d-99f9-55b33b050454,SHOP_040,BEN_02121,2026-01-17 19:35:22.024274,Kerosene,1,25.0,28.673266,77.089259,West Delhi,0
3a53b1e1-51c9-42fd-a4b0-07d1f9579c27,SHOP_004,BEN_01477,2026-01-17 19:38:03.024274,Rice,7,21.0,28.709316,77.129745,Rohini,0
ed68df63-ab12-4081-96f7-7cbb30c3bc03,SHOP_010,BEN_00479,2026-01-17 19:40:38.024274,Kerosene,3,75.0,28.581134,77.064005,Dwarka,0
afdba95b-f720-4cca-9748-68fe2b064a81,SHOP_034,BEN_01559,2026-01-17 19:42:29.024274,Kerosene,3,75.0,28.586699,77.035213,Dwarka,0
f726509c-e46c-4136-bed4-037fe9cb7495,SHOP_004,BEN_00251,2026-01-17 19:44:13.024274,Oil,1,50.0,28.709316,77.129745,Rohini,0
a664b313-1a75-4b80-accb-72e6185d6e02,SHOP_005,BEN_00619,2026-01-17 19:45:02.024274,Sugar,2,40.0,28.599771,77.274279,East Delhi,0
4755c533-1796-4ba8-a08a-4cc772dfb09a,SHOP_049,BEN_01593,2026-01-17 19:48:17.024274,Sugar,1,20.0,28.514677,77.242533,South Delhi,0
b9db09ce-6983-47ae-92b9-44c948c734ec,SHOP_017,BEN_00343,2026-01-17 19:49:12.024274,Oil,1,50.0,28.722696,77.129286,Rohini,0
e1454eef-6ebb-43d9-a735-ffb1e2a930b3,SHOP_035,BEN_01214,2026-01-17 19:50:12.024274,Rice,16,48.0,28.715607,77.125559,Rohini,0
ac5a0ea5-d203-41ee-ad9d-1b00322b2cfc,SHOP_045,BEN_02122,2026-01-17 19:51:35.024274,Kerosene,3,75.0,28.633767,77.205731,Central Delhi,0
faebcda4-2ca3-4188-adb3-5796cc431ef6,SHOP_041,BEN_02948,2026-01-17 19:51:45.024274,Oil,1,50.0,28.676266,77.100986,West Delhi,0
579ff74d-23d4-4e09-b0cd-070b4262951c,SHOP_004,BEN_00789,2026-01-17 19:51:57.024274,Wheat,17,34.0,28.709316,77.129745,Rohini,0
a05b69c8-26ce-4ec0-8143-2373b24c4c01,SHOP_019,BEN_01966,2026-01-17 19:54:37.024274,Rice,16,48.0,28.631679,77.201199,Central Delhi,0
c8c6a3af-9a05-482d-b8b8-d833f72fdb00,SHOP_049,BEN_00129,2026-01-17 19:56:43.024274,Sugar,30,600.0,28.514677,77.242533,South Delhi,1
0c1ac314-3e10-495f-8ef2-30c2778505ec,SHOP_048,BEN_01652,2026-01-17 19:56:43.024274,Wheat,20,40.0,28.596532,77.044874,Dwarka,0
4a03ede5-18fc-4164-baec-cc72616845eb,SHOP_023,BEN_02266,2026-01-18 03:53:32.024274,Oil,2,100.0,28.592266,77.310411,East Delhi,1
bd1f255a-839a-4883-8c54-3b9c7e209499,SHOP_006,BEN_01270,2026-01-18 03:58:05.024274,Wheat,5,10.0,28.6356,77.229758,Central Delhi,1
743e5b1d-3183-4d39-9792-c9dbec2628c9,SHOP_016,BEN_02756,2026-01-18 08:03:30.024274,Oil,2,100.0,28.644796,77.107779,West Delhi,0
ed2a9ddb-ae86-49fd-83bc-5b05ed715388,SHOP_048,BEN_01628,2026-01-18 08:07:44.024274,Kerosene,3,75.0,28.596532,77.044874,Dwarka,0
de3c93b4-2f55-44a7-9aba-efe4d15e094c,SHOP_005,BEN_01546,2026-01-18 08:09:01.024274,Wheat,11,22.0,28.599771,77.274279,East Delhi,0
2de86269-8e66-44ff-9eb0-eee5083b7400,SHOP_016,BEN_01968,2026-01-18 08:10:10.024274,Rice,17,51.0,28.644796,77.107779,West Delhi,0
eaafde9f-36b7-4ece-9239-cef983475290,SHOP_034,BEN_00423,2026-01-18 08:16:09.024274,Oil,2,100.0,28.586699,77.035213,Dwarka,0
7f4dfa2d-4bed-4ec7-b145-986c818db048,SHOP_010,BEN_01029,2026-01-18 08:23:54.024274,Wheat,20,40.0,28.581134,77.064005,Dwarka,0
cdca188a-275d-4f51-be22-fb2c4d9f5b1d,SHOP_014,BEN_01823,2026-01-18 08:40:02.024274,Sugar,2,40.0,28.708352,77.106686,Rohini,0
42cd9424-6c86-42a7-a8bd-26989293bed0,SHOP_012,BEN_00710,2026-01-18 08:40:09.024274,Oil,2,100.0,28.618685,77.319017,East Delhi,0
b2e6766e-4ac5-4897-9a99-d9f0a400ec21,SHOP_031,BEN_00924,2026-01-18 08:42:32.024274,Sugar,3,60.0,28.727982,77.18544,North Delhi,0
81914496-73ad-446b-8fb8-5d1aa07d67e9,SHOP_042,BEN_00974,2026-01-18 08:42:53.024274,Oil,2,100.0,28.598757,77.020815,Dwarka,0
e841dd6f-9315-41a3-ad5a-aa68dd865c30,SHOP_043,BEN_02034,2026-01-18 08:48:34.024274,Rice,8,24.0,28.561519,77.048283,Dwarka,0
4f5ff14c-f8ee-421b-9d13-ea0e42927c0a,SHOP_032,BEN_01266,2026-01-18 08:49:53.024274,Sugar,1,20.0,28.708017,77.126743,Rohini,0
2b8d8378-37cd-4c4e-b754-688964ae5903,SHOP_006,BEN_02722,2026-01-18 08:55:02.024274,Kerosene,1,25.0,28.6356,77.229758,Central Delhi,0
c037cb6d-5590-4a0f-83e3-fb30a91a5588,SHOP_048,BEN_02628,2026-01-18 08:56:50.024274,Kerosene,3,75.0,28.596532,77.044874,Dwarka,0
26d84e63-23b6-424f-9641-2f014b56c337,SHOP_043,BEN_01727,2026-01-18 08:59:13.024274,Wheat,5,10.0,28.561519,77.048283,Dwarka,0
5c5fe670-1cc5-4183-8d9e-bc973160e15f,SHOP_024,BEN_00298,2026-01-18 09:13:34.024274,Wheat,14,28.0,28.505958,77.198023,South Delhi,0
91460043-e5f4-4a25-8b0b-9252ce150564,SHOP_010,BEN_00390,2026-01-18 09:21:39.024274,Wheat,5,10.0,28.581134,77.064005,Dwarka,0
c8ceac6c-4534-4306-8fad-713a5f8f91cc,SHOP_022,BEN_00413,2026-01-18 09:23:50.024274,Sugar,2,40.0,28.696907,77.177649,North Delhi,0
822219f2-f5cc-47d1-b429-dc40f6a466da,SHOP_043,BEN_00964,2026-01-18 09:25:10.024274,Kerosene,2,50.0,28.561519,77.048283,Dwarka,0
270816ce-36f4-4ce4-8988-62dad746d1aa,SHOP_048,BEN_01798,2026-01-18 09:30:52.024274,Wheat,14,28.0,28.596532,77.044874,Dwarka,0
6b2a6c5d-2b0d-46fd-9b6e-2b9c1a2b6d07,SHOP_036,BEN_02186,2026-01-18 09:31:06.024274,Sugar,2,40.0,28.73997,77.11894,Rohini,0
bb346417-836a-453c-82fe-8f62ffd04e50,SHOP_028,BEN_01202,2026-01-18 09:33:37.024274,Sugar,2,40.0,28.644078,77.187159,Central Delhi,0
ab1ce7c7-007f-46c5-a54b-cb0bbf4ecd68,SHOP_013,BEN_00969,2026-01-18 09:34:31.024274,Rice,8,24.0,28.689861,77.183213,North Delhi,0
44218f9f-27d9-4159-9358-f4bb59fa7107,SHOP_028,BEN_01158,2026-01-18 09:44:23.024274,Kerosene,1,25.0,28.644078,77.187159,Central Delhi,0
eab8601d-4508-4c41-9c19-f41df301e0b2,SHOP_025,BEN_02386,2026-01-18 09:46:44.024274,Wheat,19,38.0,28.624929,77.222474,Central Delhi,0
16b21e2c-5779-4981-aa86-5d95cc98abe9,SHOP_013,BEN_02696,2026-01-18 09:46:56.024274,Oil,1,50.0,28.689861,77.183213,North Delhi,0
212859b0-c243-44b6-a150-043c8c5b3682,SHOP_025,BEN_02447,2026-01-18 09:49:06.024274,Wheat,19,38.0,28.624929,77.222474,Central Delhi,0
6a35f332-4fe1-44d8-805f-24b312b0447b,SHOP_032,BEN_02364,2026-01-18 09:50:42.024274,Rice,5,15.0,28.708017,77.126743,Rohini,0
80975cad-dae0-40b7-9aaf-403f0c470a8b,SHOP_003,BEN_01049,2026-01-18 09:57:08.024274,Kerosene,2,50.0,28.506364,77.204896,South Delhi,0
5fbebbb2-f107-40c7-9744-a4df9083a74f,SHOP_041,BEN_02302,2026-01-18 09:57:17.024274,Sugar,2,40.0,28.676266,77.100986,West Delhi,0
0c1317df-5999-4faa-9b92-8d80e733403f,SHOP_037,BEN_00175,2026-01-18 09:59:36.024274,Kerosene,1,25.0,28.707215,77.215419,North Delhi,0
9de82cef-630e-46ed-bc8d-3cdf6e29fd00,SHOP_050,BEN_01296,2026-01-18 10:05:21.024274,Oil,1,50.0,28.560938,77.180795,South Delhi,0
826d8dce-d1a7-4d54-9f31-cc641d147af2,SHOP_003,BEN_00340,2026-01-18 10:08:21.024274,Rice,14,42.0,28.506364,77.204896,South Delhi,0
b9b4421e-f01d-406b-811b-df2017f91c1c,SHOP_034,BEN_01400,2026-01-18 10:26:39.024274,Kerosene,2,50.0,28.586699,77.035213,Dwarka,0
48f9bf69-0c0d-4a22-bfed-57d4c6157947,SHOP_032,BEN_02615,2026-01-18 10:28:22.024274,Sugar,1,20.0,28.708017,77.126743,Rohini,0
3329f8b0-5560-44b2-a1d6-fcc0893dada4,SHOP_050,BEN_01200,2026-01-18 10:34:26.024274,Wheat,11,22.0,28.560938,77.180795,South Delhi,0
d178009e-acee-468e-8fae-82ae7a83bd13,SHOP_021,BEN_00062,2026-01-18 10:38:37.024274,Wheat,20,40.0,28.654216,77.114329,West Delhi,0
867896be-9b9c-452c-82b7-9f286e5e386d,SHOP_005,BEN_00478,2026-01-18 10:41:17.024274,Sugar,3,60.0,28.599771,77.274279,East Delhi,0
94a96944-e744-49cb-b674-0c6bf4a47b10,SHOP_027,BEN_01734,2026-01-18 10:43:54.024274,Oil,2,100.0,28.603311,77.025358,Dwarka,0
2db3bfd4-ff97-402e-8d19-83ee8f35cc33,SHOP_025,BEN_02421,2026-01-18 10:53:58.024274,Kerosene,1,25.0,28.624929,77.222474,Central Delhi,0
46322c3e-a788-4dcb-a447-2a9378b63f9b,SHOP_005,BEN_00465,2026-01-18 11:02:20.024274,Kerosene,2,50.0,28.599771,77.274279,East Delhi,0
b26119de-a15f-4852-9f79-a1ad316bf7f6,SHOP_023,BEN_02001,2026-01-18 11:06:36.024274,Wheat,14,28.0,28.592266,77.310411,East Delhi,0
4b08d04a-c2ae-414d-8c64-772b2c32849b,SHOP_032,BEN_02853,2026-01-18 11:07:00.024274,Kerosene,2,50.0,28.708017,77.126743,Rohini,0
a038d987-6113-4db1-b65e-6f26125c7de8,SHOP_020,BEN_00617,2026-01-18 11:08:12.024274,Kerosene,3,75.0,28.736478,77.119912,Rohini,0
9f45394b-60de-467e-aae5-72fbbb648d2f,SHOP_014,BEN_02068,2026-01-18 11:14:59.024274,Wheat,13,26.0,28.708352,77.106686,Rohini,0
bef937bd-35a6-4711-a6da-280379abf7b9,SHOP_044,BEN_01920,2026-01-18 11:18:02.024274,Rice,8,24.0,28.615898,77.224361,Central Delhi,0
426996f2-7a7d-4df8-ad45-e700b599f9e9,SHOP_019,BEN_00825,2026-01-18 11:21:06.024274,Kerosene,2,50.0,28.631679,77.201199,Central Delhi,0
e44a5309-f158-4cd3-9fd3-7782233a8cd5,SHOP_040,BEN_01149,2026-01-18 11:23:56.024274,Oil,1,50.0,28.673266,77.089259,West Delhi,0
1ca16e55-a2d8-4a80-9328-5b49fec15507,SHOP_020,BEN_00215,2026-01-18 11:27:15.024274,Oil,2,100.0,28.736478,77.119912,Rohini,0
9b0ed0c2-83d8-4cb7-be11-5f7a0b968ae3,SHOP_036,BEN_00629,2026-01-18 11:29:25.024274,Oil,2,100.0,28.73997,77.11894,Rohini,0
b1c15882-0d25-429b-a2b2-3803a7db4bf8,SHOP_019,BEN_00817,2026-01-18 11:33:27.024274,Oil,2,100.0,28.631679,77.201199,Central Delhi,0
e3547b02-1c74-4b43-a6a9-8a2151bcbecd,SHOP_043,BEN_02659,2026-01-18 11:36:39.024274,Wheat,5,10.0,28.561519,77.048283,Dwarka,0
a152e959-054b-4d3e-af91-5a3e4d6d9e86,SHOP_002,BEN_01722,2026-01-18 11:49:34.024274,Wheat,6,12.0,28.648957,77.10634,West Delhi,0
42f7a0e5-ef7f-4820-804f-c99b6885142e,SHOP_003,BEN_02197,2026-01-18 11:50:21.024274,Rice,6,18.0,28.506364,77.204896,South Delhi,0
1fd85cbf-5e2e-49e3-af9c-0af23670577b,SHOP_029,BEN_02454,2026-01-18 12:08:37.024274,Sugar,3,60.0,28.583723,77.064561,Dwarka,0
87e7f4a8-48ff-480e-aa98-f5ec13c597e3,SHOP_026,BEN_00755,2026-01-18 12:10:05.024274,Sugar,1,20.0,28.645158,77.323228,East Delhi,0
303e4f29-062a-4845-b713-59cd0c278d8e,SHOP_042,BEN_00118,2026-01-18 12:13:15.024274,Rice,12,36.0,28.598757,77.020815,Dwarka,0
b62ab1b3-3c98-4be1-aaa7-f2c81eb33d8c,SHOP_030,BEN_00014,2026-01-18 12:14:47.024274,Kerosene,3,75.0,28.656014,77.071143,West Delhi,0
164456e7-0fe6-4e12-bddd-a92d489df7f6,SHOP_002,BEN_00442,2026-01-18 12:16:30.024274,Oil,1,50.0,28.648957,77.10634,West Delhi,0
532bed70-fcda-4b20-a530-9fc396110f67,SHOP_016,BEN_00194,2026-01-18 12:19:24.024274,Wheat,16,32.0,28.644796,77.107779,West Delhi,0
10617ee0-06fe-4739-badb-0a1cb0799053,SHOP_032,BEN_01801,2026-01-18 12:20:30.024274,Sugar,1,20.0,28.708017,77.126743,Rohini,0
1422dfe4-0664-44d4-826d-e6ca80691836,SHOP_029,BEN_00886,2026-01-18 12:20:37.024274,Wheat,12,24.0,28.583723,77.064561,Dwarka,0
e5961904-d282-40d7-85b9-4f56d9da7bca,SHOP_035,BEN_01054,2026-01-18 12:24:48.024274,Kerosene,3,75.0,28.715607,77.125559,Rohini,0
a60d7b7d-77fc-477b-b12f-10348c44bbca,SHOP_019,BEN_01520,2026-01-18 12:32:35.024274,Sugar,3,60.0,28.631679,77.201199,Central Delhi,0
347baa6b-4683-483b-aabd-e1beb21a830f,SHOP_004,BEN_02097,2026-01-18 12:35:02.024274,Wheat,19,38.0,28.709316,77.129745,Rohini,0
7415a4e2-f90a-471c-9d18-1c3c23c09a5f,SHOP_047,BEN_02380,2026-01-18 12:41:01.024274,Wheat,12,24.0,28.715937,77.10426,Rohini,0
ff0fc6c3-b2ef-4af4-a44e-b9c78dbe0f25,SHOP_045,BEN_02975,2026-01-18 12:41:36.024274,Wheat,16,32.0,28.633767,77.205731,Central Delhi,0
d12c4c3c-86e5-496a-86b9-279d8dbf01e1,SHOP_022,BEN_01305,2026-01-18 12:49:50.024274,Kerosene,2,50.0,28.696907,77.177649,North Delhi,0
326466a6-bc8e-4d7c-b146-104a0061a2e3,SHOP_023,BEN_02296,2026-01-18 12:57:24.024274,Oil,2,100.0,28.592266,77.310411,East Delhi,0
131f1f07-175b-4fcd-8faa-aec7ee4d6627,SHOP_037,BEN_00415,2026-01-18 12:59:10.024274,Kerosene,3,75.0,28.707215,77.215419,North Delhi,0
4479abb1-c952-49ec-86ee-52d6470afce1,SHOP_008,BEN_00601,2026-01-18 13:09:06.024274,Oil,1,50.0,28.666336,77.103257,West Delhi,0
34666d7e-a558-4a31-9c8f-39444e00b014,SHOP_048,BEN_02567,2026-01-18 13:09:29.024274,Oil,1,50.0,28.596532,77.044874,Dwarka,0
f7318c1e-4c0d-498c-8944-f375ee76516f,SHOP_017,BEN_02985,2026-01-18 13:10:41.024274,Sugar,2,40.0,28.722696,77.129286,Rohini,0
de743f00-8a5f-4750-925b-5c6e88508aa5,SHOP_049,BEN_02794,2026-01-18 13:17:57.024274,Wheat,6,12.0,28.514677,77.242533,South Delhi,0
aa9e11ef-5991-455a-93c8-ae41ade88868,SHOP_010,BEN_00001,2026-01-18 13:18:01.024274,Oil,2,100.0,28.581134,77.064005,Dwarka,0
93cdede0-37e6-4787-9ed9-70c6e2d5b877,SHOP_044,BEN_02824,2026-01-18 13:20:44.024274,Sugar,3,60.0,28.615898,77.224361,Central Delhi,0
f6ce4b96-85a9-4157-a623-551f0955ffa7,SHOP_013,BEN_02946,2026-01-18 13:28:27.024274,Kerosene,3,75.0,28.689861,77.183213,North Delhi,0
c276faa1-deb3-4b38-bad7-0cabcf49bcea,SHOP_017,BEN_01829,2026-01-18 13:31:07.024274,Oil,1,50.0,28.722696,77.129286,Rohini,0
919b9b88-61ba-4b53-9adb-5f9cd1b271c1,SHOP_047,BEN_02616,2026-01-18 13:40:45.024274,Kerosene,2,50.0,28.715937,77.10426,Rohini,0
5d341176-4510-447a-a0b8-cdf58746988a,SHOP_003,BEN_02731,2026-01-18 13:42:00.024274,Rice,20,60.0,28.506364,77.204896,South Delhi,0
72f9b471-aedf-4bc3-a22d-4446faa82eba,SHOP_006,BEN_00016,2026-01-18 13:42:31.024274,Sugar,2,40.0,28.6356,77.229758,Central Delhi,0
f1500a5f-7ece-48d5-b921-d77562f9ef43,SHOP_006,BEN_00085,2026-01-18 13:43:31.024274,Kerosene,3,75.0,28.6356,77.229758,Central Delhi,0
a47cf7d9-0821-4da4-b43d-487226f83de9,SHOP_030,BEN_02477,2026-01-18 13:44:33.024274,Oil,1,50.0,28.656014,77.071143,West Delhi,0
096b23d9-2a0e-494d-b7e5-a45471315f3c,SHOP_004,BEN_00694,2026-01-18 13:56:11.024274,Sugar,2,40.0,28.709316,77.129745,Rohini,0
5ee7baa4-e4eb-48b6-b232-674bc3d057b2,SHOP_042,BEN_02466,2026-01-18 14:00:58.024274,Kerosene,2,50.0,28.598757,77.020815,Dwarka,0
a6de3017-fffd-4548-8877-9848526c9c5f,SHOP_028,BEN_00603,2026-01-18 14:01:24.024274,Wheat,14,28.0,28.644078,77.187159,Central Delhi,0
501f8e50-b68e-47c3-81ba-783205d1923c,SHOP_029,BEN_02823,2026-01-18 14:11:17.024274,Sugar,3,60.0,28.583723,77.064561,Dwarka,0
a896291e-8508-41df-95c6-9bf11928ec83,SHOP_029,BEN_01641,2026-01-18 14:14:30.024274,Rice,12,36.0,28.583723,77.064561,Dwarka,0
ec0f15ca-19e7-4449-a456-d87d031436eb,SHOP_023,BEN_02054,2026-01-18 14:18:30.024274,Kerosene,2,50.0,28.592266,77.310411,East Delhi,0
1d3ac580-44c4-44ac-a8e6-d08d589f9952,SHOP_040,BEN_01640,2026-01-18 14:21:14.024274,Oil,2,100.0,28.673266,77.089259,West Delhi,0
2a2df13f-fda4-4344-81d8-a3af039e22a5,SHOP_027,BEN_00747,2026-01-18 14:29:58.024274,Wheat,10,20.0,28.603311,77.025358,Dwarka,0
722bf611-62f9-4dca-97af-5a480c5fd446,SHOP_013,BEN_01303,2026-01-18 14:42:42.024274,Wheat,16,32.0,28.689861,77.183213,North Delhi,0
f065a553-1e56-4318-8887-14c4b50435ae,SHOP_022,BEN_02062,2026-01-18 14:49:24.024274,Sugar,3,60.0,28.696907,77.177649,North Delhi,0
caea5008-d03f-4b17-a146-136a73f5f16e,SHOP_038,BEN_00922,2026-01-18 14:53:05.024274,Oil,2,100.0,28.737713,77.199062,North Delhi,0
aa7acc40-0a78-4d17-9065-ab17b82ce187,SHOP_015,BEN_01257,2026-01-18 15:04:22.024274,Rice,18,54.0,28.630112,77.110956,West Delhi,0
4283bf93-6b44-40fd-adf5-c497b296adf3,SHOP_045,BEN_02765,2026-01-18 15:13:33.024274,Sugar,2,40.0,28.633767,77.205731,Central Delhi,0
5f0da60e-d3c4-490d-804d-748537f0c9be,SHOP_045,BEN_02941,2026-01-18 15:32:48.024274,Wheat,20,40.0,28.633767,77.205731,Central Delhi,0
fa89351b-560e-4bfd-8697-a0e9a72bc593,SHOP_037,BEN_00273,2026-01-18 15:36:43.024274,Kerosene,2,50.0,28.707215,77.215419,North Delhi,0
59ba5e42-f4e6-46d1-9e73-7e6d8dc08e02,SHOP_023,BEN_01040,2026-01-18 15:37:14.024274,Rice,5,15.0,28.592266,77.310411,East Delhi,0
c7038e57-d146-4fdd-b659-9c51f18ccf74,SHOP_006,BEN_00349,2026-01-18 15:44:26.024274,Oil,1,50.0,28.6356,77.229758,Central Delhi,0
12ddef40-45b3-4eeb-9e04-783571a867e0,SHOP_045,BEN_02601,2026-01-18 15:58:27.024274,Rice,8,24.0,28.633767,77.205731,Central Delhi,0
8c745137-a5f9-4bcc-9498-319771f59219,SHOP_028,BEN_02229,2026-01-18 15:59:45.024274,Wheat,19,38.0,28.644078,77.187159,Central Delhi,0
b85796ae-c32e-4ce8-80a7-592731c19259,SHOP_022,BEN_02014,2026-01-18 16:06:09.024274,Wheat,17,34.0,28.696907,77.177649,North Delhi,0
9bbd07ce-5679-477b-ba78-767850990086,SHOP_014,BEN_00790,2026-01-18 16:13:41.024274,Kerosene,3,75.0,28.708352,77.106686,Rohini,0
2ac23870-5cf6-486a-91c5-3ebb3abc0036,SHOP_030,BEN_00923,2026-01-18 16:31:44.024274,Oil,2,100.0,28.656014,77.071143,West Delhi,0
3a9c0976-79ba-463f-814c-63726617b419,SHOP_007,BEN_00481,2026-01-18 16:36:33.024274,Oil,1,50.0,28.520513,77.217525,South Delhi,0
9486d04f-519d-4ba1-aa3a-5c515911d88f,SHOP_041,BEN_02986,2026-01-18 16:39:20.024274,Rice,12,36.0,28.676266,77.100986,West Delhi,0
65405ebc-221a-4fe4-ab6c-4d9febe9d5f3,SHOP_041,BEN_02842,2026-01-18 16:44:53.024274,Wheat,8,16.0,28.676266,77.100986,West Delhi,0
0e28d78b-1fa8-4113-b6f6-2adb90bd1a4f,SHOP_009,BEN_02920,2026-01-18 16:45:35.024274,Kerosene,3,75.0,28.633713,77.107844,West Delhi,0
369b4377-7e19-46d8-bbbb-0af22488dbcd,SHOP_038,BEN_01652,2026-01-18 16:47:07.024274,Rice,13,39.0,28.737713,77.199062,North Delhi,0
6d1ddb84-e3d5-4670-90b5-a89fe285cbf9,SHOP_042,BEN_00783,2026-01-18 16:47:52.024274,Sugar,2,40.0,28.598757,77.020815,Dwarka,0
d42f26e2-d8d6-49f9-a3e0-9288e8b9b456,SHOP_031,BEN_01663,2026-01-18 16:50:24.024274,Sugar,2,40.0,28.727982,77.18544,North Delhi,0
a8e123c5-86e2-463a-99a0-d6f828da3254,SHOP_021,BEN_02605,2026-01-18 16:53:51.024274,Sugar,1,20.0,28.654216,77.114329,West Delhi,0
8dfa82bb-e338-4afd-82ee-6e0c19f0f257,SHOP_026,BEN_00695,2026-01-18 16:57:10.024274,Wheat,17,34.0,28.645158,77.323228,East Delhi,0
2b537f03-0152-4298-a342-65fa778f4ab4,SHOP_005,BEN_01249,2026-01-18 17:01:44.024274,Wheat,20,40.0,28.599771,77.274279,East Delhi,0
bbd94a17-9160-48eb-a08f-d63af79a703d,SHOP_035,BEN_01571,2026-01-18 17:02:51.024274,Kerosene,2,50.0,28.715607,77.125559,Rohini,0
4401950f-5a80-4034-a4fa-8c9221513add,SHOP_003,BEN_02136,2026-01-18 17:05:37.024274,Wheat,9,18.0,28.506364,77.204896,South Delhi,0
6bc6c135-0b0a-4e50-8a9e-8b3c68504d15,SHOP_045,BEN_01360,2026-01-18 17:07:36.024274,Wheat,8,16.0,28.633767,77.205731,Central Delhi,0
80e61a29-2942-4e82-8344-889cae83862f,SHOP_018,BEN_01905,2026-01-18 17:09:16.024274,Kerosene,1,25.0,28.610429,77.188088,Central Delhi,0
97de18ba-8fde-4919-9eb5-8b7da8f31a9e,SHOP_026,BEN_02757,2026-01-18 17:13:54.024274,Oil,2,100.0,28.645158,77.323228,East Delhi,0
4bff2546-1f2d-4ea7-9f35-97b5bd221d22,SHOP_036,BEN_00745,2026-01-18 17:23:07.024274,Oil,1,50.0,28.73997,77.11894,Rohini,0
6f7326d1-f712-4e0f-861b-adf453497e70,SHOP_017,BEN_02568,2026-01-18 17:31:57.024274,Kerosene,1,25.0,28.722696,77.129286,Rohini,0
a241d4bc-dffe-46a7-8f32-d1a72c5cb22c,SHOP_017,BEN_00488,2026-01-18 17:47:01.024274,Kerosene,2,50.0,28.722696,77.129286,Rohini,0
d6dbd4ef-d09a-4c04-a739-cd769d361896,SHOP_015,BEN_00511,2026-01-18 17:55:59.024274,Kerosene,2,50.0,28.630112,77.110956,West Delhi,0
2a88771e-19cb-424d-823b-51e387c8e337,SHOP_031,BEN_00215,2026-01-18 18:01:37.024274,Oil,2,100.0,28.727982,77.18544,North Delhi,0
e8865216-3b22-431f-8659-ff1658a899f2,SHOP_004,BEN_00150,2026-01-18 18:10:03.024274,Kerosene,3,75.0,28.709316,77.129745,Rohini,0
d1946c19-1ffe-4039-ba08-43e3d580e6d4,SHOP_047,BEN_02939,2026-01-18 18:10:27.024274,Sugar,2,40.0,28.715937,77.10426,Rohini,0
88ca625e-ebed-4bd9-9b58-62a49fe3404e,SHOP_027,BEN_01956,2026-01-18 18:12:00.024274,Wheat,9,18.0,28.603311,77.025358,Dwarka,0
1238d86b-0291-4d60-8486-a8499b518942,SHOP_009,BEN_02353,2026-01-18 18:15:02.024274,Oil,1,50.0,28.633713,77.107844,West Delhi,0
74a0200b-d0a3-4da2-adb7-31449c9f7214,SHOP_019,BEN_02194,2026-01-18 18:18:02.024274,Rice,12,36.0,28.631679,77.201199,Central Delhi,0
72cb47c5-4b25-4e73-bb66-105ea35adb44,SHOP_046,BEN_00954,2026-01-18 18:26:34.024274,Kerosene,3,75.0,28.634402,77.315239,East Delhi,0
db289559-7d5a-4917-8bfa-2990555e4297,SHOP_044,BEN_02707,2026-01-18 18:31:50.024274,Rice,17,51.0,28.615898,77.224361,Central Delhi,0
7ea6435b-0084-4625-97c8-06413b07fb11,SHOP_031,BEN_00052,2026-01-18 18:32:08.024274,Rice,16,48.0,28.727982,77.18544,North Delhi,0
db587e99-a3e8-4185-a74a-7b0bad3ba3b8,SHOP_022,BEN_01041,2026-01-18 18:40:33.024274,Rice,7,21.0,28.696907,77.177649,North Delhi,0
59009237-49ed-4b74-87e6-ffd162bdedd9,SHOP_016,BEN_00467,2026-01-18 18:42:39.024274,Kerosene,1,25.0,28.644796,77.107779,West Delhi,0
f96f53ab-c21b-4bb4-969b-3925ab478830,SHOP_006,BEN_00481,2026-01-18 18:43:15.024274,Rice,15,45.0,28.6356,77.229758,Central Delhi,0
0bd14f14-1d8c-4bf2-acb2-4d5be4175909,SHOP_001,BEN_00177,2026-01-18 18:47:25.024274,Rice,20,60.0,28.563667,77.196744,South Delhi,0
ebe9b6cd-8a4b-486b-b1aa-3fb1a2391c4f,SHOP_001,BEN_00208,2026-01-18 18:55:31.024274,Kerosene,1,25.0,28.563667,77.196744,South Delhi,0
b91e6855-c1e7-4a4f-a786-a2e447593ff9,SHOP_023,BEN_01637,2026-01-18 18:57:52.024274,Oil,2,100.0,28.592266,77.310411,East Delhi,0
1e88b438-941c-4a56-8214-13a95a41f94c,SHOP_004,BEN_02010,2026-01-18 18:59:00.024274,Sugar,2,40.0,28.709316,77.129745,Rohini,0
3d2928ca-516a-4c8b-8e8e-43bbffcc75d7,SHOP_028,BEN_00862,2026-01-18 19:01:12.024274,Kerosene,3,75.0,28.644078,77.187159,Central Delhi,0
92e4eca2-f00e-451c-bd2d-b4032934c960,SHOP_020,BEN_00837,2026-01-18 19:02:43.024274,Kerosene,3,75.0,28.736478,77.119912,Rohini,0
e218fb32-94fe-4df5-b77a-9503ca445abe,SHOP_015,BEN_00963,2026-01-18 19:16:41.024274,Kerosene,1,25.0,28.630112,77.110956,West Delhi,0
06a083c4-979d-406b-844c-0920a5e4ccda,SHOP_043,BEN_00612,2026-01-18 19:17:06.024274,Wheat,15,30.0,28.561519,77.048283,Dwarka,0
33fc5fb9-312c-45b2-a2d9-06f807ff1faf,SHOP_044,BEN_02883,2026-01-18 19:28:25.024274,Kerosene,3,75.0,28.615898,77.224361,Central Delhi,0
454137c0-62eb-474e-8afb-ba0a9cd77560,SHOP_021,BEN_00782,2026-01-18 19:29:06.024274,Kerosene,1,25.0,28.654216,77.114329,West Delhi,0
4d1e16e6-1fd0-4f80-a568-be89c02a6a62,SHOP_014,BEN_01706,2026-01-18 19:31:59.024274,Sugar,1,20.0,28.708352,77.106686,Rohini,0
085f4009-3f13-4c01-bceb-d5e67d3c2d2e,SHOP_023,BEN_00631,2026-01-18 19:33:33.024274,Sugar,1,20.0,28.592266,77.310411,East Delhi,0
3079c4d0-592a-451f-83f6-3648e7e859ae,SHOP_044,BEN_01861,2026-01-18 19:34:50.024274,Oil,1,50.0,28.615898,77.224361,Central Delhi,0
0474443b-8de2-4179-961c-a5a8e2645109,SHOP_037,BEN_00569,2026-01-18 19:35:14.024274,Kerosene,2,50.0,28.707215,77.215419,North Delhi,0
dd86e6f0-be88-4ba7-8eca-939b23758d0f,SHOP_014,BEN_01227,2026-01-18 19:48:07.024274,Kerosene,3,75.0,28.708352,77.106686,Rohini,0
ffd6ee80-08ed-4087-97ed-6b079619a230,SHOP_033,BEN_02350,2026-01-18 19:53:30.024274,Kerosene,1,25.0,28.731131,77.204781,North Delhi,0
379ed837-a924-4d3f-aecf-cdeac9ad5b61,SHOP_037,BEN_02419,2026-01-18 19:58:04.024274,Wheat,5,10.0,28.707215,77.215419,North Delhi,0
2b8b4f3c-f38a-40fd-867b-bc632734b921,SHOP_042,BEN_00514,2026-01-19 03:36:42.024274,Oil,1,50.0,28.598757,77.020815,Dwarka,1
cbb894c8-fbe5-40bc-821d-ce80cbc4b745,SHOP_025,BEN_01533,2026-01-19 08:01:01.024274,Wheat,19,38.0,28.624929,77.222474,Central Delhi,0
323434ac-bd9f-4aba-b9ba-7b0202ca6293,SHOP_011,BEN_02394,2026-01-19 08:08:33.024274,Sugar,1,20.0,28.732554,77.205993,North Delhi,0
6eb80280-9782-4681-8043-a03b0e648cfd,SHOP_010,BEN_00168,2026-01-19 08:21:01.024274,Rice,18,54.0,28.581134,77.064005,Dwarka,0
09e420b0-1c25-4296-8fb3-156c323c95e6,SHOP_031,BEN_00757,2026-01-19 08:35:27.024274,Rice,14,42.0,28.727982,77.18544,North Delhi,0
2243e0c1-380b-43b4-b454-239b99c8b4d2,SHOP_016,BEN_01189,2026-01-19 08:36:25.024274,Rice,7,21.0,28.644796,77.107779,West Delhi,0
24c74149-acd4-4352-a323-dfa19ff16b15,SHOP_020,BEN_00796,2026-01-19 08:37:51.024274,Rice,11,33.0,28.736478,77.119912,Rohini,0
d033f1ca-e2a2-4c0d-855c-d76a1b3d05e0,SHOP_030,BEN_02130,2026-01-19 08:38:58.024274,Sugar,2,40.0,28.656014,77.071143,West Delhi,0
379f1d2c-01b0-413d-af3e-03a696d18f54,SHOP_031,BEN_02441,2026-01-19 08:41:58.024274,Sugar,2,40.0,28.727982,77.18544,North Delhi,0
5f9add17-6533-477b-bc5b-88234453ff49,SHOP_041,BEN_00973,2026-01-19 08:42:53.024274,Wheat,11,22.0,28.676266,77.100986,West Delhi,0
f869ce93-f400-4799-8c57-b5214f2a9718,SHOP_020,BEN_02372,2026-01-19 08:43:58.024274,Oil,2,100.0,28.736478,77.119912,Rohini,0
c6f3c9bb-fb8d-4423-ad74-0f0baaf86756,SHOP_011,BEN_02658,2026-01-19 08:44:41.024274,Wheat,8,16.0,28.732554,77.205993,North Delhi,0
a74857f6-f8c3-4f11-9752-806f71141332,SHOP_030,BEN_00874,2026-01-19 08:46:52.024274,Rice,8,24.0,28.656014,77.071143,West Delhi,0
be504bc2-6f1f-4080-b29d-058853557895,SHOP_010,BEN_02723,2026-01-19 08:48:46.024274,Rice,9,27.0,28.581134,77.064005,Dwarka,0
62deb60a-e60d-4267-8559-ade7f23d1000,SHOP_039,BEN_01798,2026-01-19 08:54:57.024274,Rice,12,36.0,28.707365,77.109479,Rohini,0
6e63d3ec-c54a-4d43-bf7a-511e37df5534,SHOP_040,BEN_02376,2026-01-19 08:56:01.024274,Oil,1,50.0,28.673266,77.089259,West Delhi,0
9ad9831f-ed87-434d-8b5f-c258c2c2f654,SHOP_043,BEN_02528,2026-01-19 08:58:09.024274,Oil,1,50.0,28.561519,77.048283,Dwarka,0
cbcdb902-5ff5-4d42-9777-a4817b58aec7,SHOP_047,BEN_02101,2026-01-19 09:01:18.024274,Sugar,3,60.0,28.715937,77.10426,Rohini,0
ac0889bd-e569-4d25-bb28-2300f12d0a6a,SHOP_040,BEN_00411,2026-01-19 09:06:13.024274,Sugar,2,40.0,28.673266,77.089259,West Delhi,0
54daedeb-5389-41f5-b34d-fd678f8b9b4d,SHOP_025,BEN_00731,2026-01-19 09:10:31.024274,Sugar,3,60.0,28.624929,77.222474,Central Delhi,0
41f34aa9-aa64-48d2-b9f6-51cefa3c4e60,SHOP_022,BEN_02552,2026-01-19 09:20:06.024274,Sugar,2,40.0,28.696907,77.177649,North Delhi,0
752b5e5c-d3ec-4b39-a46d-f4d83149d8d0,SHOP_021,BEN_00822,2026-01-19 09:20:14.024274,Oil,2,100.0,28.654216,77.114329,West Delhi,0
66442c0b-ee85-47f6-80d1-ec6b50af9708,SHOP_014,BEN_00179,2026-01-19 09:28:25.024274,Kerosene,2,50.0,28.708352,77.106686,Rohini,0
b1479dbb-f9bb-4ca8-93d5-fcd95403e44a,SHOP_002,BEN_02714,2026-01-19 09:39:41.024274,Oil,2,100.0,28.648957,77.10634,West Delhi,0
292976f5-a312-4366-9088-3f57891893ba,SHOP_050,BEN_01616,2026-01-19 09:41:21.024274,Oil,1,50.0,28.560938,77.180795,South Delhi,0
2cd010dc-b7bd-402e-a5b5-b7c6bb27c017,SHOP_015,BEN_01659,2026-01-19 09:46:51.024274,Rice,17,51.0,28.630112,77.110956,West Delhi,0
e943da67-ee96-4749-8217-ffe68b505c98,SHOP_015,BEN_00654,2026-01-19 09:54:03.024274,Wheat,6,12.0,28.630112,77.110956,West Delhi,0
54fcc5de-505c-488f-9aa6-06054bb1b96f,SHOP_013,BEN_01781,2026-01-19 09:56:50.024274,Rice,11,33.0,28.689861,77.183213,North Delhi,0
c0b0a993-8db8-416e-a119-b05dc9e6b2d5,SHOP_020,BEN_01760,2026-01-19 10:00:10.024274,Oil,1,50.0,28.736478,77.119912,Rohini,0
635a1bc7-9088-4a05-a770-03f64302154b,SHOP_033,BEN_02099,2026-01-19 10:05:43.024274,Oil,2,100.0,28.731131,77.204781,North Delhi,0
dec6b893-d66d-49bc-a975-d1544fbec076,SHOP_014,BEN_00576,2026-01-19 10:13:45.024274,Kerosene,2,50.0,28.708352,77.106686,Rohini,0
d53fd661-f5b8-4d36-857b-af5ebca63d8f,SHOP_043,BEN_02829,2026-01-19 10:15:13.024274,Kerosene,2,50.0,28.561519,77.048283,Dwarka,0
e4bbebf0-4bb0-4185-94d5-97481b3959d1,SHOP_019,BEN_01579,2026-01-19 10:21:40.024274,Kerosene,1,25.0,28.631679,77.201199,Central Delhi,0
bee80ac9-874a-41ea-98a0-edb67544000a,SHOP_041,BEN_00257,2026-01-19 10:28:38.024274,Rice,16,48.0,28.676266,77.100986,West Delhi,0
19bb39fa-9e4a-4e5a-8778-95ba44e4d511,SHOP_039,BEN_02231,2026-01-19 10:31:23.024274,Oil,2,100.0,28.707365,77.109479,Rohini,0
d7d1acde-db85-4ad9-a71f-d434e7092d89,SHOP_037,BEN_00512,2026-01-19 10:31:51.024274,Wheat,20,40.0,28.707215,77.215419,North Delhi,0
751e67b8-3265-4360-bcb1-c81b1bfdcf90,SHOP_028,BEN_00820,2026-01-19 10:41:20.024274,Rice,6,18.0,28.644078,77.187159,Central Delhi,0
6e292407-61b7-427e-8e09-1f9278f42653,SHOP_021,BEN_01941,2026-01-19 10:46:55.024274,Rice,16,48.0,28.654216,77.114329,West Delhi,0
09f04b0f-51bc-4d4c-b399-7cff3ed7d1db,SHOP_007,BEN_01237,2026-01-19 10:53:28.024274,Kerosene,2,50.0,28.520513,77.217525,South Delhi,0
f65e9c6d-72b3-4592-88bf-f4214a754886,SHOP_014,BEN_00210,2026-01-19 10:54:07.024274,Sugar,3,60.0,28.708352,77.106686,Rohini,0
c602fb29-2023-4308-8959-37cef07eeb48,SHOP_004,BEN_01785,2026-01-19 10:55:49.024274,Oil,2,100.0,28.709316,77.129745,Rohini,0
0bfb6a75-559b-48ff-84e9-16d766fefe2d,SHOP_048,BEN_00921,2026-01-19 10:58:22.024274,Oil,2,100.0,28.596532,77.044874,Dwarka,0
3d6195a6-4aa6-4b21-9135-0f4d5515af0c,SHOP_016,BEN_01673,2026-01-19 11:02:36.024274,Kerosene,3,75.0,28.644796,77.107779,West Delhi,0
31ca104c-8ab7-4879-8eea-720225c9d643,SHOP_025,BEN_02513,2026-01-19 11:03:24.024274,Sugar,1,20.0,28.624929,77.222474,Central Delhi,0
97f898e9-29f8-4ebe-a8de-a58b237b6d50,SHOP_006,BEN_01911,2026-01-19 11:06:18.024274,Wheat,14,28.0,28.6356,77.229758,Central Delhi,0
6c4671e2-793c-461f-bd96-f28213a53231,SHOP_009,BEN_00364,2026-01-19 11:09:33.024274,Rice,6,18.0,28.633713,77.107844,West Delhi,0
5a802589-79ee-4591-909b-b36d78d1fe5b,SHOP_045,BEN_00952,2026-01-19 11:10:01.024274,Sugar,2,40.0,28.633767,77.205731,Central Delhi,0
9960fdea-4882-43cd-ab82-edc830584c20,SHOP_049,BEN_02110,2026-01-19 11:18:24.024274,Sugar,1,20.0,28.514677,77.242533,South Delhi,0
7bacd19e-bbd5-4d0d-b055-7bf48a659795,SHOP_036,BEN_01893,2026-01-19 11:19:27.024274,Kerosene,2,50.0,28.73997,77.11894,Rohini,0
a03ffb08-adb1-4fe1-b22a-d4c480ff7132,SHOP_031,BEN_00673,2026-01-19 11:23:08.024274,Sugar,2,40.0,28.727982,77.18544,North Delhi,0
78c02a1c-64da-4423-87ff-502bf7c13f6d,SHOP_027,BEN_01768,2026-01-19 11:28:27.024274,Wheat,5,10.0,28.603311,77.025358,Dwarka,0
c9215cb5-2da2-47a8-977a-536fbd38b470,SHOP_048,BEN_00387,2026-01-19 11:29:16.024274,Sugar,3,60.0,28.596532,77.044874,Dwarka,0
d4967834-8520-43a1-8ff6-5de7106e5e0f,SHOP_003,BEN_02384,2026-01-19 11:29:58.024274,Sugar,2,40.0,28.506364,77.204896,South Delhi,0
1da9a188-6698-45ab-9827-cc82c21c25ca,SHOP_026,BEN_01936,2026-01-19 11:42:32.024274,Kerosene,3,75.0,28.645158,77.323228,East Delhi,0
5dd5eb2b-6a31-40ab-a95b-60e69bf58413,SHOP_024,BEN_00884,2026-01-19 11:45:07.024274,Wheat,11,22.0,28.505958,77.198023,South Delhi,0
2c994546-7e02-4d99-832a-d7b26985a82b,SHOP_040,BEN_02604,2026-01-19 11:53:04.024274,Kerosene,2,50.0,28.673266,77.089259,West Delhi,0
f604d189-93d7-4a5d-ad9c-e7eb26fec143,SHOP_043,BEN_00988,2026-01-19 11:53:30.024274,Sugar,2,40.0,28.561519,77.048283,Dwarka,0
5bba41e9-1789-4f94-b6e7-2cdd4d5d7c66,SHOP_012,BEN_00638,2026-01-19 12:11:53.024274,Sugar,1,20.0,28.618685,77.319017,East Delhi,0
25f321e9-cd72-427f-99a3-36a0ce79f21c,SHOP_011,BEN_00946,2026-01-19 12:12:46.024274,Wheat,15,30.0,28.732554,77.205993,North Delhi,0
8e0f675a-e260-4f8d-96d0-8c025827cfcc,SHOP_045,BEN_01889,2026-01-19 12:22:45.024274,Sugar,3,60.0,28.633767,77.205731,Central Delhi,0
03dcfdd6-1ec4-4b40-9c69-d07b9ec19257,SHOP_050,BEN_01292,2026-01-19 12:30:20.024274,Wheat,8,16.0,28.560938,77.180795,South Delhi,0
ddb7a2b5-308e-418e-9e8c-d38b20ccf2c4,SHOP_017,BEN_00284,2026-01-19 12:32:18.024274,Wheat,14,28.0,28.722696,77.129286,Rohini,0
94a579c4-157d-4d68-90c0-adb7e1a0a4d3,SHOP_005,BEN_00808,2026-01-19 12:33:21.024274,Kerosene,1,25.0,28.599771,77.274279,East Delhi,0
b4a65378-c3d6-413d-afe9-972327eaee09,SHOP_018,BEN_01265,2026-01-19 12:43:32.024274,Rice,7,21.0,28.610429,77.188088,Central Delhi,0
5c6d11b0-cdbd-4592-9ae0-bd81d275c65f,SHOP_034,BEN_02413,2026-01-19 12:46:02.024274,Kerosene,1,25.0,28.586699,77.035213,Dwarka,0
01660207-eb6d-4e5f-ba90-2a68c5dce624,SHOP_049,BEN_01833,2026-01-19 12:46:30.024274,Sugar,3,60.0,28.514677,77.242533,South Delhi,0
fd3b71b5-c3b2-4ff5-9774-9d9d3cac95ca,SHOP_018,BEN_02179,2026-01-19 12:46:56.024274,Sugar,1,20.0,28.610429,77.188088,Central Delhi,0
4e8957d8-4db6-44e6-a606-d26b0708820f,SHOP_042,BEN_01763,2026-01-19 12:50:31.024274,Sugar,2,40.0,28.598757,77.020815,Dwarka,0
08f24341-5693-4c4e-af73-21edffb97b12,SHOP_049,BEN_01895,2026-01-19 13:01:27.024274,Sugar,2,40.0,28.514677,77.242533,South Delhi,0
e2e6d86c-76e6-41e1-a546-c98da8d86cb5,SHOP_046,BEN_00410,2026-01-19 13:03:09.024274,Kerosene,3,75.0,28.634402,77.315239,East Delhi,0
1b5e14e9-45e7-4454-8d8b-9962642babb0,SHOP_022,BEN_01613,2026-01-19 13:08:34.024274,Kerosene,3,75.0,28.696907,77.177649,North Delhi,0
80fd8f84-5980-4113-80bb-cd794946efc1,SHOP_020,BEN_02426,2026-01-19 13:19:40.024274,Sugar,1,20.0,28.736478,77.119912,Rohini,0
29006b90-aa12-46d9-95a0-d6ff9451c791,SHOP_045,BEN_01234,2026-01-19 13:25:26.024274,Sugar,1,20.0,28.633767,77.205731,Central Delhi,0
ce6bc611-dedb-4bc6-921f-8d3f75a17ef5,SHOP_013,BEN_02804,2026-01-19 13:29:34.024274,Sugar,2,40.0,28.689861,77.183213,North Delhi,0
60683118-677e-467d-b961-eb06ba2fc2e6,SHOP_004,BEN_02165,2026-01-19 13:30:11.024274,Rice,8,24.0,28.709316,77.129745,Rohini,0
86e154e5-bdd6-4de7-ace2-db95ad48b66a,SHOP_012,BEN_00347,2026-01-19 13:30:23.024274,Sugar,3,60.0,28.618685,77.319017,East Delhi,0
d4916527-8926-4838-9b4d-4ce89806a4aa,SHOP_020,BEN_02555,2026-01-19 13:34:09.024274,Kerosene,3,75.0,28.736478,77.119912,Rohini,0
8c352336-d0de-440a-b597-1c3ea934ad81,SHOP_025,BEN_00283,2026-01-19 13:38:53.024274,Sugar,3,60.0,28.624929,77.222474,Central Delhi,0
e0e9984e-cb4f-4a14-b06f-a41cccf69d74,SHOP_027,BEN_00853,2026-01-19 13:39:11.024274,Kerosene,1,25.0,28.603311,77.025358,Dwarka,0
c56d9f58-53d4-4843-889f-f7e319605e89,SHOP_043,BEN_00229,2026-01-19 13:51:37.024274,Kerosene,1,25.0,28.561519,77.048283,Dwarka,0
5123107b-398d-467e-9bc9-ee712d644db0,SHOP_037,BEN_01594,2026-01-19 13:55:41.024274,Kerosene,1,25.0,28.707215,77.215419,North Delhi,0
8ffa51dd-18c6-429f-bbce-48e49ad35db5,SHOP_046,BEN_02481,2026-01-19 13:56:59.024274,Oil,1,50.0,28.634402,77.315239,East Delhi,0
2d1b869a-9680-4994-b420-41baee332bb2,SHOP_027,BEN_01707,2026-01-19 13:59:52.024274,Kerosene,1,25.0,28.603311,77.025358,Dwarka,0
d18f760b-5fe7-42f9-bff5-88d8af9e44a7,SHOP_018,BEN_01576,2026-01-19 14:00:16.024274,Rice,10,30.0,28.610429,77.188088,Central Delhi,0
7dddbed4-8dc6-4333-b7cb-ceeb3f78024b,SHOP_026,BEN_00230,2026-01-19 14:00:33.024274,Oil,1,50.0,28.645158,77.323228,East Delhi,0
f613fc61-1145-49ca-adfd-f0a1c52dc3f6,SHOP_030,BEN_01624,2026-01-19 14:01:34.024274,Kerosene,2,50.0,28.656014,77.071143,West Delhi,0
eb64ea63-a898-483f-9d16-3b6f686a8ced,SHOP_032,BEN_00623,2026-01-19 14:06:45.024274,Wheat,9,18.0,28.708017,77.126743,Rohini,0
e1bae1d7-669c-419b-9612-3903197ef7d2,SHOP_002,BEN_00083,2026-01-19 14:10:37.024274,Rice,13,39.0,28.648957,77.10634,West Delhi,0
f879888a-756e-4ec8-b372-18ddb656f03f,SHOP_024,BEN_01690,2026-01-19 14:12:34.024274,Wheat,8,16.0,28.505958,77.198023,South Delhi,0
7b974a37-678e-46e6-816c-f60a7e72dd15,SHOP_037,BEN_01469,2026-01-19 14:25:52.024274,Kerosene,2,50.0,28.707215,77.215419,North Delhi,0
8a280217-374a-4c21-87e2-05214199e808,SHOP_037,BEN_02975,2026-01-19 14:27:16.024274,Wheat,18,36.0,28.707215,77.215419,North Delhi,0
86449bd9-79d4-40d9-a060-0b7716db8353,SHOP_025,BEN_00768,2026-01-19 14:29:08.024274,Rice,14,42.0,28.624929,77.222474,Central Delhi,0
0172e750-6946-444e-9558-ca1ad59e39d5,SHOP_029,BEN_00811,2026-01-19 14:36:10.024274,Kerosene,2,50.0,28.583723,77.064561,Dwarka,0
d414e650-3473-4247-bad4-f92cd47f1095,SHOP_035,BEN_01197,2026-01-19 14:47:03.024274,Kerosene,1,25.0,28.715607,77.125559,Rohini,0
1bdfba72-08dc-4d01-9939-14ede5f7bb4f,SHOP_011,BEN_00106,2026-01-19 14:56:51.024274,Rice,16,48.0,28.732554,77.205993,North Delhi,0
0c7723f9-6bc2-4fba-9adf-6820710a0bae,SHOP_044,BEN_01963,2026-01-19 14:57:31.024274,Kerosene,2,50.0,28.615898,77.224361,Central Delhi,0
8bd2dd7b-6793-4446-bf6d-ea48dffe7a9f,SHOP_050,BEN_02634,2026-01-19 14:58:02.024274,Wheat,16,32.0,28.560938,77.180795,South Delhi,0
ee52d8e5-06f1-4b0f-a654-fccd9a236df0,SHOP_009,BEN_02397,2026-01-19 15:02:59.024274,Oil,1,50.0,28.633713,77.107844,West Delhi,0
1d2d98c6-e0bd-4ec3-a242-308242117932,SHOP_002,BEN_01762,2026-01-19 15:05:31.024274,Kerosene,1,25.0,28.648957,77.10634,West Delhi,0
ac170697-8d53-403f-81d3-5ce2df2d3309,SHOP_050,BEN_00071,2026-01-19 15:08:56.024274,Sugar,2,40.0,28.560938,77.180795,South Delhi,0
e8b37675-95bb-42bf-94cb-6902d0159a7c,SHOP_047,BEN_00363,2026-01-19 15:10:33.024274,Wheat,6,12.0,28.715937,77.10426,Rohini,0
bb8301ce-dff7-4847-b957-ee3cf564665d,SHOP_011,BEN_00812,2026-01-19 15:19:10.024274,Sugar,1,20.0,28.732554,77.205993,North Delhi,0
3f551e24-d573-49b8-a919-645dc5b66703,SHOP_044,BEN_02851,2026-01-19 15:20:40.024274,Sugar,1,20.0,28.615898,77.224361,Central Delhi,0
727749fe-b40f-4201-a405-e8cb66b6016f,SHOP_017,BEN_00814,2026-01-19 15:28:28.024274,Wheat,20,40.0,28.722696,77.129286,Rohini,0
450199d7-7149-4a67-ac1d-ddb6da9a7e0d,SHOP_020,BEN_00721,2026-01-19 15:39:53.024274,Kerosene,2,50.0,28.736478,77.119912,Rohini,0
9d028b0a-34c8-458d-8747-e790f748ef12,SHOP_026,BEN_00283,2026-01-19 15:40:22.024274,Rice,15,45.0,28.645158,77.323228,East Delhi,0
1a5b6a7c-65f4-410f-a637-c32b849f411c,SHOP_030,BEN_00392,2026-01-19 15:44:51.024274,Kerosene,1,25.0,28.656014,77.071143,West Delhi,0
dc48c2f3-814e-40db-b9ae-9cbe8ac133c5,SHOP_047,BEN_00210,2026-01-19 15:49:40.024274,Oil,2,100.0,28.715937,77.10426,Rohini,0
97129bfe-e890-42b3-b7a4-bfc0fd0d28aa,SHOP_040,BEN_00112,2026-01-19 15:52:10.024274,Kerosene,1,25.0,28.673266,77.089259,West Delhi,0
4e0e9bf7-042d-44dd-aed7-1ce66c8a61c6,SHOP_007,BEN_00844,2026-01-19 16:00:57.024274,Sugar,2,40.0,28.520513,77.217525,South Delhi,0
ba60cc33-9943-4a25-a5d3-f4bcb6182cae,SHOP_033,BEN_00775,2026-01-19 16:01:05.024274,Rice,19,57.0,28.731131,77.204781,North Delhi,0
dd1675c2-18ac-4e2b-ac49-077afcfbf1d1,SHOP_049,BEN_00289,2026-01-19 16:13:36.024274,Wheat,6,12.0,28.514677,77.242533,South Delhi,0
0f10f9e4-cf80-4aed-b1f4-a970b5722227,SHOP_038,BEN_02115,2026-01-19 16:22:14.024274,Rice,20,60.0,28.737713,77.199062,North Delhi,0
a882edb6-bc41-46b2-b380-caa3586bccb1,SHOP_028,BEN_01475,2026-01-19 16:30:32.024274,Sugar,1,20.0,28.644078,77.187159,Central Delhi,0
9955ceb8-f965-43e5-a76c-8dd847940791,SHOP_021,BEN_02518,2026-01-19 16:31:39.024274,Rice,6,18.0,28.654216,77.114329,West Delhi,0
c70a9eb2-cdb2-48fb-96a8-f6094f72aada,SHOP_022,BEN_00872,2026-01-19 16:34:47.024274,Rice,20,60.0,28.696907,77.177649,North Delhi,0
ff14c6fc-fac5-4641-a94d-519f6e10a1bf,SHOP_017,BEN_00544,2026-01-19 16:35:01.024274,Kerosene,3,75.0,28.722696,77.129286,Rohini,0
3112e0ec-d0d9-42fd-a282-9f4fe950babe,SHOP_028,BEN_00477,2026-01-19 16:37:17.024274,Wheat,5,10.0,28.644078,77.187159,Central Delhi,0
6d625a17-0ac0-4ebe-a608-814db3091462,SHOP_018,BEN_00145,2026-01-19 16:41:58.024274,Kerosene,2,50.0,28.610429,77.188088,Central Delhi,0
6cd4396e-d5aa-41eb-b754-dbcb0c29cba7,SHOP_004,BEN_02277,2026-01-19 16:56:08.024274,Oil,1,50.0,28.709316,77.129745,Rohini,0
31b91543-eeac-4d52-ae66-9ede44c950ec,SHOP_006,BEN_01905,2026-01-19 16:58:11.024274,Wheat,12,24.0,28.6356,77.229758,Central Delhi,0
fdc0212f-274d-43cc-9ac0-209594780a95,SHOP_012,BEN_00402,2026-01-19 16:59:07.024274,Sugar,2,40.0,28.618685,77.319017,East Delhi,0
cdec59b1-7609-47f9-b144-a2ffd3e171c3,SHOP_026,BEN_00336,2026-01-19 17:00:42.024274,Wheat,18,36.0,28.645158,77.323228,East Delhi,0
95ef47e0-361b-4b5c-b33d-832558ca5752,SHOP_043,BEN_01719,2026-01-19 17:02:28.024274,Rice,20,60.0,28.561519,77.048283,Dwarka,0
867b8ef6-802f-4524-b9e9-b937ae9b834e,SHOP_036,BEN_02460,2026-01-19 17:08:43.024274,Oil,1,50.0,28.73997,77.11894,Rohini,0
b0cf8f5c-d5a4-4676-99ff-fd4ac6d33ede,SHOP_034,BEN_02744,2026-01-19 17:15:09.024274,Rice,19,57.0,28.586699,77.035213,Dwarka,0
febe8dc3-2461-4830-99ca-21ba52d125e9,SHOP_041,BEN_00667,2026-01-19 17:15:17.024274,Oil,1,50.0,28.676266,77.100986,West Delhi,0
1bd0ef6d-3ce7-4425-ba91-f2e1154d7442,SHOP_049,BEN_00086,2026-01-19 17:21:42.024274,Kerosene,2,50.0,28.514677,77.242533,South Delhi,0
717c0a61-b1d8-4524-9e5b-12dd87eda6b8,SHOP_038,BEN_01321,2026-01-19 17:22:46.024274,Wheat,13,26.0,28.737713,77.199062,North Delhi,0
9ad16b44-6e75-4f50-b067-dc8abcefdb9d,SHOP_031,BEN_00958,2026-01-19 17:26:20.024274,Oil,1,50.0,28.727982,77.18544,North Delhi,0
a3e60031-7c04-4f10-8748-32b7e2274e7a,SHOP_021,BEN_00916,2026-01-19 17:28:46.024274,Rice,7,21.0,28.654216,77.114329,West Delhi,0
fee3f95b-8651-480f-a5f8-ce8d3e1efae2,SHOP_046,BEN_01525,2026-01-19 17:36:51.024274,Sugar,2,40.0,28.634402,77.315239,East Delhi,0
b577effa-e124-4204-9cb6-1607b0ab1ec3,SHOP_017,BEN_02004,2026-01-19 17:38:36.024274,Rice,19,57.0,28.722696,77.129286,Rohini,0
513abbd3-2ed4-437f-9e0d-009e3a5b3dab,SHOP_024,BEN_00016,2026-01-19 17:40:52.024274,Wheat,19,38.0,28.505958,77.198023,South Delhi,0
f4bdbc7c-f1fc-4c65-a0f9-39d31fda005b,SHOP_041,BEN_01948,2026-01-19 17:41:27.024274,Sugar,1,20.0,28.676266,77.100986,West Delhi,0
e6d5fac6-518a-4ced-b8d6-e9872f3c521f,SHOP_020,BEN_00632,2026-01-19 17:44:18.024274,Sugar,1,20.0,28.736478,77.119912,Rohini,0
78dd772c-683d-4748-9824-4f31574b29fa,SHOP_029,BEN_02793,2026-01-19 17:44:58.024274,Kerosene,1,25.0,28.583723,77.064561,Dwarka,0
f81e3a57-c054-455a-8089-89e51ae25bf6,SHOP_007,BEN_01449,2026-01-19 17:48:53.024274,Rice,20,60.0,28.520513,77.217525,South Delhi,0
d5833808-ae40-46e8-9e22-0b63a8825fec,SHOP_003,BEN_01208,2026-01-19 17:48:58.024274,Rice,7,21.0,28.506364,77.204896,South Delhi,0
1d79c9c4-ec84-454a-b88d-81b76b2d14ad,SHOP_005,BEN_02936,2026-01-19 17:49:03.024274,Sugar,2,40.0,28.599771,77.274279,East Delhi,0
e880647b-daf3-4e30-b29d-8fd79f372fdd,SHOP_030,BEN_01481,2026-01-19 17:52:55.024274,Wheat,14,28.0,28.656014,77.071143,West Delhi,0
28db8615-61e2-4c8b-bbd8-9a548dad37ea,SHOP_009,BEN_00713,2026-01-19 17:53:08.024274,Kerosene,1,25.0,28.633713,77.107844,West Delhi,0
720a0d6a-ae8c-4365-b48d-a33683e1a7fd,SHOP_014,BEN_02597,2026-01-19 17:55:01.024274,Sugar,3,60.0,28.708352,77.106686,Rohini,0
4a984a97-7f10-4973-ace1-544061f71b21,SHOP_015,BEN_00089,2026-01-19 17:55:43.024274,Wheat,15,30.0,28.630112,77.110956,West Delhi,0
9bdf71cb-9a94-41b2-a8d7-3c57d50581ad,SHOP_035,BEN_02745,2026-01-19 17:57:49.024274,Wheat,14,28.0,28.715607,77.125559,Rohini,0
0158cf8a-95c7-46b7-ae0d-d55b4bf1d75e,SHOP_030,BEN_00025,2026-01-19 17:59:38.024274,Oil,1,50.0,28.656014,77.071143,West Delhi,0
a0cb5910-d9c9-4a33-b9ed-67cfe6cd70d4,SHOP_041,BEN_00858,2026-01-19 18:03:39.024274,Oil,1,50.0,28.676266,77.100986,West Delhi,0
cb317441-f7d5-427e-810d-2100ff323b7a,SHOP_015,BEN_01898,2026-01-19 18:04:15.024274,Oil,2,100.0,28.630112,77.110956,West Delhi,0
86a1cdd5-a0f6-482c-9aee-b16e3b92cc0d,SHOP_030,BEN_01302,2026-01-19 18:25:36.024274,Kerosene,1,25.0,28.656014,77.071143,West Delhi,0
6a847408-abc6-4e71-a630-5b7ff0fd2091,SHOP_008,BEN_00286,2026-01-19 18:31:17.024274,Sugar,2,40.0,28.666336,77.103257,West Delhi,0
48910899-24fe-42fb-8fcb-9d668d1874ae,SHOP_022,BEN_02535,2026-01-19 18:32:24.024274,Oil,1,50.0,28.696907,77.177649,North Delhi,0
7126696d-63f4-4692-b404-22dd6cb71595,SHOP_050,BEN_02135,2026-01-19 18:34:55.024274,Rice,9,27.0,28.560938,77.180795,South Delhi,0
66975b09-953c-4f84-b529-7b1e97edd986,SHOP_035,BEN_00850,2026-01-19 18:35:05.024274,Rice,17,51.0,28.715607,77.125559,Rohini,0
80ad4c59-6457-46dc-a372-883bf85b5c4f,SHOP_018,BEN_01239,2026-01-19 18:36:48.024274,Kerosene,1,25.0,28.610429,77.188088,Central Delhi,0
f842e61c-bb40-4ae1-8c61-c93e762cbb96,SHOP_041,BEN_01030,2026-01-19 18:41:44.024274,Oil,1,50.0,28.676266,77.100986,West Delhi,0
06bc8ba7-e661-4884-83ca-b42d0a6a3958,SHOP_039,BEN_00259,2026-01-19 18:45:48.024274,Sugar,1,20.0,28.707365,77.109479,Rohini,0
71c5eaa6-7ffc-44fc-b4cc-529040d8d72d,SHOP_002,BEN_00730,2026-01-19 18:49:18.024274,Wheat,18,36.0,28.648957,77.10634,West Delhi,0
b572e2da-bd38-4fd4-a9c9-0e7df75f0dea,SHOP_003,BEN_00559,2026-01-19 18:49:27.024274,Rice,8,24.0,28.506364,77.204896,South Delhi,0
789a3c5e-a04b-44c7-8b59-b3266d11726d,SHOP_024,BEN_00893,2026-01-19 18:49:28.024274,Wheat,14,28.0,28.505958,77.198023,South Delhi,0
d382e2f9-d470-4f43-9958-d899510f136c,SHOP_027,BEN_01636,2026-01-19 18:49:50.024274,Oil,1,50.0,28.603311,77.025358,Dwarka,0
f731e829-7ded-49d5-a714-ed37251cacc2,SHOP_008,BEN_00490,2026-01-19 18:52:18.024274,Kerosene,2,50.0,28.666336,77.103257,West Delhi,0
935337d8-9155-4fdd-9621-004044102201,SHOP_019,BEN_00418,2026-01-19 18:57:37.024274,Sugar,2,40.0,28.631679,77.201199,Central Delhi,0
de645862-0709-46f3-82ef-656c5aae5932,SHOP_040,BEN_02841,2026-01-19 19:02:50.024274,Sugar,2,40.0,28.673266,77.089259,West Delhi,0
488272ac-c134-454e-ad92-74076d015570,SHOP_047,BEN_01537,2026-01-19 19:05:30.024274,Sugar,3,60.0,28.715937,77.10426,Rohini,0
2f8fe354-bb87-4bf1-a23f-e5ea398f6b20,SHOP_014,BEN_02048,2026-01-19 19:06:45.024274,Sugar,2,40.0,28.708352,77.106686,Rohini,0
993386e9-c777-4804-8c7e-c1ff86731532,SHOP_031,BEN_00307,2026-01-19 19:07:02.024274,Oil,1,50.0,28.727982,77.18544,North Delhi,0
99a24d88-dd7e-4db9-8c85-1bbf9c2212f0,SHOP_046,BEN_02406,2026-01-19 19:08:16.024274,Kerosene,2,50.0,28.634402,77.315239,East Delhi,0
ef661138-110e-450d-b066-9bc2f2c0478e,SHOP_003,BEN_01985,2026-01-19 19:12:11.024274,Wheat,7,14.0,28.506364,77.204896,South Delhi,0
1dd5e83a-8641-4b88-9a56-6f2fdfb66c5e,SHOP_040,BEN_02385,2026-01-19 19:14:53.024274,Rice,6,18.0,28.673266,77.089259,West Delhi,0
94a2f0cd-9302-46dc-8ad2-0161e0485000,SHOP_024,BEN_00614,2026-01-19 19:15:11.024274,Sugar,1,20.0,28.505958,77.198023,South Delhi,0
185fabd9-72e2-4dfc-97d6-7937f5788e5d,SHOP_013,BEN_01906,2026-01-19 19:18:40.024274,Rice,9,27.0,28.689861,77.183213,North Delhi,0
b59980d0-3a9e-44e6-b0b8-a9644f72b6db,SHOP_035,BEN_00256,2026-01-19 19:24:00.024274,Rice,9,27.0,28.715607,77.125559,Rohini,0
eb3f8fa0-402d-4f1d-a2cc-e8bdd54fcca9,SHOP_013,BEN_01548,2026-01-19 19:24:49.024274,Oil,1,50.0,28.689861,77.183213,North Delhi,0
c4d7c7a2-c718-46b9-8c96-37591efebae9,SHOP_046,BEN_00890,2026-01-19 19:39:40.024274,Wheat,16,32.0,28.634402,77.315239,East Delhi,0
16485673-8d48-428e-a28d-058e476d4521,SHOP_027,BEN_02196,2026-01-19 19:45:16.024274,Oil,1,50.0,28.603311,77.025358,Dwarka,0
b8726229-de14-4a8f-a66a-80d5b4f20c41,SHOP_014,BEN_00429,2026-01-19 19:46:58.024274,Sugar,2,40.0,28.708352,77.106686,Rohini,0
e04ecfc9-840d-47b7-a212-f7ce15a9fec7,SHOP_039,BEN_01470,2026-01-19 19:47:26.024274,Kerosene,1,25.0,28.707365,77.109479,Rohini,0
b9ddbebb-aa9a-4756-9060-8a08a6c2569c,SHOP_031,BEN_00448,2026-01-19 19:49:11.024274,Oil,1,50.0,28.727982,77.18544,North Delhi,0
81de0750-4be8-40a5-8d2e-0b742dc8e275,SHOP_050,BEN_00726,2026-01-19 19:49:48.024274,Wheat,16,32.0,28.560938,77.180795,South Delhi,0
fe05bddc-22fe-49bb-9e62-809062e845d4,SHOP_048,BEN_00811,2026-01-20 03:30:47.024274,Sugar,2,40.0,28.596532,77.044874,Dwarka,1
399b0656-fa6a-4c00-8e44-8e27a5887da2,SHOP_016,BEN_01510,2026-01-20 08:04:24.024274,Kerosene,2,50.0,28.644796,77.107779,West Delhi,0
a46fd760-667d-43e7-9ff3-38976ae99584,SHOP_030,BEN_00571,2026-01-20 08:06:23.024274,Oil,1,50.0,28.656014,77.071143,West Delhi,0
dd074c84-12b6-484d-a3c5-48f3f74a548d,SHOP_002,BEN_01828,2026-01-20 08:09:25.024274,Sugar,3,60.0,28.648957,77.10634,West Delhi,0
68960b18-dfc6-43b7-9c56-a88646361ef4,SHOP_019,BEN_00763,2026-01-20 08:11:46.024274,Rice,16,48.0,28.631679,77.201199,Central Delhi,0
63c95548-7113-4e94-9087-c0523ed6f772,SHOP_048,BEN_00289,2026-01-20 08:12:35.024274,Rice,15,45.0,28.596532,77.044874,Dwarka,0
8001ac09-4f6f-40d2-a59f-177de2496307,SHOP_046,BEN_01071,2026-01-20 08:16:27.024274,Kerosene,1,25.0,28.634402,77.315239,East Delhi,0
84b2b00b-82d7-4227-a6a9-0b5c84b804cc,SHOP_040,BEN_02507,2026-01-20 08:21:39.024274,Oil,2,100.0,28.673266,77.089259,West Delhi,0
24d10776-6cd8-45c7-963c-1faba4b8fe78,SHOP_037,BEN_00533,2026-01-20 08:23:34.024274,Kerosene,1,25.0,28.707215,77.215419,North Delhi,0
53097967-ddc3-4962-9bcb-78346cbec10d,SHOP_021,BEN_02268,2026-01-20 08:29:13.024274,Rice,13,39.0,28.654216,77.114329,West Delhi,0
7efe4c37-4ffd-4de2-bc90-610ee7c7a50e,SHOP_030,BEN_01817,2026-01-20 08:34:34.024274,Rice,20,60.0,28.656014,77.071143,West Delhi,0
2a91795e-b446-4f9c-b1f7-ae4701059d7c,SHOP_010,BEN_01399,2026-01-20 08:41:16.024274,Rice,17,51.0,28.581134,77.064005,Dwarka,0
b58a255a-15f0-4b37-976c-b8cc50bf7472,SHOP_042,BEN_02872,2026-01-20 08:49:07.024274,Kerosene,2,50.0,28.598757,77.020815,Dwarka,0
2493b918-16a9-4993-9918-4ce1e3d61fcb,SHOP_049,BEN_02870,2026-01-20 08:52:10.024274,Sugar,3,60.0,28.514677,77.242533,South Delhi,0
d50147ae-4d5b-4a9e-9eab-e64076acf1ee,SHOP_045,BEN_02521,2026-01-20 08:56:31.024274,Sugar,1,20.0,28.633767,77.205731,Central Delhi,0
e1359a1e-0dc7-4524-be01-611fe19e2fa9,SHOP_002,BEN_00956,2026-01-20 08:59:04.024274,Oil,2,100.0,28.648957,77.10634,West Delhi,0
816d18e2-dbf2-415e-8af6-a76cd599aa1b,SHOP_019,BEN_02612,2026-01-20 09:00:54.024274,Rice,18,54.0,28.631679,77.201199,Central Delhi,0
98fbafbd-3fa3-45be-8dac-21f06e877f3d,SHOP_043,BEN_01587,2026-01-20 09:01:42.024274,Wheat,15,30.0,28.561519,77.048283,Dwarka,0
5ff1ea8c-5241-4c64-8df1-c8220dad08ac,SHOP_019,BEN_01691,2026-01-20 09:03:25.024274,Sugar,2,40.0,28.631679,77.201199,Central Delhi,0
ddcdf20f-57a4-4d85-ae3f-b677e7b926e6,SHOP_040,BEN_01358,2026-01-20 09:20:57.024274,Kerosene,2,50.0,28.673266,77.089259,West Delhi,0
cd571654-068b-40f8-9904-1dc7cc8f0010,SHOP_039,BEN_02058,2026-01-20 09:22:21.024274,Rice,15,45.0,28.707365,77.109479,Rohini,0
1596eed2-b9c7-40ef-9754-3a330de0a6e2,SHOP_032,BEN_02914,2026-01-20 09:31:41.024274,Rice,7,21.0,28.708017,77.126743,Rohini,0
9bee8f57-bbe6-46f4-b65a-6cb7644bd863,SHOP_020,BEN_01167,2026-01-20 09:37:10.024274,Rice,7,21.0,28.736478,77.119912,Rohini,0
fc5fd51a-0671-46d3-87cd-6ca56b0f8f60,SHOP_003,BEN_02990,2026-01-20 09:38:43.024274,Oil,1,50.0,28.506364,77.204896,South Delhi,0
4cc9c050-ab02-47db-94ff-7bf1088845e1,SHOP_033,BEN_00701,2026-01-20 09:44:34.024274,Rice,9,27.0,28.731131,77.204781,North Delhi,0
ac3d143f-a15f-49ce-954b-441dab7df0c0,SHOP_029,BEN_01340,2026-01-20 09:54:13.024274,Sugar,1,20.0,28.583723,77.064561,Dwarka,0
1a1c6fe2-b8f3-4cb6-97fd-8467889cef43,SHOP_030,BEN_00606,2026-01-20 09:55:14.024274,Sugar,2,40.0,28.656014,77.071143,West Delhi,0
f9e9e5f3-e6d1-4a45-aa34-b86a6567deac,SHOP_028,BEN_02645,2026-01-20 09:56:59.024274,Rice,7,21.0,28.644078,77.187159,Central Delhi,0
3dd66686-1178-492b-bc21-a5d517c7639a,SHOP_010,BEN_00323,2026-01-20 09:59:55.024274,Wheat,11,22.0,28.581134,77.064005,Dwarka,0
d456788c-29c9-41d2-97aa-5e2d2511b08e,SHOP_002,BEN_00539,2026-01-20 10:20:14.024274,Oil,2,100.0,28.648957,77.10634,West Delhi,0
1c6ed058-ecc3-40d1-8434-c084bdc437a1,SHOP_014,BEN_00927,2026-01-20 10:23:35.024274,Wheat,15,30.0,28.708352,77.106686,Rohini,0
0d6b176a-da75-423f-a687-de3a007ddc78,SHOP_028,BEN_00301,2026-01-20 10:26:11.024274,Wheat,15,30.0,28.644078,77.187159,Central Delhi,0
3be3adaa-77cf-4262-be0a-6640d93f7970,SHOP_039,BEN_00395,2026-01-20 10:26:59.024274,Kerosene,1,25.0,28.707365,77.109479,Rohini,0
22a327b3-fc66-433b-8e6e-98437e06e766,SHOP_033,BEN_00373,2026-01-20 10:37:21.024274,Rice,12,36.0,28.731131,77.204781,North Delhi,0
52469e2c-cfe2-44b9-a635-d64a03bf6447,SHOP_023,BEN_00628,2026-01-20 10:46:57.024274,Sugar,3,60.0,28.592266,77.310411,East Delhi,0
2edf8968-f3c4-4d54-976d-c8b3e600a68f,SHOP_018,BEN_00588,2026-01-20 10:54:33.024274,Kerosene,3,75.0,28.610429,77.188088,Central Delhi,0
f2e59ad3-b619-4e04-add8-aaa1ce648786,SHOP_034,BEN_02973,2026-01-20 10:55:26.024274,Oil,2,100.0,28.586699,77.035213,Dwarka,0
ce53f6c2-2b18-4cb5-aba5-b1c4303fb7a0,SHOP_022,BEN_02061,2026-01-20 10:58:55.024274,Oil,1,50.0,28.696907,77.177649,North Delhi,0
e4fb9463-7521-4742-ad52-9fcc90e64c6d,SHOP_035,BEN_00123,2026-01-20 11:04:18.024274,Wheat,8,16.0,28.715607,77.125559,Rohini,0
bedae5ed-53a6-4b78-a0c9-4a64d1ce8cf1,SHOP_048,BEN_00032,2026-01-20 11:05:37.024274,Sugar,1,20.0,28.596532,77.044874,Dwarka,0
5136a570-3b99-4e9b-9eff-438adc8bfe3b,SHOP_039,BEN_02938,2026-01-20 11:07:17.024274,Rice,8,24.0,28.707365,77.109479,Rohini,0
50c4ae28-5775-41e0-96ce-01645320f622,SHOP_041,BEN_01134,2026-01-20 11:21:02.024274,Rice,19,57.0,28.676266,77.100986,West Delhi,0
edd1f164-8573-4a47-8c7d-02e3b387b1b9,SHOP_050,BEN_02037,2026-01-20 11:25:49.024274,Kerosene,1,25.0,28.560938,77.180795,South Delhi,0
2f51f27c-d69c-430e-b689-a591c63e5691,SHOP_026,BEN_01341,2026-01-20 11:26:04.024274,Kerosene,1,25.0,28.645158,77.323228,East Delhi,0
74a43f6a-0883-42e2-b608-e32fcb667cb5,SHOP_032,BEN_02155,2026-01-20 11:33:21.024274,Sugar,3,60.0,28.708017,77.126743,Rohini,0
d5cf190c-b42f-4f11-8269-3635aea59c4a,SHOP_039,BEN_02113,2026-01-20 11:33:39.024274,Rice,19,57.0,28.707365,77.109479,Rohini,0
c33d4086-dad9-4259-83e5-91967c12aaaf,SHOP_018,BEN_00699,2026-01-20 11:37:51.024274,Kerosene,1,25.0,28.610429,77.188088,Central Delhi,0
2cf1b48f-e6ce-4178-9291-104f9a23f9b7,SHOP_016,BEN_01326,2026-01-20 11:40:28.024274,Sugar,3,60.0,28.644796,77.107779,West Delhi,0
276f5a56-11f9-4b35-aa50-5b60a00e552e,SHOP_020,BEN_00011,2026-01-20 11:40:37.024274,Wheat,16,32.0,28.736478,77.119912,Rohini,0
80ad3417-de79-457b-a1c8-5e98f413250b,SHOP_034,BEN_02556,2026-01-20 11:40:54.024274,Oil,1,50.0,28.586699,77.035213,Dwarka,0
2e5861eb-4305-42b7-b21f-db6da083dde6,SHOP_045,BEN_02551,2026-01-20 11:43:22.024274,Wheat,7,14.0,28.633767,77.205731,Central Delhi,0
5373aeb3-7422-40e9-b84d-99aa4d569557,SHOP_048,BEN_00838,2026-01-20 11:44:52.024274,Oil,2,100.0,28.596532,77.044874,Dwarka,0
b436f100-b078-41c6-ae7e-7c5e09f7516b,SHOP_039,BEN_01940,2026-01-20 11:48:39.024274,Kerosene,3,75.0,28.707365,77.109479,Rohini,0
51d367fb-849b-41e8-a8dc-d7beeba10a2e,SHOP_010,BEN_01997,2026-01-20 11:50:58.024274,Rice,8,24.0,28.581134,77.064005,Dwarka,0
fb0dd0fe-de77-431d-ba43-f263c5456743,SHOP_018,BEN_01469,2026-01-20 11:51:32.024274,Sugar,1,20.0,28.610429,77.188088,Central Delhi,0
620723bb-9afb-4eaf-bfe0-21bde3c5f2ca,SHOP_007,BEN_00769,2026-01-20 11:55:14.024274,Rice,5,15.0,28.520513,77.217525,South Delhi,0
d5ed11ce-1968-40b6-9cc3-2630a9b1db0e,SHOP_020,BEN_02953,2026-01-20 12:01:36.024274,Kerosene,1,25.0,28.736478,77.119912,Rohini,0
951c3e80-c254-42fc-8483-dd758582748d,SHOP_049,BEN_02805,2026-01-20 12:03:27.024274,Wheat,18,36.0,28.514677,77.242533,South Delhi,0
e785104f-14e1-41d9-bfe4-24c22e6afc43,SHOP_034,BEN_00593,2026-01-20 12:05:05.024274,Rice,15,45.0,28.586699,77.035213,Dwarka,0
f3834c9c-80b7-4486-9459-3b7a3472bec3,SHOP_035,BEN_02526,2026-01-20 12:06:45.024274,Oil,2,100.0,28.715607,77.125559,Rohini,0
5b9c4d2a-3a20-47fe-9d90-a259dc1f63da,SHOP_044,BEN_01261,2026-01-20 12:13:21.024274,Wheat,6,12.0,28.615898,77.224361,Central Delhi,0
1e7c8726-2c03-4ec0-9bce-a78be941fe61,SHOP_006,BEN_00334,2026-01-20 12:15:59.024274,Kerosene,3,75.0,28.6356,77.229758,Central Delhi,0
05d95f65-2437-4201-93b3-294d73971caa,SHOP_024,BEN_02447,2026-01-20 12:19:04.024274,Oil,1,50.0,28.505958,77.198023,South Delhi,0
dbae6092-b741-4608-b754-015b2ae0142d,SHOP_034,BEN_00914,2026-01-20 12:24:20.024274,Kerosene,3,75.0,28.586699,77.035213,Dwarka,0
d7f48ef6-1dea-4146-a5bd-2f091189e139,SHOP_043,BEN_00439,2026-01-20 12:25:53.024274,Oil,1,50.0,28.561519,77.048283,Dwarka,0
ac4ed3f2-c025-4488-8869-fddbbbe02fcb,SHOP_021,BEN_00239,2026-01-20 12:26:41.024274,Sugar,2,40.0,28.654216,77.114329,West Delhi,0
c1fd5a9a-1227-4b17-8244-951825c6375e,SHOP_032,BEN_01021,2026-01-20 12:32:53.024274,Sugar,2,40.0,28.708017,77.126743,Rohini,0
b498de6e-4863-496a-b665-2093cde5d36c,SHOP_017,BEN_02057,2026-01-20 12:36:57.024274,Sugar,2,40.0,28.722696,77.129286,Rohini,0
0e400011-d535-42b7-a320-db2c71256632,SHOP_036,BEN_02968,2026-01-20 12:37:44.024274,Rice,13,39.0,28.73997,77.11894,Rohini,0
d2ea7a45-ffdd-4ffc-bd0f-b9acf64d9837,SHOP_025,BEN_01458,2026-01-20 12:39:18.024274,Oil,1,50.0,28.624929,77.222474,Central Delhi,0
b16b293f-4cbb-4227-a618-e217b88416f4,SHOP_047,BEN_01179,2026-01-20 12:43:55.024274,Oil,1,50.0,28.715937,77.10426,Rohini,0
d56c1247-32eb-45b2-b44e-cc9daef24697,SHOP_044,BEN_02597,2026-01-20 13:04:18.024274,Kerosene,3,75.0,28.615898,77.224361,Central Delhi,0
f7b67716-459a-40b4-a1d2-1967c1e43da7,SHOP_010,BEN_02169,2026-01-20 13:12:52.024274,Oil,1,50.0,28.581134,77.064005,Dwarka,0
b5dd307e-e2eb-4159-88a3-c4c15da6c3ab,SHOP_046,BEN_02479,2026-01-20 13:29:26.024274,Oil,1,50.0,28.634402,77.315239,East Delhi,0
4fdc791f-35a6-46d9-8ee3-512b8a5fa124,SHOP_037,BEN_02670,2026-01-20 13:33:22.024274,Oil,2,100.0,28.707215,77.215419,North Delhi,0
fa49e21a-3d9a-4764-aaa1-4842fda3dbbf,SHOP_013,BEN_00878,2026-01-20 13:35:52.024274,Sugar,2,40.0,28.689861,77.183213,North Delhi,0
755f5134-e464-47d1-93a8-5610c53aac9b,SHOP_045,BEN_00235,2026-01-20 13:44:23.024274,Wheat,18,36.0,28.633767,77.205731,Central Delhi,0
d66dc5fe-026b-4836-8163-b5d4b94b8e41,SHOP_042,BEN_01840,2026-01-20 13:46:19.024274,Rice,13,39.0,28.598757,77.020815,Dwarka,0
39f98ca1-01f3-4c0b-92ec-61b685e5e06c,SHOP_018,BEN_01062,2026-01-20 13:50:24.024274,Kerosene,2,50.0,28.610429,77.188088,Central Delhi,0
0ee2a718-718c-4660-9074-51868e6f05c4,SHOP_012,BEN_01748,2026-01-20 13:54:04.024274,Wheat,6,12.0,28.618685,77.319017,East Delhi,0
733defce-f9ce-4e27-b28a-5a91b03dbaf3,SHOP_012,BEN_01174,2026-01-20 13:57:35.024274,Sugar,1,20.0,28.618685,77.319017,East Delhi,0
0f3c3bd9-5295-4abf-850f-2a5cd193759d,SHOP_043,BEN_02472,2026-01-20 14:00:01.024274,Rice,12,36.0,28.561519,77.048283,Dwarka,0
2c3cb100-66ce-4a3b-a35c-11ea5f4a9ec7,SHOP_009,BEN_02911,2026-01-20 14:06:59.024274,Rice,13,39.0,28.633713,77.107844,West Delhi,0
43d75de1-bfdf-4bb7-8a44-220a7236c213,SHOP_001,BEN_02510,2026-01-20 14:14:11.024274,Rice,17,51.0,28.563667,77.196744,South Delhi,0
5de8beb5-b0a6-46f4-8bed-61908a2e5eae,SHOP_029,BEN_01600,2026-01-20 14:15:49.024274,Sugar,2,40.0,28.583723,77.064561,Dwarka,0
c01cb2c3-3c9f-4b36-b85b-e48ad423c47d,SHOP_021,BEN_02589,2026-01-20 14:21:38.024274,Sugar,2,40.0,28.654216,77.114329,West Delhi,0
25fbf322-03d7-421e-a66c-982df945dba5,SHOP_019,BEN_00105,2026-01-20 14:26:21.024274,Kerosene,3,75.0,28.631679,77.201199,Central Delhi,0
33261b92-f32b-483c-beb1-ef49c7348403,SHOP_049,BEN_00327,2026-01-20 14:31:40.024274,Rice,17,51.0,28.514677,77.242533,South Delhi,0
e12b7b49-5b5b-4bb6-8451-cbd2fe84cdad,SHOP_036,BEN_02513,2026-01-20 14:32:29.024274,Sugar,1,20.0,28.73997,77.11894,Rohini,0
b3dd4389-8894-4d32-81bf-1e3507625bf2,SHOP_037,BEN_01805,2026-01-20 14:41:22.024274,Kerosene,1,25.0,28.707215,77.215419,North Delhi,0
191842c1-e7c8-4a60-a962-b863dea764e2,SHOP_021,BEN_02837,2026-01-20 14:41:26.024274,Sugar,3,60.0,28.654216,77.114329,West Delhi,0
ea488cc7-0d94-4fe1-9246-ae57780a3c26,SHOP_008,BEN_02788,2026-01-20 14:43:59.024274,Rice,15,45.0,28.666336,77.103257,West Delhi,0
52e4b32b-18bc-44ce-9d7a-08f852aac972,SHOP_008,BEN_02574,2026-01-20 14:54:58.024274,Sugar,3,60.0,28.666336,77.103257,West Delhi,0
33357110-c311-4784-9fa7-7ba8c4f93daa,SHOP_003,BEN_02019,2026-01-20 14:55:30.024274,Rice,10,30.0,28.506364,77.204896,South Delhi,0
f2681e37-a092-43b8-852b-86e52f0cc686,SHOP_019,BEN_01315,2026-01-20 14:58:08.024274,Rice,14,42.0,28.631679,77.201199,Central Delhi,0
11731d94-99f8-4118-aa71-dac07a70da3f,SHOP_015,BEN_01050,2026-01-20 15:11:38.024274,Wheat,6,12.0,28.630112,77.110956,West Delhi,0
b9764847-de7c-4d58-baad-80bd79bd8e11,SHOP_049,BEN_00401,2026-01-20 15:16:35.024274,Oil,2,100.0,28.514677,77.242533,South Delhi,0
8d41680c-0116-49d3-b6d4-5307d623d309,SHOP_030,BEN_02603,2026-01-20 15:26:10.024274,Kerosene,3,75.0,28.656014,77.071143,West Delhi,0
1ebd836c-284d-4bcb-a315-6fdc75b42db4,SHOP_003,BEN_02224,2026-01-20 15:31:46.024274,Oil,1,50.0,28.506364,77.204896,South Delhi,0
68204011-a5d5-4264-9f79-ccc91ddf56ee,SHOP_019,BEN_02476,2026-01-20 15:39:56.024274,Rice,19,57.0,28.631679,77.201199,Central Delhi,0
7d51c6f4-1575-4f1f-ab76-811399aa6452,SHOP_024,BEN_02026,2026-01-20 15:50:22.024274,Oil,2,100.0,28.505958,77.198023,South Delhi,0
4a26577d-d9e7-47c9-bd6d-3a89cd4dc346,SHOP_030,BEN_00468,2026-01-20 15:53:34.024274,Sugar,2,40.0,28.656014,77.071143,West Delhi,0
aea61765-ab95-42b3-a150-452630979e47,SHOP_017,BEN_01092,2026-01-20 15:54:33.024274,Oil,1,50.0,28.722696,77.129286,Rohini,0
1ad8f76a-2d93-43df-a296-dfb4b2b23f27,SHOP_024,BEN_01470,2026-01-20 15:57:22.024274,Kerosene,2,50.0,28.505958,77.198023,South Delhi,0
4f257ff0-246a-498f-b760-4391f8ef32c9,SHOP_031,BEN_00319,2026-01-20 16:01:56.024274,Sugar,2,40.0,28.727982,77.18544,North Delhi,0
5f927451-0565-43da-a6d3-a632797681d5,SHOP_048,BEN_02923,2026-01-20 16:02:51.024274,Kerosene,2,50.0,28.596532,77.044874,Dwarka,0
c9a311eb-a558-4971-93b2-7f75bf8927aa,SHOP_027,BEN_01819,2026-01-20 16:03:14.024274,Wheat,8,16.0,28.603311,77.025358,Dwarka,0
96d8a3de-b723-4eb6-b540-456f02d6a555,SHOP_025,BEN_02383,2026-01-20 16:05:37.024274,Rice,10,30.0,28.624929,77.222474,Central Delhi,0
2e931808-ea6c-40ec-909d-bf2d25f670a7,SHOP_023,BEN_02250,2026-01-20 16:06:52.024274,Kerosene,2,50.0,28.592266,77.310411,East Delhi,0
280ff270-e84d-4d8f-b0ff-70a7ce262cf6,SHOP_010,BEN_00142,2026-01-20 16:10:59.024274,Kerosene,2,50.0,28.581134,77.064005,Dwarka,0
5f7cab17-c40b-4a03-98df-8cc3b68557d8,SHOP_043,BEN_00804,2026-01-20 16:11:40.024274,Rice,12,36.0,28.561519,77.048283,Dwarka,0
6308cdd5-c602-49a5-a21f-e4054f36b403,SHOP_019,BEN_02709,2026-01-20 16:14:39.024274,Wheat,16,32.0,28.631679,77.201199,Central Delhi,0
04037b7c-4a9f-4ffc-8bf5-180e52391d3d,SHOP_021,BEN_01925,2026-01-20 16:15:15.024274,Kerosene,3,75.0,28.654216,77.114329,West Delhi,0
140bd63f-be68-4b92-9ed4-5e4c732d6022,SHOP_004,BEN_01049,2026-01-20 16:23:44.024274,Sugar,1,20.0,28.709316,77.129745,Rohini,0
427fc0e5-6b88-4eb5-b914-882d9e41736b,SHOP_022,BEN_01194,2026-01-20 16:24:08.024274,Oil,1,50.0,28.696907,77.177649,North Delhi,0
dd3c9fc1-2c9a-4d02-931a-84be5f02dc33,SHOP_016,BEN_00864,2026-01-20 16:33:49.024274,Kerosene,3,75.0,28.644796,77.107779,West Delhi,0
1f63c606-3eae-4469-bbf4-19311965a2bd,SHOP_027,BEN_01972,2026-01-20 16:36:18.024274,Rice,9,27.0,28.603311,77.025358,Dwarka,0
6b260584-8597-4310-ba18-6bd3ce672841,SHOP_017,BEN_00175,2026-01-20 16:51:13.024274,Kerosene,3,75.0,28.722696,77.129286,Rohini,0
cc0224f9-962f-4301-9851-b4f379a90bb7,SHOP_023,BEN_02101,2026-01-20 16:51:33.024274,Sugar,3,60.0,28.592266,77.310411,East Delhi,0
effc69cd-a517-49e4-a88f-aa94f4b72440,SHOP_025,BEN_01585,2026-01-20 16:54:29.024274,Wheat,12,24.0,28.624929,77.222474,Central Delhi,0
edddebeb-f4cb-4238-be23-cb09fcd98e70,SHOP_032,BEN_02887,2026-01-20 17:00:28.024274,Kerosene,1,25.0,28.708017,77.126743,Rohini,0
5fa6a1ae-f326-4bba-bdd1-abc38c377aed,SHOP_030,BEN_00926,2026-01-20 17:11:28.024274,Rice,9,27.0,28.656014,77.071143,West Delhi,0
b8262d3d-636f-454f-9cc9-709c22286a9d,SHOP_035,BEN_00700,2026-01-20 17:19:21.024274,Sugar,2,40.0,28.715607,77.125559,Rohini,0
e5a96ff8-0774-47d8-8e06-50335831a32d,SHOP_032,BEN_01948,2026-01-20 17:20:24.024274,Kerosene,1,25.0,28.708017,77.126743,Rohini,0
256f8d27-50cd-4bc6-bdd2-d8d2f0d8b5fd,SHOP_031,BEN_02471,2026-01-20 17:22:15.024274,Kerosene,2,50.0,28.727982,77.18544,North Delhi,0
b167bc2f-bfbd-4ab0-8f59-c1c9083225c5,SHOP_027,BEN_02040,2026-01-20 17:22:50.024274,Sugar,1,20.0,28.603311,77.025358,Dwarka,0
4013216f-6aef-4668-9154-14f75738c0ba,SHOP_046,BEN_00559,2026-01-20 17:26:56.024274,Rice,11,33.0,28.634402,77.315239,East Delhi,0
d265bfea-b5c0-4a5b-ae0d-730baa391523,SHOP_020,BEN_02895,2026-01-20 17:33:06.024274,Kerosene,3,75.0,28.736478,77.119912,Rohini,0
add9395c-0736-49bc-ad78-aa2cebd78c18,SHOP_034,BEN_00982,2026-01-20 17:33:58.024274,Wheat,7,14.0,28.586699,77.035213,Dwarka,0
57f99a94-e70e-4336-986e-227b3bd9bbbb,SHOP_045,BEN_00033,2026-01-20 17:38:49.024274,Wheat,15,30.0,28.633767,77.205731,Central Delhi,0
6a1fa01a-1bb4-40e7-bf5e-918c2cd32e00,SHOP_049,BEN_01916,2026-01-20 17:47:35.024274,Oil,1,50.0,28.514677,77.242533,South Delhi,0
db5e2dd2-0f30-4f18-93b3-8d0ce5d5dd90,SHOP_016,BEN_00169,2026-01-20 17:49:22.024274,Rice,18,54.0,28.644796,77.107779,West Delhi,0
62a82ad9-e04a-4aec-bc99-1b85bdd5a813,SHOP_043,BEN_00350,2026-01-20 17:51:23.024274,Kerosene,1,25.0,28.561519,77.048283,Dwarka,0
738162c7-15c8-4293-89ae-55d17d04c322,SHOP_050,BEN_01835,2026-01-20 17:52:15.024274,Rice,10,30.0,28.560938,77.180795,South Delhi,0
5a94feff-e222-463f-aed2-95e3aeedf10e,SHOP_029,BEN_01626,2026-01-20 17:52:29.024274,Wheat,9,18.0,28.583723,77.064561,Dwarka,0
2b62a111-71cb-4659-91d4-5c524366cbfe,SHOP_037,BEN_01132,2026-01-20 17:55:11.024274,Kerosene,3,75.0,28.707215,77.215419,North Delhi,0
75544126-28c2-41b8-9566-cb231a21c69d,SHOP_022,BEN_02324,2026-01-20 18:02:00.024274,Wheat,9,18.0,28.696907,77.177649,North Delhi,0
2f9cf09e-3be3-4124-95a1-a731bee5ca30,SHOP_032,BEN_02668,2026-01-20 18:06:23.024274,Wheat,8,16.0,28.708017,77.126743,Rohini,0
9fc8e16a-3c85-4930-9035-e37b1664e259,SHOP_014,BEN_02575,2026-01-20 18:07:52.024274,Kerosene,2,50.0,28.708352,77.106686,Rohini,0
b8b4ded0-1d2b-4d69-959f-e69a22d80be6,SHOP_029,BEN_02922,2026-01-20 18:18:40.024274,Sugar,2,40.0,28.583723,77.064561,Dwarka,0
0959b5e0-68d0-407b-904a-d2e7d87efffd,SHOP_006,BEN_02004,2026-01-20 18:21:02.024274,Rice,19,57.0,28.6356,77.229758,Central Delhi,0
26d2f779-3534-4cfc-95b8-1b0c2e4f4602,SHOP_007,BEN_01791,2026-01-20 18:33:30.024274,Rice,11,33.0,28.520513,77.217525,South Delhi,0
4a0b5f9c-6be2-4553-9016-b815e60c8b45,SHOP_020,BEN_01645,2026-01-20 18:33:34.024274,Sugar,2,40.0,28.736478,77.119912,Rohini,0
a7fca380-7595-40ab-b23f-d6a85d62eb10,SHOP_011,BEN_00572,2026-01-20 18:37:44.024274,Kerosene,2,50.0,28.732554,77.205993,North Delhi,0
a4e35576-65a3-460e-8b41-e7dfaf6e63c0,SHOP_018,BEN_01868,2026-01-20 18:43:10.024274,Rice,5,15.0,28.610429,77.188088,Central Delhi,0
fd16ad04-39ae-4956-98ae-0e96cd03e490,SHOP_011,BEN_00524,2026-01-20 18:46:30.024274,Wheat,15,30.0,28.732554,77.205993,North Delhi,0
e5c123af-13e0-4e23-ac90-b09dbe7482a4,SHOP_048,BEN_00830,2026-01-20 18:54:52.024274,Kerosene,1,25.0,28.596532,77.044874,Dwarka,0
69abf854-fccc-434c-94a2-696b283231f8,SHOP_038,BEN_01521,2026-01-20 18:55:10.024274,Oil,2,100.0,28.737713,77.199062,North Delhi,0
e8984393-e3fe-4511-a620-1c69116125ac,SHOP_045,BEN_02845,2026-01-20 18:59:27.024274,Kerosene,3,75.0,28.633767,77.205731,Central Delhi,0
a572e7ec-0672-405a-bb0e-c9d8e55559b5,SHOP_018,BEN_00453,2026-01-20 18:59:35.024274,Rice,16,48.0,28.610429,77.188088,Central Delhi,0
24c8038b-503c-4469-b0e1-95b249a4671f,SHOP_035,BEN_00778,2026-01-20 19:09:45.024274,Kerosene,3,75.0,28.715607,77.125559,Rohini,0
f6a34648-4823-4a6a-b717-363d88a29afe,SHOP_020,BEN_02993,2026-01-20 19:21:03.024274,Kerosene,3,75.0,28.736478,77.119912,Rohini,0
